"","site","location","order","family","length","ecomorphology","area_pool","method","human_influence"
"1","Chriesbach","Control","Araneae",NA,2,3,2202,"intercept_trap",131760.231971219
"2","Chriesbach","Control","Araneae",NA,2,3,2202,"intercept_trap",131760.231971219
"3","Chriesbach","Control","Araneae",NA,2,3,2202,"intercept_trap",131760.231971219
"4","Chriesbach","Control","Araneae",NA,2,3,2202,"intercept_trap",131760.231971219
"5","Chriesbach","Control","Coleoptera","Dytiscidae",5,3,2202,"intercept_trap",131760.231971219
"6","Chriesbach","Control","Coleoptera","Curculionidae",2,3,2202,"intercept_trap",131760.231971219
"7","Chriesbach","Control","Coleoptera","Curculionidae",2,3,2202,"intercept_trap",131760.231971219
"8","Chriesbach","Control","Coleoptera","Curculionidae",2,3,2202,"intercept_trap",131760.231971219
"9","Chriesbach","Control","Coleoptera","Curculionidae",2,3,2202,"intercept_trap",131760.231971219
"10","Chriesbach","Control","Coleoptera","Curculionidae",2,3,2202,"intercept_trap",131760.231971219
"11","Chriesbach","Control","Coleoptera","Curculionidae",2,3,2202,"intercept_trap",131760.231971219
"12","Chriesbach","Control","Coleoptera","Curculionidae",2,3,2202,"intercept_trap",131760.231971219
"13","Chriesbach","Control","Coleoptera","Curculionidae",2,3,2202,"intercept_trap",131760.231971219
"14","Chriesbach","Control","Coleoptera","Curculionidae",2,3,2202,"intercept_trap",131760.231971219
"15","Chriesbach","Control","Coleoptera","Curculionidae",2,3,2202,"intercept_trap",131760.231971219
"16","Chriesbach","Control","Coleoptera","Curculionidae",2,3,2202,"intercept_trap",131760.231971219
"17","Chriesbach","Control","Coleoptera","Curculionidae",2,3,2202,"intercept_trap",131760.231971219
"18","Chriesbach","Control","Coleoptera","Curculionidae",2,3,2202,"intercept_trap",131760.231971219
"19","Chriesbach","Control","Coleoptera","Curculionidae",2,3,2202,"intercept_trap",131760.231971219
"20","Chriesbach","Control","Coleoptera","Curculionidae",2,3,2202,"intercept_trap",131760.231971219
"21","Chriesbach","Control","Coleoptera","Curculionidae",2,3,2202,"intercept_trap",131760.231971219
"22","Chriesbach","Control","Coleoptera","Curculionidae",2,3,2202,"intercept_trap",131760.231971219
"23","Chriesbach","Control","Coleoptera","Curculionidae",2,3,2202,"intercept_trap",131760.231971219
"24","Chriesbach","Control","Coleoptera","Curculionidae",2,3,2202,"intercept_trap",131760.231971219
"25","Chriesbach","Control","Coleoptera","Curculionidae",2,3,2202,"intercept_trap",131760.231971219
"26","Chriesbach","Control","Coleoptera","Curculionidae",2,3,2202,"intercept_trap",131760.231971219
"27","Chriesbach","Control","Coleoptera","Curculionidae",2,3,2202,"intercept_trap",131760.231971219
"28","Chriesbach","Control","Coleoptera","Curculionidae",2,3,2202,"intercept_trap",131760.231971219
"29","Chriesbach","Control","Coleoptera","Curculionidae",2,3,2202,"intercept_trap",131760.231971219
"30","Chriesbach","Control","Coleoptera","Curculionidae",2,3,2202,"intercept_trap",131760.231971219
"31","Chriesbach","Control","Coleoptera","Curculionidae",2,3,2202,"intercept_trap",131760.231971219
"32","Chriesbach","Control","Coleoptera","Curculionidae",2,3,2202,"intercept_trap",131760.231971219
"33","Chriesbach","Control","Coleoptera","Curculionidae",2,3,2202,"intercept_trap",131760.231971219
"34","Chriesbach","Control","Coleoptera","Curculionidae",2,3,2202,"intercept_trap",131760.231971219
"35","Chriesbach","Control","Coleoptera","Curculionidae",2,3,2202,"intercept_trap",131760.231971219
"36","Chriesbach","Control","Coleoptera","Curculionidae",2,3,2202,"intercept_trap",131760.231971219
"37","Chriesbach","Control","Coleoptera","Curculionidae",2,3,2202,"intercept_trap",131760.231971219
"38","Chriesbach","Control","Coleoptera","Curculionidae",2,3,2202,"intercept_trap",131760.231971219
"39","Chriesbach","Control","Coleoptera","Curculionidae",2,3,2202,"intercept_trap",131760.231971219
"40","Chriesbach","Control","Coleoptera","Curculionidae",2,3,2202,"intercept_trap",131760.231971219
"41","Chriesbach","Control","Coleoptera","Curculionidae",2,3,2202,"intercept_trap",131760.231971219
"42","Chriesbach","Control","Coleoptera","Curculionidae",2,3,2202,"intercept_trap",131760.231971219
"43","Chriesbach","Control","Coleoptera","Curculionidae",2,3,2202,"intercept_trap",131760.231971219
"44","Chriesbach","Control","Coleoptera","Curculionidae",2,3,2202,"intercept_trap",131760.231971219
"45","Chriesbach","Control","Coleoptera","Curculionidae",2,3,2202,"intercept_trap",131760.231971219
"46","Chriesbach","Control","Coleoptera","Curculionidae",2,3,2202,"intercept_trap",131760.231971219
"47","Chriesbach","Control","Coleoptera","Curculionidae",2,3,2202,"intercept_trap",131760.231971219
"48","Chriesbach","Control","Coleoptera","Curculionidae",2,3,2202,"intercept_trap",131760.231971219
"49","Chriesbach","Control","Coleoptera","Curculionidae",2,3,2202,"intercept_trap",131760.231971219
"50","Chriesbach","Control","Coleoptera","Curculionidae",2,3,2202,"intercept_trap",131760.231971219
"51","Chriesbach","Control","Coleoptera","Curculionidae",2,3,2202,"intercept_trap",131760.231971219
"52","Chriesbach","Control","Coleoptera","Curculionidae",2,3,2202,"intercept_trap",131760.231971219
"53","Chriesbach","Control","Coleoptera","Curculionidae",2,3,2202,"intercept_trap",131760.231971219
"54","Chriesbach","Control","Coleoptera","Curculionidae",2,3,2202,"intercept_trap",131760.231971219
"55","Chriesbach","Control","Coleoptera","Curculionidae",2,3,2202,"intercept_trap",131760.231971219
"56","Chriesbach","Control","Coleoptera","Curculionidae",2,3,2202,"intercept_trap",131760.231971219
"57","Chriesbach","Control","Coleoptera","Curculionidae",2,3,2202,"intercept_trap",131760.231971219
"58","Chriesbach","Control","Coleoptera","Curculionidae",2,3,2202,"intercept_trap",131760.231971219
"59","Chriesbach","Control","Coleoptera","Curculionidae",2,3,2202,"intercept_trap",131760.231971219
"60","Chriesbach","Control","Coleoptera","Curculionidae",2,3,2202,"intercept_trap",131760.231971219
"61","Chriesbach","Control","Coleoptera","Curculionidae",2,3,2202,"intercept_trap",131760.231971219
"62","Chriesbach","Control","Coleoptera","Curculionidae",2,3,2202,"intercept_trap",131760.231971219
"63","Chriesbach","Control","Coleoptera","Curculionidae",2,3,2202,"intercept_trap",131760.231971219
"64","Chriesbach","Control","Coleoptera","Curculionidae",2,3,2202,"intercept_trap",131760.231971219
"65","Chriesbach","Control","Coleoptera","Cantharidae",4,3,2202,"intercept_trap",131760.231971219
"66","Chriesbach","Control","Coleoptera","Coccinellidae",6,3,2202,"intercept_trap",131760.231971219
"67","Chriesbach","Control","Coleoptera","Elmidae",2,3,2202,"intercept_trap",131760.231971219
"68","Chriesbach","Control","Coleoptera","Latridiidae",2,3,2202,"intercept_trap",131760.231971219
"69","Chriesbach","Control","Coleoptera","Staphylinidae",2,3,2202,"intercept_trap",131760.231971219
"70","Chriesbach","Control","Coleoptera","Staphylinidae",2,3,2202,"intercept_trap",131760.231971219
"71","Chriesbach","Control","Coleoptera","Staphylinidae",2,3,2202,"intercept_trap",131760.231971219
"72","Chriesbach","Control","Coleoptera","Staphylinidae",2,3,2202,"intercept_trap",131760.231971219
"73","Chriesbach","Control","Coleoptera","Staphylinidae",2,3,2202,"intercept_trap",131760.231971219
"74","Chriesbach","Control","Coleoptera","Staphylinidae",3,3,2202,"intercept_trap",131760.231971219
"75","Chriesbach","Control","Coleoptera","Staphylinidae",3,3,2202,"intercept_trap",131760.231971219
"76","Chriesbach","Control","Coleoptera","Staphylinidae",3,3,2202,"intercept_trap",131760.231971219
"77","Chriesbach","Control","Coleoptera","Staphylinidae",4,3,2202,"intercept_trap",131760.231971219
"78","Chriesbach","Control","Diptera",NA,2,3,2202,"intercept_trap",131760.231971219
"79","Chriesbach","Control","Diptera",NA,2,3,2202,"intercept_trap",131760.231971219
"80","Chriesbach","Control","Diptera",NA,2,3,2202,"intercept_trap",131760.231971219
"81","Chriesbach","Control","Diptera",NA,3,3,2202,"intercept_trap",131760.231971219
"82","Chriesbach","Control","Diptera",NA,4,3,2202,"intercept_trap",131760.231971219
"83","Chriesbach","Control","Diptera",NA,6,3,2202,"intercept_trap",131760.231971219
"84","Chriesbach","Control","Diptera",NA,7,3,2202,"intercept_trap",131760.231971219
"85","Chriesbach","Control","Diptera",NA,8,3,2202,"intercept_trap",131760.231971219
"86","Chriesbach","Control","Diptera",NA,8,3,2202,"intercept_trap",131760.231971219
"87","Chriesbach","Control","Diptera",NA,8,3,2202,"intercept_trap",131760.231971219
"88","Chriesbach","Control","Diptera",NA,8,3,2202,"intercept_trap",131760.231971219
"89","Chriesbach","Control","Diptera",NA,8,3,2202,"intercept_trap",131760.231971219
"90","Chriesbach","Control","Diptera",NA,8,3,2202,"intercept_trap",131760.231971219
"91","Chriesbach","Control","Diptera",NA,9,3,2202,"intercept_trap",131760.231971219
"92","Chriesbach","Control","Diptera",NA,9,3,2202,"intercept_trap",131760.231971219
"93","Chriesbach","Control","Diptera",NA,1,3,2202,"intercept_trap",131760.231971219
"94","Chriesbach","Control","Diptera",NA,1,3,2202,"intercept_trap",131760.231971219
"95","Chriesbach","Control","Diptera",NA,1,3,2202,"intercept_trap",131760.231971219
"96","Chriesbach","Control","Diptera",NA,1,3,2202,"intercept_trap",131760.231971219
"97","Chriesbach","Control","Diptera",NA,1,3,2202,"intercept_trap",131760.231971219
"98","Chriesbach","Control","Diptera",NA,1,3,2202,"intercept_trap",131760.231971219
"99","Chriesbach","Control","Diptera",NA,1,3,2202,"intercept_trap",131760.231971219
"100","Chriesbach","Control","Diptera",NA,1,3,2202,"intercept_trap",131760.231971219
"101","Chriesbach","Control","Diptera",NA,1,3,2202,"intercept_trap",131760.231971219
"102","Chriesbach","Control","Diptera",NA,1,3,2202,"intercept_trap",131760.231971219
"103","Chriesbach","Control","Diptera",NA,1,3,2202,"intercept_trap",131760.231971219
"104","Chriesbach","Control","Diptera",NA,1,3,2202,"intercept_trap",131760.231971219
"105","Chriesbach","Control","Diptera",NA,1,3,2202,"intercept_trap",131760.231971219
"106","Chriesbach","Control","Diptera",NA,1,3,2202,"intercept_trap",131760.231971219
"107","Chriesbach","Control","Diptera",NA,1,3,2202,"intercept_trap",131760.231971219
"108","Chriesbach","Control","Diptera",NA,1,3,2202,"intercept_trap",131760.231971219
"109","Chriesbach","Control","Diptera",NA,1,3,2202,"intercept_trap",131760.231971219
"110","Chriesbach","Control","Diptera",NA,1,3,2202,"intercept_trap",131760.231971219
"111","Chriesbach","Control","Diptera",NA,1,3,2202,"intercept_trap",131760.231971219
"112","Chriesbach","Control","Diptera",NA,1,3,2202,"intercept_trap",131760.231971219
"113","Chriesbach","Control","Diptera",NA,1,3,2202,"intercept_trap",131760.231971219
"114","Chriesbach","Control","Diptera",NA,1,3,2202,"intercept_trap",131760.231971219
"115","Chriesbach","Control","Diptera",NA,1,3,2202,"intercept_trap",131760.231971219
"116","Chriesbach","Control","Diptera",NA,1,3,2202,"intercept_trap",131760.231971219
"117","Chriesbach","Control","Diptera",NA,1,3,2202,"intercept_trap",131760.231971219
"118","Chriesbach","Control","Diptera",NA,1,3,2202,"intercept_trap",131760.231971219
"119","Chriesbach","Control","Diptera",NA,1,3,2202,"intercept_trap",131760.231971219
"120","Chriesbach","Control","Diptera",NA,1,3,2202,"intercept_trap",131760.231971219
"121","Chriesbach","Control","Diptera",NA,1,3,2202,"intercept_trap",131760.231971219
"122","Chriesbach","Control","Diptera",NA,1,3,2202,"intercept_trap",131760.231971219
"123","Chriesbach","Control","Diptera",NA,1,3,2202,"intercept_trap",131760.231971219
"124","Chriesbach","Control","Diptera",NA,1,3,2202,"intercept_trap",131760.231971219
"125","Chriesbach","Control","Diptera",NA,1,3,2202,"intercept_trap",131760.231971219
"126","Chriesbach","Control","Diptera",NA,1,3,2202,"intercept_trap",131760.231971219
"127","Chriesbach","Control","Diptera",NA,2,3,2202,"intercept_trap",131760.231971219
"128","Chriesbach","Control","Diptera",NA,2,3,2202,"intercept_trap",131760.231971219
"129","Chriesbach","Control","Diptera",NA,2,3,2202,"intercept_trap",131760.231971219
"130","Chriesbach","Control","Diptera",NA,2,3,2202,"intercept_trap",131760.231971219
"131","Chriesbach","Control","Diptera",NA,2,3,2202,"intercept_trap",131760.231971219
"132","Chriesbach","Control","Diptera",NA,2,3,2202,"intercept_trap",131760.231971219
"133","Chriesbach","Control","Diptera",NA,2,3,2202,"intercept_trap",131760.231971219
"134","Chriesbach","Control","Diptera",NA,2,3,2202,"intercept_trap",131760.231971219
"135","Chriesbach","Control","Diptera",NA,2,3,2202,"intercept_trap",131760.231971219
"136","Chriesbach","Control","Diptera",NA,2,3,2202,"intercept_trap",131760.231971219
"137","Chriesbach","Control","Diptera",NA,2,3,2202,"intercept_trap",131760.231971219
"138","Chriesbach","Control","Diptera",NA,2,3,2202,"intercept_trap",131760.231971219
"139","Chriesbach","Control","Diptera",NA,2,3,2202,"intercept_trap",131760.231971219
"140","Chriesbach","Control","Diptera",NA,2,3,2202,"intercept_trap",131760.231971219
"141","Chriesbach","Control","Diptera",NA,2,3,2202,"intercept_trap",131760.231971219
"142","Chriesbach","Control","Diptera",NA,2,3,2202,"intercept_trap",131760.231971219
"143","Chriesbach","Control","Diptera",NA,2,3,2202,"intercept_trap",131760.231971219
"144","Chriesbach","Control","Diptera",NA,2,3,2202,"intercept_trap",131760.231971219
"145","Chriesbach","Control","Diptera",NA,2,3,2202,"intercept_trap",131760.231971219
"146","Chriesbach","Control","Diptera",NA,2,3,2202,"intercept_trap",131760.231971219
"147","Chriesbach","Control","Diptera",NA,3,3,2202,"intercept_trap",131760.231971219
"148","Chriesbach","Control","Diptera",NA,3,3,2202,"intercept_trap",131760.231971219
"149","Chriesbach","Control","Diptera",NA,3,3,2202,"intercept_trap",131760.231971219
"150","Chriesbach","Control","Diptera",NA,3,3,2202,"intercept_trap",131760.231971219
"151","Chriesbach","Control","Diptera",NA,3,3,2202,"intercept_trap",131760.231971219
"152","Chriesbach","Control","Diptera",NA,3,3,2202,"intercept_trap",131760.231971219
"153","Chriesbach","Control","Diptera",NA,4,3,2202,"intercept_trap",131760.231971219
"154","Chriesbach","Control","Diptera",NA,5,3,2202,"intercept_trap",131760.231971219
"155","Chriesbach","Control","Diptera",NA,7,3,2202,"intercept_trap",131760.231971219
"156","Chriesbach","Control","Hemiptera",NA,4,3,2202,"intercept_trap",131760.231971219
"157","Chriesbach","Control","Hemiptera",NA,6,3,2202,"intercept_trap",131760.231971219
"158","Chriesbach","Control","Hemiptera",NA,6,3,2202,"intercept_trap",131760.231971219
"159","Chriesbach","Control","Hemiptera","Aphidoidea",2,3,2202,"intercept_trap",131760.231971219
"160","Chriesbach","Control","Hemiptera","Aphidoidea",3,3,2202,"intercept_trap",131760.231971219
"161","Chriesbach","Control","Hemiptera","Aphidoidea",3,3,2202,"intercept_trap",131760.231971219
"162","Chriesbach","Control","Hemiptera","Aphidoidea",3,3,2202,"intercept_trap",131760.231971219
"163","Chriesbach","Control","Hymenoptera",NA,1,3,2202,"intercept_trap",131760.231971219
"164","Chriesbach","Control","Hymenoptera",NA,1,3,2202,"intercept_trap",131760.231971219
"165","Chriesbach","Control","Hymenoptera",NA,2,3,2202,"intercept_trap",131760.231971219
"166","Chriesbach","Control","Hymenoptera",NA,2,3,2202,"intercept_trap",131760.231971219
"167","Chriesbach","Control","Hymenoptera",NA,4,3,2202,"intercept_trap",131760.231971219
"168","Chriesbach","Control","Hymenoptera",NA,4,3,2202,"intercept_trap",131760.231971219
"169","Chriesbach","Control","Hymenoptera",NA,4,3,2202,"intercept_trap",131760.231971219
"170","Chriesbach","Control","Hymenoptera",NA,7,3,2202,"intercept_trap",131760.231971219
"171","Chriesbach","Control","Hymenoptera",NA,13,3,2202,"intercept_trap",131760.231971219
"172","Chriesbach","Control","Lepidoptera",NA,8,3,2202,"intercept_trap",131760.231971219
"173","Chriesbach","Control","Lepidoptera",NA,8,3,2202,"intercept_trap",131760.231971219
"174","Chriesbach","Control","Lepidoptera",NA,18,3,2202,"intercept_trap",131760.231971219
"175","Chriesbach","Control","Mecoptera","Panorpidae",11,3,2202,"intercept_trap",131760.231971219
"176","Chriesbach","Control","Neuroptera",NA,8,3,2202,"intercept_trap",131760.231971219
"177","Chriesbach","Control","Psocoptera",NA,2,3,2202,"intercept_trap",131760.231971219
"178","Chriesbach","Control","Psocoptera",NA,2,3,2202,"intercept_trap",131760.231971219
"179","Chriesbach","Control","Psocoptera",NA,2,3,2202,"intercept_trap",131760.231971219
"180","Chriesbach","Control","Psocoptera",NA,2,3,2202,"intercept_trap",131760.231971219
"181","Chriesbach","Control","Psocoptera",NA,2,3,2202,"intercept_trap",131760.231971219
"182","Chriesbach","Control","Psocoptera",NA,2,3,2202,"intercept_trap",131760.231971219
"183","Chriesbach","Control","Thysanoptera",NA,1,3,2202,"intercept_trap",131760.231971219
"184","Chriesbach","Control","Trichoptera",NA,2,3,2202,"intercept_trap",131760.231971219
"185","Chriesbach","Control","Trichoptera",NA,2,3,2202,"intercept_trap",131760.231971219
"186","Chriesbach","Pool","Araneae",NA,1,3,2202,"intercept_trap",131760.231971219
"187","Chriesbach","Pool","Araneae",NA,1,3,2202,"intercept_trap",131760.231971219
"188","Chriesbach","Pool","Araneae",NA,1,3,2202,"intercept_trap",131760.231971219
"189","Chriesbach","Pool","Araneae",NA,2,3,2202,"intercept_trap",131760.231971219
"190","Chriesbach","Pool","Araneae",NA,4,3,2202,"intercept_trap",131760.231971219
"191","Chriesbach","Pool","Araneae",NA,7,3,2202,"intercept_trap",131760.231971219
"192","Chriesbach","Pool","Araneae",NA,8,3,2202,"intercept_trap",131760.231971219
"193","Chriesbach","Pool","Opiliones",NA,2,3,2202,"intercept_trap",131760.231971219
"194","Chriesbach","Pool","Coleoptera","Carabidae",5,3,2202,"intercept_trap",131760.231971219
"195","Chriesbach","Pool","Coleoptera","Carabidae",5,3,2202,"intercept_trap",131760.231971219
"196","Chriesbach","Pool","Coleoptera","Carabidae",6,3,2202,"intercept_trap",131760.231971219
"197","Chriesbach","Pool","Coleoptera","Carabidae",6,3,2202,"intercept_trap",131760.231971219
"198","Chriesbach","Pool","Coleoptera","Carabidae",6,3,2202,"intercept_trap",131760.231971219
"199","Chriesbach","Pool","Coleoptera","Haliplidae",3,3,2202,"intercept_trap",131760.231971219
"200","Chriesbach","Pool","Coleoptera","Curculionidae",2,3,2202,"intercept_trap",131760.231971219
"201","Chriesbach","Pool","Coleoptera","Curculionidae",2,3,2202,"intercept_trap",131760.231971219
"202","Chriesbach","Pool","Coleoptera","Curculionidae",2,3,2202,"intercept_trap",131760.231971219
"203","Chriesbach","Pool","Coleoptera","Curculionidae",2,3,2202,"intercept_trap",131760.231971219
"204","Chriesbach","Pool","Coleoptera","Curculionidae",2,3,2202,"intercept_trap",131760.231971219
"205","Chriesbach","Pool","Coleoptera","Curculionidae",2,3,2202,"intercept_trap",131760.231971219
"206","Chriesbach","Pool","Coleoptera","Curculionidae",2,3,2202,"intercept_trap",131760.231971219
"207","Chriesbach","Pool","Coleoptera","Curculionidae",2,3,2202,"intercept_trap",131760.231971219
"208","Chriesbach","Pool","Coleoptera","Curculionidae",2,3,2202,"intercept_trap",131760.231971219
"209","Chriesbach","Pool","Coleoptera","Curculionidae",2,3,2202,"intercept_trap",131760.231971219
"210","Chriesbach","Pool","Coleoptera","Curculionidae",2,3,2202,"intercept_trap",131760.231971219
"211","Chriesbach","Pool","Coleoptera","Curculionidae",2,3,2202,"intercept_trap",131760.231971219
"212","Chriesbach","Pool","Coleoptera","Curculionidae",2,3,2202,"intercept_trap",131760.231971219
"213","Chriesbach","Pool","Coleoptera","Curculionidae",2,3,2202,"intercept_trap",131760.231971219
"214","Chriesbach","Pool","Coleoptera","Curculionidae",2,3,2202,"intercept_trap",131760.231971219
"215","Chriesbach","Pool","Coleoptera","Elmidae",5,3,2202,"intercept_trap",131760.231971219
"216","Chriesbach","Pool","Coleoptera","Staphylinidae",1,3,2202,"intercept_trap",131760.231971219
"217","Chriesbach","Pool","Coleoptera","Staphylinidae",2,3,2202,"intercept_trap",131760.231971219
"218","Chriesbach","Pool","Coleoptera","Staphylinidae",2,3,2202,"intercept_trap",131760.231971219
"219","Chriesbach","Pool","Coleoptera","Staphylinidae",2,3,2202,"intercept_trap",131760.231971219
"220","Chriesbach","Pool","Coleoptera","Staphylinidae",3,3,2202,"intercept_trap",131760.231971219
"221","Chriesbach","Pool","Coleoptera","Staphylinidae",3,3,2202,"intercept_trap",131760.231971219
"222","Chriesbach","Pool","Coleoptera","Staphylinidae",3,3,2202,"intercept_trap",131760.231971219
"223","Chriesbach","Pool","Coleoptera","Staphylinidae",3,3,2202,"intercept_trap",131760.231971219
"224","Chriesbach","Pool","Coleoptera","Staphylinidae",3,3,2202,"intercept_trap",131760.231971219
"225","Chriesbach","Pool","Coleoptera","Staphylinidae",3,3,2202,"intercept_trap",131760.231971219
"226","Chriesbach","Pool","Coleoptera","Staphylinidae",3,3,2202,"intercept_trap",131760.231971219
"227","Chriesbach","Pool","Coleoptera","Staphylinidae",3,3,2202,"intercept_trap",131760.231971219
"228","Chriesbach","Pool","Coleoptera","Staphylinidae",4,3,2202,"intercept_trap",131760.231971219
"229","Chriesbach","Pool","Coleoptera",NA,2,3,2202,"intercept_trap",131760.231971219
"230","Chriesbach","Pool","Coleoptera",NA,2,3,2202,"intercept_trap",131760.231971219
"231","Chriesbach","Pool","Coleoptera",NA,3,3,2202,"intercept_trap",131760.231971219
"232","Chriesbach","Pool","Coleoptera",NA,3,3,2202,"intercept_trap",131760.231971219
"233","Chriesbach","Pool","Dermaptera",NA,12,3,2202,"intercept_trap",131760.231971219
"234","Chriesbach","Pool","Diptera",NA,2,3,2202,"intercept_trap",131760.231971219
"235","Chriesbach","Pool","Diptera",NA,3,3,2202,"intercept_trap",131760.231971219
"236","Chriesbach","Pool","Diptera",NA,4,3,2202,"intercept_trap",131760.231971219
"237","Chriesbach","Pool","Diptera",NA,4,3,2202,"intercept_trap",131760.231971219
"238","Chriesbach","Pool","Diptera",NA,4,3,2202,"intercept_trap",131760.231971219
"239","Chriesbach","Pool","Diptera",NA,4,3,2202,"intercept_trap",131760.231971219
"240","Chriesbach","Pool","Diptera",NA,5,3,2202,"intercept_trap",131760.231971219
"241","Chriesbach","Pool","Diptera",NA,5,3,2202,"intercept_trap",131760.231971219
"242","Chriesbach","Pool","Diptera",NA,5,3,2202,"intercept_trap",131760.231971219
"243","Chriesbach","Pool","Diptera",NA,5,3,2202,"intercept_trap",131760.231971219
"244","Chriesbach","Pool","Diptera",NA,6,3,2202,"intercept_trap",131760.231971219
"245","Chriesbach","Pool","Diptera",NA,6,3,2202,"intercept_trap",131760.231971219
"246","Chriesbach","Pool","Diptera",NA,7,3,2202,"intercept_trap",131760.231971219
"247","Chriesbach","Pool","Diptera",NA,7,3,2202,"intercept_trap",131760.231971219
"248","Chriesbach","Pool","Diptera",NA,7,3,2202,"intercept_trap",131760.231971219
"249","Chriesbach","Pool","Diptera",NA,8,3,2202,"intercept_trap",131760.231971219
"250","Chriesbach","Pool","Diptera",NA,8,3,2202,"intercept_trap",131760.231971219
"251","Chriesbach","Pool","Diptera",NA,8,3,2202,"intercept_trap",131760.231971219
"252","Chriesbach","Pool","Diptera",NA,8,3,2202,"intercept_trap",131760.231971219
"253","Chriesbach","Pool","Diptera",NA,8,3,2202,"intercept_trap",131760.231971219
"254","Chriesbach","Pool","Diptera",NA,8,3,2202,"intercept_trap",131760.231971219
"255","Chriesbach","Pool","Diptera",NA,9,3,2202,"intercept_trap",131760.231971219
"256","Chriesbach","Pool","Diptera",NA,9,3,2202,"intercept_trap",131760.231971219
"257","Chriesbach","Pool","Diptera",NA,10,3,2202,"intercept_trap",131760.231971219
"258","Chriesbach","Pool","Diptera",NA,10,3,2202,"intercept_trap",131760.231971219
"259","Chriesbach","Pool","Diptera",NA,10,3,2202,"intercept_trap",131760.231971219
"260","Chriesbach","Pool","Diptera",NA,1,3,2202,"intercept_trap",131760.231971219
"261","Chriesbach","Pool","Diptera",NA,1,3,2202,"intercept_trap",131760.231971219
"262","Chriesbach","Pool","Diptera",NA,1,3,2202,"intercept_trap",131760.231971219
"263","Chriesbach","Pool","Diptera",NA,1,3,2202,"intercept_trap",131760.231971219
"264","Chriesbach","Pool","Diptera",NA,1,3,2202,"intercept_trap",131760.231971219
"265","Chriesbach","Pool","Diptera",NA,1,3,2202,"intercept_trap",131760.231971219
"266","Chriesbach","Pool","Diptera",NA,1,3,2202,"intercept_trap",131760.231971219
"267","Chriesbach","Pool","Diptera",NA,1,3,2202,"intercept_trap",131760.231971219
"268","Chriesbach","Pool","Diptera",NA,1,3,2202,"intercept_trap",131760.231971219
"269","Chriesbach","Pool","Diptera",NA,1,3,2202,"intercept_trap",131760.231971219
"270","Chriesbach","Pool","Diptera",NA,1,3,2202,"intercept_trap",131760.231971219
"271","Chriesbach","Pool","Diptera",NA,1,3,2202,"intercept_trap",131760.231971219
"272","Chriesbach","Pool","Diptera",NA,1,3,2202,"intercept_trap",131760.231971219
"273","Chriesbach","Pool","Diptera",NA,1,3,2202,"intercept_trap",131760.231971219
"274","Chriesbach","Pool","Diptera",NA,1,3,2202,"intercept_trap",131760.231971219
"275","Chriesbach","Pool","Diptera",NA,1,3,2202,"intercept_trap",131760.231971219
"276","Chriesbach","Pool","Diptera",NA,1,3,2202,"intercept_trap",131760.231971219
"277","Chriesbach","Pool","Diptera",NA,1,3,2202,"intercept_trap",131760.231971219
"278","Chriesbach","Pool","Diptera",NA,1,3,2202,"intercept_trap",131760.231971219
"279","Chriesbach","Pool","Diptera",NA,1,3,2202,"intercept_trap",131760.231971219
"280","Chriesbach","Pool","Diptera",NA,1,3,2202,"intercept_trap",131760.231971219
"281","Chriesbach","Pool","Diptera",NA,1,3,2202,"intercept_trap",131760.231971219
"282","Chriesbach","Pool","Diptera",NA,1,3,2202,"intercept_trap",131760.231971219
"283","Chriesbach","Pool","Diptera",NA,1,3,2202,"intercept_trap",131760.231971219
"284","Chriesbach","Pool","Diptera",NA,1,3,2202,"intercept_trap",131760.231971219
"285","Chriesbach","Pool","Diptera",NA,1,3,2202,"intercept_trap",131760.231971219
"286","Chriesbach","Pool","Diptera",NA,1,3,2202,"intercept_trap",131760.231971219
"287","Chriesbach","Pool","Diptera",NA,1,3,2202,"intercept_trap",131760.231971219
"288","Chriesbach","Pool","Diptera",NA,1,3,2202,"intercept_trap",131760.231971219
"289","Chriesbach","Pool","Diptera",NA,2,3,2202,"intercept_trap",131760.231971219
"290","Chriesbach","Pool","Diptera",NA,2,3,2202,"intercept_trap",131760.231971219
"291","Chriesbach","Pool","Diptera",NA,2,3,2202,"intercept_trap",131760.231971219
"292","Chriesbach","Pool","Diptera",NA,2,3,2202,"intercept_trap",131760.231971219
"293","Chriesbach","Pool","Diptera",NA,2,3,2202,"intercept_trap",131760.231971219
"294","Chriesbach","Pool","Diptera",NA,2,3,2202,"intercept_trap",131760.231971219
"295","Chriesbach","Pool","Diptera",NA,2,3,2202,"intercept_trap",131760.231971219
"296","Chriesbach","Pool","Diptera",NA,2,3,2202,"intercept_trap",131760.231971219
"297","Chriesbach","Pool","Diptera",NA,2,3,2202,"intercept_trap",131760.231971219
"298","Chriesbach","Pool","Diptera",NA,2,3,2202,"intercept_trap",131760.231971219
"299","Chriesbach","Pool","Diptera",NA,2,3,2202,"intercept_trap",131760.231971219
"300","Chriesbach","Pool","Diptera",NA,2,3,2202,"intercept_trap",131760.231971219
"301","Chriesbach","Pool","Diptera",NA,2,3,2202,"intercept_trap",131760.231971219
"302","Chriesbach","Pool","Diptera",NA,2,3,2202,"intercept_trap",131760.231971219
"303","Chriesbach","Pool","Diptera",NA,2,3,2202,"intercept_trap",131760.231971219
"304","Chriesbach","Pool","Diptera",NA,2,3,2202,"intercept_trap",131760.231971219
"305","Chriesbach","Pool","Diptera",NA,2,3,2202,"intercept_trap",131760.231971219
"306","Chriesbach","Pool","Diptera",NA,2,3,2202,"intercept_trap",131760.231971219
"307","Chriesbach","Pool","Diptera",NA,2,3,2202,"intercept_trap",131760.231971219
"308","Chriesbach","Pool","Diptera",NA,2,3,2202,"intercept_trap",131760.231971219
"309","Chriesbach","Pool","Diptera",NA,2,3,2202,"intercept_trap",131760.231971219
"310","Chriesbach","Pool","Diptera",NA,2,3,2202,"intercept_trap",131760.231971219
"311","Chriesbach","Pool","Diptera",NA,2,3,2202,"intercept_trap",131760.231971219
"312","Chriesbach","Pool","Diptera",NA,2,3,2202,"intercept_trap",131760.231971219
"313","Chriesbach","Pool","Diptera",NA,2,3,2202,"intercept_trap",131760.231971219
"314","Chriesbach","Pool","Diptera",NA,2,3,2202,"intercept_trap",131760.231971219
"315","Chriesbach","Pool","Diptera",NA,2,3,2202,"intercept_trap",131760.231971219
"316","Chriesbach","Pool","Diptera",NA,2,3,2202,"intercept_trap",131760.231971219
"317","Chriesbach","Pool","Diptera",NA,2,3,2202,"intercept_trap",131760.231971219
"318","Chriesbach","Pool","Diptera",NA,2,3,2202,"intercept_trap",131760.231971219
"319","Chriesbach","Pool","Diptera",NA,2,3,2202,"intercept_trap",131760.231971219
"320","Chriesbach","Pool","Diptera",NA,2,3,2202,"intercept_trap",131760.231971219
"321","Chriesbach","Pool","Diptera",NA,2,3,2202,"intercept_trap",131760.231971219
"322","Chriesbach","Pool","Diptera",NA,2,3,2202,"intercept_trap",131760.231971219
"323","Chriesbach","Pool","Diptera",NA,2,3,2202,"intercept_trap",131760.231971219
"324","Chriesbach","Pool","Diptera",NA,2,3,2202,"intercept_trap",131760.231971219
"325","Chriesbach","Pool","Diptera",NA,2,3,2202,"intercept_trap",131760.231971219
"326","Chriesbach","Pool","Diptera",NA,2,3,2202,"intercept_trap",131760.231971219
"327","Chriesbach","Pool","Diptera",NA,2,3,2202,"intercept_trap",131760.231971219
"328","Chriesbach","Pool","Diptera",NA,2,3,2202,"intercept_trap",131760.231971219
"329","Chriesbach","Pool","Diptera",NA,2,3,2202,"intercept_trap",131760.231971219
"330","Chriesbach","Pool","Diptera",NA,2,3,2202,"intercept_trap",131760.231971219
"331","Chriesbach","Pool","Diptera",NA,2,3,2202,"intercept_trap",131760.231971219
"332","Chriesbach","Pool","Diptera",NA,2,3,2202,"intercept_trap",131760.231971219
"333","Chriesbach","Pool","Diptera",NA,2,3,2202,"intercept_trap",131760.231971219
"334","Chriesbach","Pool","Diptera",NA,2,3,2202,"intercept_trap",131760.231971219
"335","Chriesbach","Pool","Diptera",NA,2,3,2202,"intercept_trap",131760.231971219
"336","Chriesbach","Pool","Diptera",NA,2,3,2202,"intercept_trap",131760.231971219
"337","Chriesbach","Pool","Diptera",NA,2,3,2202,"intercept_trap",131760.231971219
"338","Chriesbach","Pool","Diptera",NA,2,3,2202,"intercept_trap",131760.231971219
"339","Chriesbach","Pool","Diptera",NA,2,3,2202,"intercept_trap",131760.231971219
"340","Chriesbach","Pool","Diptera",NA,2,3,2202,"intercept_trap",131760.231971219
"341","Chriesbach","Pool","Diptera",NA,2,3,2202,"intercept_trap",131760.231971219
"342","Chriesbach","Pool","Diptera",NA,2,3,2202,"intercept_trap",131760.231971219
"343","Chriesbach","Pool","Diptera",NA,2,3,2202,"intercept_trap",131760.231971219
"344","Chriesbach","Pool","Diptera",NA,2,3,2202,"intercept_trap",131760.231971219
"345","Chriesbach","Pool","Diptera",NA,2,3,2202,"intercept_trap",131760.231971219
"346","Chriesbach","Pool","Diptera",NA,2,3,2202,"intercept_trap",131760.231971219
"347","Chriesbach","Pool","Diptera",NA,2,3,2202,"intercept_trap",131760.231971219
"348","Chriesbach","Pool","Diptera",NA,2,3,2202,"intercept_trap",131760.231971219
"349","Chriesbach","Pool","Diptera",NA,2,3,2202,"intercept_trap",131760.231971219
"350","Chriesbach","Pool","Diptera",NA,2,3,2202,"intercept_trap",131760.231971219
"351","Chriesbach","Pool","Diptera",NA,2,3,2202,"intercept_trap",131760.231971219
"352","Chriesbach","Pool","Diptera",NA,2,3,2202,"intercept_trap",131760.231971219
"353","Chriesbach","Pool","Diptera",NA,2,3,2202,"intercept_trap",131760.231971219
"354","Chriesbach","Pool","Diptera",NA,2,3,2202,"intercept_trap",131760.231971219
"355","Chriesbach","Pool","Diptera",NA,2,3,2202,"intercept_trap",131760.231971219
"356","Chriesbach","Pool","Diptera",NA,2,3,2202,"intercept_trap",131760.231971219
"357","Chriesbach","Pool","Diptera",NA,2,3,2202,"intercept_trap",131760.231971219
"358","Chriesbach","Pool","Diptera",NA,2,3,2202,"intercept_trap",131760.231971219
"359","Chriesbach","Pool","Diptera",NA,2,3,2202,"intercept_trap",131760.231971219
"360","Chriesbach","Pool","Diptera",NA,2,3,2202,"intercept_trap",131760.231971219
"361","Chriesbach","Pool","Diptera",NA,2,3,2202,"intercept_trap",131760.231971219
"362","Chriesbach","Pool","Diptera",NA,2,3,2202,"intercept_trap",131760.231971219
"363","Chriesbach","Pool","Diptera",NA,2,3,2202,"intercept_trap",131760.231971219
"364","Chriesbach","Pool","Diptera",NA,2,3,2202,"intercept_trap",131760.231971219
"365","Chriesbach","Pool","Diptera",NA,2,3,2202,"intercept_trap",131760.231971219
"366","Chriesbach","Pool","Diptera",NA,2,3,2202,"intercept_trap",131760.231971219
"367","Chriesbach","Pool","Diptera",NA,2,3,2202,"intercept_trap",131760.231971219
"368","Chriesbach","Pool","Diptera",NA,2,3,2202,"intercept_trap",131760.231971219
"369","Chriesbach","Pool","Diptera",NA,2,3,2202,"intercept_trap",131760.231971219
"370","Chriesbach","Pool","Diptera",NA,2,3,2202,"intercept_trap",131760.231971219
"371","Chriesbach","Pool","Diptera",NA,2,3,2202,"intercept_trap",131760.231971219
"372","Chriesbach","Pool","Diptera",NA,2,3,2202,"intercept_trap",131760.231971219
"373","Chriesbach","Pool","Diptera",NA,2,3,2202,"intercept_trap",131760.231971219
"374","Chriesbach","Pool","Diptera",NA,2,3,2202,"intercept_trap",131760.231971219
"375","Chriesbach","Pool","Diptera",NA,2,3,2202,"intercept_trap",131760.231971219
"376","Chriesbach","Pool","Diptera",NA,2,3,2202,"intercept_trap",131760.231971219
"377","Chriesbach","Pool","Diptera",NA,2,3,2202,"intercept_trap",131760.231971219
"378","Chriesbach","Pool","Diptera",NA,2,3,2202,"intercept_trap",131760.231971219
"379","Chriesbach","Pool","Diptera",NA,2,3,2202,"intercept_trap",131760.231971219
"380","Chriesbach","Pool","Diptera",NA,2,3,2202,"intercept_trap",131760.231971219
"381","Chriesbach","Pool","Diptera",NA,2,3,2202,"intercept_trap",131760.231971219
"382","Chriesbach","Pool","Diptera",NA,2,3,2202,"intercept_trap",131760.231971219
"383","Chriesbach","Pool","Diptera",NA,2,3,2202,"intercept_trap",131760.231971219
"384","Chriesbach","Pool","Diptera",NA,2,3,2202,"intercept_trap",131760.231971219
"385","Chriesbach","Pool","Diptera",NA,2,3,2202,"intercept_trap",131760.231971219
"386","Chriesbach","Pool","Diptera",NA,2,3,2202,"intercept_trap",131760.231971219
"387","Chriesbach","Pool","Diptera",NA,2,3,2202,"intercept_trap",131760.231971219
"388","Chriesbach","Pool","Diptera",NA,2,3,2202,"intercept_trap",131760.231971219
"389","Chriesbach","Pool","Diptera",NA,2,3,2202,"intercept_trap",131760.231971219
"390","Chriesbach","Pool","Diptera",NA,2,3,2202,"intercept_trap",131760.231971219
"391","Chriesbach","Pool","Diptera",NA,2,3,2202,"intercept_trap",131760.231971219
"392","Chriesbach","Pool","Diptera",NA,2,3,2202,"intercept_trap",131760.231971219
"393","Chriesbach","Pool","Diptera",NA,2,3,2202,"intercept_trap",131760.231971219
"394","Chriesbach","Pool","Diptera",NA,2,3,2202,"intercept_trap",131760.231971219
"395","Chriesbach","Pool","Diptera",NA,2,3,2202,"intercept_trap",131760.231971219
"396","Chriesbach","Pool","Diptera",NA,2,3,2202,"intercept_trap",131760.231971219
"397","Chriesbach","Pool","Diptera",NA,2,3,2202,"intercept_trap",131760.231971219
"398","Chriesbach","Pool","Diptera",NA,2,3,2202,"intercept_trap",131760.231971219
"399","Chriesbach","Pool","Diptera",NA,2,3,2202,"intercept_trap",131760.231971219
"400","Chriesbach","Pool","Diptera",NA,2,3,2202,"intercept_trap",131760.231971219
"401","Chriesbach","Pool","Diptera",NA,2,3,2202,"intercept_trap",131760.231971219
"402","Chriesbach","Pool","Diptera",NA,2,3,2202,"intercept_trap",131760.231971219
"403","Chriesbach","Pool","Diptera",NA,2,3,2202,"intercept_trap",131760.231971219
"404","Chriesbach","Pool","Diptera",NA,2,3,2202,"intercept_trap",131760.231971219
"405","Chriesbach","Pool","Diptera",NA,2,3,2202,"intercept_trap",131760.231971219
"406","Chriesbach","Pool","Diptera",NA,2,3,2202,"intercept_trap",131760.231971219
"407","Chriesbach","Pool","Diptera",NA,2,3,2202,"intercept_trap",131760.231971219
"408","Chriesbach","Pool","Diptera",NA,2,3,2202,"intercept_trap",131760.231971219
"409","Chriesbach","Pool","Diptera",NA,2,3,2202,"intercept_trap",131760.231971219
"410","Chriesbach","Pool","Diptera",NA,2,3,2202,"intercept_trap",131760.231971219
"411","Chriesbach","Pool","Diptera",NA,2,3,2202,"intercept_trap",131760.231971219
"412","Chriesbach","Pool","Diptera",NA,2,3,2202,"intercept_trap",131760.231971219
"413","Chriesbach","Pool","Diptera",NA,2,3,2202,"intercept_trap",131760.231971219
"414","Chriesbach","Pool","Diptera",NA,2,3,2202,"intercept_trap",131760.231971219
"415","Chriesbach","Pool","Diptera",NA,2,3,2202,"intercept_trap",131760.231971219
"416","Chriesbach","Pool","Diptera",NA,2,3,2202,"intercept_trap",131760.231971219
"417","Chriesbach","Pool","Diptera",NA,2,3,2202,"intercept_trap",131760.231971219
"418","Chriesbach","Pool","Diptera",NA,2,3,2202,"intercept_trap",131760.231971219
"419","Chriesbach","Pool","Diptera",NA,2,3,2202,"intercept_trap",131760.231971219
"420","Chriesbach","Pool","Diptera",NA,2,3,2202,"intercept_trap",131760.231971219
"421","Chriesbach","Pool","Diptera",NA,2,3,2202,"intercept_trap",131760.231971219
"422","Chriesbach","Pool","Diptera",NA,2,3,2202,"intercept_trap",131760.231971219
"423","Chriesbach","Pool","Diptera",NA,2,3,2202,"intercept_trap",131760.231971219
"424","Chriesbach","Pool","Diptera",NA,2,3,2202,"intercept_trap",131760.231971219
"425","Chriesbach","Pool","Diptera",NA,2,3,2202,"intercept_trap",131760.231971219
"426","Chriesbach","Pool","Diptera",NA,2,3,2202,"intercept_trap",131760.231971219
"427","Chriesbach","Pool","Diptera",NA,2,3,2202,"intercept_trap",131760.231971219
"428","Chriesbach","Pool","Diptera",NA,2,3,2202,"intercept_trap",131760.231971219
"429","Chriesbach","Pool","Diptera",NA,2,3,2202,"intercept_trap",131760.231971219
"430","Chriesbach","Pool","Diptera",NA,2,3,2202,"intercept_trap",131760.231971219
"431","Chriesbach","Pool","Diptera",NA,2,3,2202,"intercept_trap",131760.231971219
"432","Chriesbach","Pool","Diptera",NA,2,3,2202,"intercept_trap",131760.231971219
"433","Chriesbach","Pool","Diptera",NA,2,3,2202,"intercept_trap",131760.231971219
"434","Chriesbach","Pool","Diptera",NA,2,3,2202,"intercept_trap",131760.231971219
"435","Chriesbach","Pool","Diptera",NA,2,3,2202,"intercept_trap",131760.231971219
"436","Chriesbach","Pool","Diptera",NA,2,3,2202,"intercept_trap",131760.231971219
"437","Chriesbach","Pool","Diptera",NA,2,3,2202,"intercept_trap",131760.231971219
"438","Chriesbach","Pool","Diptera",NA,2,3,2202,"intercept_trap",131760.231971219
"439","Chriesbach","Pool","Diptera",NA,2,3,2202,"intercept_trap",131760.231971219
"440","Chriesbach","Pool","Diptera",NA,2,3,2202,"intercept_trap",131760.231971219
"441","Chriesbach","Pool","Diptera",NA,2,3,2202,"intercept_trap",131760.231971219
"442","Chriesbach","Pool","Diptera",NA,2,3,2202,"intercept_trap",131760.231971219
"443","Chriesbach","Pool","Diptera",NA,2,3,2202,"intercept_trap",131760.231971219
"444","Chriesbach","Pool","Diptera",NA,2,3,2202,"intercept_trap",131760.231971219
"445","Chriesbach","Pool","Diptera",NA,2,3,2202,"intercept_trap",131760.231971219
"446","Chriesbach","Pool","Diptera",NA,2,3,2202,"intercept_trap",131760.231971219
"447","Chriesbach","Pool","Diptera",NA,2,3,2202,"intercept_trap",131760.231971219
"448","Chriesbach","Pool","Diptera",NA,2,3,2202,"intercept_trap",131760.231971219
"449","Chriesbach","Pool","Diptera",NA,2,3,2202,"intercept_trap",131760.231971219
"450","Chriesbach","Pool","Diptera",NA,2,3,2202,"intercept_trap",131760.231971219
"451","Chriesbach","Pool","Diptera",NA,3,3,2202,"intercept_trap",131760.231971219
"452","Chriesbach","Pool","Diptera",NA,3,3,2202,"intercept_trap",131760.231971219
"453","Chriesbach","Pool","Diptera",NA,3,3,2202,"intercept_trap",131760.231971219
"454","Chriesbach","Pool","Diptera",NA,3,3,2202,"intercept_trap",131760.231971219
"455","Chriesbach","Pool","Diptera",NA,3,3,2202,"intercept_trap",131760.231971219
"456","Chriesbach","Pool","Diptera",NA,3,3,2202,"intercept_trap",131760.231971219
"457","Chriesbach","Pool","Diptera",NA,3,3,2202,"intercept_trap",131760.231971219
"458","Chriesbach","Pool","Diptera",NA,3,3,2202,"intercept_trap",131760.231971219
"459","Chriesbach","Pool","Diptera",NA,3,3,2202,"intercept_trap",131760.231971219
"460","Chriesbach","Pool","Diptera",NA,3,3,2202,"intercept_trap",131760.231971219
"461","Chriesbach","Pool","Diptera",NA,3,3,2202,"intercept_trap",131760.231971219
"462","Chriesbach","Pool","Diptera",NA,3,3,2202,"intercept_trap",131760.231971219
"463","Chriesbach","Pool","Diptera",NA,3,3,2202,"intercept_trap",131760.231971219
"464","Chriesbach","Pool","Diptera",NA,3,3,2202,"intercept_trap",131760.231971219
"465","Chriesbach","Pool","Diptera",NA,3,3,2202,"intercept_trap",131760.231971219
"466","Chriesbach","Pool","Diptera",NA,3,3,2202,"intercept_trap",131760.231971219
"467","Chriesbach","Pool","Diptera",NA,3,3,2202,"intercept_trap",131760.231971219
"468","Chriesbach","Pool","Diptera",NA,3,3,2202,"intercept_trap",131760.231971219
"469","Chriesbach","Pool","Diptera",NA,3,3,2202,"intercept_trap",131760.231971219
"470","Chriesbach","Pool","Diptera",NA,3,3,2202,"intercept_trap",131760.231971219
"471","Chriesbach","Pool","Diptera",NA,3,3,2202,"intercept_trap",131760.231971219
"472","Chriesbach","Pool","Diptera",NA,3,3,2202,"intercept_trap",131760.231971219
"473","Chriesbach","Pool","Diptera",NA,3,3,2202,"intercept_trap",131760.231971219
"474","Chriesbach","Pool","Diptera",NA,3,3,2202,"intercept_trap",131760.231971219
"475","Chriesbach","Pool","Diptera",NA,3,3,2202,"intercept_trap",131760.231971219
"476","Chriesbach","Pool","Diptera",NA,3,3,2202,"intercept_trap",131760.231971219
"477","Chriesbach","Pool","Diptera",NA,3,3,2202,"intercept_trap",131760.231971219
"478","Chriesbach","Pool","Diptera",NA,3,3,2202,"intercept_trap",131760.231971219
"479","Chriesbach","Pool","Diptera",NA,3,3,2202,"intercept_trap",131760.231971219
"480","Chriesbach","Pool","Diptera",NA,3,3,2202,"intercept_trap",131760.231971219
"481","Chriesbach","Pool","Diptera",NA,3,3,2202,"intercept_trap",131760.231971219
"482","Chriesbach","Pool","Diptera",NA,3,3,2202,"intercept_trap",131760.231971219
"483","Chriesbach","Pool","Diptera",NA,3,3,2202,"intercept_trap",131760.231971219
"484","Chriesbach","Pool","Diptera",NA,3,3,2202,"intercept_trap",131760.231971219
"485","Chriesbach","Pool","Diptera",NA,3,3,2202,"intercept_trap",131760.231971219
"486","Chriesbach","Pool","Diptera",NA,3,3,2202,"intercept_trap",131760.231971219
"487","Chriesbach","Pool","Diptera",NA,3,3,2202,"intercept_trap",131760.231971219
"488","Chriesbach","Pool","Diptera",NA,3,3,2202,"intercept_trap",131760.231971219
"489","Chriesbach","Pool","Diptera",NA,3,3,2202,"intercept_trap",131760.231971219
"490","Chriesbach","Pool","Diptera",NA,3,3,2202,"intercept_trap",131760.231971219
"491","Chriesbach","Pool","Diptera",NA,3,3,2202,"intercept_trap",131760.231971219
"492","Chriesbach","Pool","Diptera",NA,3,3,2202,"intercept_trap",131760.231971219
"493","Chriesbach","Pool","Diptera",NA,3,3,2202,"intercept_trap",131760.231971219
"494","Chriesbach","Pool","Diptera",NA,3,3,2202,"intercept_trap",131760.231971219
"495","Chriesbach","Pool","Diptera",NA,3,3,2202,"intercept_trap",131760.231971219
"496","Chriesbach","Pool","Diptera",NA,3,3,2202,"intercept_trap",131760.231971219
"497","Chriesbach","Pool","Diptera",NA,3,3,2202,"intercept_trap",131760.231971219
"498","Chriesbach","Pool","Diptera",NA,3,3,2202,"intercept_trap",131760.231971219
"499","Chriesbach","Pool","Diptera",NA,3,3,2202,"intercept_trap",131760.231971219
"500","Chriesbach","Pool","Diptera",NA,3,3,2202,"intercept_trap",131760.231971219
"501","Chriesbach","Pool","Diptera",NA,3,3,2202,"intercept_trap",131760.231971219
"502","Chriesbach","Pool","Diptera",NA,3,3,2202,"intercept_trap",131760.231971219
"503","Chriesbach","Pool","Diptera",NA,3,3,2202,"intercept_trap",131760.231971219
"504","Chriesbach","Pool","Diptera",NA,3,3,2202,"intercept_trap",131760.231971219
"505","Chriesbach","Pool","Diptera",NA,3,3,2202,"intercept_trap",131760.231971219
"506","Chriesbach","Pool","Diptera",NA,3,3,2202,"intercept_trap",131760.231971219
"507","Chriesbach","Pool","Diptera",NA,3,3,2202,"intercept_trap",131760.231971219
"508","Chriesbach","Pool","Diptera",NA,3,3,2202,"intercept_trap",131760.231971219
"509","Chriesbach","Pool","Diptera",NA,3,3,2202,"intercept_trap",131760.231971219
"510","Chriesbach","Pool","Diptera",NA,3,3,2202,"intercept_trap",131760.231971219
"511","Chriesbach","Pool","Diptera",NA,3,3,2202,"intercept_trap",131760.231971219
"512","Chriesbach","Pool","Diptera",NA,3,3,2202,"intercept_trap",131760.231971219
"513","Chriesbach","Pool","Diptera",NA,3,3,2202,"intercept_trap",131760.231971219
"514","Chriesbach","Pool","Diptera",NA,3,3,2202,"intercept_trap",131760.231971219
"515","Chriesbach","Pool","Diptera",NA,3,3,2202,"intercept_trap",131760.231971219
"516","Chriesbach","Pool","Diptera",NA,4,3,2202,"intercept_trap",131760.231971219
"517","Chriesbach","Pool","Diptera",NA,5,3,2202,"intercept_trap",131760.231971219
"518","Chriesbach","Pool","Diptera",NA,5,3,2202,"intercept_trap",131760.231971219
"519","Chriesbach","Pool","Diptera",NA,8,3,2202,"intercept_trap",131760.231971219
"520","Chriesbach","Pool","Diptera",NA,8,3,2202,"intercept_trap",131760.231971219
"521","Chriesbach","Pool","Diptera",NA,9,3,2202,"intercept_trap",131760.231971219
"522","Chriesbach","Pool","Diptera",NA,13,3,2202,"intercept_trap",131760.231971219
"523","Chriesbach","Pool","Hemiptera",NA,2,3,2202,"intercept_trap",131760.231971219
"524","Chriesbach","Pool","Hemiptera",NA,4,3,2202,"intercept_trap",131760.231971219
"525","Chriesbach","Pool","Hemiptera",NA,7,3,2202,"intercept_trap",131760.231971219
"526","Chriesbach","Pool","Hemiptera",NA,5,3,2202,"intercept_trap",131760.231971219
"527","Chriesbach","Pool","Hemiptera","Aphidoidea",2,3,2202,"intercept_trap",131760.231971219
"528","Chriesbach","Pool","Hemiptera","Aphidoidea",2,3,2202,"intercept_trap",131760.231971219
"529","Chriesbach","Pool","Hymenoptera","Formicidae",3,3,2202,"intercept_trap",131760.231971219
"530","Chriesbach","Pool","Hymenoptera","Vespidae",12,3,2202,"intercept_trap",131760.231971219
"531","Chriesbach","Pool","Hymenoptera",NA,1,3,2202,"intercept_trap",131760.231971219
"532","Chriesbach","Pool","Hymenoptera",NA,1,3,2202,"intercept_trap",131760.231971219
"533","Chriesbach","Pool","Hymenoptera",NA,1,3,2202,"intercept_trap",131760.231971219
"534","Chriesbach","Pool","Hymenoptera",NA,1,3,2202,"intercept_trap",131760.231971219
"535","Chriesbach","Pool","Hymenoptera",NA,2,3,2202,"intercept_trap",131760.231971219
"536","Chriesbach","Pool","Hymenoptera",NA,2,3,2202,"intercept_trap",131760.231971219
"537","Chriesbach","Pool","Hymenoptera",NA,2,3,2202,"intercept_trap",131760.231971219
"538","Chriesbach","Pool","Hymenoptera",NA,2,3,2202,"intercept_trap",131760.231971219
"539","Chriesbach","Pool","Hymenoptera",NA,2,3,2202,"intercept_trap",131760.231971219
"540","Chriesbach","Pool","Hymenoptera",NA,2,3,2202,"intercept_trap",131760.231971219
"541","Chriesbach","Pool","Hymenoptera",NA,2,3,2202,"intercept_trap",131760.231971219
"542","Chriesbach","Pool","Hymenoptera",NA,3,3,2202,"intercept_trap",131760.231971219
"543","Chriesbach","Pool","Hymenoptera",NA,3,3,2202,"intercept_trap",131760.231971219
"544","Chriesbach","Pool","Hymenoptera",NA,4,3,2202,"intercept_trap",131760.231971219
"545","Chriesbach","Pool","Lepidoptera",NA,8,3,2202,"intercept_trap",131760.231971219
"546","Chriesbach","Pool","Lepidoptera",NA,8,3,2202,"intercept_trap",131760.231971219
"547","Chriesbach","Pool","Lepidoptera",NA,13,3,2202,"intercept_trap",131760.231971219
"548","Chriesbach","Pool","Lepidoptera",NA,18,3,2202,"intercept_trap",131760.231971219
"549","Chriesbach","Pool","Psocoptera",NA,2,3,2202,"intercept_trap",131760.231971219
"550","Chriesbach","Pool","Psocoptera",NA,2,3,2202,"intercept_trap",131760.231971219
"551","Chriesbach","Pool","Psocoptera",NA,2,3,2202,"intercept_trap",131760.231971219
"552","Chriesbach","Pool","Trichoptera",NA,5,3,2202,"intercept_trap",131760.231971219
"553","Chriesbach","Control","Araneae",NA,1,3,2202,"intercept_trap",131760.231971219
"554","Chriesbach","Control","Coleoptera","Curculionidae",2,3,2202,"intercept_trap",131760.231971219
"555","Chriesbach","Control","Coleoptera","Curculionidae",2,3,2202,"intercept_trap",131760.231971219
"556","Chriesbach","Control","Coleoptera","Curculionidae",2,3,2202,"intercept_trap",131760.231971219
"557","Chriesbach","Control","Coleoptera","Curculionidae",2,3,2202,"intercept_trap",131760.231971219
"558","Chriesbach","Control","Coleoptera","Curculionidae",2,3,2202,"intercept_trap",131760.231971219
"559","Chriesbach","Control","Coleoptera","Curculionidae",2,3,2202,"intercept_trap",131760.231971219
"560","Chriesbach","Control","Coleoptera","Curculionidae",2,3,2202,"intercept_trap",131760.231971219
"561","Chriesbach","Control","Coleoptera","Curculionidae",2,3,2202,"intercept_trap",131760.231971219
"562","Chriesbach","Control","Coleoptera","Curculionidae",2,3,2202,"intercept_trap",131760.231971219
"563","Chriesbach","Control","Coleoptera","Curculionidae",2,3,2202,"intercept_trap",131760.231971219
"564","Chriesbach","Control","Coleoptera","Curculionidae",2,3,2202,"intercept_trap",131760.231971219
"565","Chriesbach","Control","Coleoptera","Curculionidae",2,3,2202,"intercept_trap",131760.231971219
"566","Chriesbach","Control","Coleoptera","Curculionidae",2,3,2202,"intercept_trap",131760.231971219
"567","Chriesbach","Control","Coleoptera","Curculionidae",2,3,2202,"intercept_trap",131760.231971219
"568","Chriesbach","Control","Coleoptera","Curculionidae",2,3,2202,"intercept_trap",131760.231971219
"569","Chriesbach","Control","Coleoptera","Curculionidae",2,3,2202,"intercept_trap",131760.231971219
"570","Chriesbach","Control","Coleoptera","Curculionidae",2,3,2202,"intercept_trap",131760.231971219
"571","Chriesbach","Control","Coleoptera","Curculionidae",2,3,2202,"intercept_trap",131760.231971219
"572","Chriesbach","Control","Coleoptera","Curculionidae",2,3,2202,"intercept_trap",131760.231971219
"573","Chriesbach","Control","Coleoptera","Curculionidae",2,3,2202,"intercept_trap",131760.231971219
"574","Chriesbach","Control","Coleoptera","Curculionidae",2,3,2202,"intercept_trap",131760.231971219
"575","Chriesbach","Control","Coleoptera","Staphylinidae",1,3,2202,"intercept_trap",131760.231971219
"576","Chriesbach","Control","Coleoptera","Staphylinidae",2,3,2202,"intercept_trap",131760.231971219
"577","Chriesbach","Control","Coleoptera","Staphylinidae",3,3,2202,"intercept_trap",131760.231971219
"578","Chriesbach","Control","Coleoptera","Staphylinidae",3,3,2202,"intercept_trap",131760.231971219
"579","Chriesbach","Control","Coleoptera","Staphylinidae",3,3,2202,"intercept_trap",131760.231971219
"580","Chriesbach","Control","Coleoptera",NA,1,3,2202,"intercept_trap",131760.231971219
"581","Chriesbach","Control","Coleoptera",NA,1,3,2202,"intercept_trap",131760.231971219
"582","Chriesbach","Control","Coleoptera",NA,1,3,2202,"intercept_trap",131760.231971219
"583","Chriesbach","Control","Coleoptera",NA,2,3,2202,"intercept_trap",131760.231971219
"584","Chriesbach","Control","Coleoptera",NA,2,3,2202,"intercept_trap",131760.231971219
"585","Chriesbach","Control","Coleoptera",NA,2,3,2202,"intercept_trap",131760.231971219
"586","Chriesbach","Control","Coleoptera",NA,2,3,2202,"intercept_trap",131760.231971219
"587","Chriesbach","Control","Coleoptera",NA,2,3,2202,"intercept_trap",131760.231971219
"588","Chriesbach","Control","Coleoptera",NA,2,3,2202,"intercept_trap",131760.231971219
"589","Chriesbach","Control","Coleoptera",NA,2,3,2202,"intercept_trap",131760.231971219
"590","Chriesbach","Control","Coleoptera",NA,2,3,2202,"intercept_trap",131760.231971219
"591","Chriesbach","Control","Coleoptera",NA,2,3,2202,"intercept_trap",131760.231971219
"592","Chriesbach","Control","Coleoptera",NA,2,3,2202,"intercept_trap",131760.231971219
"593","Chriesbach","Control","Coleoptera",NA,2,3,2202,"intercept_trap",131760.231971219
"594","Chriesbach","Control","Coleoptera",NA,2,3,2202,"intercept_trap",131760.231971219
"595","Chriesbach","Control","Coleoptera",NA,2,3,2202,"intercept_trap",131760.231971219
"596","Chriesbach","Control","Coleoptera",NA,2,3,2202,"intercept_trap",131760.231971219
"597","Chriesbach","Control","Coleoptera",NA,2,3,2202,"intercept_trap",131760.231971219
"598","Chriesbach","Control","Coleoptera",NA,2,3,2202,"intercept_trap",131760.231971219
"599","Chriesbach","Control","Coleoptera",NA,2,3,2202,"intercept_trap",131760.231971219
"600","Chriesbach","Control","Coleoptera",NA,2,3,2202,"intercept_trap",131760.231971219
"601","Chriesbach","Control","Coleoptera",NA,3,3,2202,"intercept_trap",131760.231971219
"602","Chriesbach","Control","Coleoptera",NA,3,3,2202,"intercept_trap",131760.231971219
"603","Chriesbach","Control","Coleoptera",NA,3,3,2202,"intercept_trap",131760.231971219
"604","Chriesbach","Control","Coleoptera",NA,3,3,2202,"intercept_trap",131760.231971219
"605","Chriesbach","Control","Coleoptera",NA,3,3,2202,"intercept_trap",131760.231971219
"606","Chriesbach","Control","Coleoptera",NA,3,3,2202,"intercept_trap",131760.231971219
"607","Chriesbach","Control","Coleoptera",NA,3,3,2202,"intercept_trap",131760.231971219
"608","Chriesbach","Control","Coleoptera",NA,3,3,2202,"intercept_trap",131760.231971219
"609","Chriesbach","Control","Coleoptera",NA,3,3,2202,"intercept_trap",131760.231971219
"610","Chriesbach","Control","Coleoptera",NA,3,3,2202,"intercept_trap",131760.231971219
"611","Chriesbach","Control","Coleoptera",NA,3,3,2202,"intercept_trap",131760.231971219
"612","Chriesbach","Control","Diptera",NA,2,3,2202,"intercept_trap",131760.231971219
"613","Chriesbach","Control","Diptera",NA,2,3,2202,"intercept_trap",131760.231971219
"614","Chriesbach","Control","Diptera",NA,2,3,2202,"intercept_trap",131760.231971219
"615","Chriesbach","Control","Diptera",NA,2,3,2202,"intercept_trap",131760.231971219
"616","Chriesbach","Control","Diptera",NA,2,3,2202,"intercept_trap",131760.231971219
"617","Chriesbach","Control","Diptera",NA,2,3,2202,"intercept_trap",131760.231971219
"618","Chriesbach","Control","Diptera",NA,2,3,2202,"intercept_trap",131760.231971219
"619","Chriesbach","Control","Diptera",NA,3,3,2202,"intercept_trap",131760.231971219
"620","Chriesbach","Control","Diptera",NA,3,3,2202,"intercept_trap",131760.231971219
"621","Chriesbach","Control","Diptera",NA,4,3,2202,"intercept_trap",131760.231971219
"622","Chriesbach","Control","Diptera",NA,4,3,2202,"intercept_trap",131760.231971219
"623","Chriesbach","Control","Diptera",NA,4,3,2202,"intercept_trap",131760.231971219
"624","Chriesbach","Control","Diptera",NA,4,3,2202,"intercept_trap",131760.231971219
"625","Chriesbach","Control","Diptera",NA,4,3,2202,"intercept_trap",131760.231971219
"626","Chriesbach","Control","Diptera",NA,4,3,2202,"intercept_trap",131760.231971219
"627","Chriesbach","Control","Diptera",NA,4,3,2202,"intercept_trap",131760.231971219
"628","Chriesbach","Control","Diptera",NA,4,3,2202,"intercept_trap",131760.231971219
"629","Chriesbach","Control","Diptera",NA,5,3,2202,"intercept_trap",131760.231971219
"630","Chriesbach","Control","Diptera",NA,5,3,2202,"intercept_trap",131760.231971219
"631","Chriesbach","Control","Diptera",NA,5,3,2202,"intercept_trap",131760.231971219
"632","Chriesbach","Control","Diptera",NA,5,3,2202,"intercept_trap",131760.231971219
"633","Chriesbach","Control","Diptera",NA,5,3,2202,"intercept_trap",131760.231971219
"634","Chriesbach","Control","Diptera",NA,6,3,2202,"intercept_trap",131760.231971219
"635","Chriesbach","Control","Diptera",NA,6,3,2202,"intercept_trap",131760.231971219
"636","Chriesbach","Control","Diptera",NA,6,3,2202,"intercept_trap",131760.231971219
"637","Chriesbach","Control","Diptera",NA,6,3,2202,"intercept_trap",131760.231971219
"638","Chriesbach","Control","Diptera",NA,6,3,2202,"intercept_trap",131760.231971219
"639","Chriesbach","Control","Diptera",NA,6,3,2202,"intercept_trap",131760.231971219
"640","Chriesbach","Control","Diptera",NA,6,3,2202,"intercept_trap",131760.231971219
"641","Chriesbach","Control","Diptera",NA,6,3,2202,"intercept_trap",131760.231971219
"642","Chriesbach","Control","Diptera",NA,6,3,2202,"intercept_trap",131760.231971219
"643","Chriesbach","Control","Diptera",NA,6,3,2202,"intercept_trap",131760.231971219
"644","Chriesbach","Control","Diptera",NA,6,3,2202,"intercept_trap",131760.231971219
"645","Chriesbach","Control","Diptera",NA,6,3,2202,"intercept_trap",131760.231971219
"646","Chriesbach","Control","Diptera",NA,6,3,2202,"intercept_trap",131760.231971219
"647","Chriesbach","Control","Diptera",NA,6,3,2202,"intercept_trap",131760.231971219
"648","Chriesbach","Control","Diptera",NA,6,3,2202,"intercept_trap",131760.231971219
"649","Chriesbach","Control","Diptera",NA,6,3,2202,"intercept_trap",131760.231971219
"650","Chriesbach","Control","Diptera",NA,6,3,2202,"intercept_trap",131760.231971219
"651","Chriesbach","Control","Diptera",NA,6,3,2202,"intercept_trap",131760.231971219
"652","Chriesbach","Control","Diptera",NA,7,3,2202,"intercept_trap",131760.231971219
"653","Chriesbach","Control","Diptera",NA,7,3,2202,"intercept_trap",131760.231971219
"654","Chriesbach","Control","Diptera",NA,7,3,2202,"intercept_trap",131760.231971219
"655","Chriesbach","Control","Diptera",NA,7,3,2202,"intercept_trap",131760.231971219
"656","Chriesbach","Control","Diptera",NA,7,3,2202,"intercept_trap",131760.231971219
"657","Chriesbach","Control","Diptera",NA,7,3,2202,"intercept_trap",131760.231971219
"658","Chriesbach","Control","Diptera",NA,7,3,2202,"intercept_trap",131760.231971219
"659","Chriesbach","Control","Diptera",NA,7,3,2202,"intercept_trap",131760.231971219
"660","Chriesbach","Control","Diptera",NA,7,3,2202,"intercept_trap",131760.231971219
"661","Chriesbach","Control","Diptera",NA,7,3,2202,"intercept_trap",131760.231971219
"662","Chriesbach","Control","Diptera",NA,7,3,2202,"intercept_trap",131760.231971219
"663","Chriesbach","Control","Diptera",NA,7,3,2202,"intercept_trap",131760.231971219
"664","Chriesbach","Control","Diptera",NA,7,3,2202,"intercept_trap",131760.231971219
"665","Chriesbach","Control","Diptera",NA,7,3,2202,"intercept_trap",131760.231971219
"666","Chriesbach","Control","Diptera",NA,7,3,2202,"intercept_trap",131760.231971219
"667","Chriesbach","Control","Diptera",NA,7,3,2202,"intercept_trap",131760.231971219
"668","Chriesbach","Control","Diptera",NA,7,3,2202,"intercept_trap",131760.231971219
"669","Chriesbach","Control","Diptera",NA,7,3,2202,"intercept_trap",131760.231971219
"670","Chriesbach","Control","Diptera",NA,7,3,2202,"intercept_trap",131760.231971219
"671","Chriesbach","Control","Diptera",NA,7,3,2202,"intercept_trap",131760.231971219
"672","Chriesbach","Control","Diptera",NA,7,3,2202,"intercept_trap",131760.231971219
"673","Chriesbach","Control","Diptera",NA,7,3,2202,"intercept_trap",131760.231971219
"674","Chriesbach","Control","Diptera",NA,7,3,2202,"intercept_trap",131760.231971219
"675","Chriesbach","Control","Diptera",NA,7,3,2202,"intercept_trap",131760.231971219
"676","Chriesbach","Control","Diptera",NA,7,3,2202,"intercept_trap",131760.231971219
"677","Chriesbach","Control","Diptera",NA,7,3,2202,"intercept_trap",131760.231971219
"678","Chriesbach","Control","Diptera",NA,7,3,2202,"intercept_trap",131760.231971219
"679","Chriesbach","Control","Diptera",NA,7,3,2202,"intercept_trap",131760.231971219
"680","Chriesbach","Control","Diptera",NA,7,3,2202,"intercept_trap",131760.231971219
"681","Chriesbach","Control","Diptera",NA,7,3,2202,"intercept_trap",131760.231971219
"682","Chriesbach","Control","Diptera",NA,7,3,2202,"intercept_trap",131760.231971219
"683","Chriesbach","Control","Diptera",NA,7,3,2202,"intercept_trap",131760.231971219
"684","Chriesbach","Control","Diptera",NA,7,3,2202,"intercept_trap",131760.231971219
"685","Chriesbach","Control","Diptera",NA,7,3,2202,"intercept_trap",131760.231971219
"686","Chriesbach","Control","Diptera",NA,7,3,2202,"intercept_trap",131760.231971219
"687","Chriesbach","Control","Diptera",NA,7,3,2202,"intercept_trap",131760.231971219
"688","Chriesbach","Control","Diptera",NA,7,3,2202,"intercept_trap",131760.231971219
"689","Chriesbach","Control","Diptera",NA,7,3,2202,"intercept_trap",131760.231971219
"690","Chriesbach","Control","Diptera",NA,7,3,2202,"intercept_trap",131760.231971219
"691","Chriesbach","Control","Diptera",NA,7,3,2202,"intercept_trap",131760.231971219
"692","Chriesbach","Control","Diptera",NA,7,3,2202,"intercept_trap",131760.231971219
"693","Chriesbach","Control","Diptera",NA,7,3,2202,"intercept_trap",131760.231971219
"694","Chriesbach","Control","Diptera",NA,7,3,2202,"intercept_trap",131760.231971219
"695","Chriesbach","Control","Diptera",NA,8,3,2202,"intercept_trap",131760.231971219
"696","Chriesbach","Control","Diptera",NA,8,3,2202,"intercept_trap",131760.231971219
"697","Chriesbach","Control","Diptera",NA,8,3,2202,"intercept_trap",131760.231971219
"698","Chriesbach","Control","Diptera",NA,8,3,2202,"intercept_trap",131760.231971219
"699","Chriesbach","Control","Diptera",NA,8,3,2202,"intercept_trap",131760.231971219
"700","Chriesbach","Control","Diptera",NA,8,3,2202,"intercept_trap",131760.231971219
"701","Chriesbach","Control","Diptera",NA,8,3,2202,"intercept_trap",131760.231971219
"702","Chriesbach","Control","Diptera",NA,8,3,2202,"intercept_trap",131760.231971219
"703","Chriesbach","Control","Diptera",NA,8,3,2202,"intercept_trap",131760.231971219
"704","Chriesbach","Control","Diptera",NA,8,3,2202,"intercept_trap",131760.231971219
"705","Chriesbach","Control","Diptera",NA,8,3,2202,"intercept_trap",131760.231971219
"706","Chriesbach","Control","Diptera",NA,8,3,2202,"intercept_trap",131760.231971219
"707","Chriesbach","Control","Diptera",NA,8,3,2202,"intercept_trap",131760.231971219
"708","Chriesbach","Control","Diptera",NA,8,3,2202,"intercept_trap",131760.231971219
"709","Chriesbach","Control","Diptera",NA,8,3,2202,"intercept_trap",131760.231971219
"710","Chriesbach","Control","Diptera",NA,8,3,2202,"intercept_trap",131760.231971219
"711","Chriesbach","Control","Diptera",NA,8,3,2202,"intercept_trap",131760.231971219
"712","Chriesbach","Control","Diptera",NA,8,3,2202,"intercept_trap",131760.231971219
"713","Chriesbach","Control","Diptera",NA,8,3,2202,"intercept_trap",131760.231971219
"714","Chriesbach","Control","Diptera",NA,8,3,2202,"intercept_trap",131760.231971219
"715","Chriesbach","Control","Diptera",NA,8,3,2202,"intercept_trap",131760.231971219
"716","Chriesbach","Control","Diptera",NA,8,3,2202,"intercept_trap",131760.231971219
"717","Chriesbach","Control","Diptera",NA,8,3,2202,"intercept_trap",131760.231971219
"718","Chriesbach","Control","Diptera",NA,8,3,2202,"intercept_trap",131760.231971219
"719","Chriesbach","Control","Diptera",NA,8,3,2202,"intercept_trap",131760.231971219
"720","Chriesbach","Control","Diptera",NA,8,3,2202,"intercept_trap",131760.231971219
"721","Chriesbach","Control","Diptera",NA,8,3,2202,"intercept_trap",131760.231971219
"722","Chriesbach","Control","Diptera",NA,8,3,2202,"intercept_trap",131760.231971219
"723","Chriesbach","Control","Diptera",NA,8,3,2202,"intercept_trap",131760.231971219
"724","Chriesbach","Control","Diptera",NA,8,3,2202,"intercept_trap",131760.231971219
"725","Chriesbach","Control","Diptera",NA,8,3,2202,"intercept_trap",131760.231971219
"726","Chriesbach","Control","Diptera",NA,8,3,2202,"intercept_trap",131760.231971219
"727","Chriesbach","Control","Diptera",NA,8,3,2202,"intercept_trap",131760.231971219
"728","Chriesbach","Control","Diptera",NA,8,3,2202,"intercept_trap",131760.231971219
"729","Chriesbach","Control","Diptera",NA,8,3,2202,"intercept_trap",131760.231971219
"730","Chriesbach","Control","Diptera",NA,9,3,2202,"intercept_trap",131760.231971219
"731","Chriesbach","Control","Diptera",NA,9,3,2202,"intercept_trap",131760.231971219
"732","Chriesbach","Control","Diptera",NA,9,3,2202,"intercept_trap",131760.231971219
"733","Chriesbach","Control","Diptera",NA,9,3,2202,"intercept_trap",131760.231971219
"734","Chriesbach","Control","Diptera",NA,9,3,2202,"intercept_trap",131760.231971219
"735","Chriesbach","Control","Diptera",NA,9,3,2202,"intercept_trap",131760.231971219
"736","Chriesbach","Control","Diptera",NA,9,3,2202,"intercept_trap",131760.231971219
"737","Chriesbach","Control","Diptera",NA,9,3,2202,"intercept_trap",131760.231971219
"738","Chriesbach","Control","Diptera",NA,9,3,2202,"intercept_trap",131760.231971219
"739","Chriesbach","Control","Diptera",NA,9,3,2202,"intercept_trap",131760.231971219
"740","Chriesbach","Control","Diptera",NA,9,3,2202,"intercept_trap",131760.231971219
"741","Chriesbach","Control","Diptera",NA,9,3,2202,"intercept_trap",131760.231971219
"742","Chriesbach","Control","Diptera",NA,9,3,2202,"intercept_trap",131760.231971219
"743","Chriesbach","Control","Diptera",NA,9,3,2202,"intercept_trap",131760.231971219
"744","Chriesbach","Control","Diptera",NA,9,3,2202,"intercept_trap",131760.231971219
"745","Chriesbach","Control","Diptera",NA,9,3,2202,"intercept_trap",131760.231971219
"746","Chriesbach","Control","Diptera",NA,9,3,2202,"intercept_trap",131760.231971219
"747","Chriesbach","Control","Diptera",NA,9,3,2202,"intercept_trap",131760.231971219
"748","Chriesbach","Control","Diptera",NA,9,3,2202,"intercept_trap",131760.231971219
"749","Chriesbach","Control","Diptera",NA,9,3,2202,"intercept_trap",131760.231971219
"750","Chriesbach","Control","Diptera",NA,9,3,2202,"intercept_trap",131760.231971219
"751","Chriesbach","Control","Diptera",NA,10,3,2202,"intercept_trap",131760.231971219
"752","Chriesbach","Control","Diptera",NA,10,3,2202,"intercept_trap",131760.231971219
"753","Chriesbach","Control","Diptera",NA,10,3,2202,"intercept_trap",131760.231971219
"754","Chriesbach","Control","Diptera",NA,10,3,2202,"intercept_trap",131760.231971219
"755","Chriesbach","Control","Diptera",NA,10,3,2202,"intercept_trap",131760.231971219
"756","Chriesbach","Control","Diptera",NA,10,3,2202,"intercept_trap",131760.231971219
"757","Chriesbach","Control","Diptera",NA,10,3,2202,"intercept_trap",131760.231971219
"758","Chriesbach","Control","Diptera",NA,10,3,2202,"intercept_trap",131760.231971219
"759","Chriesbach","Control","Diptera",NA,11,3,2202,"intercept_trap",131760.231971219
"760","Chriesbach","Control","Diptera",NA,12,3,2202,"intercept_trap",131760.231971219
"761","Chriesbach","Control","Diptera",NA,12,3,2202,"intercept_trap",131760.231971219
"762","Chriesbach","Control","Diptera",NA,14,3,2202,"intercept_trap",131760.231971219
"763","Chriesbach","Control","Diptera",NA,1,3,2202,"intercept_trap",131760.231971219
"764","Chriesbach","Control","Diptera",NA,1,3,2202,"intercept_trap",131760.231971219
"765","Chriesbach","Control","Diptera",NA,1,3,2202,"intercept_trap",131760.231971219
"766","Chriesbach","Control","Diptera",NA,1,3,2202,"intercept_trap",131760.231971219
"767","Chriesbach","Control","Diptera",NA,1,3,2202,"intercept_trap",131760.231971219
"768","Chriesbach","Control","Diptera",NA,2,3,2202,"intercept_trap",131760.231971219
"769","Chriesbach","Control","Diptera",NA,2,3,2202,"intercept_trap",131760.231971219
"770","Chriesbach","Control","Diptera",NA,2,3,2202,"intercept_trap",131760.231971219
"771","Chriesbach","Control","Diptera",NA,2,3,2202,"intercept_trap",131760.231971219
"772","Chriesbach","Control","Diptera",NA,2,3,2202,"intercept_trap",131760.231971219
"773","Chriesbach","Control","Diptera",NA,2,3,2202,"intercept_trap",131760.231971219
"774","Chriesbach","Control","Diptera",NA,2,3,2202,"intercept_trap",131760.231971219
"775","Chriesbach","Control","Diptera",NA,2,3,2202,"intercept_trap",131760.231971219
"776","Chriesbach","Control","Diptera",NA,2,3,2202,"intercept_trap",131760.231971219
"777","Chriesbach","Control","Diptera",NA,2,3,2202,"intercept_trap",131760.231971219
"778","Chriesbach","Control","Diptera",NA,2,3,2202,"intercept_trap",131760.231971219
"779","Chriesbach","Control","Diptera",NA,2,3,2202,"intercept_trap",131760.231971219
"780","Chriesbach","Control","Diptera",NA,2,3,2202,"intercept_trap",131760.231971219
"781","Chriesbach","Control","Diptera",NA,2,3,2202,"intercept_trap",131760.231971219
"782","Chriesbach","Control","Diptera",NA,2,3,2202,"intercept_trap",131760.231971219
"783","Chriesbach","Control","Diptera",NA,2,3,2202,"intercept_trap",131760.231971219
"784","Chriesbach","Control","Diptera",NA,2,3,2202,"intercept_trap",131760.231971219
"785","Chriesbach","Control","Diptera",NA,2,3,2202,"intercept_trap",131760.231971219
"786","Chriesbach","Control","Diptera",NA,2,3,2202,"intercept_trap",131760.231971219
"787","Chriesbach","Control","Diptera",NA,2,3,2202,"intercept_trap",131760.231971219
"788","Chriesbach","Control","Diptera",NA,2,3,2202,"intercept_trap",131760.231971219
"789","Chriesbach","Control","Diptera",NA,2,3,2202,"intercept_trap",131760.231971219
"790","Chriesbach","Control","Diptera",NA,2,3,2202,"intercept_trap",131760.231971219
"791","Chriesbach","Control","Diptera",NA,2,3,2202,"intercept_trap",131760.231971219
"792","Chriesbach","Control","Diptera",NA,2,3,2202,"intercept_trap",131760.231971219
"793","Chriesbach","Control","Diptera",NA,2,3,2202,"intercept_trap",131760.231971219
"794","Chriesbach","Control","Diptera",NA,2,3,2202,"intercept_trap",131760.231971219
"795","Chriesbach","Control","Diptera",NA,2,3,2202,"intercept_trap",131760.231971219
"796","Chriesbach","Control","Diptera",NA,2,3,2202,"intercept_trap",131760.231971219
"797","Chriesbach","Control","Diptera",NA,2,3,2202,"intercept_trap",131760.231971219
"798","Chriesbach","Control","Diptera",NA,2,3,2202,"intercept_trap",131760.231971219
"799","Chriesbach","Control","Diptera",NA,2,3,2202,"intercept_trap",131760.231971219
"800","Chriesbach","Control","Diptera",NA,2,3,2202,"intercept_trap",131760.231971219
"801","Chriesbach","Control","Diptera",NA,2,3,2202,"intercept_trap",131760.231971219
"802","Chriesbach","Control","Diptera",NA,2,3,2202,"intercept_trap",131760.231971219
"803","Chriesbach","Control","Diptera",NA,2,3,2202,"intercept_trap",131760.231971219
"804","Chriesbach","Control","Diptera",NA,3,3,2202,"intercept_trap",131760.231971219
"805","Chriesbach","Control","Diptera",NA,3,3,2202,"intercept_trap",131760.231971219
"806","Chriesbach","Control","Diptera",NA,3,3,2202,"intercept_trap",131760.231971219
"807","Chriesbach","Control","Diptera",NA,3,3,2202,"intercept_trap",131760.231971219
"808","Chriesbach","Control","Diptera",NA,3,3,2202,"intercept_trap",131760.231971219
"809","Chriesbach","Control","Diptera",NA,3,3,2202,"intercept_trap",131760.231971219
"810","Chriesbach","Control","Diptera",NA,3,3,2202,"intercept_trap",131760.231971219
"811","Chriesbach","Control","Diptera",NA,3,3,2202,"intercept_trap",131760.231971219
"812","Chriesbach","Control","Diptera",NA,3,3,2202,"intercept_trap",131760.231971219
"813","Chriesbach","Control","Diptera",NA,3,3,2202,"intercept_trap",131760.231971219
"814","Chriesbach","Control","Diptera",NA,3,3,2202,"intercept_trap",131760.231971219
"815","Chriesbach","Control","Diptera",NA,3,3,2202,"intercept_trap",131760.231971219
"816","Chriesbach","Control","Diptera",NA,3,3,2202,"intercept_trap",131760.231971219
"817","Chriesbach","Control","Diptera",NA,3,3,2202,"intercept_trap",131760.231971219
"818","Chriesbach","Control","Diptera",NA,3,3,2202,"intercept_trap",131760.231971219
"819","Chriesbach","Control","Diptera",NA,4,3,2202,"intercept_trap",131760.231971219
"820","Chriesbach","Control","Diptera",NA,4,3,2202,"intercept_trap",131760.231971219
"821","Chriesbach","Control","Diptera",NA,4,3,2202,"intercept_trap",131760.231971219
"822","Chriesbach","Control","Diptera",NA,4,3,2202,"intercept_trap",131760.231971219
"823","Chriesbach","Control","Diptera",NA,4,3,2202,"intercept_trap",131760.231971219
"824","Chriesbach","Control","Diptera",NA,5,3,2202,"intercept_trap",131760.231971219
"825","Chriesbach","Control","Diptera",NA,5,3,2202,"intercept_trap",131760.231971219
"826","Chriesbach","Control","Diptera",NA,5,3,2202,"intercept_trap",131760.231971219
"827","Chriesbach","Control","Diptera",NA,5,3,2202,"intercept_trap",131760.231971219
"828","Chriesbach","Control","Diptera",NA,7,3,2202,"intercept_trap",131760.231971219
"829","Chriesbach","Control","Diptera",NA,8,3,2202,"intercept_trap",131760.231971219
"830","Chriesbach","Control","Diptera",NA,8,3,2202,"intercept_trap",131760.231971219
"831","Chriesbach","Control","Hemiptera",NA,7,3,2202,"intercept_trap",131760.231971219
"832","Chriesbach","Control","Hymenoptera","Vespidae",12,3,2202,"intercept_trap",131760.231971219
"833","Chriesbach","Control","Hymenoptera",NA,1,3,2202,"intercept_trap",131760.231971219
"834","Chriesbach","Control","Hymenoptera",NA,1,3,2202,"intercept_trap",131760.231971219
"835","Chriesbach","Control","Hymenoptera",NA,1,3,2202,"intercept_trap",131760.231971219
"836","Chriesbach","Control","Hymenoptera",NA,1,3,2202,"intercept_trap",131760.231971219
"837","Chriesbach","Control","Hymenoptera",NA,1,3,2202,"intercept_trap",131760.231971219
"838","Chriesbach","Control","Hymenoptera",NA,2,3,2202,"intercept_trap",131760.231971219
"839","Chriesbach","Control","Hymenoptera",NA,2,3,2202,"intercept_trap",131760.231971219
"840","Chriesbach","Control","Hymenoptera",NA,2,3,2202,"intercept_trap",131760.231971219
"841","Chriesbach","Control","Hymenoptera",NA,2,3,2202,"intercept_trap",131760.231971219
"842","Chriesbach","Control","Hymenoptera",NA,4,3,2202,"intercept_trap",131760.231971219
"843","Chriesbach","Control","Hymenoptera",NA,4,3,2202,"intercept_trap",131760.231971219
"844","Chriesbach","Control","Hymenoptera",NA,15,3,2202,"intercept_trap",131760.231971219
"845","Chriesbach","Control","Lepidoptera",NA,18,3,2202,"intercept_trap",131760.231971219
"846","Chriesbach","Control","Lepidoptera",NA,22,3,2202,"intercept_trap",131760.231971219
"847","Chriesbach","Control","Neuroptera",NA,8,3,2202,"intercept_trap",131760.231971219
"848","Chriesbach","Control","Neuroptera",NA,10,3,2202,"intercept_trap",131760.231971219
"849","Chriesbach","Control","Neuroptera",NA,10,3,2202,"intercept_trap",131760.231971219
"850","Chriesbach","Control","Neuroptera",NA,10,3,2202,"intercept_trap",131760.231971219
"851","Chriesbach","Control","Neuroptera",NA,10,3,2202,"intercept_trap",131760.231971219
"852","Chriesbach","Control","Neuroptera",NA,10,3,2202,"intercept_trap",131760.231971219
"853","Chriesbach","Control","Psocoptera",NA,2,3,2202,"intercept_trap",131760.231971219
"854","Chriesbach","Control","Trichoptera",NA,2,3,2202,"intercept_trap",131760.231971219
"855","Chriesbach","Control","Trichoptera",NA,3,3,2202,"intercept_trap",131760.231971219
"856","Chriesbach","Control","Trichoptera",NA,3,3,2202,"intercept_trap",131760.231971219
"857","Chriesbach","Control","Trichoptera",NA,3,3,2202,"intercept_trap",131760.231971219
"858","Chriesbach","Control","Trichoptera",NA,3,3,2202,"intercept_trap",131760.231971219
"859","Chriesbach","Control","Trichoptera",NA,7,3,2202,"intercept_trap",131760.231971219
"860","Chriesbach","Pool","Coleoptera","Haliplidae",4,3,2202,"intercept_trap",131760.231971219
"861","Chriesbach","Pool","Coleoptera","Curculionidae",2,3,2202,"intercept_trap",131760.231971219
"862","Chriesbach","Pool","Coleoptera","Curculionidae",2,3,2202,"intercept_trap",131760.231971219
"863","Chriesbach","Pool","Coleoptera","Curculionidae",2,3,2202,"intercept_trap",131760.231971219
"864","Chriesbach","Pool","Coleoptera","Curculionidae",2,3,2202,"intercept_trap",131760.231971219
"865","Chriesbach","Pool","Coleoptera","Curculionidae",2,3,2202,"intercept_trap",131760.231971219
"866","Chriesbach","Pool","Coleoptera","Curculionidae",2,3,2202,"intercept_trap",131760.231971219
"867","Chriesbach","Pool","Coleoptera","Curculionidae",2,3,2202,"intercept_trap",131760.231971219
"868","Chriesbach","Pool","Coleoptera","Curculionidae",2,3,2202,"intercept_trap",131760.231971219
"869","Chriesbach","Pool","Coleoptera","Staphylinidae",2,3,2202,"intercept_trap",131760.231971219
"870","Chriesbach","Pool","Coleoptera","Staphylinidae",2,3,2202,"intercept_trap",131760.231971219
"871","Chriesbach","Pool","Coleoptera","Staphylinidae",2,3,2202,"intercept_trap",131760.231971219
"872","Chriesbach","Pool","Coleoptera","Staphylinidae",3,3,2202,"intercept_trap",131760.231971219
"873","Chriesbach","Pool","Coleoptera","Staphylinidae",3,3,2202,"intercept_trap",131760.231971219
"874","Chriesbach","Pool","Coleoptera","Staphylinidae",3,3,2202,"intercept_trap",131760.231971219
"875","Chriesbach","Pool","Coleoptera",NA,1,3,2202,"intercept_trap",131760.231971219
"876","Chriesbach","Pool","Coleoptera",NA,2,3,2202,"intercept_trap",131760.231971219
"877","Chriesbach","Pool","Coleoptera",NA,2,3,2202,"intercept_trap",131760.231971219
"878","Chriesbach","Pool","Coleoptera",NA,2,3,2202,"intercept_trap",131760.231971219
"879","Chriesbach","Pool","Coleoptera",NA,2,3,2202,"intercept_trap",131760.231971219
"880","Chriesbach","Pool","Coleoptera",NA,2,3,2202,"intercept_trap",131760.231971219
"881","Chriesbach","Pool","Coleoptera",NA,2,3,2202,"intercept_trap",131760.231971219
"882","Chriesbach","Pool","Coleoptera",NA,3,3,2202,"intercept_trap",131760.231971219
"883","Chriesbach","Pool","Coleoptera",NA,4,3,2202,"intercept_trap",131760.231971219
"884","Chriesbach","Pool","Diptera",NA,2,3,2202,"intercept_trap",131760.231971219
"885","Chriesbach","Pool","Diptera",NA,2,3,2202,"intercept_trap",131760.231971219
"886","Chriesbach","Pool","Diptera",NA,2,3,2202,"intercept_trap",131760.231971219
"887","Chriesbach","Pool","Diptera",NA,2,3,2202,"intercept_trap",131760.231971219
"888","Chriesbach","Pool","Diptera",NA,3,3,2202,"intercept_trap",131760.231971219
"889","Chriesbach","Pool","Diptera",NA,3,3,2202,"intercept_trap",131760.231971219
"890","Chriesbach","Pool","Diptera",NA,4,3,2202,"intercept_trap",131760.231971219
"891","Chriesbach","Pool","Diptera",NA,5,3,2202,"intercept_trap",131760.231971219
"892","Chriesbach","Pool","Diptera",NA,5,3,2202,"intercept_trap",131760.231971219
"893","Chriesbach","Pool","Diptera",NA,5,3,2202,"intercept_trap",131760.231971219
"894","Chriesbach","Pool","Diptera",NA,6,3,2202,"intercept_trap",131760.231971219
"895","Chriesbach","Pool","Diptera",NA,6,3,2202,"intercept_trap",131760.231971219
"896","Chriesbach","Pool","Diptera",NA,6,3,2202,"intercept_trap",131760.231971219
"897","Chriesbach","Pool","Diptera",NA,6,3,2202,"intercept_trap",131760.231971219
"898","Chriesbach","Pool","Diptera",NA,6,3,2202,"intercept_trap",131760.231971219
"899","Chriesbach","Pool","Diptera",NA,7,3,2202,"intercept_trap",131760.231971219
"900","Chriesbach","Pool","Diptera",NA,7,3,2202,"intercept_trap",131760.231971219
"901","Chriesbach","Pool","Diptera",NA,7,3,2202,"intercept_trap",131760.231971219
"902","Chriesbach","Pool","Diptera",NA,7,3,2202,"intercept_trap",131760.231971219
"903","Chriesbach","Pool","Diptera",NA,7,3,2202,"intercept_trap",131760.231971219
"904","Chriesbach","Pool","Diptera",NA,7,3,2202,"intercept_trap",131760.231971219
"905","Chriesbach","Pool","Diptera",NA,7,3,2202,"intercept_trap",131760.231971219
"906","Chriesbach","Pool","Diptera",NA,7,3,2202,"intercept_trap",131760.231971219
"907","Chriesbach","Pool","Diptera",NA,7,3,2202,"intercept_trap",131760.231971219
"908","Chriesbach","Pool","Diptera",NA,7,3,2202,"intercept_trap",131760.231971219
"909","Chriesbach","Pool","Diptera",NA,7,3,2202,"intercept_trap",131760.231971219
"910","Chriesbach","Pool","Diptera",NA,7,3,2202,"intercept_trap",131760.231971219
"911","Chriesbach","Pool","Diptera",NA,7,3,2202,"intercept_trap",131760.231971219
"912","Chriesbach","Pool","Diptera",NA,7,3,2202,"intercept_trap",131760.231971219
"913","Chriesbach","Pool","Diptera",NA,8,3,2202,"intercept_trap",131760.231971219
"914","Chriesbach","Pool","Diptera",NA,8,3,2202,"intercept_trap",131760.231971219
"915","Chriesbach","Pool","Diptera",NA,8,3,2202,"intercept_trap",131760.231971219
"916","Chriesbach","Pool","Diptera",NA,8,3,2202,"intercept_trap",131760.231971219
"917","Chriesbach","Pool","Diptera",NA,8,3,2202,"intercept_trap",131760.231971219
"918","Chriesbach","Pool","Diptera",NA,8,3,2202,"intercept_trap",131760.231971219
"919","Chriesbach","Pool","Diptera",NA,8,3,2202,"intercept_trap",131760.231971219
"920","Chriesbach","Pool","Diptera",NA,8,3,2202,"intercept_trap",131760.231971219
"921","Chriesbach","Pool","Diptera",NA,8,3,2202,"intercept_trap",131760.231971219
"922","Chriesbach","Pool","Diptera",NA,8,3,2202,"intercept_trap",131760.231971219
"923","Chriesbach","Pool","Diptera",NA,8,3,2202,"intercept_trap",131760.231971219
"924","Chriesbach","Pool","Diptera",NA,9,3,2202,"intercept_trap",131760.231971219
"925","Chriesbach","Pool","Diptera",NA,9,3,2202,"intercept_trap",131760.231971219
"926","Chriesbach","Pool","Diptera",NA,9,3,2202,"intercept_trap",131760.231971219
"927","Chriesbach","Pool","Diptera",NA,10,3,2202,"intercept_trap",131760.231971219
"928","Chriesbach","Pool","Diptera",NA,10,3,2202,"intercept_trap",131760.231971219
"929","Chriesbach","Pool","Diptera",NA,10,3,2202,"intercept_trap",131760.231971219
"930","Chriesbach","Pool","Diptera",NA,1,3,2202,"intercept_trap",131760.231971219
"931","Chriesbach","Pool","Diptera",NA,1,3,2202,"intercept_trap",131760.231971219
"932","Chriesbach","Pool","Diptera",NA,1,3,2202,"intercept_trap",131760.231971219
"933","Chriesbach","Pool","Diptera",NA,1,3,2202,"intercept_trap",131760.231971219
"934","Chriesbach","Pool","Diptera",NA,1,3,2202,"intercept_trap",131760.231971219
"935","Chriesbach","Pool","Diptera",NA,1,3,2202,"intercept_trap",131760.231971219
"936","Chriesbach","Pool","Diptera",NA,1,3,2202,"intercept_trap",131760.231971219
"937","Chriesbach","Pool","Diptera",NA,1,3,2202,"intercept_trap",131760.231971219
"938","Chriesbach","Pool","Diptera",NA,1,3,2202,"intercept_trap",131760.231971219
"939","Chriesbach","Pool","Diptera",NA,1,3,2202,"intercept_trap",131760.231971219
"940","Chriesbach","Pool","Diptera",NA,1,3,2202,"intercept_trap",131760.231971219
"941","Chriesbach","Pool","Diptera",NA,2,3,2202,"intercept_trap",131760.231971219
"942","Chriesbach","Pool","Diptera",NA,2,3,2202,"intercept_trap",131760.231971219
"943","Chriesbach","Pool","Diptera",NA,2,3,2202,"intercept_trap",131760.231971219
"944","Chriesbach","Pool","Diptera",NA,2,3,2202,"intercept_trap",131760.231971219
"945","Chriesbach","Pool","Diptera",NA,2,3,2202,"intercept_trap",131760.231971219
"946","Chriesbach","Pool","Diptera",NA,2,3,2202,"intercept_trap",131760.231971219
"947","Chriesbach","Pool","Diptera",NA,2,3,2202,"intercept_trap",131760.231971219
"948","Chriesbach","Pool","Diptera",NA,2,3,2202,"intercept_trap",131760.231971219
"949","Chriesbach","Pool","Diptera",NA,2,3,2202,"intercept_trap",131760.231971219
"950","Chriesbach","Pool","Diptera",NA,2,3,2202,"intercept_trap",131760.231971219
"951","Chriesbach","Pool","Diptera",NA,2,3,2202,"intercept_trap",131760.231971219
"952","Chriesbach","Pool","Diptera",NA,2,3,2202,"intercept_trap",131760.231971219
"953","Chriesbach","Pool","Diptera",NA,2,3,2202,"intercept_trap",131760.231971219
"954","Chriesbach","Pool","Diptera",NA,2,3,2202,"intercept_trap",131760.231971219
"955","Chriesbach","Pool","Diptera",NA,2,3,2202,"intercept_trap",131760.231971219
"956","Chriesbach","Pool","Diptera",NA,2,3,2202,"intercept_trap",131760.231971219
"957","Chriesbach","Pool","Diptera",NA,2,3,2202,"intercept_trap",131760.231971219
"958","Chriesbach","Pool","Diptera",NA,2,3,2202,"intercept_trap",131760.231971219
"959","Chriesbach","Pool","Diptera",NA,2,3,2202,"intercept_trap",131760.231971219
"960","Chriesbach","Pool","Diptera",NA,2,3,2202,"intercept_trap",131760.231971219
"961","Chriesbach","Pool","Diptera",NA,2,3,2202,"intercept_trap",131760.231971219
"962","Chriesbach","Pool","Diptera",NA,2,3,2202,"intercept_trap",131760.231971219
"963","Chriesbach","Pool","Diptera",NA,2,3,2202,"intercept_trap",131760.231971219
"964","Chriesbach","Pool","Diptera",NA,2,3,2202,"intercept_trap",131760.231971219
"965","Chriesbach","Pool","Diptera",NA,2,3,2202,"intercept_trap",131760.231971219
"966","Chriesbach","Pool","Diptera",NA,2,3,2202,"intercept_trap",131760.231971219
"967","Chriesbach","Pool","Diptera",NA,2,3,2202,"intercept_trap",131760.231971219
"968","Chriesbach","Pool","Diptera",NA,2,3,2202,"intercept_trap",131760.231971219
"969","Chriesbach","Pool","Diptera",NA,2,3,2202,"intercept_trap",131760.231971219
"970","Chriesbach","Pool","Diptera",NA,2,3,2202,"intercept_trap",131760.231971219
"971","Chriesbach","Pool","Diptera",NA,2,3,2202,"intercept_trap",131760.231971219
"972","Chriesbach","Pool","Diptera",NA,2,3,2202,"intercept_trap",131760.231971219
"973","Chriesbach","Pool","Diptera",NA,2,3,2202,"intercept_trap",131760.231971219
"974","Chriesbach","Pool","Diptera",NA,2,3,2202,"intercept_trap",131760.231971219
"975","Chriesbach","Pool","Diptera",NA,2,3,2202,"intercept_trap",131760.231971219
"976","Chriesbach","Pool","Diptera",NA,2,3,2202,"intercept_trap",131760.231971219
"977","Chriesbach","Pool","Diptera",NA,2,3,2202,"intercept_trap",131760.231971219
"978","Chriesbach","Pool","Diptera",NA,2,3,2202,"intercept_trap",131760.231971219
"979","Chriesbach","Pool","Diptera",NA,2,3,2202,"intercept_trap",131760.231971219
"980","Chriesbach","Pool","Diptera",NA,2,3,2202,"intercept_trap",131760.231971219
"981","Chriesbach","Pool","Diptera",NA,2,3,2202,"intercept_trap",131760.231971219
"982","Chriesbach","Pool","Diptera",NA,2,3,2202,"intercept_trap",131760.231971219
"983","Chriesbach","Pool","Diptera",NA,2,3,2202,"intercept_trap",131760.231971219
"984","Chriesbach","Pool","Diptera",NA,2,3,2202,"intercept_trap",131760.231971219
"985","Chriesbach","Pool","Diptera",NA,2,3,2202,"intercept_trap",131760.231971219
"986","Chriesbach","Pool","Diptera",NA,2,3,2202,"intercept_trap",131760.231971219
"987","Chriesbach","Pool","Diptera",NA,2,3,2202,"intercept_trap",131760.231971219
"988","Chriesbach","Pool","Diptera",NA,2,3,2202,"intercept_trap",131760.231971219
"989","Chriesbach","Pool","Diptera",NA,2,3,2202,"intercept_trap",131760.231971219
"990","Chriesbach","Pool","Diptera",NA,2,3,2202,"intercept_trap",131760.231971219
"991","Chriesbach","Pool","Diptera",NA,2,3,2202,"intercept_trap",131760.231971219
"992","Chriesbach","Pool","Diptera",NA,2,3,2202,"intercept_trap",131760.231971219
"993","Chriesbach","Pool","Diptera",NA,2,3,2202,"intercept_trap",131760.231971219
"994","Chriesbach","Pool","Diptera",NA,2,3,2202,"intercept_trap",131760.231971219
"995","Chriesbach","Pool","Diptera",NA,2,3,2202,"intercept_trap",131760.231971219
"996","Chriesbach","Pool","Diptera",NA,2,3,2202,"intercept_trap",131760.231971219
"997","Chriesbach","Pool","Diptera",NA,2,3,2202,"intercept_trap",131760.231971219
"998","Chriesbach","Pool","Diptera",NA,2,3,2202,"intercept_trap",131760.231971219
"999","Chriesbach","Pool","Diptera",NA,2,3,2202,"intercept_trap",131760.231971219
"1000","Chriesbach","Pool","Diptera",NA,2,3,2202,"intercept_trap",131760.231971219
"1001","Chriesbach","Pool","Diptera",NA,2,3,2202,"intercept_trap",131760.231971219
"1002","Chriesbach","Pool","Diptera",NA,2,3,2202,"intercept_trap",131760.231971219
"1003","Chriesbach","Pool","Diptera",NA,2,3,2202,"intercept_trap",131760.231971219
"1004","Chriesbach","Pool","Diptera",NA,2,3,2202,"intercept_trap",131760.231971219
"1005","Chriesbach","Pool","Diptera",NA,2,3,2202,"intercept_trap",131760.231971219
"1006","Chriesbach","Pool","Diptera",NA,2,3,2202,"intercept_trap",131760.231971219
"1007","Chriesbach","Pool","Diptera",NA,2,3,2202,"intercept_trap",131760.231971219
"1008","Chriesbach","Pool","Diptera",NA,2,3,2202,"intercept_trap",131760.231971219
"1009","Chriesbach","Pool","Diptera",NA,2,3,2202,"intercept_trap",131760.231971219
"1010","Chriesbach","Pool","Diptera",NA,2,3,2202,"intercept_trap",131760.231971219
"1011","Chriesbach","Pool","Diptera",NA,2,3,2202,"intercept_trap",131760.231971219
"1012","Chriesbach","Pool","Diptera",NA,2,3,2202,"intercept_trap",131760.231971219
"1013","Chriesbach","Pool","Diptera",NA,2,3,2202,"intercept_trap",131760.231971219
"1014","Chriesbach","Pool","Diptera",NA,2,3,2202,"intercept_trap",131760.231971219
"1015","Chriesbach","Pool","Diptera",NA,2,3,2202,"intercept_trap",131760.231971219
"1016","Chriesbach","Pool","Diptera",NA,2,3,2202,"intercept_trap",131760.231971219
"1017","Chriesbach","Pool","Diptera",NA,2,3,2202,"intercept_trap",131760.231971219
"1018","Chriesbach","Pool","Diptera",NA,2,3,2202,"intercept_trap",131760.231971219
"1019","Chriesbach","Pool","Diptera",NA,2,3,2202,"intercept_trap",131760.231971219
"1020","Chriesbach","Pool","Diptera",NA,2,3,2202,"intercept_trap",131760.231971219
"1021","Chriesbach","Pool","Diptera",NA,2,3,2202,"intercept_trap",131760.231971219
"1022","Chriesbach","Pool","Diptera",NA,2,3,2202,"intercept_trap",131760.231971219
"1023","Chriesbach","Pool","Diptera",NA,2,3,2202,"intercept_trap",131760.231971219
"1024","Chriesbach","Pool","Diptera",NA,2,3,2202,"intercept_trap",131760.231971219
"1025","Chriesbach","Pool","Diptera",NA,2,3,2202,"intercept_trap",131760.231971219
"1026","Chriesbach","Pool","Diptera",NA,2,3,2202,"intercept_trap",131760.231971219
"1027","Chriesbach","Pool","Diptera",NA,2,3,2202,"intercept_trap",131760.231971219
"1028","Chriesbach","Pool","Diptera",NA,2,3,2202,"intercept_trap",131760.231971219
"1029","Chriesbach","Pool","Diptera",NA,2,3,2202,"intercept_trap",131760.231971219
"1030","Chriesbach","Pool","Diptera",NA,2,3,2202,"intercept_trap",131760.231971219
"1031","Chriesbach","Pool","Diptera",NA,2,3,2202,"intercept_trap",131760.231971219
"1032","Chriesbach","Pool","Diptera",NA,2,3,2202,"intercept_trap",131760.231971219
"1033","Chriesbach","Pool","Diptera",NA,2,3,2202,"intercept_trap",131760.231971219
"1034","Chriesbach","Pool","Diptera",NA,2,3,2202,"intercept_trap",131760.231971219
"1035","Chriesbach","Pool","Diptera",NA,2,3,2202,"intercept_trap",131760.231971219
"1036","Chriesbach","Pool","Diptera",NA,2,3,2202,"intercept_trap",131760.231971219
"1037","Chriesbach","Pool","Diptera",NA,2,3,2202,"intercept_trap",131760.231971219
"1038","Chriesbach","Pool","Diptera",NA,2,3,2202,"intercept_trap",131760.231971219
"1039","Chriesbach","Pool","Diptera",NA,2,3,2202,"intercept_trap",131760.231971219
"1040","Chriesbach","Pool","Diptera",NA,2,3,2202,"intercept_trap",131760.231971219
"1041","Chriesbach","Pool","Diptera",NA,2,3,2202,"intercept_trap",131760.231971219
"1042","Chriesbach","Pool","Diptera",NA,2,3,2202,"intercept_trap",131760.231971219
"1043","Chriesbach","Pool","Diptera",NA,2,3,2202,"intercept_trap",131760.231971219
"1044","Chriesbach","Pool","Diptera",NA,2,3,2202,"intercept_trap",131760.231971219
"1045","Chriesbach","Pool","Diptera",NA,2,3,2202,"intercept_trap",131760.231971219
"1046","Chriesbach","Pool","Diptera",NA,2,3,2202,"intercept_trap",131760.231971219
"1047","Chriesbach","Pool","Diptera",NA,2,3,2202,"intercept_trap",131760.231971219
"1048","Chriesbach","Pool","Diptera",NA,2,3,2202,"intercept_trap",131760.231971219
"1049","Chriesbach","Pool","Diptera",NA,2,3,2202,"intercept_trap",131760.231971219
"1050","Chriesbach","Pool","Diptera",NA,2,3,2202,"intercept_trap",131760.231971219
"1051","Chriesbach","Pool","Diptera",NA,2,3,2202,"intercept_trap",131760.231971219
"1052","Chriesbach","Pool","Diptera",NA,2,3,2202,"intercept_trap",131760.231971219
"1053","Chriesbach","Pool","Diptera",NA,2,3,2202,"intercept_trap",131760.231971219
"1054","Chriesbach","Pool","Diptera",NA,2,3,2202,"intercept_trap",131760.231971219
"1055","Chriesbach","Pool","Diptera",NA,2,3,2202,"intercept_trap",131760.231971219
"1056","Chriesbach","Pool","Diptera",NA,2,3,2202,"intercept_trap",131760.231971219
"1057","Chriesbach","Pool","Diptera",NA,3,3,2202,"intercept_trap",131760.231971219
"1058","Chriesbach","Pool","Diptera",NA,3,3,2202,"intercept_trap",131760.231971219
"1059","Chriesbach","Pool","Diptera",NA,3,3,2202,"intercept_trap",131760.231971219
"1060","Chriesbach","Pool","Diptera",NA,3,3,2202,"intercept_trap",131760.231971219
"1061","Chriesbach","Pool","Diptera",NA,3,3,2202,"intercept_trap",131760.231971219
"1062","Chriesbach","Pool","Diptera",NA,3,3,2202,"intercept_trap",131760.231971219
"1063","Chriesbach","Pool","Diptera",NA,3,3,2202,"intercept_trap",131760.231971219
"1064","Chriesbach","Pool","Diptera",NA,3,3,2202,"intercept_trap",131760.231971219
"1065","Chriesbach","Pool","Diptera",NA,3,3,2202,"intercept_trap",131760.231971219
"1066","Chriesbach","Pool","Diptera",NA,3,3,2202,"intercept_trap",131760.231971219
"1067","Chriesbach","Pool","Diptera",NA,3,3,2202,"intercept_trap",131760.231971219
"1068","Chriesbach","Pool","Diptera",NA,3,3,2202,"intercept_trap",131760.231971219
"1069","Chriesbach","Pool","Diptera",NA,3,3,2202,"intercept_trap",131760.231971219
"1070","Chriesbach","Pool","Diptera",NA,3,3,2202,"intercept_trap",131760.231971219
"1071","Chriesbach","Pool","Diptera",NA,3,3,2202,"intercept_trap",131760.231971219
"1072","Chriesbach","Pool","Diptera",NA,3,3,2202,"intercept_trap",131760.231971219
"1073","Chriesbach","Pool","Diptera",NA,3,3,2202,"intercept_trap",131760.231971219
"1074","Chriesbach","Pool","Diptera",NA,3,3,2202,"intercept_trap",131760.231971219
"1075","Chriesbach","Pool","Diptera",NA,3,3,2202,"intercept_trap",131760.231971219
"1076","Chriesbach","Pool","Diptera",NA,3,3,2202,"intercept_trap",131760.231971219
"1077","Chriesbach","Pool","Diptera",NA,3,3,2202,"intercept_trap",131760.231971219
"1078","Chriesbach","Pool","Diptera",NA,3,3,2202,"intercept_trap",131760.231971219
"1079","Chriesbach","Pool","Diptera",NA,3,3,2202,"intercept_trap",131760.231971219
"1080","Chriesbach","Pool","Diptera",NA,3,3,2202,"intercept_trap",131760.231971219
"1081","Chriesbach","Pool","Diptera",NA,3,3,2202,"intercept_trap",131760.231971219
"1082","Chriesbach","Pool","Diptera",NA,3,3,2202,"intercept_trap",131760.231971219
"1083","Chriesbach","Pool","Diptera",NA,3,3,2202,"intercept_trap",131760.231971219
"1084","Chriesbach","Pool","Diptera",NA,3,3,2202,"intercept_trap",131760.231971219
"1085","Chriesbach","Pool","Diptera",NA,3,3,2202,"intercept_trap",131760.231971219
"1086","Chriesbach","Pool","Diptera",NA,3,3,2202,"intercept_trap",131760.231971219
"1087","Chriesbach","Pool","Diptera",NA,3,3,2202,"intercept_trap",131760.231971219
"1088","Chriesbach","Pool","Diptera",NA,3,3,2202,"intercept_trap",131760.231971219
"1089","Chriesbach","Pool","Diptera",NA,3,3,2202,"intercept_trap",131760.231971219
"1090","Chriesbach","Pool","Diptera",NA,4,3,2202,"intercept_trap",131760.231971219
"1091","Chriesbach","Pool","Diptera",NA,4,3,2202,"intercept_trap",131760.231971219
"1092","Chriesbach","Pool","Diptera",NA,5,3,2202,"intercept_trap",131760.231971219
"1093","Chriesbach","Pool","Diptera",NA,5,3,2202,"intercept_trap",131760.231971219
"1094","Chriesbach","Pool","Diptera",NA,5,3,2202,"intercept_trap",131760.231971219
"1095","Chriesbach","Pool","Diptera",NA,5,3,2202,"intercept_trap",131760.231971219
"1096","Chriesbach","Pool","Diptera",NA,6,3,2202,"intercept_trap",131760.231971219
"1097","Chriesbach","Pool","Diptera",NA,7,3,2202,"intercept_trap",131760.231971219
"1098","Chriesbach","Pool","Diptera",NA,7,3,2202,"intercept_trap",131760.231971219
"1099","Chriesbach","Pool","Hemiptera",NA,2,3,2202,"intercept_trap",131760.231971219
"1100","Chriesbach","Pool","Hemiptera",NA,2,3,2202,"intercept_trap",131760.231971219
"1101","Chriesbach","Pool","Hemiptera",NA,2,3,2202,"intercept_trap",131760.231971219
"1102","Chriesbach","Pool","Hemiptera",NA,4,3,2202,"intercept_trap",131760.231971219
"1103","Chriesbach","Pool","Hemiptera","Aphidoidea",2,3,2202,"intercept_trap",131760.231971219
"1104","Chriesbach","Pool","Hymenoptera","Formicidae",4,3,2202,"intercept_trap",131760.231971219
"1105","Chriesbach","Pool","Hymenoptera",NA,1,3,2202,"intercept_trap",131760.231971219
"1106","Chriesbach","Pool","Hymenoptera",NA,1,3,2202,"intercept_trap",131760.231971219
"1107","Chriesbach","Pool","Hymenoptera",NA,1,3,2202,"intercept_trap",131760.231971219
"1108","Chriesbach","Pool","Hymenoptera",NA,1,3,2202,"intercept_trap",131760.231971219
"1109","Chriesbach","Pool","Hymenoptera",NA,2,3,2202,"intercept_trap",131760.231971219
"1110","Chriesbach","Pool","Hymenoptera",NA,3,3,2202,"intercept_trap",131760.231971219
"1111","Chriesbach","Pool","Hymenoptera",NA,3,3,2202,"intercept_trap",131760.231971219
"1112","Chriesbach","Pool","Hymenoptera",NA,3,3,2202,"intercept_trap",131760.231971219
"1113","Chriesbach","Pool","Hymenoptera",NA,4,3,2202,"intercept_trap",131760.231971219
"1114","Chriesbach","Pool","Hymenoptera",NA,4,3,2202,"intercept_trap",131760.231971219
"1115","Chriesbach","Pool","Hymenoptera",NA,8,3,2202,"intercept_trap",131760.231971219
"1116","Chriesbach","Pool","Mecoptera","Panorpidae",11,3,2202,"intercept_trap",131760.231971219
"1117","Chriesbach","Pool","Mecoptera","Panorpidae",13,3,2202,"intercept_trap",131760.231971219
"1118","Chriesbach","Pool","Neuroptera",NA,8,3,2202,"intercept_trap",131760.231971219
"1119","Chriesbach","Pool","Trichoptera",NA,6,3,2202,"intercept_trap",131760.231971219
"1120","Coruz","Control","Araneae",NA,4,1,511,"intercept_trap",85355.282836696
"1121","Coruz","Control","Araneae",NA,5,1,511,"intercept_trap",85355.282836696
"1122","Coruz","Control","Araneae",NA,5,1,511,"intercept_trap",85355.282836696
"1123","Coruz","Control","Opiliones",NA,2,1,511,"intercept_trap",85355.282836696
"1124","Coruz","Control","Entomobryomorpha",NA,1,1,511,"intercept_trap",85355.282836696
"1125","Coruz","Control","Coleoptera","Carabidae",6,1,511,"intercept_trap",85355.282836696
"1126","Coruz","Control","Coleoptera","Carabidae",6,1,511,"intercept_trap",85355.282836696
"1127","Coruz","Control","Coleoptera","Curculionidae",2,1,511,"intercept_trap",85355.282836696
"1128","Coruz","Control","Coleoptera","Curculionidae",2,1,511,"intercept_trap",85355.282836696
"1129","Coruz","Control","Coleoptera","Curculionidae",2,1,511,"intercept_trap",85355.282836696
"1130","Coruz","Control","Coleoptera","Curculionidae",2,1,511,"intercept_trap",85355.282836696
"1131","Coruz","Control","Coleoptera","Curculionidae",2,1,511,"intercept_trap",85355.282836696
"1132","Coruz","Control","Coleoptera","Curculionidae",2,1,511,"intercept_trap",85355.282836696
"1133","Coruz","Control","Coleoptera","Curculionidae",2,1,511,"intercept_trap",85355.282836696
"1134","Coruz","Control","Coleoptera","Curculionidae",2,1,511,"intercept_trap",85355.282836696
"1135","Coruz","Control","Coleoptera","Curculionidae",2,1,511,"intercept_trap",85355.282836696
"1136","Coruz","Control","Coleoptera","Curculionidae",2,1,511,"intercept_trap",85355.282836696
"1137","Coruz","Control","Coleoptera","Curculionidae",2,1,511,"intercept_trap",85355.282836696
"1138","Coruz","Control","Coleoptera","Curculionidae",2,1,511,"intercept_trap",85355.282836696
"1139","Coruz","Control","Coleoptera","Curculionidae",2,1,511,"intercept_trap",85355.282836696
"1140","Coruz","Control","Coleoptera","Curculionidae",2,1,511,"intercept_trap",85355.282836696
"1141","Coruz","Control","Coleoptera","Curculionidae",2,1,511,"intercept_trap",85355.282836696
"1142","Coruz","Control","Coleoptera","Curculionidae",2,1,511,"intercept_trap",85355.282836696
"1143","Coruz","Control","Coleoptera","Curculionidae",2,1,511,"intercept_trap",85355.282836696
"1144","Coruz","Control","Coleoptera","Curculionidae",2,1,511,"intercept_trap",85355.282836696
"1145","Coruz","Control","Coleoptera","Curculionidae",2,1,511,"intercept_trap",85355.282836696
"1146","Coruz","Control","Coleoptera","Curculionidae",2,1,511,"intercept_trap",85355.282836696
"1147","Coruz","Control","Coleoptera","Curculionidae",2,1,511,"intercept_trap",85355.282836696
"1148","Coruz","Control","Coleoptera","Curculionidae",2,1,511,"intercept_trap",85355.282836696
"1149","Coruz","Control","Coleoptera","Curculionidae",2,1,511,"intercept_trap",85355.282836696
"1150","Coruz","Control","Coleoptera","Curculionidae",2,1,511,"intercept_trap",85355.282836696
"1151","Coruz","Control","Coleoptera","Curculionidae",2,1,511,"intercept_trap",85355.282836696
"1152","Coruz","Control","Coleoptera","Curculionidae",2,1,511,"intercept_trap",85355.282836696
"1153","Coruz","Control","Coleoptera","Curculionidae",2,1,511,"intercept_trap",85355.282836696
"1154","Coruz","Control","Coleoptera","Curculionidae",2,1,511,"intercept_trap",85355.282836696
"1155","Coruz","Control","Coleoptera","Curculionidae",2,1,511,"intercept_trap",85355.282836696
"1156","Coruz","Control","Coleoptera","Curculionidae",2,1,511,"intercept_trap",85355.282836696
"1157","Coruz","Control","Coleoptera","Curculionidae",2,1,511,"intercept_trap",85355.282836696
"1158","Coruz","Control","Coleoptera","Curculionidae",2,1,511,"intercept_trap",85355.282836696
"1159","Coruz","Control","Coleoptera","Curculionidae",2,1,511,"intercept_trap",85355.282836696
"1160","Coruz","Control","Coleoptera","Curculionidae",2,1,511,"intercept_trap",85355.282836696
"1161","Coruz","Control","Coleoptera","Curculionidae",2,1,511,"intercept_trap",85355.282836696
"1162","Coruz","Control","Coleoptera","Curculionidae",2,1,511,"intercept_trap",85355.282836696
"1163","Coruz","Control","Coleoptera","Curculionidae",2,1,511,"intercept_trap",85355.282836696
"1164","Coruz","Control","Coleoptera","Curculionidae",2,1,511,"intercept_trap",85355.282836696
"1165","Coruz","Control","Coleoptera","Curculionidae",2,1,511,"intercept_trap",85355.282836696
"1166","Coruz","Control","Coleoptera","Curculionidae",2,1,511,"intercept_trap",85355.282836696
"1167","Coruz","Control","Coleoptera","Curculionidae",2,1,511,"intercept_trap",85355.282836696
"1168","Coruz","Control","Coleoptera","Curculionidae",2,1,511,"intercept_trap",85355.282836696
"1169","Coruz","Control","Coleoptera","Curculionidae",2,1,511,"intercept_trap",85355.282836696
"1170","Coruz","Control","Coleoptera","Curculionidae",2,1,511,"intercept_trap",85355.282836696
"1171","Coruz","Control","Coleoptera","Curculionidae",2,1,511,"intercept_trap",85355.282836696
"1172","Coruz","Control","Coleoptera","Curculionidae",2,1,511,"intercept_trap",85355.282836696
"1173","Coruz","Control","Coleoptera","Curculionidae",2,1,511,"intercept_trap",85355.282836696
"1174","Coruz","Control","Coleoptera","Curculionidae",2,1,511,"intercept_trap",85355.282836696
"1175","Coruz","Control","Coleoptera","Curculionidae",2,1,511,"intercept_trap",85355.282836696
"1176","Coruz","Control","Coleoptera","Curculionidae",2,1,511,"intercept_trap",85355.282836696
"1177","Coruz","Control","Coleoptera","Curculionidae",2,1,511,"intercept_trap",85355.282836696
"1178","Coruz","Control","Coleoptera","Curculionidae",2,1,511,"intercept_trap",85355.282836696
"1179","Coruz","Control","Coleoptera","Curculionidae",2,1,511,"intercept_trap",85355.282836696
"1180","Coruz","Control","Coleoptera","Curculionidae",2,1,511,"intercept_trap",85355.282836696
"1181","Coruz","Control","Coleoptera","Chrysomelidae",2,1,511,"intercept_trap",85355.282836696
"1182","Coruz","Control","Coleoptera","Chrysomelidae",2,1,511,"intercept_trap",85355.282836696
"1183","Coruz","Control","Coleoptera","Chrysomelidae",3,1,511,"intercept_trap",85355.282836696
"1184","Coruz","Control","Coleoptera","Chrysomelidae",3,1,511,"intercept_trap",85355.282836696
"1185","Coruz","Control","Coleoptera","Chrysomelidae",3,1,511,"intercept_trap",85355.282836696
"1186","Coruz","Control","Coleoptera","Latridiidae",3,1,511,"intercept_trap",85355.282836696
"1187","Coruz","Control","Coleoptera","Latridiidae",3,1,511,"intercept_trap",85355.282836696
"1188","Coruz","Control","Coleoptera","Staphylinidae",1,1,511,"intercept_trap",85355.282836696
"1189","Coruz","Control","Coleoptera","Staphylinidae",2,1,511,"intercept_trap",85355.282836696
"1190","Coruz","Control","Coleoptera","Staphylinidae",3,1,511,"intercept_trap",85355.282836696
"1191","Coruz","Control","Coleoptera","Staphylinidae",3,1,511,"intercept_trap",85355.282836696
"1192","Coruz","Control","Coleoptera","Staphylinidae",3,1,511,"intercept_trap",85355.282836696
"1193","Coruz","Control","Coleoptera","Staphylinidae",4,1,511,"intercept_trap",85355.282836696
"1194","Coruz","Control","Coleoptera","Staphylinidae",4,1,511,"intercept_trap",85355.282836696
"1195","Coruz","Control","Coleoptera","Staphylinidae",4,1,511,"intercept_trap",85355.282836696
"1196","Coruz","Control","Coleoptera","Staphylinidae",6,1,511,"intercept_trap",85355.282836696
"1197","Coruz","Control","Coleoptera",NA,2,1,511,"intercept_trap",85355.282836696
"1198","Coruz","Control","Coleoptera",NA,2,1,511,"intercept_trap",85355.282836696
"1199","Coruz","Control","Coleoptera",NA,3,1,511,"intercept_trap",85355.282836696
"1200","Coruz","Control","Coleoptera",NA,3,1,511,"intercept_trap",85355.282836696
"1201","Coruz","Control","Coleoptera",NA,4,1,511,"intercept_trap",85355.282836696
"1202","Coruz","Control","Coleoptera",NA,11,1,511,"intercept_trap",85355.282836696
"1203","Coruz","Control","Diptera",NA,1,1,511,"intercept_trap",85355.282836696
"1204","Coruz","Control","Diptera",NA,3,1,511,"intercept_trap",85355.282836696
"1205","Coruz","Control","Diptera",NA,3,1,511,"intercept_trap",85355.282836696
"1206","Coruz","Control","Diptera",NA,3,1,511,"intercept_trap",85355.282836696
"1207","Coruz","Control","Diptera",NA,3,1,511,"intercept_trap",85355.282836696
"1208","Coruz","Control","Diptera",NA,4,1,511,"intercept_trap",85355.282836696
"1209","Coruz","Control","Diptera",NA,4,1,511,"intercept_trap",85355.282836696
"1210","Coruz","Control","Diptera",NA,4,1,511,"intercept_trap",85355.282836696
"1211","Coruz","Control","Diptera",NA,4,1,511,"intercept_trap",85355.282836696
"1212","Coruz","Control","Diptera",NA,5,1,511,"intercept_trap",85355.282836696
"1213","Coruz","Control","Diptera",NA,10,1,511,"intercept_trap",85355.282836696
"1214","Coruz","Control","Diptera",NA,1,1,511,"intercept_trap",85355.282836696
"1215","Coruz","Control","Diptera",NA,1,1,511,"intercept_trap",85355.282836696
"1216","Coruz","Control","Diptera",NA,1,1,511,"intercept_trap",85355.282836696
"1217","Coruz","Control","Diptera",NA,1,1,511,"intercept_trap",85355.282836696
"1218","Coruz","Control","Diptera",NA,2,1,511,"intercept_trap",85355.282836696
"1219","Coruz","Control","Diptera",NA,2,1,511,"intercept_trap",85355.282836696
"1220","Coruz","Control","Diptera",NA,2,1,511,"intercept_trap",85355.282836696
"1221","Coruz","Control","Diptera",NA,2,1,511,"intercept_trap",85355.282836696
"1222","Coruz","Control","Diptera",NA,2,1,511,"intercept_trap",85355.282836696
"1223","Coruz","Control","Diptera",NA,2,1,511,"intercept_trap",85355.282836696
"1224","Coruz","Control","Diptera",NA,2,1,511,"intercept_trap",85355.282836696
"1225","Coruz","Control","Diptera",NA,2,1,511,"intercept_trap",85355.282836696
"1226","Coruz","Control","Diptera",NA,2,1,511,"intercept_trap",85355.282836696
"1227","Coruz","Control","Diptera",NA,2,1,511,"intercept_trap",85355.282836696
"1228","Coruz","Control","Diptera",NA,2,1,511,"intercept_trap",85355.282836696
"1229","Coruz","Control","Diptera",NA,2,1,511,"intercept_trap",85355.282836696
"1230","Coruz","Control","Diptera",NA,2,1,511,"intercept_trap",85355.282836696
"1231","Coruz","Control","Diptera",NA,2,1,511,"intercept_trap",85355.282836696
"1232","Coruz","Control","Diptera",NA,2,1,511,"intercept_trap",85355.282836696
"1233","Coruz","Control","Diptera",NA,2,1,511,"intercept_trap",85355.282836696
"1234","Coruz","Control","Diptera",NA,2,1,511,"intercept_trap",85355.282836696
"1235","Coruz","Control","Diptera",NA,2,1,511,"intercept_trap",85355.282836696
"1236","Coruz","Control","Diptera",NA,2,1,511,"intercept_trap",85355.282836696
"1237","Coruz","Control","Diptera",NA,2,1,511,"intercept_trap",85355.282836696
"1238","Coruz","Control","Diptera",NA,3,1,511,"intercept_trap",85355.282836696
"1239","Coruz","Control","Diptera",NA,3,1,511,"intercept_trap",85355.282836696
"1240","Coruz","Control","Diptera",NA,3,1,511,"intercept_trap",85355.282836696
"1241","Coruz","Control","Diptera",NA,4,1,511,"intercept_trap",85355.282836696
"1242","Coruz","Control","Diptera",NA,4,1,511,"intercept_trap",85355.282836696
"1243","Coruz","Control","Diptera",NA,5,1,511,"intercept_trap",85355.282836696
"1244","Coruz","Control","Diptera",NA,5,1,511,"intercept_trap",85355.282836696
"1245","Coruz","Control","Diptera",NA,5,1,511,"intercept_trap",85355.282836696
"1246","Coruz","Control","Diptera",NA,5,1,511,"intercept_trap",85355.282836696
"1247","Coruz","Control","Diptera",NA,8,1,511,"intercept_trap",85355.282836696
"1248","Coruz","Control","Diptera",NA,10,1,511,"intercept_trap",85355.282836696
"1249","Coruz","Control","Ephemeroptera",NA,7,1,511,"intercept_trap",85355.282836696
"1250","Coruz","Control","Ephemeroptera",NA,7,1,511,"intercept_trap",85355.282836696
"1251","Coruz","Control","Ephemeroptera",NA,8,1,511,"intercept_trap",85355.282836696
"1252","Coruz","Control","Hemiptera",NA,3,1,511,"intercept_trap",85355.282836696
"1253","Coruz","Control","Hemiptera",NA,4,1,511,"intercept_trap",85355.282836696
"1254","Coruz","Control","Hemiptera",NA,2,1,511,"intercept_trap",85355.282836696
"1255","Coruz","Control","Hemiptera","Aphidoidea",1,1,511,"intercept_trap",85355.282836696
"1256","Coruz","Control","Hemiptera","Aphidoidea",1,1,511,"intercept_trap",85355.282836696
"1257","Coruz","Control","Hemiptera","Aphidoidea",2,1,511,"intercept_trap",85355.282836696
"1258","Coruz","Control","Hymenoptera","Formicidae",5,1,511,"intercept_trap",85355.282836696
"1259","Coruz","Control","Hymenoptera","Vespidae",12,1,511,"intercept_trap",85355.282836696
"1260","Coruz","Control","Hymenoptera",NA,1,1,511,"intercept_trap",85355.282836696
"1261","Coruz","Control","Hymenoptera",NA,1,1,511,"intercept_trap",85355.282836696
"1262","Coruz","Control","Hymenoptera",NA,1,1,511,"intercept_trap",85355.282836696
"1263","Coruz","Control","Hymenoptera",NA,1,1,511,"intercept_trap",85355.282836696
"1264","Coruz","Control","Hymenoptera",NA,1,1,511,"intercept_trap",85355.282836696
"1265","Coruz","Control","Hymenoptera",NA,1,1,511,"intercept_trap",85355.282836696
"1266","Coruz","Control","Hymenoptera",NA,2,1,511,"intercept_trap",85355.282836696
"1267","Coruz","Control","Hymenoptera",NA,2,1,511,"intercept_trap",85355.282836696
"1268","Coruz","Control","Hymenoptera",NA,6,1,511,"intercept_trap",85355.282836696
"1269","Coruz","Control","Hymenoptera",NA,19,1,511,"intercept_trap",85355.282836696
"1270","Coruz","Control","Neuroptera",NA,15,1,511,"intercept_trap",85355.282836696
"1271","Coruz","Control","Neuroptera",NA,16,1,511,"intercept_trap",85355.282836696
"1272","Coruz","Control","Neuroptera",NA,17,1,511,"intercept_trap",85355.282836696
"1273","Coruz","Control","Neuroptera",NA,17,1,511,"intercept_trap",85355.282836696
"1274","Coruz","Control","Neuroptera",NA,17,1,511,"intercept_trap",85355.282836696
"1275","Coruz","Control","Neuroptera",NA,18,1,511,"intercept_trap",85355.282836696
"1276","Coruz","Control","Plecoptera",NA,7,1,511,"intercept_trap",85355.282836696
"1277","Coruz","Control","Plecoptera",NA,7,1,511,"intercept_trap",85355.282836696
"1278","Coruz","Control","Plecoptera",NA,7,1,511,"intercept_trap",85355.282836696
"1279","Coruz","Control","Psocoptera",NA,2,1,511,"intercept_trap",85355.282836696
"1280","Coruz","Control","Psocoptera",NA,2,1,511,"intercept_trap",85355.282836696
"1281","Coruz","Control","Psocoptera",NA,2,1,511,"intercept_trap",85355.282836696
"1282","Coruz","Control","Psocoptera",NA,2,1,511,"intercept_trap",85355.282836696
"1283","Coruz","Control","Psocoptera",NA,2,1,511,"intercept_trap",85355.282836696
"1284","Coruz","Control","Psocoptera",NA,2,1,511,"intercept_trap",85355.282836696
"1285","Coruz","Control","Psocoptera",NA,2,1,511,"intercept_trap",85355.282836696
"1286","Coruz","Control","Psocoptera",NA,2,1,511,"intercept_trap",85355.282836696
"1287","Coruz","Control","Psocoptera",NA,3,1,511,"intercept_trap",85355.282836696
"1288","Coruz","Control","Psocoptera",NA,4,1,511,"intercept_trap",85355.282836696
"1289","Coruz","Control","Thysanoptera",NA,2,1,511,"intercept_trap",85355.282836696
"1290","Coruz","Control","Thysanoptera",NA,2,1,511,"intercept_trap",85355.282836696
"1291","Coruz","Control","Thysanoptera",NA,2,1,511,"intercept_trap",85355.282836696
"1292","Coruz","Control","Thysanoptera",NA,2,1,511,"intercept_trap",85355.282836696
"1293","Coruz","Control","Trichoptera",NA,2,1,511,"intercept_trap",85355.282836696
"1294","Coruz","Control","Trichoptera",NA,4,1,511,"intercept_trap",85355.282836696
"1295","Coruz","Control","Trichoptera",NA,4,1,511,"intercept_trap",85355.282836696
"1296","Coruz","Control","Trichoptera",NA,5,1,511,"intercept_trap",85355.282836696
"1297","Coruz","Pool","Araneae",NA,2,1,511,"intercept_trap",85355.282836696
"1298","Coruz","Pool","Araneae",NA,2,1,511,"intercept_trap",85355.282836696
"1299","Coruz","Pool","Araneae",NA,6,1,511,"intercept_trap",85355.282836696
"1300","Coruz","Pool","Araneae",NA,7,1,511,"intercept_trap",85355.282836696
"1301","Coruz","Pool",NA,NA,9,1,511,"intercept_trap",85355.282836696
"1302","Coruz","Pool","Coleoptera","Dytiscidae",33,1,511,"intercept_trap",85355.282836696
"1303","Coruz","Pool","Coleoptera","Curculionidae",2,1,511,"intercept_trap",85355.282836696
"1304","Coruz","Pool","Coleoptera","Curculionidae",2,1,511,"intercept_trap",85355.282836696
"1305","Coruz","Pool","Coleoptera","Curculionidae",2,1,511,"intercept_trap",85355.282836696
"1306","Coruz","Pool","Coleoptera","Curculionidae",2,1,511,"intercept_trap",85355.282836696
"1307","Coruz","Pool","Coleoptera","Curculionidae",2,1,511,"intercept_trap",85355.282836696
"1308","Coruz","Pool","Coleoptera","Curculionidae",2,1,511,"intercept_trap",85355.282836696
"1309","Coruz","Pool","Coleoptera","Curculionidae",2,1,511,"intercept_trap",85355.282836696
"1310","Coruz","Pool","Coleoptera","Curculionidae",5,1,511,"intercept_trap",85355.282836696
"1311","Coruz","Pool","Coleoptera","Curculionidae",7,1,511,"intercept_trap",85355.282836696
"1312","Coruz","Pool","Coleoptera","Curculionidae",7,1,511,"intercept_trap",85355.282836696
"1313","Coruz","Pool","Coleoptera","Chrysomelidae",3,1,511,"intercept_trap",85355.282836696
"1314","Coruz","Pool","Coleoptera","Chrysomelidae",3,1,511,"intercept_trap",85355.282836696
"1315","Coruz","Pool","Coleoptera","Coccinellidae",4,1,511,"intercept_trap",85355.282836696
"1316","Coruz","Pool","Coleoptera","Cucujidae",2,1,511,"intercept_trap",85355.282836696
"1317","Coruz","Pool","Coleoptera","Latridiidae",1,1,511,"intercept_trap",85355.282836696
"1318","Coruz","Pool","Coleoptera","Staphylinidae",3,1,511,"intercept_trap",85355.282836696
"1319","Coruz","Pool","Coleoptera","Staphylinidae",3,1,511,"intercept_trap",85355.282836696
"1320","Coruz","Pool","Coleoptera","Staphylinidae",3,1,511,"intercept_trap",85355.282836696
"1321","Coruz","Pool","Coleoptera","Staphylinidae",6,1,511,"intercept_trap",85355.282836696
"1322","Coruz","Pool","Diptera",NA,2,1,511,"intercept_trap",85355.282836696
"1323","Coruz","Pool","Diptera",NA,2,1,511,"intercept_trap",85355.282836696
"1324","Coruz","Pool","Diptera",NA,2,1,511,"intercept_trap",85355.282836696
"1325","Coruz","Pool","Diptera",NA,2,1,511,"intercept_trap",85355.282836696
"1326","Coruz","Pool","Diptera",NA,3,1,511,"intercept_trap",85355.282836696
"1327","Coruz","Pool","Diptera",NA,4,1,511,"intercept_trap",85355.282836696
"1328","Coruz","Pool","Diptera",NA,4,1,511,"intercept_trap",85355.282836696
"1329","Coruz","Pool","Diptera",NA,5,1,511,"intercept_trap",85355.282836696
"1330","Coruz","Pool","Diptera",NA,6,1,511,"intercept_trap",85355.282836696
"1331","Coruz","Pool","Diptera",NA,7,1,511,"intercept_trap",85355.282836696
"1332","Coruz","Pool","Diptera",NA,7,1,511,"intercept_trap",85355.282836696
"1333","Coruz","Pool","Diptera",NA,1,1,511,"intercept_trap",85355.282836696
"1334","Coruz","Pool","Diptera",NA,1,1,511,"intercept_trap",85355.282836696
"1335","Coruz","Pool","Diptera",NA,1,1,511,"intercept_trap",85355.282836696
"1336","Coruz","Pool","Diptera",NA,1,1,511,"intercept_trap",85355.282836696
"1337","Coruz","Pool","Diptera",NA,1,1,511,"intercept_trap",85355.282836696
"1338","Coruz","Pool","Diptera",NA,1,1,511,"intercept_trap",85355.282836696
"1339","Coruz","Pool","Diptera",NA,1,1,511,"intercept_trap",85355.282836696
"1340","Coruz","Pool","Diptera",NA,1,1,511,"intercept_trap",85355.282836696
"1341","Coruz","Pool","Diptera",NA,1,1,511,"intercept_trap",85355.282836696
"1342","Coruz","Pool","Diptera",NA,2,1,511,"intercept_trap",85355.282836696
"1343","Coruz","Pool","Diptera",NA,2,1,511,"intercept_trap",85355.282836696
"1344","Coruz","Pool","Diptera",NA,2,1,511,"intercept_trap",85355.282836696
"1345","Coruz","Pool","Diptera",NA,2,1,511,"intercept_trap",85355.282836696
"1346","Coruz","Pool","Diptera",NA,2,1,511,"intercept_trap",85355.282836696
"1347","Coruz","Pool","Diptera",NA,2,1,511,"intercept_trap",85355.282836696
"1348","Coruz","Pool","Diptera",NA,2,1,511,"intercept_trap",85355.282836696
"1349","Coruz","Pool","Diptera",NA,2,1,511,"intercept_trap",85355.282836696
"1350","Coruz","Pool","Diptera",NA,2,1,511,"intercept_trap",85355.282836696
"1351","Coruz","Pool","Diptera",NA,2,1,511,"intercept_trap",85355.282836696
"1352","Coruz","Pool","Diptera",NA,2,1,511,"intercept_trap",85355.282836696
"1353","Coruz","Pool","Diptera",NA,2,1,511,"intercept_trap",85355.282836696
"1354","Coruz","Pool","Diptera",NA,2,1,511,"intercept_trap",85355.282836696
"1355","Coruz","Pool","Diptera",NA,2,1,511,"intercept_trap",85355.282836696
"1356","Coruz","Pool","Diptera",NA,2,1,511,"intercept_trap",85355.282836696
"1357","Coruz","Pool","Diptera",NA,2,1,511,"intercept_trap",85355.282836696
"1358","Coruz","Pool","Diptera",NA,2,1,511,"intercept_trap",85355.282836696
"1359","Coruz","Pool","Diptera",NA,2,1,511,"intercept_trap",85355.282836696
"1360","Coruz","Pool","Diptera",NA,2,1,511,"intercept_trap",85355.282836696
"1361","Coruz","Pool","Diptera",NA,2,1,511,"intercept_trap",85355.282836696
"1362","Coruz","Pool","Diptera",NA,2,1,511,"intercept_trap",85355.282836696
"1363","Coruz","Pool","Diptera",NA,2,1,511,"intercept_trap",85355.282836696
"1364","Coruz","Pool","Diptera",NA,2,1,511,"intercept_trap",85355.282836696
"1365","Coruz","Pool","Diptera",NA,2,1,511,"intercept_trap",85355.282836696
"1366","Coruz","Pool","Diptera",NA,2,1,511,"intercept_trap",85355.282836696
"1367","Coruz","Pool","Diptera",NA,2,1,511,"intercept_trap",85355.282836696
"1368","Coruz","Pool","Diptera",NA,2,1,511,"intercept_trap",85355.282836696
"1369","Coruz","Pool","Diptera",NA,2,1,511,"intercept_trap",85355.282836696
"1370","Coruz","Pool","Diptera",NA,2,1,511,"intercept_trap",85355.282836696
"1371","Coruz","Pool","Diptera",NA,2,1,511,"intercept_trap",85355.282836696
"1372","Coruz","Pool","Diptera",NA,2,1,511,"intercept_trap",85355.282836696
"1373","Coruz","Pool","Diptera",NA,2,1,511,"intercept_trap",85355.282836696
"1374","Coruz","Pool","Diptera",NA,2,1,511,"intercept_trap",85355.282836696
"1375","Coruz","Pool","Diptera",NA,2,1,511,"intercept_trap",85355.282836696
"1376","Coruz","Pool","Diptera",NA,2,1,511,"intercept_trap",85355.282836696
"1377","Coruz","Pool","Diptera",NA,3,1,511,"intercept_trap",85355.282836696
"1378","Coruz","Pool","Diptera",NA,3,1,511,"intercept_trap",85355.282836696
"1379","Coruz","Pool","Diptera",NA,3,1,511,"intercept_trap",85355.282836696
"1380","Coruz","Pool","Diptera",NA,3,1,511,"intercept_trap",85355.282836696
"1381","Coruz","Pool","Diptera",NA,3,1,511,"intercept_trap",85355.282836696
"1382","Coruz","Pool","Diptera",NA,4,1,511,"intercept_trap",85355.282836696
"1383","Coruz","Pool","Diptera",NA,4,1,511,"intercept_trap",85355.282836696
"1384","Coruz","Pool","Diptera",NA,5,1,511,"intercept_trap",85355.282836696
"1385","Coruz","Pool","Diptera",NA,5,1,511,"intercept_trap",85355.282836696
"1386","Coruz","Pool","Diptera",NA,6,1,511,"intercept_trap",85355.282836696
"1387","Coruz","Pool","Diptera",NA,8,1,511,"intercept_trap",85355.282836696
"1388","Coruz","Pool","Diptera",NA,8,1,511,"intercept_trap",85355.282836696
"1389","Coruz","Pool","Diptera",NA,9,1,511,"intercept_trap",85355.282836696
"1390","Coruz","Pool","Hemiptera",NA,3,1,511,"intercept_trap",85355.282836696
"1391","Coruz","Pool","Hemiptera",NA,4,1,511,"intercept_trap",85355.282836696
"1392","Coruz","Pool","Hemiptera",NA,4,1,511,"intercept_trap",85355.282836696
"1393","Coruz","Pool","Hemiptera",NA,4,1,511,"intercept_trap",85355.282836696
"1394","Coruz","Pool","Hemiptera",NA,8,1,511,"intercept_trap",85355.282836696
"1395","Coruz","Pool","Hemiptera","Aphidoidea",2,1,511,"intercept_trap",85355.282836696
"1396","Coruz","Pool","Hymenoptera","Formicidae",3,1,511,"intercept_trap",85355.282836696
"1397","Coruz","Pool","Hymenoptera",NA,2,1,511,"intercept_trap",85355.282836696
"1398","Coruz","Pool","Hymenoptera",NA,2,1,511,"intercept_trap",85355.282836696
"1399","Coruz","Pool","Hymenoptera",NA,3,1,511,"intercept_trap",85355.282836696
"1400","Coruz","Pool","Hymenoptera",NA,4,1,511,"intercept_trap",85355.282836696
"1401","Coruz","Pool","Hymenoptera",NA,4,1,511,"intercept_trap",85355.282836696
"1402","Coruz","Pool","Hymenoptera",NA,7,1,511,"intercept_trap",85355.282836696
"1403","Coruz","Pool","Hymenoptera",NA,7,1,511,"intercept_trap",85355.282836696
"1404","Coruz","Pool","Hymenoptera",NA,10,1,511,"intercept_trap",85355.282836696
"1405","Coruz","Pool","Lepidoptera",NA,10,1,511,"intercept_trap",85355.282836696
"1406","Coruz","Pool","Psocoptera",NA,2,1,511,"intercept_trap",85355.282836696
"1407","Coruz","Pool","Psocoptera",NA,2,1,511,"intercept_trap",85355.282836696
"1408","Coruz","Pool","Psocoptera",NA,2,1,511,"intercept_trap",85355.282836696
"1409","Coruz","Pool","Psocoptera",NA,2,1,511,"intercept_trap",85355.282836696
"1410","Coruz","Pool","Psocoptera",NA,2,1,511,"intercept_trap",85355.282836696
"1411","Coruz","Pool","Psocoptera",NA,2,1,511,"intercept_trap",85355.282836696
"1412","Coruz","Pool","Psocoptera",NA,2,1,511,"intercept_trap",85355.282836696
"1413","Coruz","Pool","Psocoptera",NA,2,1,511,"intercept_trap",85355.282836696
"1414","Coruz","Pool","Psocoptera",NA,2,1,511,"intercept_trap",85355.282836696
"1415","Coruz","Pool","Psocoptera",NA,2,1,511,"intercept_trap",85355.282836696
"1416","Coruz","Pool","Psocoptera",NA,2,1,511,"intercept_trap",85355.282836696
"1417","Coruz","Pool","Psocoptera",NA,2,1,511,"intercept_trap",85355.282836696
"1418","Coruz","Pool","Psocoptera",NA,2,1,511,"intercept_trap",85355.282836696
"1419","Coruz","Pool","Psocoptera",NA,2,1,511,"intercept_trap",85355.282836696
"1420","Coruz","Pool","Psocoptera",NA,2,1,511,"intercept_trap",85355.282836696
"1421","Coruz","Pool","Psocoptera",NA,2,1,511,"intercept_trap",85355.282836696
"1422","Coruz","Pool","Psocoptera",NA,2,1,511,"intercept_trap",85355.282836696
"1423","Coruz","Pool","Psocoptera",NA,2,1,511,"intercept_trap",85355.282836696
"1424","Coruz","Pool","Psocoptera",NA,2,1,511,"intercept_trap",85355.282836696
"1425","Coruz","Pool","Psocoptera",NA,2,1,511,"intercept_trap",85355.282836696
"1426","Coruz","Pool","Psocoptera",NA,2,1,511,"intercept_trap",85355.282836696
"1427","Coruz","Pool","Psocoptera",NA,3,1,511,"intercept_trap",85355.282836696
"1428","Coruz","Pool","Psocoptera",NA,3,1,511,"intercept_trap",85355.282836696
"1429","Coruz","Pool","Psocoptera",NA,3,1,511,"intercept_trap",85355.282836696
"1430","Coruz","Pool","Thysanoptera",NA,2,1,511,"intercept_trap",85355.282836696
"1431","Coruz","Pool","Thysanoptera",NA,2,1,511,"intercept_trap",85355.282836696
"1432","Coruz","Pool","Thysanoptera",NA,2,1,511,"intercept_trap",85355.282836696
"1433","Coruz","Pool","Thysanoptera",NA,2,1,511,"intercept_trap",85355.282836696
"1434","Coruz","Pool","Thysanoptera",NA,2,1,511,"intercept_trap",85355.282836696
"1435","Coruz","Pool","Thysanoptera",NA,2,1,511,"intercept_trap",85355.282836696
"1436","Coruz","Pool","Thysanoptera",NA,2,1,511,"intercept_trap",85355.282836696
"1437","Coruz","Pool","Thysanoptera",NA,2,1,511,"intercept_trap",85355.282836696
"1438","Coruz","Pool","Thysanoptera",NA,2,1,511,"intercept_trap",85355.282836696
"1439","Coruz","Pool","Thysanoptera",NA,2,1,511,"intercept_trap",85355.282836696
"1440","Coruz","Pool","Thysanoptera",NA,2,1,511,"intercept_trap",85355.282836696
"1441","Coruz","Pool","Thysanoptera",NA,2,1,511,"intercept_trap",85355.282836696
"1442","Coruz","Pool","Thysanoptera",NA,2,1,511,"intercept_trap",85355.282836696
"1443","Coruz","Pool","Thysanoptera",NA,2,1,511,"intercept_trap",85355.282836696
"1444","Coruz","Control","Araneae",NA,1,1,511,"intercept_trap",85355.282836696
"1445","Coruz","Control","Araneae",NA,1,1,511,"intercept_trap",85355.282836696
"1446","Coruz","Control","Araneae",NA,1,1,511,"intercept_trap",85355.282836696
"1447","Coruz","Control","Araneae",NA,1,1,511,"intercept_trap",85355.282836696
"1448","Coruz","Control","Araneae",NA,1,1,511,"intercept_trap",85355.282836696
"1449","Coruz","Control","Araneae",NA,1,1,511,"intercept_trap",85355.282836696
"1450","Coruz","Control","Araneae",NA,1,1,511,"intercept_trap",85355.282836696
"1451","Coruz","Control","Araneae",NA,1,1,511,"intercept_trap",85355.282836696
"1452","Coruz","Control","Araneae",NA,1,1,511,"intercept_trap",85355.282836696
"1453","Coruz","Control","Araneae",NA,1,1,511,"intercept_trap",85355.282836696
"1454","Coruz","Control","Araneae",NA,1,1,511,"intercept_trap",85355.282836696
"1455","Coruz","Control","Araneae",NA,1,1,511,"intercept_trap",85355.282836696
"1456","Coruz","Control","Araneae",NA,1,1,511,"intercept_trap",85355.282836696
"1457","Coruz","Control","Araneae",NA,1,1,511,"intercept_trap",85355.282836696
"1458","Coruz","Control","Araneae",NA,1,1,511,"intercept_trap",85355.282836696
"1459","Coruz","Control","Araneae",NA,1,1,511,"intercept_trap",85355.282836696
"1460","Coruz","Control","Araneae",NA,1,1,511,"intercept_trap",85355.282836696
"1461","Coruz","Control","Araneae",NA,1,1,511,"intercept_trap",85355.282836696
"1462","Coruz","Control","Araneae",NA,1,1,511,"intercept_trap",85355.282836696
"1463","Coruz","Control","Araneae",NA,2,1,511,"intercept_trap",85355.282836696
"1464","Coruz","Control","Araneae",NA,2,1,511,"intercept_trap",85355.282836696
"1465","Coruz","Control","Araneae",NA,3,1,511,"intercept_trap",85355.282836696
"1466","Coruz","Control","Araneae",NA,4,1,511,"intercept_trap",85355.282836696
"1467","Coruz","Control","Araneae",NA,5,1,511,"intercept_trap",85355.282836696
"1468","Coruz","Control","Entomobryomorpha",NA,1,1,511,"intercept_trap",85355.282836696
"1469","Coruz","Control","Entomobryomorpha",NA,4,1,511,"intercept_trap",85355.282836696
"1470","Coruz","Control","Coleoptera","Curculionidae",2,1,511,"intercept_trap",85355.282836696
"1471","Coruz","Control","Coleoptera","Coccinellidae",4,1,511,"intercept_trap",85355.282836696
"1472","Coruz","Control","Coleoptera","Nitidulidae",4,1,511,"intercept_trap",85355.282836696
"1473","Coruz","Control","Coleoptera","Nitidulidae",5,1,511,"intercept_trap",85355.282836696
"1474","Coruz","Control","Coleoptera","Staphylinidae",3,1,511,"intercept_trap",85355.282836696
"1475","Coruz","Control","Coleoptera","Staphylinidae",5,1,511,"intercept_trap",85355.282836696
"1476","Coruz","Control","Coleoptera","Staphylinidae",10,1,511,"intercept_trap",85355.282836696
"1477","Coruz","Control","Coleoptera",NA,2,1,511,"intercept_trap",85355.282836696
"1478","Coruz","Control","Diptera",NA,3,1,511,"intercept_trap",85355.282836696
"1479","Coruz","Control","Diptera",NA,5,1,511,"intercept_trap",85355.282836696
"1480","Coruz","Control","Diptera",NA,7,1,511,"intercept_trap",85355.282836696
"1481","Coruz","Control","Diptera",NA,8,1,511,"intercept_trap",85355.282836696
"1482","Coruz","Control","Diptera",NA,8,1,511,"intercept_trap",85355.282836696
"1483","Coruz","Control","Diptera",NA,1,1,511,"intercept_trap",85355.282836696
"1484","Coruz","Control","Diptera",NA,1,1,511,"intercept_trap",85355.282836696
"1485","Coruz","Control","Diptera",NA,1,1,511,"intercept_trap",85355.282836696
"1486","Coruz","Control","Diptera",NA,1,1,511,"intercept_trap",85355.282836696
"1487","Coruz","Control","Diptera",NA,1,1,511,"intercept_trap",85355.282836696
"1488","Coruz","Control","Diptera",NA,1,1,511,"intercept_trap",85355.282836696
"1489","Coruz","Control","Diptera",NA,1,1,511,"intercept_trap",85355.282836696
"1490","Coruz","Control","Diptera",NA,2,1,511,"intercept_trap",85355.282836696
"1491","Coruz","Control","Diptera",NA,2,1,511,"intercept_trap",85355.282836696
"1492","Coruz","Control","Diptera",NA,2,1,511,"intercept_trap",85355.282836696
"1493","Coruz","Control","Diptera",NA,2,1,511,"intercept_trap",85355.282836696
"1494","Coruz","Control","Diptera",NA,2,1,511,"intercept_trap",85355.282836696
"1495","Coruz","Control","Diptera",NA,2,1,511,"intercept_trap",85355.282836696
"1496","Coruz","Control","Diptera",NA,2,1,511,"intercept_trap",85355.282836696
"1497","Coruz","Control","Diptera",NA,2,1,511,"intercept_trap",85355.282836696
"1498","Coruz","Control","Diptera",NA,2,1,511,"intercept_trap",85355.282836696
"1499","Coruz","Control","Diptera",NA,2,1,511,"intercept_trap",85355.282836696
"1500","Coruz","Control","Diptera",NA,2,1,511,"intercept_trap",85355.282836696
"1501","Coruz","Control","Diptera",NA,2,1,511,"intercept_trap",85355.282836696
"1502","Coruz","Control","Diptera",NA,2,1,511,"intercept_trap",85355.282836696
"1503","Coruz","Control","Diptera",NA,3,1,511,"intercept_trap",85355.282836696
"1504","Coruz","Control","Diptera",NA,3,1,511,"intercept_trap",85355.282836696
"1505","Coruz","Control","Diptera",NA,3,1,511,"intercept_trap",85355.282836696
"1506","Coruz","Control","Diptera",NA,3,1,511,"intercept_trap",85355.282836696
"1507","Coruz","Control","Diptera",NA,3,1,511,"intercept_trap",85355.282836696
"1508","Coruz","Control","Diptera",NA,3,1,511,"intercept_trap",85355.282836696
"1509","Coruz","Control","Diptera",NA,3,1,511,"intercept_trap",85355.282836696
"1510","Coruz","Control","Diptera",NA,3,1,511,"intercept_trap",85355.282836696
"1511","Coruz","Control","Diptera",NA,3,1,511,"intercept_trap",85355.282836696
"1512","Coruz","Control","Diptera",NA,3,1,511,"intercept_trap",85355.282836696
"1513","Coruz","Control","Diptera",NA,3,1,511,"intercept_trap",85355.282836696
"1514","Coruz","Control","Diptera",NA,3,1,511,"intercept_trap",85355.282836696
"1515","Coruz","Control","Diptera",NA,3,1,511,"intercept_trap",85355.282836696
"1516","Coruz","Control","Diptera",NA,3,1,511,"intercept_trap",85355.282836696
"1517","Coruz","Control","Diptera",NA,3,1,511,"intercept_trap",85355.282836696
"1518","Coruz","Control","Diptera",NA,3,1,511,"intercept_trap",85355.282836696
"1519","Coruz","Control","Diptera",NA,3,1,511,"intercept_trap",85355.282836696
"1520","Coruz","Control","Diptera",NA,3,1,511,"intercept_trap",85355.282836696
"1521","Coruz","Control","Diptera",NA,3,1,511,"intercept_trap",85355.282836696
"1522","Coruz","Control","Diptera",NA,3,1,511,"intercept_trap",85355.282836696
"1523","Coruz","Control","Diptera",NA,3,1,511,"intercept_trap",85355.282836696
"1524","Coruz","Control","Diptera",NA,3,1,511,"intercept_trap",85355.282836696
"1525","Coruz","Control","Diptera",NA,3,1,511,"intercept_trap",85355.282836696
"1526","Coruz","Control","Diptera",NA,3,1,511,"intercept_trap",85355.282836696
"1527","Coruz","Control","Diptera",NA,3,1,511,"intercept_trap",85355.282836696
"1528","Coruz","Control","Diptera",NA,3,1,511,"intercept_trap",85355.282836696
"1529","Coruz","Control","Diptera",NA,4,1,511,"intercept_trap",85355.282836696
"1530","Coruz","Control","Diptera",NA,5,1,511,"intercept_trap",85355.282836696
"1531","Coruz","Control","Diptera",NA,3,1,511,"intercept_trap",85355.282836696
"1532","Coruz","Control","Hemiptera",NA,2,1,511,"intercept_trap",85355.282836696
"1533","Coruz","Control","Hymenoptera","Formicidae",5,1,511,"intercept_trap",85355.282836696
"1534","Coruz","Control","Hymenoptera",NA,2,1,511,"intercept_trap",85355.282836696
"1535","Coruz","Control","Hymenoptera",NA,1,1,511,"intercept_trap",85355.282836696
"1536","Coruz","Control","Hymenoptera",NA,1,1,511,"intercept_trap",85355.282836696
"1537","Coruz","Control","Hymenoptera",NA,1,1,511,"intercept_trap",85355.282836696
"1538","Coruz","Control","Hymenoptera",NA,1,1,511,"intercept_trap",85355.282836696
"1539","Coruz","Control","Hymenoptera",NA,1,1,511,"intercept_trap",85355.282836696
"1540","Coruz","Control","Hymenoptera",NA,1,1,511,"intercept_trap",85355.282836696
"1541","Coruz","Control","Hymenoptera",NA,1,1,511,"intercept_trap",85355.282836696
"1542","Coruz","Control","Hymenoptera",NA,1,1,511,"intercept_trap",85355.282836696
"1543","Coruz","Control","Hymenoptera",NA,1,1,511,"intercept_trap",85355.282836696
"1544","Coruz","Control","Hymenoptera",NA,1,1,511,"intercept_trap",85355.282836696
"1545","Coruz","Control","Hymenoptera",NA,2,1,511,"intercept_trap",85355.282836696
"1546","Coruz","Control","Hymenoptera",NA,2,1,511,"intercept_trap",85355.282836696
"1547","Coruz","Control","Hymenoptera",NA,2,1,511,"intercept_trap",85355.282836696
"1548","Coruz","Control","Hymenoptera",NA,2,1,511,"intercept_trap",85355.282836696
"1549","Coruz","Control","Hymenoptera",NA,4,1,511,"intercept_trap",85355.282836696
"1550","Coruz","Control","Hymenoptera",NA,5,1,511,"intercept_trap",85355.282836696
"1551","Coruz","Control","Hymenoptera",NA,6,1,511,"intercept_trap",85355.282836696
"1552","Coruz","Control","Hymenoptera",NA,12,1,511,"intercept_trap",85355.282836696
"1553","Coruz","Control","Hymenoptera",NA,16,1,511,"intercept_trap",85355.282836696
"1554","Coruz","Control","Psocoptera",NA,2,1,511,"intercept_trap",85355.282836696
"1555","Coruz","Control","Thysanoptera",NA,1,1,511,"intercept_trap",85355.282836696
"1556","Coruz","Control","Thysanoptera",NA,2,1,511,"intercept_trap",85355.282836696
"1557","Coruz","Pool","Araneae",NA,2,1,511,"intercept_trap",85355.282836696
"1558","Coruz","Pool","Araneae",NA,2,1,511,"intercept_trap",85355.282836696
"1559","Coruz","Pool","Coleoptera","Curculionidae",2,1,511,"intercept_trap",85355.282836696
"1560","Coruz","Pool","Coleoptera","Cucujidae",2,1,511,"intercept_trap",85355.282836696
"1561","Coruz","Pool","Coleoptera","Latridiidae",2,1,511,"intercept_trap",85355.282836696
"1562","Coruz","Pool","Coleoptera","Staphylinidae",2,1,511,"intercept_trap",85355.282836696
"1563","Coruz","Pool","Coleoptera","Staphylinidae",2,1,511,"intercept_trap",85355.282836696
"1564","Coruz","Pool","Coleoptera","Staphylinidae",2,1,511,"intercept_trap",85355.282836696
"1565","Coruz","Pool","Coleoptera","Staphylinidae",2,1,511,"intercept_trap",85355.282836696
"1566","Coruz","Pool","Coleoptera",NA,1,1,511,"intercept_trap",85355.282836696
"1567","Coruz","Pool","Coleoptera",NA,2,1,511,"intercept_trap",85355.282836696
"1568","Coruz","Pool","Coleoptera",NA,2,1,511,"intercept_trap",85355.282836696
"1569","Coruz","Pool","Coleoptera",NA,3,1,511,"intercept_trap",85355.282836696
"1570","Coruz","Pool","Coleoptera",NA,3,1,511,"intercept_trap",85355.282836696
"1571","Coruz","Pool","Diptera",NA,2,1,511,"intercept_trap",85355.282836696
"1572","Coruz","Pool","Diptera",NA,2,1,511,"intercept_trap",85355.282836696
"1573","Coruz","Pool","Diptera",NA,3,1,511,"intercept_trap",85355.282836696
"1574","Coruz","Pool","Diptera",NA,3,1,511,"intercept_trap",85355.282836696
"1575","Coruz","Pool","Diptera",NA,3,1,511,"intercept_trap",85355.282836696
"1576","Coruz","Pool","Diptera",NA,3,1,511,"intercept_trap",85355.282836696
"1577","Coruz","Pool","Diptera",NA,3,1,511,"intercept_trap",85355.282836696
"1578","Coruz","Pool","Diptera",NA,3,1,511,"intercept_trap",85355.282836696
"1579","Coruz","Pool","Diptera",NA,3,1,511,"intercept_trap",85355.282836696
"1580","Coruz","Pool","Diptera",NA,3,1,511,"intercept_trap",85355.282836696
"1581","Coruz","Pool","Diptera",NA,3,1,511,"intercept_trap",85355.282836696
"1582","Coruz","Pool","Diptera",NA,4,1,511,"intercept_trap",85355.282836696
"1583","Coruz","Pool","Diptera",NA,4,1,511,"intercept_trap",85355.282836696
"1584","Coruz","Pool","Diptera",NA,4,1,511,"intercept_trap",85355.282836696
"1585","Coruz","Pool","Diptera",NA,4,1,511,"intercept_trap",85355.282836696
"1586","Coruz","Pool","Diptera",NA,4,1,511,"intercept_trap",85355.282836696
"1587","Coruz","Pool","Diptera",NA,4,1,511,"intercept_trap",85355.282836696
"1588","Coruz","Pool","Diptera",NA,5,1,511,"intercept_trap",85355.282836696
"1589","Coruz","Pool","Diptera",NA,5,1,511,"intercept_trap",85355.282836696
"1590","Coruz","Pool","Diptera",NA,5,1,511,"intercept_trap",85355.282836696
"1591","Coruz","Pool","Diptera",NA,5,1,511,"intercept_trap",85355.282836696
"1592","Coruz","Pool","Diptera",NA,5,1,511,"intercept_trap",85355.282836696
"1593","Coruz","Pool","Diptera",NA,5,1,511,"intercept_trap",85355.282836696
"1594","Coruz","Pool","Diptera",NA,5,1,511,"intercept_trap",85355.282836696
"1595","Coruz","Pool","Diptera",NA,5,1,511,"intercept_trap",85355.282836696
"1596","Coruz","Pool","Diptera",NA,5,1,511,"intercept_trap",85355.282836696
"1597","Coruz","Pool","Diptera",NA,6,1,511,"intercept_trap",85355.282836696
"1598","Coruz","Pool","Diptera",NA,6,1,511,"intercept_trap",85355.282836696
"1599","Coruz","Pool","Diptera",NA,6,1,511,"intercept_trap",85355.282836696
"1600","Coruz","Pool","Diptera",NA,6,1,511,"intercept_trap",85355.282836696
"1601","Coruz","Pool","Diptera",NA,6,1,511,"intercept_trap",85355.282836696
"1602","Coruz","Pool","Diptera",NA,6,1,511,"intercept_trap",85355.282836696
"1603","Coruz","Pool","Diptera",NA,6,1,511,"intercept_trap",85355.282836696
"1604","Coruz","Pool","Diptera",NA,6,1,511,"intercept_trap",85355.282836696
"1605","Coruz","Pool","Diptera",NA,6,1,511,"intercept_trap",85355.282836696
"1606","Coruz","Pool","Diptera",NA,6,1,511,"intercept_trap",85355.282836696
"1607","Coruz","Pool","Diptera",NA,6,1,511,"intercept_trap",85355.282836696
"1608","Coruz","Pool","Diptera",NA,6,1,511,"intercept_trap",85355.282836696
"1609","Coruz","Pool","Diptera",NA,6,1,511,"intercept_trap",85355.282836696
"1610","Coruz","Pool","Diptera",NA,6,1,511,"intercept_trap",85355.282836696
"1611","Coruz","Pool","Diptera",NA,6,1,511,"intercept_trap",85355.282836696
"1612","Coruz","Pool","Diptera",NA,6,1,511,"intercept_trap",85355.282836696
"1613","Coruz","Pool","Diptera",NA,6,1,511,"intercept_trap",85355.282836696
"1614","Coruz","Pool","Diptera",NA,6,1,511,"intercept_trap",85355.282836696
"1615","Coruz","Pool","Diptera",NA,6,1,511,"intercept_trap",85355.282836696
"1616","Coruz","Pool","Diptera",NA,7,1,511,"intercept_trap",85355.282836696
"1617","Coruz","Pool","Diptera",NA,7,1,511,"intercept_trap",85355.282836696
"1618","Coruz","Pool","Diptera",NA,7,1,511,"intercept_trap",85355.282836696
"1619","Coruz","Pool","Diptera",NA,7,1,511,"intercept_trap",85355.282836696
"1620","Coruz","Pool","Diptera",NA,7,1,511,"intercept_trap",85355.282836696
"1621","Coruz","Pool","Diptera",NA,7,1,511,"intercept_trap",85355.282836696
"1622","Coruz","Pool","Diptera",NA,7,1,511,"intercept_trap",85355.282836696
"1623","Coruz","Pool","Diptera",NA,7,1,511,"intercept_trap",85355.282836696
"1624","Coruz","Pool","Diptera",NA,7,1,511,"intercept_trap",85355.282836696
"1625","Coruz","Pool","Diptera",NA,7,1,511,"intercept_trap",85355.282836696
"1626","Coruz","Pool","Diptera",NA,7,1,511,"intercept_trap",85355.282836696
"1627","Coruz","Pool","Diptera",NA,7,1,511,"intercept_trap",85355.282836696
"1628","Coruz","Pool","Diptera",NA,7,1,511,"intercept_trap",85355.282836696
"1629","Coruz","Pool","Diptera",NA,7,1,511,"intercept_trap",85355.282836696
"1630","Coruz","Pool","Diptera",NA,7,1,511,"intercept_trap",85355.282836696
"1631","Coruz","Pool","Diptera",NA,7,1,511,"intercept_trap",85355.282836696
"1632","Coruz","Pool","Diptera",NA,7,1,511,"intercept_trap",85355.282836696
"1633","Coruz","Pool","Diptera",NA,7,1,511,"intercept_trap",85355.282836696
"1634","Coruz","Pool","Diptera",NA,7,1,511,"intercept_trap",85355.282836696
"1635","Coruz","Pool","Diptera",NA,7,1,511,"intercept_trap",85355.282836696
"1636","Coruz","Pool","Diptera",NA,8,1,511,"intercept_trap",85355.282836696
"1637","Coruz","Pool","Diptera",NA,8,1,511,"intercept_trap",85355.282836696
"1638","Coruz","Pool","Diptera",NA,8,1,511,"intercept_trap",85355.282836696
"1639","Coruz","Pool","Diptera",NA,8,1,511,"intercept_trap",85355.282836696
"1640","Coruz","Pool","Diptera",NA,8,1,511,"intercept_trap",85355.282836696
"1641","Coruz","Pool","Diptera",NA,8,1,511,"intercept_trap",85355.282836696
"1642","Coruz","Pool","Diptera",NA,8,1,511,"intercept_trap",85355.282836696
"1643","Coruz","Pool","Diptera",NA,8,1,511,"intercept_trap",85355.282836696
"1644","Coruz","Pool","Diptera",NA,8,1,511,"intercept_trap",85355.282836696
"1645","Coruz","Pool","Diptera",NA,8,1,511,"intercept_trap",85355.282836696
"1646","Coruz","Pool","Diptera",NA,8,1,511,"intercept_trap",85355.282836696
"1647","Coruz","Pool","Diptera",NA,8,1,511,"intercept_trap",85355.282836696
"1648","Coruz","Pool","Diptera",NA,8,1,511,"intercept_trap",85355.282836696
"1649","Coruz","Pool","Diptera",NA,8,1,511,"intercept_trap",85355.282836696
"1650","Coruz","Pool","Diptera",NA,8,1,511,"intercept_trap",85355.282836696
"1651","Coruz","Pool","Diptera",NA,8,1,511,"intercept_trap",85355.282836696
"1652","Coruz","Pool","Diptera",NA,8,1,511,"intercept_trap",85355.282836696
"1653","Coruz","Pool","Diptera",NA,9,1,511,"intercept_trap",85355.282836696
"1654","Coruz","Pool","Diptera",NA,9,1,511,"intercept_trap",85355.282836696
"1655","Coruz","Pool","Diptera",NA,9,1,511,"intercept_trap",85355.282836696
"1656","Coruz","Pool","Diptera",NA,11,1,511,"intercept_trap",85355.282836696
"1657","Coruz","Pool","Diptera",NA,11,1,511,"intercept_trap",85355.282836696
"1658","Coruz","Pool","Diptera",NA,11,1,511,"intercept_trap",85355.282836696
"1659","Coruz","Pool","Diptera",NA,11,1,511,"intercept_trap",85355.282836696
"1660","Coruz","Pool","Diptera",NA,12,1,511,"intercept_trap",85355.282836696
"1661","Coruz","Pool","Diptera",NA,12,1,511,"intercept_trap",85355.282836696
"1662","Coruz","Pool","Diptera",NA,12,1,511,"intercept_trap",85355.282836696
"1663","Coruz","Pool","Diptera",NA,12,1,511,"intercept_trap",85355.282836696
"1664","Coruz","Pool","Diptera",NA,12,1,511,"intercept_trap",85355.282836696
"1665","Coruz","Pool","Diptera",NA,12,1,511,"intercept_trap",85355.282836696
"1666","Coruz","Pool","Diptera",NA,12,1,511,"intercept_trap",85355.282836696
"1667","Coruz","Pool","Diptera",NA,12,1,511,"intercept_trap",85355.282836696
"1668","Coruz","Pool","Diptera",NA,13,1,511,"intercept_trap",85355.282836696
"1669","Coruz","Pool","Diptera",NA,1,1,511,"intercept_trap",85355.282836696
"1670","Coruz","Pool","Diptera",NA,1,1,511,"intercept_trap",85355.282836696
"1671","Coruz","Pool","Diptera",NA,1,1,511,"intercept_trap",85355.282836696
"1672","Coruz","Pool","Diptera",NA,1,1,511,"intercept_trap",85355.282836696
"1673","Coruz","Pool","Diptera",NA,1,1,511,"intercept_trap",85355.282836696
"1674","Coruz","Pool","Diptera",NA,1,1,511,"intercept_trap",85355.282836696
"1675","Coruz","Pool","Diptera",NA,1,1,511,"intercept_trap",85355.282836696
"1676","Coruz","Pool","Diptera",NA,1,1,511,"intercept_trap",85355.282836696
"1677","Coruz","Pool","Diptera",NA,1,1,511,"intercept_trap",85355.282836696
"1678","Coruz","Pool","Diptera",NA,1,1,511,"intercept_trap",85355.282836696
"1679","Coruz","Pool","Diptera",NA,1,1,511,"intercept_trap",85355.282836696
"1680","Coruz","Pool","Diptera",NA,1,1,511,"intercept_trap",85355.282836696
"1681","Coruz","Pool","Diptera",NA,1,1,511,"intercept_trap",85355.282836696
"1682","Coruz","Pool","Diptera",NA,1,1,511,"intercept_trap",85355.282836696
"1683","Coruz","Pool","Diptera",NA,1,1,511,"intercept_trap",85355.282836696
"1684","Coruz","Pool","Diptera",NA,1,1,511,"intercept_trap",85355.282836696
"1685","Coruz","Pool","Diptera",NA,1,1,511,"intercept_trap",85355.282836696
"1686","Coruz","Pool","Diptera",NA,1,1,511,"intercept_trap",85355.282836696
"1687","Coruz","Pool","Diptera",NA,1,1,511,"intercept_trap",85355.282836696
"1688","Coruz","Pool","Diptera",NA,2,1,511,"intercept_trap",85355.282836696
"1689","Coruz","Pool","Diptera",NA,2,1,511,"intercept_trap",85355.282836696
"1690","Coruz","Pool","Diptera",NA,2,1,511,"intercept_trap",85355.282836696
"1691","Coruz","Pool","Diptera",NA,2,1,511,"intercept_trap",85355.282836696
"1692","Coruz","Pool","Diptera",NA,2,1,511,"intercept_trap",85355.282836696
"1693","Coruz","Pool","Diptera",NA,2,1,511,"intercept_trap",85355.282836696
"1694","Coruz","Pool","Diptera",NA,2,1,511,"intercept_trap",85355.282836696
"1695","Coruz","Pool","Diptera",NA,2,1,511,"intercept_trap",85355.282836696
"1696","Coruz","Pool","Diptera",NA,2,1,511,"intercept_trap",85355.282836696
"1697","Coruz","Pool","Diptera",NA,2,1,511,"intercept_trap",85355.282836696
"1698","Coruz","Pool","Diptera",NA,2,1,511,"intercept_trap",85355.282836696
"1699","Coruz","Pool","Diptera",NA,2,1,511,"intercept_trap",85355.282836696
"1700","Coruz","Pool","Diptera",NA,2,1,511,"intercept_trap",85355.282836696
"1701","Coruz","Pool","Diptera",NA,2,1,511,"intercept_trap",85355.282836696
"1702","Coruz","Pool","Diptera",NA,2,1,511,"intercept_trap",85355.282836696
"1703","Coruz","Pool","Diptera",NA,2,1,511,"intercept_trap",85355.282836696
"1704","Coruz","Pool","Diptera",NA,2,1,511,"intercept_trap",85355.282836696
"1705","Coruz","Pool","Diptera",NA,2,1,511,"intercept_trap",85355.282836696
"1706","Coruz","Pool","Diptera",NA,2,1,511,"intercept_trap",85355.282836696
"1707","Coruz","Pool","Diptera",NA,2,1,511,"intercept_trap",85355.282836696
"1708","Coruz","Pool","Diptera",NA,2,1,511,"intercept_trap",85355.282836696
"1709","Coruz","Pool","Diptera",NA,2,1,511,"intercept_trap",85355.282836696
"1710","Coruz","Pool","Diptera",NA,2,1,511,"intercept_trap",85355.282836696
"1711","Coruz","Pool","Diptera",NA,2,1,511,"intercept_trap",85355.282836696
"1712","Coruz","Pool","Diptera",NA,2,1,511,"intercept_trap",85355.282836696
"1713","Coruz","Pool","Diptera",NA,2,1,511,"intercept_trap",85355.282836696
"1714","Coruz","Pool","Diptera",NA,2,1,511,"intercept_trap",85355.282836696
"1715","Coruz","Pool","Diptera",NA,2,1,511,"intercept_trap",85355.282836696
"1716","Coruz","Pool","Diptera",NA,2,1,511,"intercept_trap",85355.282836696
"1717","Coruz","Pool","Diptera",NA,2,1,511,"intercept_trap",85355.282836696
"1718","Coruz","Pool","Diptera",NA,2,1,511,"intercept_trap",85355.282836696
"1719","Coruz","Pool","Diptera",NA,2,1,511,"intercept_trap",85355.282836696
"1720","Coruz","Pool","Diptera",NA,2,1,511,"intercept_trap",85355.282836696
"1721","Coruz","Pool","Diptera",NA,2,1,511,"intercept_trap",85355.282836696
"1722","Coruz","Pool","Diptera",NA,2,1,511,"intercept_trap",85355.282836696
"1723","Coruz","Pool","Diptera",NA,2,1,511,"intercept_trap",85355.282836696
"1724","Coruz","Pool","Diptera",NA,2,1,511,"intercept_trap",85355.282836696
"1725","Coruz","Pool","Diptera",NA,2,1,511,"intercept_trap",85355.282836696
"1726","Coruz","Pool","Diptera",NA,2,1,511,"intercept_trap",85355.282836696
"1727","Coruz","Pool","Diptera",NA,2,1,511,"intercept_trap",85355.282836696
"1728","Coruz","Pool","Diptera",NA,2,1,511,"intercept_trap",85355.282836696
"1729","Coruz","Pool","Diptera",NA,2,1,511,"intercept_trap",85355.282836696
"1730","Coruz","Pool","Diptera",NA,2,1,511,"intercept_trap",85355.282836696
"1731","Coruz","Pool","Diptera",NA,2,1,511,"intercept_trap",85355.282836696
"1732","Coruz","Pool","Diptera",NA,2,1,511,"intercept_trap",85355.282836696
"1733","Coruz","Pool","Diptera",NA,3,1,511,"intercept_trap",85355.282836696
"1734","Coruz","Pool","Diptera",NA,3,1,511,"intercept_trap",85355.282836696
"1735","Coruz","Pool","Diptera",NA,3,1,511,"intercept_trap",85355.282836696
"1736","Coruz","Pool","Diptera",NA,3,1,511,"intercept_trap",85355.282836696
"1737","Coruz","Pool","Diptera",NA,3,1,511,"intercept_trap",85355.282836696
"1738","Coruz","Pool","Diptera",NA,3,1,511,"intercept_trap",85355.282836696
"1739","Coruz","Pool","Diptera",NA,3,1,511,"intercept_trap",85355.282836696
"1740","Coruz","Pool","Diptera",NA,3,1,511,"intercept_trap",85355.282836696
"1741","Coruz","Pool","Diptera",NA,3,1,511,"intercept_trap",85355.282836696
"1742","Coruz","Pool","Diptera",NA,3,1,511,"intercept_trap",85355.282836696
"1743","Coruz","Pool","Diptera",NA,3,1,511,"intercept_trap",85355.282836696
"1744","Coruz","Pool","Diptera",NA,4,1,511,"intercept_trap",85355.282836696
"1745","Coruz","Pool","Diptera",NA,5,1,511,"intercept_trap",85355.282836696
"1746","Coruz","Pool","Diptera",NA,5,1,511,"intercept_trap",85355.282836696
"1747","Coruz","Pool","Diptera",NA,5,1,511,"intercept_trap",85355.282836696
"1748","Coruz","Pool","Diptera",NA,5,1,511,"intercept_trap",85355.282836696
"1749","Coruz","Pool","Diptera",NA,5,1,511,"intercept_trap",85355.282836696
"1750","Coruz","Pool","Diptera",NA,5,1,511,"intercept_trap",85355.282836696
"1751","Coruz","Pool","Diptera",NA,5,1,511,"intercept_trap",85355.282836696
"1752","Coruz","Pool","Diptera",NA,6,1,511,"intercept_trap",85355.282836696
"1753","Coruz","Pool","Diptera",NA,6,1,511,"intercept_trap",85355.282836696
"1754","Coruz","Pool","Diptera",NA,7,1,511,"intercept_trap",85355.282836696
"1755","Coruz","Pool","Diptera",NA,8,1,511,"intercept_trap",85355.282836696
"1756","Coruz","Pool","Hemiptera",NA,10,1,511,"intercept_trap",85355.282836696
"1757","Coruz","Pool","Hemiptera",NA,11,1,511,"intercept_trap",85355.282836696
"1758","Coruz","Pool","Hymenoptera","Vespidae",11,1,511,"intercept_trap",85355.282836696
"1759","Coruz","Pool","Hymenoptera","Vespidae",12,1,511,"intercept_trap",85355.282836696
"1760","Coruz","Pool","Hymenoptera","Vespidae",12,1,511,"intercept_trap",85355.282836696
"1761","Coruz","Pool","Hymenoptera","Vespidae",20,1,511,"intercept_trap",85355.282836696
"1762","Coruz","Pool","Hymenoptera","Vespidae",22,1,511,"intercept_trap",85355.282836696
"1763","Coruz","Pool","Hymenoptera",NA,1,1,511,"intercept_trap",85355.282836696
"1764","Coruz","Pool","Hymenoptera",NA,1,1,511,"intercept_trap",85355.282836696
"1765","Coruz","Pool","Hymenoptera",NA,1,1,511,"intercept_trap",85355.282836696
"1766","Coruz","Pool","Hymenoptera",NA,1,1,511,"intercept_trap",85355.282836696
"1767","Coruz","Pool","Hymenoptera",NA,1,1,511,"intercept_trap",85355.282836696
"1768","Coruz","Pool","Hymenoptera",NA,1,1,511,"intercept_trap",85355.282836696
"1769","Coruz","Pool","Hymenoptera",NA,1,1,511,"intercept_trap",85355.282836696
"1770","Coruz","Pool","Hymenoptera",NA,1,1,511,"intercept_trap",85355.282836696
"1771","Coruz","Pool","Hymenoptera",NA,1,1,511,"intercept_trap",85355.282836696
"1772","Coruz","Pool","Hymenoptera",NA,1,1,511,"intercept_trap",85355.282836696
"1773","Coruz","Pool","Hymenoptera",NA,1,1,511,"intercept_trap",85355.282836696
"1774","Coruz","Pool","Hymenoptera",NA,1,1,511,"intercept_trap",85355.282836696
"1775","Coruz","Pool","Hymenoptera",NA,1,1,511,"intercept_trap",85355.282836696
"1776","Coruz","Pool","Hymenoptera",NA,2,1,511,"intercept_trap",85355.282836696
"1777","Coruz","Pool","Hymenoptera",NA,2,1,511,"intercept_trap",85355.282836696
"1778","Coruz","Pool","Hymenoptera",NA,2,1,511,"intercept_trap",85355.282836696
"1779","Coruz","Pool","Hymenoptera",NA,4,1,511,"intercept_trap",85355.282836696
"1780","Coruz","Pool","Hymenoptera",NA,5,1,511,"intercept_trap",85355.282836696
"1781","Coruz","Pool","Hymenoptera",NA,6,1,511,"intercept_trap",85355.282836696
"1782","Coruz","Pool","Hymenoptera",NA,7,1,511,"intercept_trap",85355.282836696
"1783","Coruz","Pool","Hymenoptera",NA,8,1,511,"intercept_trap",85355.282836696
"1784","Coruz","Pool","Hymenoptera",NA,10,1,511,"intercept_trap",85355.282836696
"1785","Coruz","Pool","Lepidoptera",NA,7,1,511,"intercept_trap",85355.282836696
"1786","Coruz","Pool","Lepidoptera",NA,8,1,511,"intercept_trap",85355.282836696
"1787","Coruz","Pool","Lepidoptera",NA,9,1,511,"intercept_trap",85355.282836696
"1788","Coruz","Pool","Lepidoptera",NA,15,1,511,"intercept_trap",85355.282836696
"1789","Coruz","Pool","Lepidoptera",NA,15,1,511,"intercept_trap",85355.282836696
"1790","Coruz","Pool","Lepidoptera",NA,16,1,511,"intercept_trap",85355.282836696
"1791","Coruz","Pool","Lepidoptera",NA,17,1,511,"intercept_trap",85355.282836696
"1792","Coruz","Pool","Lepidoptera",NA,19,1,511,"intercept_trap",85355.282836696
"1793","Coruz","Pool","Lepidoptera",NA,20,1,511,"intercept_trap",85355.282836696
"1794","Coruz","Pool","Lepidoptera",NA,22,1,511,"intercept_trap",85355.282836696
"1795","Coruz","Pool","Lepidoptera",NA,22,1,511,"intercept_trap",85355.282836696
"1796","Coruz","Pool","Lepidoptera",NA,22,1,511,"intercept_trap",85355.282836696
"1797","Coruz","Pool","Lepidoptera",NA,23,1,511,"intercept_trap",85355.282836696
"1798","Coruz","Pool","Lepidoptera",NA,23,1,511,"intercept_trap",85355.282836696
"1799","Coruz","Pool","Psocoptera",NA,1,1,511,"intercept_trap",85355.282836696
"1800","Coruz","Pool","Psocoptera",NA,2,1,511,"intercept_trap",85355.282836696
"1801","Coruz","Pool","Thysanoptera",NA,1,1,511,"intercept_trap",85355.282836696
"1802","Coruz","Pool","Thysanoptera",NA,1,1,511,"intercept_trap",85355.282836696
"1803","Coruz","Pool","Thysanoptera",NA,1,1,511,"intercept_trap",85355.282836696
"1804","Gaebelbach","Control","Araneae",NA,1,1,170,"intercept_trap",176955.372871666
"1805","Gaebelbach","Control","Araneae",NA,1,1,170,"intercept_trap",176955.372871666
"1806","Gaebelbach","Control","Araneae",NA,1,1,170,"intercept_trap",176955.372871666
"1807","Gaebelbach","Control","Araneae",NA,2,1,170,"intercept_trap",176955.372871666
"1808","Gaebelbach","Control","Araneae",NA,2,1,170,"intercept_trap",176955.372871666
"1809","Gaebelbach","Control","Araneae",NA,2,1,170,"intercept_trap",176955.372871666
"1810","Gaebelbach","Control","Araneae",NA,3,1,170,"intercept_trap",176955.372871666
"1811","Gaebelbach","Control","Araneae",NA,3,1,170,"intercept_trap",176955.372871666
"1812","Gaebelbach","Control","Araneae",NA,7,1,170,"intercept_trap",176955.372871666
"1813","Gaebelbach","Control","Coleoptera","Curculionidae",2,1,170,"intercept_trap",176955.372871666
"1814","Gaebelbach","Control","Coleoptera","Curculionidae",2,1,170,"intercept_trap",176955.372871666
"1815","Gaebelbach","Control","Coleoptera","Curculionidae",2,1,170,"intercept_trap",176955.372871666
"1816","Gaebelbach","Control","Coleoptera","Curculionidae",3,1,170,"intercept_trap",176955.372871666
"1817","Gaebelbach","Control","Coleoptera","Curculionidae",3,1,170,"intercept_trap",176955.372871666
"1818","Gaebelbach","Control","Coleoptera","Chrysomelidae",2,1,170,"intercept_trap",176955.372871666
"1819","Gaebelbach","Control","Coleoptera","Chrysomelidae",3,1,170,"intercept_trap",176955.372871666
"1820","Gaebelbach","Control","Coleoptera","Chrysomelidae",3,1,170,"intercept_trap",176955.372871666
"1821","Gaebelbach","Control","Coleoptera","Chrysomelidae",3,1,170,"intercept_trap",176955.372871666
"1822","Gaebelbach","Control","Coleoptera","Latridiidae",2,1,170,"intercept_trap",176955.372871666
"1823","Gaebelbach","Control","Coleoptera","Latridiidae",2,1,170,"intercept_trap",176955.372871666
"1824","Gaebelbach","Control","Coleoptera","Latridiidae",2,1,170,"intercept_trap",176955.372871666
"1825","Gaebelbach","Control","Coleoptera","Staphylinidae",2,1,170,"intercept_trap",176955.372871666
"1826","Gaebelbach","Control","Coleoptera","Staphylinidae",2,1,170,"intercept_trap",176955.372871666
"1827","Gaebelbach","Control","Coleoptera","Staphylinidae",2,1,170,"intercept_trap",176955.372871666
"1828","Gaebelbach","Control","Coleoptera","Staphylinidae",2,1,170,"intercept_trap",176955.372871666
"1829","Gaebelbach","Control","Coleoptera","Staphylinidae",2,1,170,"intercept_trap",176955.372871666
"1830","Gaebelbach","Control","Coleoptera","Staphylinidae",2,1,170,"intercept_trap",176955.372871666
"1831","Gaebelbach","Control","Coleoptera","Staphylinidae",2,1,170,"intercept_trap",176955.372871666
"1832","Gaebelbach","Control","Coleoptera","Staphylinidae",2,1,170,"intercept_trap",176955.372871666
"1833","Gaebelbach","Control","Coleoptera","Staphylinidae",2,1,170,"intercept_trap",176955.372871666
"1834","Gaebelbach","Control","Coleoptera","Staphylinidae",2,1,170,"intercept_trap",176955.372871666
"1835","Gaebelbach","Control","Coleoptera","Staphylinidae",2,1,170,"intercept_trap",176955.372871666
"1836","Gaebelbach","Control","Coleoptera","Staphylinidae",2,1,170,"intercept_trap",176955.372871666
"1837","Gaebelbach","Control","Coleoptera","Staphylinidae",2,1,170,"intercept_trap",176955.372871666
"1838","Gaebelbach","Control","Coleoptera","Staphylinidae",2,1,170,"intercept_trap",176955.372871666
"1839","Gaebelbach","Control","Coleoptera","Staphylinidae",2,1,170,"intercept_trap",176955.372871666
"1840","Gaebelbach","Control","Coleoptera","Staphylinidae",2,1,170,"intercept_trap",176955.372871666
"1841","Gaebelbach","Control","Coleoptera","Staphylinidae",2,1,170,"intercept_trap",176955.372871666
"1842","Gaebelbach","Control","Coleoptera","Staphylinidae",2,1,170,"intercept_trap",176955.372871666
"1843","Gaebelbach","Control","Coleoptera","Staphylinidae",2,1,170,"intercept_trap",176955.372871666
"1844","Gaebelbach","Control","Coleoptera","Staphylinidae",2,1,170,"intercept_trap",176955.372871666
"1845","Gaebelbach","Control","Coleoptera","Staphylinidae",2,1,170,"intercept_trap",176955.372871666
"1846","Gaebelbach","Control","Coleoptera","Staphylinidae",2,1,170,"intercept_trap",176955.372871666
"1847","Gaebelbach","Control","Coleoptera","Staphylinidae",2,1,170,"intercept_trap",176955.372871666
"1848","Gaebelbach","Control","Coleoptera","Staphylinidae",2,1,170,"intercept_trap",176955.372871666
"1849","Gaebelbach","Control","Coleoptera","Staphylinidae",2,1,170,"intercept_trap",176955.372871666
"1850","Gaebelbach","Control","Coleoptera","Staphylinidae",2,1,170,"intercept_trap",176955.372871666
"1851","Gaebelbach","Control","Coleoptera","Staphylinidae",2,1,170,"intercept_trap",176955.372871666
"1852","Gaebelbach","Control","Coleoptera","Staphylinidae",2,1,170,"intercept_trap",176955.372871666
"1853","Gaebelbach","Control","Coleoptera","Staphylinidae",2,1,170,"intercept_trap",176955.372871666
"1854","Gaebelbach","Control","Coleoptera","Staphylinidae",2,1,170,"intercept_trap",176955.372871666
"1855","Gaebelbach","Control","Coleoptera","Staphylinidae",2,1,170,"intercept_trap",176955.372871666
"1856","Gaebelbach","Control","Coleoptera","Staphylinidae",2,1,170,"intercept_trap",176955.372871666
"1857","Gaebelbach","Control","Coleoptera","Staphylinidae",2,1,170,"intercept_trap",176955.372871666
"1858","Gaebelbach","Control","Coleoptera","Staphylinidae",3,1,170,"intercept_trap",176955.372871666
"1859","Gaebelbach","Control","Coleoptera","Staphylinidae",3,1,170,"intercept_trap",176955.372871666
"1860","Gaebelbach","Control","Coleoptera","Staphylinidae",3,1,170,"intercept_trap",176955.372871666
"1861","Gaebelbach","Control","Coleoptera","Staphylinidae",3,1,170,"intercept_trap",176955.372871666
"1862","Gaebelbach","Control","Coleoptera","Staphylinidae",3,1,170,"intercept_trap",176955.372871666
"1863","Gaebelbach","Control","Coleoptera","Staphylinidae",3,1,170,"intercept_trap",176955.372871666
"1864","Gaebelbach","Control","Coleoptera","Staphylinidae",3,1,170,"intercept_trap",176955.372871666
"1865","Gaebelbach","Control","Coleoptera","Staphylinidae",3,1,170,"intercept_trap",176955.372871666
"1866","Gaebelbach","Control","Coleoptera","Staphylinidae",3,1,170,"intercept_trap",176955.372871666
"1867","Gaebelbach","Control","Coleoptera","Staphylinidae",3,1,170,"intercept_trap",176955.372871666
"1868","Gaebelbach","Control","Coleoptera","Staphylinidae",4,1,170,"intercept_trap",176955.372871666
"1869","Gaebelbach","Control","Coleoptera","Staphylinidae",4,1,170,"intercept_trap",176955.372871666
"1870","Gaebelbach","Control","Coleoptera","Staphylinidae",4,1,170,"intercept_trap",176955.372871666
"1871","Gaebelbach","Control","Coleoptera","Staphylinidae",5,1,170,"intercept_trap",176955.372871666
"1872","Gaebelbach","Control","Coleoptera","Staphylinidae",5,1,170,"intercept_trap",176955.372871666
"1873","Gaebelbach","Control","Coleoptera",NA,2,1,170,"intercept_trap",176955.372871666
"1874","Gaebelbach","Control","Coleoptera",NA,2,1,170,"intercept_trap",176955.372871666
"1875","Gaebelbach","Control","Coleoptera",NA,3,1,170,"intercept_trap",176955.372871666
"1876","Gaebelbach","Control","Coleoptera",NA,8,1,170,"intercept_trap",176955.372871666
"1877","Gaebelbach","Control","Coleoptera",NA,20,1,170,"intercept_trap",176955.372871666
"1878","Gaebelbach","Control","Diptera",NA,1,1,170,"intercept_trap",176955.372871666
"1879","Gaebelbach","Control","Diptera",NA,1,1,170,"intercept_trap",176955.372871666
"1880","Gaebelbach","Control","Diptera",NA,1,1,170,"intercept_trap",176955.372871666
"1881","Gaebelbach","Control","Diptera",NA,1,1,170,"intercept_trap",176955.372871666
"1882","Gaebelbach","Control","Diptera",NA,1,1,170,"intercept_trap",176955.372871666
"1883","Gaebelbach","Control","Diptera",NA,2,1,170,"intercept_trap",176955.372871666
"1884","Gaebelbach","Control","Diptera",NA,2,1,170,"intercept_trap",176955.372871666
"1885","Gaebelbach","Control","Diptera",NA,2,1,170,"intercept_trap",176955.372871666
"1886","Gaebelbach","Control","Diptera",NA,2,1,170,"intercept_trap",176955.372871666
"1887","Gaebelbach","Control","Diptera",NA,2,1,170,"intercept_trap",176955.372871666
"1888","Gaebelbach","Control","Diptera",NA,3,1,170,"intercept_trap",176955.372871666
"1889","Gaebelbach","Control","Diptera",NA,3,1,170,"intercept_trap",176955.372871666
"1890","Gaebelbach","Control","Diptera",NA,4,1,170,"intercept_trap",176955.372871666
"1891","Gaebelbach","Control","Diptera",NA,4,1,170,"intercept_trap",176955.372871666
"1892","Gaebelbach","Control","Diptera",NA,4,1,170,"intercept_trap",176955.372871666
"1893","Gaebelbach","Control","Diptera",NA,5,1,170,"intercept_trap",176955.372871666
"1894","Gaebelbach","Control","Diptera",NA,5,1,170,"intercept_trap",176955.372871666
"1895","Gaebelbach","Control","Diptera",NA,6,1,170,"intercept_trap",176955.372871666
"1896","Gaebelbach","Control","Diptera",NA,6,1,170,"intercept_trap",176955.372871666
"1897","Gaebelbach","Control","Diptera",NA,6,1,170,"intercept_trap",176955.372871666
"1898","Gaebelbach","Control","Diptera",NA,7,1,170,"intercept_trap",176955.372871666
"1899","Gaebelbach","Control","Diptera",NA,7,1,170,"intercept_trap",176955.372871666
"1900","Gaebelbach","Control","Diptera",NA,7,1,170,"intercept_trap",176955.372871666
"1901","Gaebelbach","Control","Diptera",NA,7,1,170,"intercept_trap",176955.372871666
"1902","Gaebelbach","Control","Diptera",NA,7,1,170,"intercept_trap",176955.372871666
"1903","Gaebelbach","Control","Diptera",NA,7,1,170,"intercept_trap",176955.372871666
"1904","Gaebelbach","Control","Diptera",NA,7,1,170,"intercept_trap",176955.372871666
"1905","Gaebelbach","Control","Diptera",NA,8,1,170,"intercept_trap",176955.372871666
"1906","Gaebelbach","Control","Diptera",NA,8,1,170,"intercept_trap",176955.372871666
"1907","Gaebelbach","Control","Diptera",NA,8,1,170,"intercept_trap",176955.372871666
"1908","Gaebelbach","Control","Diptera",NA,9,1,170,"intercept_trap",176955.372871666
"1909","Gaebelbach","Control","Diptera",NA,9,1,170,"intercept_trap",176955.372871666
"1910","Gaebelbach","Control","Diptera",NA,1,1,170,"intercept_trap",176955.372871666
"1911","Gaebelbach","Control","Diptera",NA,1,1,170,"intercept_trap",176955.372871666
"1912","Gaebelbach","Control","Diptera",NA,1,1,170,"intercept_trap",176955.372871666
"1913","Gaebelbach","Control","Diptera",NA,1,1,170,"intercept_trap",176955.372871666
"1914","Gaebelbach","Control","Diptera",NA,1,1,170,"intercept_trap",176955.372871666
"1915","Gaebelbach","Control","Diptera",NA,1,1,170,"intercept_trap",176955.372871666
"1916","Gaebelbach","Control","Diptera",NA,1,1,170,"intercept_trap",176955.372871666
"1917","Gaebelbach","Control","Diptera",NA,1,1,170,"intercept_trap",176955.372871666
"1918","Gaebelbach","Control","Diptera",NA,1,1,170,"intercept_trap",176955.372871666
"1919","Gaebelbach","Control","Diptera",NA,1,1,170,"intercept_trap",176955.372871666
"1920","Gaebelbach","Control","Diptera",NA,1,1,170,"intercept_trap",176955.372871666
"1921","Gaebelbach","Control","Diptera",NA,2,1,170,"intercept_trap",176955.372871666
"1922","Gaebelbach","Control","Diptera",NA,2,1,170,"intercept_trap",176955.372871666
"1923","Gaebelbach","Control","Diptera",NA,2,1,170,"intercept_trap",176955.372871666
"1924","Gaebelbach","Control","Diptera",NA,2,1,170,"intercept_trap",176955.372871666
"1925","Gaebelbach","Control","Diptera",NA,2,1,170,"intercept_trap",176955.372871666
"1926","Gaebelbach","Control","Diptera",NA,2,1,170,"intercept_trap",176955.372871666
"1927","Gaebelbach","Control","Diptera",NA,2,1,170,"intercept_trap",176955.372871666
"1928","Gaebelbach","Control","Diptera",NA,2,1,170,"intercept_trap",176955.372871666
"1929","Gaebelbach","Control","Diptera",NA,2,1,170,"intercept_trap",176955.372871666
"1930","Gaebelbach","Control","Diptera",NA,2,1,170,"intercept_trap",176955.372871666
"1931","Gaebelbach","Control","Diptera",NA,2,1,170,"intercept_trap",176955.372871666
"1932","Gaebelbach","Control","Diptera",NA,2,1,170,"intercept_trap",176955.372871666
"1933","Gaebelbach","Control","Diptera",NA,2,1,170,"intercept_trap",176955.372871666
"1934","Gaebelbach","Control","Diptera",NA,2,1,170,"intercept_trap",176955.372871666
"1935","Gaebelbach","Control","Diptera",NA,2,1,170,"intercept_trap",176955.372871666
"1936","Gaebelbach","Control","Diptera",NA,2,1,170,"intercept_trap",176955.372871666
"1937","Gaebelbach","Control","Diptera",NA,2,1,170,"intercept_trap",176955.372871666
"1938","Gaebelbach","Control","Diptera",NA,3,1,170,"intercept_trap",176955.372871666
"1939","Gaebelbach","Control","Diptera",NA,3,1,170,"intercept_trap",176955.372871666
"1940","Gaebelbach","Control","Diptera",NA,3,1,170,"intercept_trap",176955.372871666
"1941","Gaebelbach","Control","Diptera",NA,4,1,170,"intercept_trap",176955.372871666
"1942","Gaebelbach","Control","Diptera",NA,4,1,170,"intercept_trap",176955.372871666
"1943","Gaebelbach","Control","Diptera",NA,4,1,170,"intercept_trap",176955.372871666
"1944","Gaebelbach","Control","Diptera",NA,4,1,170,"intercept_trap",176955.372871666
"1945","Gaebelbach","Control","Diptera",NA,5,1,170,"intercept_trap",176955.372871666
"1946","Gaebelbach","Control","Diptera",NA,5,1,170,"intercept_trap",176955.372871666
"1947","Gaebelbach","Control","Diptera",NA,5,1,170,"intercept_trap",176955.372871666
"1948","Gaebelbach","Control","Diptera",NA,5,1,170,"intercept_trap",176955.372871666
"1949","Gaebelbach","Control","Diptera",NA,5,1,170,"intercept_trap",176955.372871666
"1950","Gaebelbach","Control","Diptera",NA,5,1,170,"intercept_trap",176955.372871666
"1951","Gaebelbach","Control","Diptera",NA,7,1,170,"intercept_trap",176955.372871666
"1952","Gaebelbach","Control","Diptera",NA,10,1,170,"intercept_trap",176955.372871666
"1953","Gaebelbach","Control","Hemiptera",NA,2,1,170,"intercept_trap",176955.372871666
"1954","Gaebelbach","Control","Hemiptera",NA,3,1,170,"intercept_trap",176955.372871666
"1955","Gaebelbach","Control","Hemiptera",NA,3,1,170,"intercept_trap",176955.372871666
"1956","Gaebelbach","Control","Hemiptera",NA,3,1,170,"intercept_trap",176955.372871666
"1957","Gaebelbach","Control","Hemiptera",NA,3,1,170,"intercept_trap",176955.372871666
"1958","Gaebelbach","Control","Hemiptera",NA,8,1,170,"intercept_trap",176955.372871666
"1959","Gaebelbach","Control","Hemiptera",NA,8,1,170,"intercept_trap",176955.372871666
"1960","Gaebelbach","Control","Hemiptera",NA,3,1,170,"intercept_trap",176955.372871666
"1961","Gaebelbach","Control","Hemiptera",NA,5,1,170,"intercept_trap",176955.372871666
"1962","Gaebelbach","Control","Hemiptera",NA,6,1,170,"intercept_trap",176955.372871666
"1963","Gaebelbach","Control","Hemiptera","Aphidoidea",1,1,170,"intercept_trap",176955.372871666
"1964","Gaebelbach","Control","Hemiptera","Aphidoidea",1,1,170,"intercept_trap",176955.372871666
"1965","Gaebelbach","Control","Hemiptera","Aphidoidea",2,1,170,"intercept_trap",176955.372871666
"1966","Gaebelbach","Control","Hymenoptera","Formicidae",4,1,170,"intercept_trap",176955.372871666
"1967","Gaebelbach","Control","Hymenoptera",NA,1,1,170,"intercept_trap",176955.372871666
"1968","Gaebelbach","Control","Hymenoptera",NA,1,1,170,"intercept_trap",176955.372871666
"1969","Gaebelbach","Control","Hymenoptera",NA,1,1,170,"intercept_trap",176955.372871666
"1970","Gaebelbach","Control","Hymenoptera",NA,1,1,170,"intercept_trap",176955.372871666
"1971","Gaebelbach","Control","Hymenoptera",NA,1,1,170,"intercept_trap",176955.372871666
"1972","Gaebelbach","Control","Hymenoptera",NA,1,1,170,"intercept_trap",176955.372871666
"1973","Gaebelbach","Control","Hymenoptera",NA,1,1,170,"intercept_trap",176955.372871666
"1974","Gaebelbach","Control","Hymenoptera",NA,1,1,170,"intercept_trap",176955.372871666
"1975","Gaebelbach","Control","Hymenoptera",NA,1,1,170,"intercept_trap",176955.372871666
"1976","Gaebelbach","Control","Hymenoptera",NA,2,1,170,"intercept_trap",176955.372871666
"1977","Gaebelbach","Control","Hymenoptera",NA,2,1,170,"intercept_trap",176955.372871666
"1978","Gaebelbach","Control","Hymenoptera",NA,2,1,170,"intercept_trap",176955.372871666
"1979","Gaebelbach","Control","Hymenoptera",NA,2,1,170,"intercept_trap",176955.372871666
"1980","Gaebelbach","Control","Hymenoptera",NA,2,1,170,"intercept_trap",176955.372871666
"1981","Gaebelbach","Control","Hymenoptera",NA,2,1,170,"intercept_trap",176955.372871666
"1982","Gaebelbach","Control","Hymenoptera",NA,3,1,170,"intercept_trap",176955.372871666
"1983","Gaebelbach","Control","Hymenoptera",NA,3,1,170,"intercept_trap",176955.372871666
"1984","Gaebelbach","Control","Hymenoptera",NA,4,1,170,"intercept_trap",176955.372871666
"1985","Gaebelbach","Control","Orthoptera",NA,18,1,170,"intercept_trap",176955.372871666
"1986","Gaebelbach","Control","Psocoptera",NA,2,1,170,"intercept_trap",176955.372871666
"1987","Gaebelbach","Control","Psocoptera",NA,2,1,170,"intercept_trap",176955.372871666
"1988","Gaebelbach","Control","Psocoptera",NA,3,1,170,"intercept_trap",176955.372871666
"1989","Gaebelbach","Control","Psocoptera",NA,4,1,170,"intercept_trap",176955.372871666
"1990","Gaebelbach","Control","Thysanoptera",NA,1,1,170,"intercept_trap",176955.372871666
"1991","Gaebelbach","Control","Thysanoptera",NA,1,1,170,"intercept_trap",176955.372871666
"1992","Gaebelbach","Control","Thysanoptera",NA,2,1,170,"intercept_trap",176955.372871666
"1993","Gaebelbach","Control","Thysanoptera",NA,2,1,170,"intercept_trap",176955.372871666
"1994","Gaebelbach","Control","Trichoptera",NA,5,1,170,"intercept_trap",176955.372871666
"1995","Gaebelbach","Pool","Acari",NA,1,1,170,"intercept_trap",176955.372871666
"1996","Gaebelbach","Pool","Acari",NA,1,1,170,"intercept_trap",176955.372871666
"1997","Gaebelbach","Pool","Araneae",NA,2,1,170,"intercept_trap",176955.372871666
"1998","Gaebelbach","Pool","Araneae",NA,2,1,170,"intercept_trap",176955.372871666
"1999","Gaebelbach","Pool","Araneae",NA,2,1,170,"intercept_trap",176955.372871666
"2000","Gaebelbach","Pool","Araneae",NA,2,1,170,"intercept_trap",176955.372871666
"2001","Gaebelbach","Pool","Araneae",NA,3,1,170,"intercept_trap",176955.372871666
"2002","Gaebelbach","Pool","Araneae",NA,3,1,170,"intercept_trap",176955.372871666
"2003","Gaebelbach","Pool","Araneae",NA,3,1,170,"intercept_trap",176955.372871666
"2004","Gaebelbach","Pool","Araneae",NA,4,1,170,"intercept_trap",176955.372871666
"2005","Gaebelbach","Pool","Araneae",NA,8,1,170,"intercept_trap",176955.372871666
"2006","Gaebelbach","Pool","Araneae",NA,9,1,170,"intercept_trap",176955.372871666
"2007","Gaebelbach","Pool","Opiliones",NA,2,1,170,"intercept_trap",176955.372871666
"2008","Gaebelbach","Pool","Entomobryomorpha",NA,1,1,170,"intercept_trap",176955.372871666
"2009","Gaebelbach","Pool","Entomobryomorpha",NA,1,1,170,"intercept_trap",176955.372871666
"2010","Gaebelbach","Pool","Entomobryomorpha",NA,1,1,170,"intercept_trap",176955.372871666
"2011","Gaebelbach","Pool","Entomobryomorpha",NA,1,1,170,"intercept_trap",176955.372871666
"2012","Gaebelbach","Pool","Entomobryomorpha",NA,2,1,170,"intercept_trap",176955.372871666
"2013","Gaebelbach","Pool","Entomobryomorpha",NA,2,1,170,"intercept_trap",176955.372871666
"2014","Gaebelbach","Pool","Entomobryomorpha",NA,2,1,170,"intercept_trap",176955.372871666
"2015","Gaebelbach","Pool","Entomobryomorpha",NA,2,1,170,"intercept_trap",176955.372871666
"2016","Gaebelbach","Pool","Entomobryomorpha",NA,2,1,170,"intercept_trap",176955.372871666
"2017","Gaebelbach","Pool","Entomobryomorpha",NA,2,1,170,"intercept_trap",176955.372871666
"2018","Gaebelbach","Pool","Entomobryomorpha",NA,2,1,170,"intercept_trap",176955.372871666
"2019","Gaebelbach","Pool","Entomobryomorpha",NA,2,1,170,"intercept_trap",176955.372871666
"2020","Gaebelbach","Pool","Entomobryomorpha",NA,2,1,170,"intercept_trap",176955.372871666
"2021","Gaebelbach","Pool","Entomobryomorpha",NA,2,1,170,"intercept_trap",176955.372871666
"2022","Gaebelbach","Pool",NA,NA,2,1,170,"intercept_trap",176955.372871666
"2023","Gaebelbach","Pool",NA,NA,5,1,170,"intercept_trap",176955.372871666
"2024","Gaebelbach","Pool","Coleoptera","Carabidae",6,1,170,"intercept_trap",176955.372871666
"2025","Gaebelbach","Pool","Coleoptera","Curculionidae",3,1,170,"intercept_trap",176955.372871666
"2026","Gaebelbach","Pool","Coleoptera","Curculionidae",3,1,170,"intercept_trap",176955.372871666
"2027","Gaebelbach","Pool","Coleoptera","Chrysomelidae",2,1,170,"intercept_trap",176955.372871666
"2028","Gaebelbach","Pool","Coleoptera","Chrysomelidae",5,1,170,"intercept_trap",176955.372871666
"2029","Gaebelbach","Pool","Coleoptera","Coccinellidae",5,1,170,"intercept_trap",176955.372871666
"2030","Gaebelbach","Pool","Coleoptera","Latridiidae",3,1,170,"intercept_trap",176955.372871666
"2031","Gaebelbach","Pool","Coleoptera","Latridiidae",3,1,170,"intercept_trap",176955.372871666
"2032","Gaebelbach","Pool","Coleoptera","Latridiidae",3,1,170,"intercept_trap",176955.372871666
"2033","Gaebelbach","Pool","Coleoptera","Latridiidae",3,1,170,"intercept_trap",176955.372871666
"2034","Gaebelbach","Pool","Coleoptera","Staphylinidae",2,1,170,"intercept_trap",176955.372871666
"2035","Gaebelbach","Pool","Coleoptera","Staphylinidae",2,1,170,"intercept_trap",176955.372871666
"2036","Gaebelbach","Pool","Coleoptera","Staphylinidae",2,1,170,"intercept_trap",176955.372871666
"2037","Gaebelbach","Pool","Coleoptera","Staphylinidae",2,1,170,"intercept_trap",176955.372871666
"2038","Gaebelbach","Pool","Coleoptera","Staphylinidae",2,1,170,"intercept_trap",176955.372871666
"2039","Gaebelbach","Pool","Coleoptera","Staphylinidae",2,1,170,"intercept_trap",176955.372871666
"2040","Gaebelbach","Pool","Coleoptera","Staphylinidae",2,1,170,"intercept_trap",176955.372871666
"2041","Gaebelbach","Pool","Coleoptera","Staphylinidae",2,1,170,"intercept_trap",176955.372871666
"2042","Gaebelbach","Pool","Coleoptera","Staphylinidae",2,1,170,"intercept_trap",176955.372871666
"2043","Gaebelbach","Pool","Coleoptera","Staphylinidae",3,1,170,"intercept_trap",176955.372871666
"2044","Gaebelbach","Pool","Coleoptera","Staphylinidae",3,1,170,"intercept_trap",176955.372871666
"2045","Gaebelbach","Pool","Coleoptera","Staphylinidae",3,1,170,"intercept_trap",176955.372871666
"2046","Gaebelbach","Pool","Coleoptera","Staphylinidae",3,1,170,"intercept_trap",176955.372871666
"2047","Gaebelbach","Pool","Coleoptera","Staphylinidae",3,1,170,"intercept_trap",176955.372871666
"2048","Gaebelbach","Pool","Coleoptera","Staphylinidae",3,1,170,"intercept_trap",176955.372871666
"2049","Gaebelbach","Pool","Coleoptera","Staphylinidae",3,1,170,"intercept_trap",176955.372871666
"2050","Gaebelbach","Pool","Coleoptera","Staphylinidae",3,1,170,"intercept_trap",176955.372871666
"2051","Gaebelbach","Pool","Coleoptera","Staphylinidae",4,1,170,"intercept_trap",176955.372871666
"2052","Gaebelbach","Pool","Coleoptera","Staphylinidae",4,1,170,"intercept_trap",176955.372871666
"2053","Gaebelbach","Pool","Coleoptera","Staphylinidae",4,1,170,"intercept_trap",176955.372871666
"2054","Gaebelbach","Pool","Coleoptera","Staphylinidae",4,1,170,"intercept_trap",176955.372871666
"2055","Gaebelbach","Pool","Coleoptera","Staphylinidae",4,1,170,"intercept_trap",176955.372871666
"2056","Gaebelbach","Pool","Coleoptera","Staphylinidae",4,1,170,"intercept_trap",176955.372871666
"2057","Gaebelbach","Pool","Coleoptera","Staphylinidae",4,1,170,"intercept_trap",176955.372871666
"2058","Gaebelbach","Pool","Coleoptera","Staphylinidae",5,1,170,"intercept_trap",176955.372871666
"2059","Gaebelbach","Pool","Coleoptera","Staphylinidae",5,1,170,"intercept_trap",176955.372871666
"2060","Gaebelbach","Pool","Coleoptera","Staphylinidae",5,1,170,"intercept_trap",176955.372871666
"2061","Gaebelbach","Pool","Coleoptera","Staphylinidae",5,1,170,"intercept_trap",176955.372871666
"2062","Gaebelbach","Pool","Coleoptera","Staphylinidae",5,1,170,"intercept_trap",176955.372871666
"2063","Gaebelbach","Pool","Coleoptera","Staphylinidae",5,1,170,"intercept_trap",176955.372871666
"2064","Gaebelbach","Pool","Coleoptera","Staphylinidae",5,1,170,"intercept_trap",176955.372871666
"2065","Gaebelbach","Pool","Coleoptera","Staphylinidae",6,1,170,"intercept_trap",176955.372871666
"2066","Gaebelbach","Pool","Coleoptera","Staphylinidae",6,1,170,"intercept_trap",176955.372871666
"2067","Gaebelbach","Pool","Coleoptera",NA,2,1,170,"intercept_trap",176955.372871666
"2068","Gaebelbach","Pool","Coleoptera",NA,2,1,170,"intercept_trap",176955.372871666
"2069","Gaebelbach","Pool","Coleoptera",NA,2,1,170,"intercept_trap",176955.372871666
"2070","Gaebelbach","Pool","Coleoptera",NA,4,1,170,"intercept_trap",176955.372871666
"2071","Gaebelbach","Pool","Coleoptera",NA,4,1,170,"intercept_trap",176955.372871666
"2072","Gaebelbach","Pool","Coleoptera",NA,4,1,170,"intercept_trap",176955.372871666
"2073","Gaebelbach","Pool","Coleoptera",NA,4,1,170,"intercept_trap",176955.372871666
"2074","Gaebelbach","Pool","Coleoptera",NA,4,1,170,"intercept_trap",176955.372871666
"2075","Gaebelbach","Pool","Coleoptera",NA,4,1,170,"intercept_trap",176955.372871666
"2076","Gaebelbach","Pool","Coleoptera",NA,6,1,170,"intercept_trap",176955.372871666
"2077","Gaebelbach","Pool","Diptera",NA,1,1,170,"intercept_trap",176955.372871666
"2078","Gaebelbach","Pool","Diptera",NA,1,1,170,"intercept_trap",176955.372871666
"2079","Gaebelbach","Pool","Diptera",NA,1,1,170,"intercept_trap",176955.372871666
"2080","Gaebelbach","Pool","Diptera",NA,1,1,170,"intercept_trap",176955.372871666
"2081","Gaebelbach","Pool","Diptera",NA,1,1,170,"intercept_trap",176955.372871666
"2082","Gaebelbach","Pool","Diptera",NA,2,1,170,"intercept_trap",176955.372871666
"2083","Gaebelbach","Pool","Diptera",NA,2,1,170,"intercept_trap",176955.372871666
"2084","Gaebelbach","Pool","Diptera",NA,2,1,170,"intercept_trap",176955.372871666
"2085","Gaebelbach","Pool","Diptera",NA,2,1,170,"intercept_trap",176955.372871666
"2086","Gaebelbach","Pool","Diptera",NA,2,1,170,"intercept_trap",176955.372871666
"2087","Gaebelbach","Pool","Diptera",NA,2,1,170,"intercept_trap",176955.372871666
"2088","Gaebelbach","Pool","Diptera",NA,2,1,170,"intercept_trap",176955.372871666
"2089","Gaebelbach","Pool","Diptera",NA,2,1,170,"intercept_trap",176955.372871666
"2090","Gaebelbach","Pool","Diptera",NA,2,1,170,"intercept_trap",176955.372871666
"2091","Gaebelbach","Pool","Diptera",NA,2,1,170,"intercept_trap",176955.372871666
"2092","Gaebelbach","Pool","Diptera",NA,3,1,170,"intercept_trap",176955.372871666
"2093","Gaebelbach","Pool","Diptera",NA,3,1,170,"intercept_trap",176955.372871666
"2094","Gaebelbach","Pool","Diptera",NA,4,1,170,"intercept_trap",176955.372871666
"2095","Gaebelbach","Pool","Diptera",NA,4,1,170,"intercept_trap",176955.372871666
"2096","Gaebelbach","Pool","Diptera",NA,4,1,170,"intercept_trap",176955.372871666
"2097","Gaebelbach","Pool","Diptera",NA,4,1,170,"intercept_trap",176955.372871666
"2098","Gaebelbach","Pool","Diptera",NA,5,1,170,"intercept_trap",176955.372871666
"2099","Gaebelbach","Pool","Diptera",NA,5,1,170,"intercept_trap",176955.372871666
"2100","Gaebelbach","Pool","Diptera",NA,5,1,170,"intercept_trap",176955.372871666
"2101","Gaebelbach","Pool","Diptera",NA,6,1,170,"intercept_trap",176955.372871666
"2102","Gaebelbach","Pool","Diptera",NA,9,1,170,"intercept_trap",176955.372871666
"2103","Gaebelbach","Pool","Diptera",NA,11,1,170,"intercept_trap",176955.372871666
"2104","Gaebelbach","Pool","Diptera",NA,1,1,170,"intercept_trap",176955.372871666
"2105","Gaebelbach","Pool","Diptera",NA,1,1,170,"intercept_trap",176955.372871666
"2106","Gaebelbach","Pool","Diptera",NA,1,1,170,"intercept_trap",176955.372871666
"2107","Gaebelbach","Pool","Diptera",NA,1,1,170,"intercept_trap",176955.372871666
"2108","Gaebelbach","Pool","Diptera",NA,1,1,170,"intercept_trap",176955.372871666
"2109","Gaebelbach","Pool","Diptera",NA,1,1,170,"intercept_trap",176955.372871666
"2110","Gaebelbach","Pool","Diptera",NA,1,1,170,"intercept_trap",176955.372871666
"2111","Gaebelbach","Pool","Diptera",NA,1,1,170,"intercept_trap",176955.372871666
"2112","Gaebelbach","Pool","Diptera",NA,1,1,170,"intercept_trap",176955.372871666
"2113","Gaebelbach","Pool","Diptera",NA,1,1,170,"intercept_trap",176955.372871666
"2114","Gaebelbach","Pool","Diptera",NA,1,1,170,"intercept_trap",176955.372871666
"2115","Gaebelbach","Pool","Diptera",NA,1,1,170,"intercept_trap",176955.372871666
"2116","Gaebelbach","Pool","Diptera",NA,1,1,170,"intercept_trap",176955.372871666
"2117","Gaebelbach","Pool","Diptera",NA,1,1,170,"intercept_trap",176955.372871666
"2118","Gaebelbach","Pool","Diptera",NA,1,1,170,"intercept_trap",176955.372871666
"2119","Gaebelbach","Pool","Diptera",NA,1,1,170,"intercept_trap",176955.372871666
"2120","Gaebelbach","Pool","Diptera",NA,1,1,170,"intercept_trap",176955.372871666
"2121","Gaebelbach","Pool","Diptera",NA,1,1,170,"intercept_trap",176955.372871666
"2122","Gaebelbach","Pool","Diptera",NA,1,1,170,"intercept_trap",176955.372871666
"2123","Gaebelbach","Pool","Diptera",NA,1,1,170,"intercept_trap",176955.372871666
"2124","Gaebelbach","Pool","Diptera",NA,1,1,170,"intercept_trap",176955.372871666
"2125","Gaebelbach","Pool","Diptera",NA,1,1,170,"intercept_trap",176955.372871666
"2126","Gaebelbach","Pool","Diptera",NA,1,1,170,"intercept_trap",176955.372871666
"2127","Gaebelbach","Pool","Diptera",NA,1,1,170,"intercept_trap",176955.372871666
"2128","Gaebelbach","Pool","Diptera",NA,1,1,170,"intercept_trap",176955.372871666
"2129","Gaebelbach","Pool","Diptera",NA,1,1,170,"intercept_trap",176955.372871666
"2130","Gaebelbach","Pool","Diptera",NA,1,1,170,"intercept_trap",176955.372871666
"2131","Gaebelbach","Pool","Diptera",NA,1,1,170,"intercept_trap",176955.372871666
"2132","Gaebelbach","Pool","Diptera",NA,1,1,170,"intercept_trap",176955.372871666
"2133","Gaebelbach","Pool","Diptera",NA,2,1,170,"intercept_trap",176955.372871666
"2134","Gaebelbach","Pool","Diptera",NA,2,1,170,"intercept_trap",176955.372871666
"2135","Gaebelbach","Pool","Diptera",NA,2,1,170,"intercept_trap",176955.372871666
"2136","Gaebelbach","Pool","Diptera",NA,2,1,170,"intercept_trap",176955.372871666
"2137","Gaebelbach","Pool","Diptera",NA,2,1,170,"intercept_trap",176955.372871666
"2138","Gaebelbach","Pool","Diptera",NA,2,1,170,"intercept_trap",176955.372871666
"2139","Gaebelbach","Pool","Diptera",NA,2,1,170,"intercept_trap",176955.372871666
"2140","Gaebelbach","Pool","Diptera",NA,2,1,170,"intercept_trap",176955.372871666
"2141","Gaebelbach","Pool","Diptera",NA,2,1,170,"intercept_trap",176955.372871666
"2142","Gaebelbach","Pool","Diptera",NA,2,1,170,"intercept_trap",176955.372871666
"2143","Gaebelbach","Pool","Diptera",NA,2,1,170,"intercept_trap",176955.372871666
"2144","Gaebelbach","Pool","Diptera",NA,2,1,170,"intercept_trap",176955.372871666
"2145","Gaebelbach","Pool","Diptera",NA,2,1,170,"intercept_trap",176955.372871666
"2146","Gaebelbach","Pool","Diptera",NA,2,1,170,"intercept_trap",176955.372871666
"2147","Gaebelbach","Pool","Diptera",NA,2,1,170,"intercept_trap",176955.372871666
"2148","Gaebelbach","Pool","Diptera",NA,2,1,170,"intercept_trap",176955.372871666
"2149","Gaebelbach","Pool","Diptera",NA,2,1,170,"intercept_trap",176955.372871666
"2150","Gaebelbach","Pool","Diptera",NA,2,1,170,"intercept_trap",176955.372871666
"2151","Gaebelbach","Pool","Diptera",NA,2,1,170,"intercept_trap",176955.372871666
"2152","Gaebelbach","Pool","Diptera",NA,2,1,170,"intercept_trap",176955.372871666
"2153","Gaebelbach","Pool","Diptera",NA,2,1,170,"intercept_trap",176955.372871666
"2154","Gaebelbach","Pool","Diptera",NA,2,1,170,"intercept_trap",176955.372871666
"2155","Gaebelbach","Pool","Diptera",NA,2,1,170,"intercept_trap",176955.372871666
"2156","Gaebelbach","Pool","Diptera",NA,2,1,170,"intercept_trap",176955.372871666
"2157","Gaebelbach","Pool","Diptera",NA,2,1,170,"intercept_trap",176955.372871666
"2158","Gaebelbach","Pool","Diptera",NA,2,1,170,"intercept_trap",176955.372871666
"2159","Gaebelbach","Pool","Diptera",NA,2,1,170,"intercept_trap",176955.372871666
"2160","Gaebelbach","Pool","Diptera",NA,2,1,170,"intercept_trap",176955.372871666
"2161","Gaebelbach","Pool","Diptera",NA,2,1,170,"intercept_trap",176955.372871666
"2162","Gaebelbach","Pool","Diptera",NA,2,1,170,"intercept_trap",176955.372871666
"2163","Gaebelbach","Pool","Diptera",NA,2,1,170,"intercept_trap",176955.372871666
"2164","Gaebelbach","Pool","Diptera",NA,2,1,170,"intercept_trap",176955.372871666
"2165","Gaebelbach","Pool","Diptera",NA,2,1,170,"intercept_trap",176955.372871666
"2166","Gaebelbach","Pool","Diptera",NA,2,1,170,"intercept_trap",176955.372871666
"2167","Gaebelbach","Pool","Diptera",NA,2,1,170,"intercept_trap",176955.372871666
"2168","Gaebelbach","Pool","Diptera",NA,2,1,170,"intercept_trap",176955.372871666
"2169","Gaebelbach","Pool","Diptera",NA,2,1,170,"intercept_trap",176955.372871666
"2170","Gaebelbach","Pool","Diptera",NA,2,1,170,"intercept_trap",176955.372871666
"2171","Gaebelbach","Pool","Diptera",NA,2,1,170,"intercept_trap",176955.372871666
"2172","Gaebelbach","Pool","Diptera",NA,2,1,170,"intercept_trap",176955.372871666
"2173","Gaebelbach","Pool","Diptera",NA,2,1,170,"intercept_trap",176955.372871666
"2174","Gaebelbach","Pool","Diptera",NA,2,1,170,"intercept_trap",176955.372871666
"2175","Gaebelbach","Pool","Diptera",NA,2,1,170,"intercept_trap",176955.372871666
"2176","Gaebelbach","Pool","Diptera",NA,2,1,170,"intercept_trap",176955.372871666
"2177","Gaebelbach","Pool","Diptera",NA,2,1,170,"intercept_trap",176955.372871666
"2178","Gaebelbach","Pool","Diptera",NA,2,1,170,"intercept_trap",176955.372871666
"2179","Gaebelbach","Pool","Diptera",NA,2,1,170,"intercept_trap",176955.372871666
"2180","Gaebelbach","Pool","Diptera",NA,2,1,170,"intercept_trap",176955.372871666
"2181","Gaebelbach","Pool","Diptera",NA,2,1,170,"intercept_trap",176955.372871666
"2182","Gaebelbach","Pool","Diptera",NA,2,1,170,"intercept_trap",176955.372871666
"2183","Gaebelbach","Pool","Diptera",NA,2,1,170,"intercept_trap",176955.372871666
"2184","Gaebelbach","Pool","Diptera",NA,2,1,170,"intercept_trap",176955.372871666
"2185","Gaebelbach","Pool","Diptera",NA,2,1,170,"intercept_trap",176955.372871666
"2186","Gaebelbach","Pool","Diptera",NA,2,1,170,"intercept_trap",176955.372871666
"2187","Gaebelbach","Pool","Diptera",NA,2,1,170,"intercept_trap",176955.372871666
"2188","Gaebelbach","Pool","Diptera",NA,2,1,170,"intercept_trap",176955.372871666
"2189","Gaebelbach","Pool","Diptera",NA,2,1,170,"intercept_trap",176955.372871666
"2190","Gaebelbach","Pool","Diptera",NA,2,1,170,"intercept_trap",176955.372871666
"2191","Gaebelbach","Pool","Diptera",NA,2,1,170,"intercept_trap",176955.372871666
"2192","Gaebelbach","Pool","Diptera",NA,2,1,170,"intercept_trap",176955.372871666
"2193","Gaebelbach","Pool","Diptera",NA,2,1,170,"intercept_trap",176955.372871666
"2194","Gaebelbach","Pool","Diptera",NA,2,1,170,"intercept_trap",176955.372871666
"2195","Gaebelbach","Pool","Diptera",NA,2,1,170,"intercept_trap",176955.372871666
"2196","Gaebelbach","Pool","Diptera",NA,2,1,170,"intercept_trap",176955.372871666
"2197","Gaebelbach","Pool","Diptera",NA,2,1,170,"intercept_trap",176955.372871666
"2198","Gaebelbach","Pool","Diptera",NA,2,1,170,"intercept_trap",176955.372871666
"2199","Gaebelbach","Pool","Diptera",NA,2,1,170,"intercept_trap",176955.372871666
"2200","Gaebelbach","Pool","Diptera",NA,2,1,170,"intercept_trap",176955.372871666
"2201","Gaebelbach","Pool","Diptera",NA,2,1,170,"intercept_trap",176955.372871666
"2202","Gaebelbach","Pool","Diptera",NA,2,1,170,"intercept_trap",176955.372871666
"2203","Gaebelbach","Pool","Diptera",NA,2,1,170,"intercept_trap",176955.372871666
"2204","Gaebelbach","Pool","Diptera",NA,2,1,170,"intercept_trap",176955.372871666
"2205","Gaebelbach","Pool","Diptera",NA,2,1,170,"intercept_trap",176955.372871666
"2206","Gaebelbach","Pool","Diptera",NA,2,1,170,"intercept_trap",176955.372871666
"2207","Gaebelbach","Pool","Diptera",NA,2,1,170,"intercept_trap",176955.372871666
"2208","Gaebelbach","Pool","Diptera",NA,2,1,170,"intercept_trap",176955.372871666
"2209","Gaebelbach","Pool","Diptera",NA,2,1,170,"intercept_trap",176955.372871666
"2210","Gaebelbach","Pool","Diptera",NA,2,1,170,"intercept_trap",176955.372871666
"2211","Gaebelbach","Pool","Diptera",NA,2,1,170,"intercept_trap",176955.372871666
"2212","Gaebelbach","Pool","Diptera",NA,2,1,170,"intercept_trap",176955.372871666
"2213","Gaebelbach","Pool","Diptera",NA,2,1,170,"intercept_trap",176955.372871666
"2214","Gaebelbach","Pool","Diptera",NA,2,1,170,"intercept_trap",176955.372871666
"2215","Gaebelbach","Pool","Diptera",NA,2,1,170,"intercept_trap",176955.372871666
"2216","Gaebelbach","Pool","Diptera",NA,2,1,170,"intercept_trap",176955.372871666
"2217","Gaebelbach","Pool","Diptera",NA,2,1,170,"intercept_trap",176955.372871666
"2218","Gaebelbach","Pool","Diptera",NA,2,1,170,"intercept_trap",176955.372871666
"2219","Gaebelbach","Pool","Diptera",NA,2,1,170,"intercept_trap",176955.372871666
"2220","Gaebelbach","Pool","Diptera",NA,2,1,170,"intercept_trap",176955.372871666
"2221","Gaebelbach","Pool","Diptera",NA,2,1,170,"intercept_trap",176955.372871666
"2222","Gaebelbach","Pool","Diptera",NA,2,1,170,"intercept_trap",176955.372871666
"2223","Gaebelbach","Pool","Diptera",NA,2,1,170,"intercept_trap",176955.372871666
"2224","Gaebelbach","Pool","Diptera",NA,2,1,170,"intercept_trap",176955.372871666
"2225","Gaebelbach","Pool","Diptera",NA,2,1,170,"intercept_trap",176955.372871666
"2226","Gaebelbach","Pool","Diptera",NA,2,1,170,"intercept_trap",176955.372871666
"2227","Gaebelbach","Pool","Diptera",NA,2,1,170,"intercept_trap",176955.372871666
"2228","Gaebelbach","Pool","Diptera",NA,2,1,170,"intercept_trap",176955.372871666
"2229","Gaebelbach","Pool","Diptera",NA,2,1,170,"intercept_trap",176955.372871666
"2230","Gaebelbach","Pool","Diptera",NA,2,1,170,"intercept_trap",176955.372871666
"2231","Gaebelbach","Pool","Diptera",NA,2,1,170,"intercept_trap",176955.372871666
"2232","Gaebelbach","Pool","Diptera",NA,2,1,170,"intercept_trap",176955.372871666
"2233","Gaebelbach","Pool","Diptera",NA,2,1,170,"intercept_trap",176955.372871666
"2234","Gaebelbach","Pool","Diptera",NA,2,1,170,"intercept_trap",176955.372871666
"2235","Gaebelbach","Pool","Diptera",NA,2,1,170,"intercept_trap",176955.372871666
"2236","Gaebelbach","Pool","Diptera",NA,2,1,170,"intercept_trap",176955.372871666
"2237","Gaebelbach","Pool","Diptera",NA,3,1,170,"intercept_trap",176955.372871666
"2238","Gaebelbach","Pool","Diptera",NA,3,1,170,"intercept_trap",176955.372871666
"2239","Gaebelbach","Pool","Diptera",NA,3,1,170,"intercept_trap",176955.372871666
"2240","Gaebelbach","Pool","Diptera",NA,3,1,170,"intercept_trap",176955.372871666
"2241","Gaebelbach","Pool","Diptera",NA,3,1,170,"intercept_trap",176955.372871666
"2242","Gaebelbach","Pool","Diptera",NA,3,1,170,"intercept_trap",176955.372871666
"2243","Gaebelbach","Pool","Diptera",NA,3,1,170,"intercept_trap",176955.372871666
"2244","Gaebelbach","Pool","Diptera",NA,3,1,170,"intercept_trap",176955.372871666
"2245","Gaebelbach","Pool","Diptera",NA,3,1,170,"intercept_trap",176955.372871666
"2246","Gaebelbach","Pool","Diptera",NA,3,1,170,"intercept_trap",176955.372871666
"2247","Gaebelbach","Pool","Diptera",NA,3,1,170,"intercept_trap",176955.372871666
"2248","Gaebelbach","Pool","Diptera",NA,3,1,170,"intercept_trap",176955.372871666
"2249","Gaebelbach","Pool","Diptera",NA,3,1,170,"intercept_trap",176955.372871666
"2250","Gaebelbach","Pool","Diptera",NA,3,1,170,"intercept_trap",176955.372871666
"2251","Gaebelbach","Pool","Diptera",NA,3,1,170,"intercept_trap",176955.372871666
"2252","Gaebelbach","Pool","Diptera",NA,3,1,170,"intercept_trap",176955.372871666
"2253","Gaebelbach","Pool","Diptera",NA,3,1,170,"intercept_trap",176955.372871666
"2254","Gaebelbach","Pool","Diptera",NA,3,1,170,"intercept_trap",176955.372871666
"2255","Gaebelbach","Pool","Diptera",NA,3,1,170,"intercept_trap",176955.372871666
"2256","Gaebelbach","Pool","Diptera",NA,3,1,170,"intercept_trap",176955.372871666
"2257","Gaebelbach","Pool","Diptera",NA,3,1,170,"intercept_trap",176955.372871666
"2258","Gaebelbach","Pool","Diptera",NA,3,1,170,"intercept_trap",176955.372871666
"2259","Gaebelbach","Pool","Diptera",NA,3,1,170,"intercept_trap",176955.372871666
"2260","Gaebelbach","Pool","Diptera",NA,3,1,170,"intercept_trap",176955.372871666
"2261","Gaebelbach","Pool","Diptera",NA,3,1,170,"intercept_trap",176955.372871666
"2262","Gaebelbach","Pool","Diptera",NA,3,1,170,"intercept_trap",176955.372871666
"2263","Gaebelbach","Pool","Diptera",NA,3,1,170,"intercept_trap",176955.372871666
"2264","Gaebelbach","Pool","Diptera",NA,3,1,170,"intercept_trap",176955.372871666
"2265","Gaebelbach","Pool","Diptera",NA,3,1,170,"intercept_trap",176955.372871666
"2266","Gaebelbach","Pool","Diptera",NA,3,1,170,"intercept_trap",176955.372871666
"2267","Gaebelbach","Pool","Diptera",NA,3,1,170,"intercept_trap",176955.372871666
"2268","Gaebelbach","Pool","Diptera",NA,3,1,170,"intercept_trap",176955.372871666
"2269","Gaebelbach","Pool","Diptera",NA,3,1,170,"intercept_trap",176955.372871666
"2270","Gaebelbach","Pool","Diptera",NA,3,1,170,"intercept_trap",176955.372871666
"2271","Gaebelbach","Pool","Diptera",NA,3,1,170,"intercept_trap",176955.372871666
"2272","Gaebelbach","Pool","Diptera",NA,3,1,170,"intercept_trap",176955.372871666
"2273","Gaebelbach","Pool","Diptera",NA,3,1,170,"intercept_trap",176955.372871666
"2274","Gaebelbach","Pool","Diptera",NA,3,1,170,"intercept_trap",176955.372871666
"2275","Gaebelbach","Pool","Diptera",NA,3,1,170,"intercept_trap",176955.372871666
"2276","Gaebelbach","Pool","Diptera",NA,3,1,170,"intercept_trap",176955.372871666
"2277","Gaebelbach","Pool","Diptera",NA,3,1,170,"intercept_trap",176955.372871666
"2278","Gaebelbach","Pool","Diptera",NA,3,1,170,"intercept_trap",176955.372871666
"2279","Gaebelbach","Pool","Diptera",NA,3,1,170,"intercept_trap",176955.372871666
"2280","Gaebelbach","Pool","Diptera",NA,3,1,170,"intercept_trap",176955.372871666
"2281","Gaebelbach","Pool","Diptera",NA,3,1,170,"intercept_trap",176955.372871666
"2282","Gaebelbach","Pool","Diptera",NA,3,1,170,"intercept_trap",176955.372871666
"2283","Gaebelbach","Pool","Diptera",NA,3,1,170,"intercept_trap",176955.372871666
"2284","Gaebelbach","Pool","Diptera",NA,3,1,170,"intercept_trap",176955.372871666
"2285","Gaebelbach","Pool","Diptera",NA,3,1,170,"intercept_trap",176955.372871666
"2286","Gaebelbach","Pool","Diptera",NA,4,1,170,"intercept_trap",176955.372871666
"2287","Gaebelbach","Pool","Diptera",NA,4,1,170,"intercept_trap",176955.372871666
"2288","Gaebelbach","Pool","Diptera",NA,4,1,170,"intercept_trap",176955.372871666
"2289","Gaebelbach","Pool","Diptera",NA,4,1,170,"intercept_trap",176955.372871666
"2290","Gaebelbach","Pool","Diptera",NA,4,1,170,"intercept_trap",176955.372871666
"2291","Gaebelbach","Pool","Diptera",NA,4,1,170,"intercept_trap",176955.372871666
"2292","Gaebelbach","Pool","Diptera",NA,4,1,170,"intercept_trap",176955.372871666
"2293","Gaebelbach","Pool","Diptera",NA,4,1,170,"intercept_trap",176955.372871666
"2294","Gaebelbach","Pool","Diptera",NA,4,1,170,"intercept_trap",176955.372871666
"2295","Gaebelbach","Pool","Diptera",NA,4,1,170,"intercept_trap",176955.372871666
"2296","Gaebelbach","Pool","Diptera",NA,4,1,170,"intercept_trap",176955.372871666
"2297","Gaebelbach","Pool","Diptera",NA,4,1,170,"intercept_trap",176955.372871666
"2298","Gaebelbach","Pool","Diptera",NA,4,1,170,"intercept_trap",176955.372871666
"2299","Gaebelbach","Pool","Diptera",NA,4,1,170,"intercept_trap",176955.372871666
"2300","Gaebelbach","Pool","Diptera",NA,4,1,170,"intercept_trap",176955.372871666
"2301","Gaebelbach","Pool","Diptera",NA,4,1,170,"intercept_trap",176955.372871666
"2302","Gaebelbach","Pool","Diptera",NA,4,1,170,"intercept_trap",176955.372871666
"2303","Gaebelbach","Pool","Diptera",NA,4,1,170,"intercept_trap",176955.372871666
"2304","Gaebelbach","Pool","Diptera",NA,4,1,170,"intercept_trap",176955.372871666
"2305","Gaebelbach","Pool","Diptera",NA,4,1,170,"intercept_trap",176955.372871666
"2306","Gaebelbach","Pool","Diptera",NA,4,1,170,"intercept_trap",176955.372871666
"2307","Gaebelbach","Pool","Diptera",NA,4,1,170,"intercept_trap",176955.372871666
"2308","Gaebelbach","Pool","Diptera",NA,4,1,170,"intercept_trap",176955.372871666
"2309","Gaebelbach","Pool","Diptera",NA,4,1,170,"intercept_trap",176955.372871666
"2310","Gaebelbach","Pool","Diptera",NA,4,1,170,"intercept_trap",176955.372871666
"2311","Gaebelbach","Pool","Diptera",NA,4,1,170,"intercept_trap",176955.372871666
"2312","Gaebelbach","Pool","Diptera",NA,4,1,170,"intercept_trap",176955.372871666
"2313","Gaebelbach","Pool","Diptera",NA,4,1,170,"intercept_trap",176955.372871666
"2314","Gaebelbach","Pool","Diptera",NA,4,1,170,"intercept_trap",176955.372871666
"2315","Gaebelbach","Pool","Diptera",NA,4,1,170,"intercept_trap",176955.372871666
"2316","Gaebelbach","Pool","Diptera",NA,4,1,170,"intercept_trap",176955.372871666
"2317","Gaebelbach","Pool","Diptera",NA,4,1,170,"intercept_trap",176955.372871666
"2318","Gaebelbach","Pool","Diptera",NA,4,1,170,"intercept_trap",176955.372871666
"2319","Gaebelbach","Pool","Diptera",NA,4,1,170,"intercept_trap",176955.372871666
"2320","Gaebelbach","Pool","Diptera",NA,4,1,170,"intercept_trap",176955.372871666
"2321","Gaebelbach","Pool","Diptera",NA,4,1,170,"intercept_trap",176955.372871666
"2322","Gaebelbach","Pool","Diptera",NA,4,1,170,"intercept_trap",176955.372871666
"2323","Gaebelbach","Pool","Diptera",NA,4,1,170,"intercept_trap",176955.372871666
"2324","Gaebelbach","Pool","Diptera",NA,4,1,170,"intercept_trap",176955.372871666
"2325","Gaebelbach","Pool","Diptera",NA,4,1,170,"intercept_trap",176955.372871666
"2326","Gaebelbach","Pool","Diptera",NA,4,1,170,"intercept_trap",176955.372871666
"2327","Gaebelbach","Pool","Diptera",NA,4,1,170,"intercept_trap",176955.372871666
"2328","Gaebelbach","Pool","Diptera",NA,4,1,170,"intercept_trap",176955.372871666
"2329","Gaebelbach","Pool","Diptera",NA,4,1,170,"intercept_trap",176955.372871666
"2330","Gaebelbach","Pool","Diptera",NA,4,1,170,"intercept_trap",176955.372871666
"2331","Gaebelbach","Pool","Diptera",NA,4,1,170,"intercept_trap",176955.372871666
"2332","Gaebelbach","Pool","Diptera",NA,4,1,170,"intercept_trap",176955.372871666
"2333","Gaebelbach","Pool","Diptera",NA,4,1,170,"intercept_trap",176955.372871666
"2334","Gaebelbach","Pool","Diptera",NA,4,1,170,"intercept_trap",176955.372871666
"2335","Gaebelbach","Pool","Diptera",NA,4,1,170,"intercept_trap",176955.372871666
"2336","Gaebelbach","Pool","Diptera",NA,4,1,170,"intercept_trap",176955.372871666
"2337","Gaebelbach","Pool","Diptera",NA,4,1,170,"intercept_trap",176955.372871666
"2338","Gaebelbach","Pool","Diptera",NA,4,1,170,"intercept_trap",176955.372871666
"2339","Gaebelbach","Pool","Diptera",NA,4,1,170,"intercept_trap",176955.372871666
"2340","Gaebelbach","Pool","Diptera",NA,4,1,170,"intercept_trap",176955.372871666
"2341","Gaebelbach","Pool","Diptera",NA,4,1,170,"intercept_trap",176955.372871666
"2342","Gaebelbach","Pool","Diptera",NA,4,1,170,"intercept_trap",176955.372871666
"2343","Gaebelbach","Pool","Diptera",NA,4,1,170,"intercept_trap",176955.372871666
"2344","Gaebelbach","Pool","Diptera",NA,4,1,170,"intercept_trap",176955.372871666
"2345","Gaebelbach","Pool","Diptera",NA,4,1,170,"intercept_trap",176955.372871666
"2346","Gaebelbach","Pool","Diptera",NA,4,1,170,"intercept_trap",176955.372871666
"2347","Gaebelbach","Pool","Diptera",NA,4,1,170,"intercept_trap",176955.372871666
"2348","Gaebelbach","Pool","Diptera",NA,4,1,170,"intercept_trap",176955.372871666
"2349","Gaebelbach","Pool","Diptera",NA,4,1,170,"intercept_trap",176955.372871666
"2350","Gaebelbach","Pool","Diptera",NA,4,1,170,"intercept_trap",176955.372871666
"2351","Gaebelbach","Pool","Diptera",NA,4,1,170,"intercept_trap",176955.372871666
"2352","Gaebelbach","Pool","Diptera",NA,4,1,170,"intercept_trap",176955.372871666
"2353","Gaebelbach","Pool","Diptera",NA,4,1,170,"intercept_trap",176955.372871666
"2354","Gaebelbach","Pool","Diptera",NA,4,1,170,"intercept_trap",176955.372871666
"2355","Gaebelbach","Pool","Diptera",NA,4,1,170,"intercept_trap",176955.372871666
"2356","Gaebelbach","Pool","Diptera",NA,5,1,170,"intercept_trap",176955.372871666
"2357","Gaebelbach","Pool","Diptera",NA,5,1,170,"intercept_trap",176955.372871666
"2358","Gaebelbach","Pool","Diptera",NA,5,1,170,"intercept_trap",176955.372871666
"2359","Gaebelbach","Pool","Diptera",NA,5,1,170,"intercept_trap",176955.372871666
"2360","Gaebelbach","Pool","Diptera",NA,5,1,170,"intercept_trap",176955.372871666
"2361","Gaebelbach","Pool","Diptera",NA,5,1,170,"intercept_trap",176955.372871666
"2362","Gaebelbach","Pool","Diptera",NA,5,1,170,"intercept_trap",176955.372871666
"2363","Gaebelbach","Pool","Diptera",NA,5,1,170,"intercept_trap",176955.372871666
"2364","Gaebelbach","Pool","Diptera",NA,5,1,170,"intercept_trap",176955.372871666
"2365","Gaebelbach","Pool","Diptera",NA,5,1,170,"intercept_trap",176955.372871666
"2366","Gaebelbach","Pool","Diptera",NA,5,1,170,"intercept_trap",176955.372871666
"2367","Gaebelbach","Pool","Diptera",NA,5,1,170,"intercept_trap",176955.372871666
"2368","Gaebelbach","Pool","Diptera",NA,5,1,170,"intercept_trap",176955.372871666
"2369","Gaebelbach","Pool","Diptera",NA,5,1,170,"intercept_trap",176955.372871666
"2370","Gaebelbach","Pool","Diptera",NA,5,1,170,"intercept_trap",176955.372871666
"2371","Gaebelbach","Pool","Diptera",NA,5,1,170,"intercept_trap",176955.372871666
"2372","Gaebelbach","Pool","Diptera",NA,5,1,170,"intercept_trap",176955.372871666
"2373","Gaebelbach","Pool","Diptera",NA,5,1,170,"intercept_trap",176955.372871666
"2374","Gaebelbach","Pool","Diptera",NA,5,1,170,"intercept_trap",176955.372871666
"2375","Gaebelbach","Pool","Diptera",NA,6,1,170,"intercept_trap",176955.372871666
"2376","Gaebelbach","Pool","Diptera",NA,6,1,170,"intercept_trap",176955.372871666
"2377","Gaebelbach","Pool","Diptera",NA,6,1,170,"intercept_trap",176955.372871666
"2378","Gaebelbach","Pool","Diptera",NA,6,1,170,"intercept_trap",176955.372871666
"2379","Gaebelbach","Pool","Diptera",NA,6,1,170,"intercept_trap",176955.372871666
"2380","Gaebelbach","Pool","Diptera",NA,7,1,170,"intercept_trap",176955.372871666
"2381","Gaebelbach","Pool","Diptera",NA,7,1,170,"intercept_trap",176955.372871666
"2382","Gaebelbach","Pool","Diptera",NA,3,1,170,"intercept_trap",176955.372871666
"2383","Gaebelbach","Pool","Diptera",NA,4,1,170,"intercept_trap",176955.372871666
"2384","Gaebelbach","Pool","Ephemeroptera",NA,7,1,170,"intercept_trap",176955.372871666
"2385","Gaebelbach","Pool","Hemiptera",NA,1,1,170,"intercept_trap",176955.372871666
"2386","Gaebelbach","Pool","Hemiptera",NA,2,1,170,"intercept_trap",176955.372871666
"2387","Gaebelbach","Pool","Hemiptera",NA,2,1,170,"intercept_trap",176955.372871666
"2388","Gaebelbach","Pool","Hemiptera",NA,3,1,170,"intercept_trap",176955.372871666
"2389","Gaebelbach","Pool","Hemiptera",NA,3,1,170,"intercept_trap",176955.372871666
"2390","Gaebelbach","Pool","Hemiptera",NA,3,1,170,"intercept_trap",176955.372871666
"2391","Gaebelbach","Pool","Hemiptera",NA,3,1,170,"intercept_trap",176955.372871666
"2392","Gaebelbach","Pool","Hemiptera",NA,3,1,170,"intercept_trap",176955.372871666
"2393","Gaebelbach","Pool","Hemiptera",NA,3,1,170,"intercept_trap",176955.372871666
"2394","Gaebelbach","Pool","Hemiptera",NA,3,1,170,"intercept_trap",176955.372871666
"2395","Gaebelbach","Pool","Hemiptera",NA,3,1,170,"intercept_trap",176955.372871666
"2396","Gaebelbach","Pool","Hemiptera",NA,4,1,170,"intercept_trap",176955.372871666
"2397","Gaebelbach","Pool","Hemiptera",NA,4,1,170,"intercept_trap",176955.372871666
"2398","Gaebelbach","Pool","Hemiptera",NA,4,1,170,"intercept_trap",176955.372871666
"2399","Gaebelbach","Pool","Hemiptera",NA,8,1,170,"intercept_trap",176955.372871666
"2400","Gaebelbach","Pool","Hemiptera",NA,8,1,170,"intercept_trap",176955.372871666
"2401","Gaebelbach","Pool","Hemiptera","Notonectidae",14,1,170,"intercept_trap",176955.372871666
"2402","Gaebelbach","Pool","Hemiptera",NA,2,1,170,"intercept_trap",176955.372871666
"2403","Gaebelbach","Pool","Hemiptera",NA,4,1,170,"intercept_trap",176955.372871666
"2404","Gaebelbach","Pool","Hemiptera",NA,5,1,170,"intercept_trap",176955.372871666
"2405","Gaebelbach","Pool","Hemiptera","Aphidoidea",1,1,170,"intercept_trap",176955.372871666
"2406","Gaebelbach","Pool","Hemiptera","Aphidoidea",1,1,170,"intercept_trap",176955.372871666
"2407","Gaebelbach","Pool","Hemiptera","Aphidoidea",1,1,170,"intercept_trap",176955.372871666
"2408","Gaebelbach","Pool","Hemiptera","Aphidoidea",2,1,170,"intercept_trap",176955.372871666
"2409","Gaebelbach","Pool","Hemiptera","Aphidoidea",2,1,170,"intercept_trap",176955.372871666
"2410","Gaebelbach","Pool","Hemiptera","Aphidoidea",2,1,170,"intercept_trap",176955.372871666
"2411","Gaebelbach","Pool","Hemiptera","Aphidoidea",3,1,170,"intercept_trap",176955.372871666
"2412","Gaebelbach","Pool","Hymenoptera","Formicidae",3,1,170,"intercept_trap",176955.372871666
"2413","Gaebelbach","Pool","Hymenoptera","Formicidae",4,1,170,"intercept_trap",176955.372871666
"2414","Gaebelbach","Pool","Hymenoptera","Formicidae",4,1,170,"intercept_trap",176955.372871666
"2415","Gaebelbach","Pool","Hymenoptera",NA,1,1,170,"intercept_trap",176955.372871666
"2416","Gaebelbach","Pool","Hymenoptera",NA,1,1,170,"intercept_trap",176955.372871666
"2417","Gaebelbach","Pool","Hymenoptera",NA,1,1,170,"intercept_trap",176955.372871666
"2418","Gaebelbach","Pool","Hymenoptera",NA,1,1,170,"intercept_trap",176955.372871666
"2419","Gaebelbach","Pool","Hymenoptera",NA,2,1,170,"intercept_trap",176955.372871666
"2420","Gaebelbach","Pool","Hymenoptera",NA,2,1,170,"intercept_trap",176955.372871666
"2421","Gaebelbach","Pool","Hymenoptera",NA,3,1,170,"intercept_trap",176955.372871666
"2422","Gaebelbach","Pool","Hymenoptera",NA,3,1,170,"intercept_trap",176955.372871666
"2423","Gaebelbach","Pool","Hymenoptera",NA,3,1,170,"intercept_trap",176955.372871666
"2424","Gaebelbach","Pool","Hymenoptera",NA,3,1,170,"intercept_trap",176955.372871666
"2425","Gaebelbach","Pool","Hymenoptera",NA,4,1,170,"intercept_trap",176955.372871666
"2426","Gaebelbach","Pool","Hymenoptera",NA,5,1,170,"intercept_trap",176955.372871666
"2427","Gaebelbach","Pool","Neuroptera",NA,16,1,170,"intercept_trap",176955.372871666
"2428","Gaebelbach","Pool","Psocoptera",NA,2,1,170,"intercept_trap",176955.372871666
"2429","Gaebelbach","Pool","Psocoptera",NA,2,1,170,"intercept_trap",176955.372871666
"2430","Gaebelbach","Pool","Psocoptera",NA,2,1,170,"intercept_trap",176955.372871666
"2431","Gaebelbach","Pool","Psocoptera",NA,2,1,170,"intercept_trap",176955.372871666
"2432","Gaebelbach","Pool","Psocoptera",NA,2,1,170,"intercept_trap",176955.372871666
"2433","Gaebelbach","Pool","Psocoptera",NA,2,1,170,"intercept_trap",176955.372871666
"2434","Gaebelbach","Pool","Psocoptera",NA,3,1,170,"intercept_trap",176955.372871666
"2435","Gaebelbach","Pool","Psocoptera",NA,3,1,170,"intercept_trap",176955.372871666
"2436","Gaebelbach","Pool","Psocoptera",NA,3,1,170,"intercept_trap",176955.372871666
"2437","Gaebelbach","Pool","Psocoptera",NA,3,1,170,"intercept_trap",176955.372871666
"2438","Gaebelbach","Pool","Psocoptera",NA,3,1,170,"intercept_trap",176955.372871666
"2439","Gaebelbach","Pool","Psocoptera",NA,3,1,170,"intercept_trap",176955.372871666
"2440","Gaebelbach","Pool","Psocoptera",NA,3,1,170,"intercept_trap",176955.372871666
"2441","Gaebelbach","Pool","Psocoptera",NA,3,1,170,"intercept_trap",176955.372871666
"2442","Gaebelbach","Pool","Psocoptera",NA,3,1,170,"intercept_trap",176955.372871666
"2443","Gaebelbach","Pool","Psocoptera",NA,4,1,170,"intercept_trap",176955.372871666
"2444","Gaebelbach","Pool","Thysanoptera",NA,1,1,170,"intercept_trap",176955.372871666
"2445","Gaebelbach","Pool","Thysanoptera",NA,1,1,170,"intercept_trap",176955.372871666
"2446","Gaebelbach","Pool","Thysanoptera",NA,1,1,170,"intercept_trap",176955.372871666
"2447","Gaebelbach","Pool","Thysanoptera",NA,2,1,170,"intercept_trap",176955.372871666
"2448","Gaebelbach","Pool","Thysanoptera",NA,2,1,170,"intercept_trap",176955.372871666
"2449","Gaebelbach","Pool","Thysanoptera",NA,2,1,170,"intercept_trap",176955.372871666
"2450","Gaebelbach","Pool","Thysanoptera",NA,2,1,170,"intercept_trap",176955.372871666
"2451","Gaebelbach","Pool","Trichoptera",NA,4,1,170,"intercept_trap",176955.372871666
"2452","Gaebelbach","Control","Araneae",NA,2,1,170,"intercept_trap",176955.372871666
"2453","Gaebelbach","Control","Araneae",NA,3,1,170,"intercept_trap",176955.372871666
"2454","Gaebelbach","Control",NA,NA,4,1,170,"intercept_trap",176955.372871666
"2455","Gaebelbach","Control",NA,NA,4,1,170,"intercept_trap",176955.372871666
"2456","Gaebelbach","Control","Coleoptera","Curculionidae",2,1,170,"intercept_trap",176955.372871666
"2457","Gaebelbach","Control","Coleoptera","Curculionidae",2,1,170,"intercept_trap",176955.372871666
"2458","Gaebelbach","Control","Coleoptera","Curculionidae",3,1,170,"intercept_trap",176955.372871666
"2459","Gaebelbach","Control","Coleoptera","Cucujidae",2,1,170,"intercept_trap",176955.372871666
"2460","Gaebelbach","Control","Coleoptera","Staphylinidae",2,1,170,"intercept_trap",176955.372871666
"2461","Gaebelbach","Control","Coleoptera","Staphylinidae",2,1,170,"intercept_trap",176955.372871666
"2462","Gaebelbach","Control","Coleoptera","Staphylinidae",3,1,170,"intercept_trap",176955.372871666
"2463","Gaebelbach","Control","Coleoptera",NA,2,1,170,"intercept_trap",176955.372871666
"2464","Gaebelbach","Control","Coleoptera",NA,2,1,170,"intercept_trap",176955.372871666
"2465","Gaebelbach","Control","Coleoptera",NA,5,1,170,"intercept_trap",176955.372871666
"2466","Gaebelbach","Control","Diptera","Tabanidae",12,1,170,"intercept_trap",176955.372871666
"2467","Gaebelbach","Control","Diptera","Tabanidae",14,1,170,"intercept_trap",176955.372871666
"2468","Gaebelbach","Control","Diptera",NA,2,1,170,"intercept_trap",176955.372871666
"2469","Gaebelbach","Control","Diptera",NA,2,1,170,"intercept_trap",176955.372871666
"2470","Gaebelbach","Control","Diptera",NA,2,1,170,"intercept_trap",176955.372871666
"2471","Gaebelbach","Control","Diptera",NA,2,1,170,"intercept_trap",176955.372871666
"2472","Gaebelbach","Control","Diptera",NA,3,1,170,"intercept_trap",176955.372871666
"2473","Gaebelbach","Control","Diptera",NA,3,1,170,"intercept_trap",176955.372871666
"2474","Gaebelbach","Control","Diptera",NA,4,1,170,"intercept_trap",176955.372871666
"2475","Gaebelbach","Control","Diptera",NA,4,1,170,"intercept_trap",176955.372871666
"2476","Gaebelbach","Control","Diptera",NA,4,1,170,"intercept_trap",176955.372871666
"2477","Gaebelbach","Control","Diptera",NA,4,1,170,"intercept_trap",176955.372871666
"2478","Gaebelbach","Control","Diptera",NA,4,1,170,"intercept_trap",176955.372871666
"2479","Gaebelbach","Control","Diptera",NA,4,1,170,"intercept_trap",176955.372871666
"2480","Gaebelbach","Control","Diptera",NA,5,1,170,"intercept_trap",176955.372871666
"2481","Gaebelbach","Control","Diptera",NA,5,1,170,"intercept_trap",176955.372871666
"2482","Gaebelbach","Control","Diptera",NA,5,1,170,"intercept_trap",176955.372871666
"2483","Gaebelbach","Control","Diptera",NA,5,1,170,"intercept_trap",176955.372871666
"2484","Gaebelbach","Control","Diptera",NA,5,1,170,"intercept_trap",176955.372871666
"2485","Gaebelbach","Control","Diptera",NA,5,1,170,"intercept_trap",176955.372871666
"2486","Gaebelbach","Control","Diptera",NA,5,1,170,"intercept_trap",176955.372871666
"2487","Gaebelbach","Control","Diptera",NA,5,1,170,"intercept_trap",176955.372871666
"2488","Gaebelbach","Control","Diptera",NA,5,1,170,"intercept_trap",176955.372871666
"2489","Gaebelbach","Control","Diptera",NA,5,1,170,"intercept_trap",176955.372871666
"2490","Gaebelbach","Control","Diptera",NA,5,1,170,"intercept_trap",176955.372871666
"2491","Gaebelbach","Control","Diptera",NA,5,1,170,"intercept_trap",176955.372871666
"2492","Gaebelbach","Control","Diptera",NA,6,1,170,"intercept_trap",176955.372871666
"2493","Gaebelbach","Control","Diptera",NA,6,1,170,"intercept_trap",176955.372871666
"2494","Gaebelbach","Control","Diptera",NA,6,1,170,"intercept_trap",176955.372871666
"2495","Gaebelbach","Control","Diptera",NA,6,1,170,"intercept_trap",176955.372871666
"2496","Gaebelbach","Control","Diptera",NA,6,1,170,"intercept_trap",176955.372871666
"2497","Gaebelbach","Control","Diptera",NA,6,1,170,"intercept_trap",176955.372871666
"2498","Gaebelbach","Control","Diptera",NA,6,1,170,"intercept_trap",176955.372871666
"2499","Gaebelbach","Control","Diptera",NA,6,1,170,"intercept_trap",176955.372871666
"2500","Gaebelbach","Control","Diptera",NA,6,1,170,"intercept_trap",176955.372871666
"2501","Gaebelbach","Control","Diptera",NA,6,1,170,"intercept_trap",176955.372871666
"2502","Gaebelbach","Control","Diptera",NA,6,1,170,"intercept_trap",176955.372871666
"2503","Gaebelbach","Control","Diptera",NA,6,1,170,"intercept_trap",176955.372871666
"2504","Gaebelbach","Control","Diptera",NA,6,1,170,"intercept_trap",176955.372871666
"2505","Gaebelbach","Control","Diptera",NA,6,1,170,"intercept_trap",176955.372871666
"2506","Gaebelbach","Control","Diptera",NA,6,1,170,"intercept_trap",176955.372871666
"2507","Gaebelbach","Control","Diptera",NA,6,1,170,"intercept_trap",176955.372871666
"2508","Gaebelbach","Control","Diptera",NA,6,1,170,"intercept_trap",176955.372871666
"2509","Gaebelbach","Control","Diptera",NA,6,1,170,"intercept_trap",176955.372871666
"2510","Gaebelbach","Control","Diptera",NA,6,1,170,"intercept_trap",176955.372871666
"2511","Gaebelbach","Control","Diptera",NA,6,1,170,"intercept_trap",176955.372871666
"2512","Gaebelbach","Control","Diptera",NA,6,1,170,"intercept_trap",176955.372871666
"2513","Gaebelbach","Control","Diptera",NA,6,1,170,"intercept_trap",176955.372871666
"2514","Gaebelbach","Control","Diptera",NA,6,1,170,"intercept_trap",176955.372871666
"2515","Gaebelbach","Control","Diptera",NA,6,1,170,"intercept_trap",176955.372871666
"2516","Gaebelbach","Control","Diptera",NA,6,1,170,"intercept_trap",176955.372871666
"2517","Gaebelbach","Control","Diptera",NA,6,1,170,"intercept_trap",176955.372871666
"2518","Gaebelbach","Control","Diptera",NA,6,1,170,"intercept_trap",176955.372871666
"2519","Gaebelbach","Control","Diptera",NA,6,1,170,"intercept_trap",176955.372871666
"2520","Gaebelbach","Control","Diptera",NA,6,1,170,"intercept_trap",176955.372871666
"2521","Gaebelbach","Control","Diptera",NA,6,1,170,"intercept_trap",176955.372871666
"2522","Gaebelbach","Control","Diptera",NA,7,1,170,"intercept_trap",176955.372871666
"2523","Gaebelbach","Control","Diptera",NA,7,1,170,"intercept_trap",176955.372871666
"2524","Gaebelbach","Control","Diptera",NA,7,1,170,"intercept_trap",176955.372871666
"2525","Gaebelbach","Control","Diptera",NA,7,1,170,"intercept_trap",176955.372871666
"2526","Gaebelbach","Control","Diptera",NA,7,1,170,"intercept_trap",176955.372871666
"2527","Gaebelbach","Control","Diptera",NA,7,1,170,"intercept_trap",176955.372871666
"2528","Gaebelbach","Control","Diptera",NA,7,1,170,"intercept_trap",176955.372871666
"2529","Gaebelbach","Control","Diptera",NA,7,1,170,"intercept_trap",176955.372871666
"2530","Gaebelbach","Control","Diptera",NA,7,1,170,"intercept_trap",176955.372871666
"2531","Gaebelbach","Control","Diptera",NA,7,1,170,"intercept_trap",176955.372871666
"2532","Gaebelbach","Control","Diptera",NA,7,1,170,"intercept_trap",176955.372871666
"2533","Gaebelbach","Control","Diptera",NA,7,1,170,"intercept_trap",176955.372871666
"2534","Gaebelbach","Control","Diptera",NA,7,1,170,"intercept_trap",176955.372871666
"2535","Gaebelbach","Control","Diptera",NA,7,1,170,"intercept_trap",176955.372871666
"2536","Gaebelbach","Control","Diptera",NA,7,1,170,"intercept_trap",176955.372871666
"2537","Gaebelbach","Control","Diptera",NA,7,1,170,"intercept_trap",176955.372871666
"2538","Gaebelbach","Control","Diptera",NA,7,1,170,"intercept_trap",176955.372871666
"2539","Gaebelbach","Control","Diptera",NA,7,1,170,"intercept_trap",176955.372871666
"2540","Gaebelbach","Control","Diptera",NA,7,1,170,"intercept_trap",176955.372871666
"2541","Gaebelbach","Control","Diptera",NA,7,1,170,"intercept_trap",176955.372871666
"2542","Gaebelbach","Control","Diptera",NA,7,1,170,"intercept_trap",176955.372871666
"2543","Gaebelbach","Control","Diptera",NA,7,1,170,"intercept_trap",176955.372871666
"2544","Gaebelbach","Control","Diptera",NA,7,1,170,"intercept_trap",176955.372871666
"2545","Gaebelbach","Control","Diptera",NA,7,1,170,"intercept_trap",176955.372871666
"2546","Gaebelbach","Control","Diptera",NA,7,1,170,"intercept_trap",176955.372871666
"2547","Gaebelbach","Control","Diptera",NA,7,1,170,"intercept_trap",176955.372871666
"2548","Gaebelbach","Control","Diptera",NA,7,1,170,"intercept_trap",176955.372871666
"2549","Gaebelbach","Control","Diptera",NA,7,1,170,"intercept_trap",176955.372871666
"2550","Gaebelbach","Control","Diptera",NA,7,1,170,"intercept_trap",176955.372871666
"2551","Gaebelbach","Control","Diptera",NA,7,1,170,"intercept_trap",176955.372871666
"2552","Gaebelbach","Control","Diptera",NA,7,1,170,"intercept_trap",176955.372871666
"2553","Gaebelbach","Control","Diptera",NA,7,1,170,"intercept_trap",176955.372871666
"2554","Gaebelbach","Control","Diptera",NA,7,1,170,"intercept_trap",176955.372871666
"2555","Gaebelbach","Control","Diptera",NA,7,1,170,"intercept_trap",176955.372871666
"2556","Gaebelbach","Control","Diptera",NA,7,1,170,"intercept_trap",176955.372871666
"2557","Gaebelbach","Control","Diptera",NA,7,1,170,"intercept_trap",176955.372871666
"2558","Gaebelbach","Control","Diptera",NA,7,1,170,"intercept_trap",176955.372871666
"2559","Gaebelbach","Control","Diptera",NA,7,1,170,"intercept_trap",176955.372871666
"2560","Gaebelbach","Control","Diptera",NA,7,1,170,"intercept_trap",176955.372871666
"2561","Gaebelbach","Control","Diptera",NA,7,1,170,"intercept_trap",176955.372871666
"2562","Gaebelbach","Control","Diptera",NA,7,1,170,"intercept_trap",176955.372871666
"2563","Gaebelbach","Control","Diptera",NA,7,1,170,"intercept_trap",176955.372871666
"2564","Gaebelbach","Control","Diptera",NA,7,1,170,"intercept_trap",176955.372871666
"2565","Gaebelbach","Control","Diptera",NA,7,1,170,"intercept_trap",176955.372871666
"2566","Gaebelbach","Control","Diptera",NA,7,1,170,"intercept_trap",176955.372871666
"2567","Gaebelbach","Control","Diptera",NA,7,1,170,"intercept_trap",176955.372871666
"2568","Gaebelbach","Control","Diptera",NA,7,1,170,"intercept_trap",176955.372871666
"2569","Gaebelbach","Control","Diptera",NA,7,1,170,"intercept_trap",176955.372871666
"2570","Gaebelbach","Control","Diptera",NA,7,1,170,"intercept_trap",176955.372871666
"2571","Gaebelbach","Control","Diptera",NA,7,1,170,"intercept_trap",176955.372871666
"2572","Gaebelbach","Control","Diptera",NA,7,1,170,"intercept_trap",176955.372871666
"2573","Gaebelbach","Control","Diptera",NA,7,1,170,"intercept_trap",176955.372871666
"2574","Gaebelbach","Control","Diptera",NA,7,1,170,"intercept_trap",176955.372871666
"2575","Gaebelbach","Control","Diptera",NA,7,1,170,"intercept_trap",176955.372871666
"2576","Gaebelbach","Control","Diptera",NA,7,1,170,"intercept_trap",176955.372871666
"2577","Gaebelbach","Control","Diptera",NA,7,1,170,"intercept_trap",176955.372871666
"2578","Gaebelbach","Control","Diptera",NA,7,1,170,"intercept_trap",176955.372871666
"2579","Gaebelbach","Control","Diptera",NA,7,1,170,"intercept_trap",176955.372871666
"2580","Gaebelbach","Control","Diptera",NA,7,1,170,"intercept_trap",176955.372871666
"2581","Gaebelbach","Control","Diptera",NA,7,1,170,"intercept_trap",176955.372871666
"2582","Gaebelbach","Control","Diptera",NA,7,1,170,"intercept_trap",176955.372871666
"2583","Gaebelbach","Control","Diptera",NA,7,1,170,"intercept_trap",176955.372871666
"2584","Gaebelbach","Control","Diptera",NA,7,1,170,"intercept_trap",176955.372871666
"2585","Gaebelbach","Control","Diptera",NA,7,1,170,"intercept_trap",176955.372871666
"2586","Gaebelbach","Control","Diptera",NA,7,1,170,"intercept_trap",176955.372871666
"2587","Gaebelbach","Control","Diptera",NA,7,1,170,"intercept_trap",176955.372871666
"2588","Gaebelbach","Control","Diptera",NA,7,1,170,"intercept_trap",176955.372871666
"2589","Gaebelbach","Control","Diptera",NA,7,1,170,"intercept_trap",176955.372871666
"2590","Gaebelbach","Control","Diptera",NA,7,1,170,"intercept_trap",176955.372871666
"2591","Gaebelbach","Control","Diptera",NA,7,1,170,"intercept_trap",176955.372871666
"2592","Gaebelbach","Control","Diptera",NA,7,1,170,"intercept_trap",176955.372871666
"2593","Gaebelbach","Control","Diptera",NA,7,1,170,"intercept_trap",176955.372871666
"2594","Gaebelbach","Control","Diptera",NA,7,1,170,"intercept_trap",176955.372871666
"2595","Gaebelbach","Control","Diptera",NA,7,1,170,"intercept_trap",176955.372871666
"2596","Gaebelbach","Control","Diptera",NA,7,1,170,"intercept_trap",176955.372871666
"2597","Gaebelbach","Control","Diptera",NA,7,1,170,"intercept_trap",176955.372871666
"2598","Gaebelbach","Control","Diptera",NA,7,1,170,"intercept_trap",176955.372871666
"2599","Gaebelbach","Control","Diptera",NA,7,1,170,"intercept_trap",176955.372871666
"2600","Gaebelbach","Control","Diptera",NA,7,1,170,"intercept_trap",176955.372871666
"2601","Gaebelbach","Control","Diptera",NA,7,1,170,"intercept_trap",176955.372871666
"2602","Gaebelbach","Control","Diptera",NA,7,1,170,"intercept_trap",176955.372871666
"2603","Gaebelbach","Control","Diptera",NA,7,1,170,"intercept_trap",176955.372871666
"2604","Gaebelbach","Control","Diptera",NA,8,1,170,"intercept_trap",176955.372871666
"2605","Gaebelbach","Control","Diptera",NA,8,1,170,"intercept_trap",176955.372871666
"2606","Gaebelbach","Control","Diptera",NA,8,1,170,"intercept_trap",176955.372871666
"2607","Gaebelbach","Control","Diptera",NA,8,1,170,"intercept_trap",176955.372871666
"2608","Gaebelbach","Control","Diptera",NA,8,1,170,"intercept_trap",176955.372871666
"2609","Gaebelbach","Control","Diptera",NA,8,1,170,"intercept_trap",176955.372871666
"2610","Gaebelbach","Control","Diptera",NA,8,1,170,"intercept_trap",176955.372871666
"2611","Gaebelbach","Control","Diptera",NA,8,1,170,"intercept_trap",176955.372871666
"2612","Gaebelbach","Control","Diptera",NA,8,1,170,"intercept_trap",176955.372871666
"2613","Gaebelbach","Control","Diptera",NA,8,1,170,"intercept_trap",176955.372871666
"2614","Gaebelbach","Control","Diptera",NA,8,1,170,"intercept_trap",176955.372871666
"2615","Gaebelbach","Control","Diptera",NA,8,1,170,"intercept_trap",176955.372871666
"2616","Gaebelbach","Control","Diptera",NA,8,1,170,"intercept_trap",176955.372871666
"2617","Gaebelbach","Control","Diptera",NA,8,1,170,"intercept_trap",176955.372871666
"2618","Gaebelbach","Control","Diptera",NA,8,1,170,"intercept_trap",176955.372871666
"2619","Gaebelbach","Control","Diptera",NA,8,1,170,"intercept_trap",176955.372871666
"2620","Gaebelbach","Control","Diptera",NA,8,1,170,"intercept_trap",176955.372871666
"2621","Gaebelbach","Control","Diptera",NA,8,1,170,"intercept_trap",176955.372871666
"2622","Gaebelbach","Control","Diptera",NA,8,1,170,"intercept_trap",176955.372871666
"2623","Gaebelbach","Control","Diptera",NA,8,1,170,"intercept_trap",176955.372871666
"2624","Gaebelbach","Control","Diptera",NA,8,1,170,"intercept_trap",176955.372871666
"2625","Gaebelbach","Control","Diptera",NA,8,1,170,"intercept_trap",176955.372871666
"2626","Gaebelbach","Control","Diptera",NA,8,1,170,"intercept_trap",176955.372871666
"2627","Gaebelbach","Control","Diptera",NA,8,1,170,"intercept_trap",176955.372871666
"2628","Gaebelbach","Control","Diptera",NA,8,1,170,"intercept_trap",176955.372871666
"2629","Gaebelbach","Control","Diptera",NA,8,1,170,"intercept_trap",176955.372871666
"2630","Gaebelbach","Control","Diptera",NA,8,1,170,"intercept_trap",176955.372871666
"2631","Gaebelbach","Control","Diptera",NA,8,1,170,"intercept_trap",176955.372871666
"2632","Gaebelbach","Control","Diptera",NA,8,1,170,"intercept_trap",176955.372871666
"2633","Gaebelbach","Control","Diptera",NA,8,1,170,"intercept_trap",176955.372871666
"2634","Gaebelbach","Control","Diptera",NA,8,1,170,"intercept_trap",176955.372871666
"2635","Gaebelbach","Control","Diptera",NA,8,1,170,"intercept_trap",176955.372871666
"2636","Gaebelbach","Control","Diptera",NA,8,1,170,"intercept_trap",176955.372871666
"2637","Gaebelbach","Control","Diptera",NA,8,1,170,"intercept_trap",176955.372871666
"2638","Gaebelbach","Control","Diptera",NA,8,1,170,"intercept_trap",176955.372871666
"2639","Gaebelbach","Control","Diptera",NA,8,1,170,"intercept_trap",176955.372871666
"2640","Gaebelbach","Control","Diptera",NA,8,1,170,"intercept_trap",176955.372871666
"2641","Gaebelbach","Control","Diptera",NA,8,1,170,"intercept_trap",176955.372871666
"2642","Gaebelbach","Control","Diptera",NA,8,1,170,"intercept_trap",176955.372871666
"2643","Gaebelbach","Control","Diptera",NA,8,1,170,"intercept_trap",176955.372871666
"2644","Gaebelbach","Control","Diptera",NA,8,1,170,"intercept_trap",176955.372871666
"2645","Gaebelbach","Control","Diptera",NA,8,1,170,"intercept_trap",176955.372871666
"2646","Gaebelbach","Control","Diptera",NA,8,1,170,"intercept_trap",176955.372871666
"2647","Gaebelbach","Control","Diptera",NA,8,1,170,"intercept_trap",176955.372871666
"2648","Gaebelbach","Control","Diptera",NA,8,1,170,"intercept_trap",176955.372871666
"2649","Gaebelbach","Control","Diptera",NA,8,1,170,"intercept_trap",176955.372871666
"2650","Gaebelbach","Control","Diptera",NA,8,1,170,"intercept_trap",176955.372871666
"2651","Gaebelbach","Control","Diptera",NA,8,1,170,"intercept_trap",176955.372871666
"2652","Gaebelbach","Control","Diptera",NA,8,1,170,"intercept_trap",176955.372871666
"2653","Gaebelbach","Control","Diptera",NA,8,1,170,"intercept_trap",176955.372871666
"2654","Gaebelbach","Control","Diptera",NA,8,1,170,"intercept_trap",176955.372871666
"2655","Gaebelbach","Control","Diptera",NA,8,1,170,"intercept_trap",176955.372871666
"2656","Gaebelbach","Control","Diptera",NA,8,1,170,"intercept_trap",176955.372871666
"2657","Gaebelbach","Control","Diptera",NA,8,1,170,"intercept_trap",176955.372871666
"2658","Gaebelbach","Control","Diptera",NA,8,1,170,"intercept_trap",176955.372871666
"2659","Gaebelbach","Control","Diptera",NA,8,1,170,"intercept_trap",176955.372871666
"2660","Gaebelbach","Control","Diptera",NA,8,1,170,"intercept_trap",176955.372871666
"2661","Gaebelbach","Control","Diptera",NA,8,1,170,"intercept_trap",176955.372871666
"2662","Gaebelbach","Control","Diptera",NA,8,1,170,"intercept_trap",176955.372871666
"2663","Gaebelbach","Control","Diptera",NA,8,1,170,"intercept_trap",176955.372871666
"2664","Gaebelbach","Control","Diptera",NA,8,1,170,"intercept_trap",176955.372871666
"2665","Gaebelbach","Control","Diptera",NA,8,1,170,"intercept_trap",176955.372871666
"2666","Gaebelbach","Control","Diptera",NA,8,1,170,"intercept_trap",176955.372871666
"2667","Gaebelbach","Control","Diptera",NA,8,1,170,"intercept_trap",176955.372871666
"2668","Gaebelbach","Control","Diptera",NA,8,1,170,"intercept_trap",176955.372871666
"2669","Gaebelbach","Control","Diptera",NA,8,1,170,"intercept_trap",176955.372871666
"2670","Gaebelbach","Control","Diptera",NA,8,1,170,"intercept_trap",176955.372871666
"2671","Gaebelbach","Control","Diptera",NA,8,1,170,"intercept_trap",176955.372871666
"2672","Gaebelbach","Control","Diptera",NA,8,1,170,"intercept_trap",176955.372871666
"2673","Gaebelbach","Control","Diptera",NA,8,1,170,"intercept_trap",176955.372871666
"2674","Gaebelbach","Control","Diptera",NA,8,1,170,"intercept_trap",176955.372871666
"2675","Gaebelbach","Control","Diptera",NA,8,1,170,"intercept_trap",176955.372871666
"2676","Gaebelbach","Control","Diptera",NA,8,1,170,"intercept_trap",176955.372871666
"2677","Gaebelbach","Control","Diptera",NA,8,1,170,"intercept_trap",176955.372871666
"2678","Gaebelbach","Control","Diptera",NA,8,1,170,"intercept_trap",176955.372871666
"2679","Gaebelbach","Control","Diptera",NA,8,1,170,"intercept_trap",176955.372871666
"2680","Gaebelbach","Control","Diptera",NA,8,1,170,"intercept_trap",176955.372871666
"2681","Gaebelbach","Control","Diptera",NA,8,1,170,"intercept_trap",176955.372871666
"2682","Gaebelbach","Control","Diptera",NA,9,1,170,"intercept_trap",176955.372871666
"2683","Gaebelbach","Control","Diptera",NA,9,1,170,"intercept_trap",176955.372871666
"2684","Gaebelbach","Control","Diptera",NA,9,1,170,"intercept_trap",176955.372871666
"2685","Gaebelbach","Control","Diptera",NA,9,1,170,"intercept_trap",176955.372871666
"2686","Gaebelbach","Control","Diptera",NA,9,1,170,"intercept_trap",176955.372871666
"2687","Gaebelbach","Control","Diptera",NA,9,1,170,"intercept_trap",176955.372871666
"2688","Gaebelbach","Control","Diptera",NA,9,1,170,"intercept_trap",176955.372871666
"2689","Gaebelbach","Control","Diptera",NA,9,1,170,"intercept_trap",176955.372871666
"2690","Gaebelbach","Control","Diptera",NA,9,1,170,"intercept_trap",176955.372871666
"2691","Gaebelbach","Control","Diptera",NA,9,1,170,"intercept_trap",176955.372871666
"2692","Gaebelbach","Control","Diptera",NA,9,1,170,"intercept_trap",176955.372871666
"2693","Gaebelbach","Control","Diptera",NA,9,1,170,"intercept_trap",176955.372871666
"2694","Gaebelbach","Control","Diptera",NA,9,1,170,"intercept_trap",176955.372871666
"2695","Gaebelbach","Control","Diptera",NA,10,1,170,"intercept_trap",176955.372871666
"2696","Gaebelbach","Control","Diptera",NA,10,1,170,"intercept_trap",176955.372871666
"2697","Gaebelbach","Control","Diptera",NA,10,1,170,"intercept_trap",176955.372871666
"2698","Gaebelbach","Control","Diptera",NA,10,1,170,"intercept_trap",176955.372871666
"2699","Gaebelbach","Control","Diptera",NA,10,1,170,"intercept_trap",176955.372871666
"2700","Gaebelbach","Control","Diptera",NA,10,1,170,"intercept_trap",176955.372871666
"2701","Gaebelbach","Control","Diptera",NA,10,1,170,"intercept_trap",176955.372871666
"2702","Gaebelbach","Control","Diptera",NA,10,1,170,"intercept_trap",176955.372871666
"2703","Gaebelbach","Control","Diptera",NA,10,1,170,"intercept_trap",176955.372871666
"2704","Gaebelbach","Control","Diptera",NA,10,1,170,"intercept_trap",176955.372871666
"2705","Gaebelbach","Control","Diptera",NA,10,1,170,"intercept_trap",176955.372871666
"2706","Gaebelbach","Control","Diptera",NA,10,1,170,"intercept_trap",176955.372871666
"2707","Gaebelbach","Control","Diptera",NA,11,1,170,"intercept_trap",176955.372871666
"2708","Gaebelbach","Control","Diptera",NA,11,1,170,"intercept_trap",176955.372871666
"2709","Gaebelbach","Control","Diptera",NA,11,1,170,"intercept_trap",176955.372871666
"2710","Gaebelbach","Control","Diptera",NA,11,1,170,"intercept_trap",176955.372871666
"2711","Gaebelbach","Control","Diptera",NA,11,1,170,"intercept_trap",176955.372871666
"2712","Gaebelbach","Control","Diptera",NA,11,1,170,"intercept_trap",176955.372871666
"2713","Gaebelbach","Control","Diptera",NA,11,1,170,"intercept_trap",176955.372871666
"2714","Gaebelbach","Control","Diptera",NA,12,1,170,"intercept_trap",176955.372871666
"2715","Gaebelbach","Control","Diptera",NA,12,1,170,"intercept_trap",176955.372871666
"2716","Gaebelbach","Control","Diptera",NA,12,1,170,"intercept_trap",176955.372871666
"2717","Gaebelbach","Control","Diptera",NA,12,1,170,"intercept_trap",176955.372871666
"2718","Gaebelbach","Control","Diptera",NA,12,1,170,"intercept_trap",176955.372871666
"2719","Gaebelbach","Control","Diptera",NA,12,1,170,"intercept_trap",176955.372871666
"2720","Gaebelbach","Control","Diptera",NA,12,1,170,"intercept_trap",176955.372871666
"2721","Gaebelbach","Control","Diptera",NA,12,1,170,"intercept_trap",176955.372871666
"2722","Gaebelbach","Control","Diptera",NA,12,1,170,"intercept_trap",176955.372871666
"2723","Gaebelbach","Control","Diptera",NA,13,1,170,"intercept_trap",176955.372871666
"2724","Gaebelbach","Control","Diptera",NA,13,1,170,"intercept_trap",176955.372871666
"2725","Gaebelbach","Control","Diptera",NA,13,1,170,"intercept_trap",176955.372871666
"2726","Gaebelbach","Control","Diptera",NA,13,1,170,"intercept_trap",176955.372871666
"2727","Gaebelbach","Control","Diptera",NA,13,1,170,"intercept_trap",176955.372871666
"2728","Gaebelbach","Control","Diptera",NA,13,1,170,"intercept_trap",176955.372871666
"2729","Gaebelbach","Control","Diptera",NA,13,1,170,"intercept_trap",176955.372871666
"2730","Gaebelbach","Control","Diptera",NA,13,1,170,"intercept_trap",176955.372871666
"2731","Gaebelbach","Control","Diptera",NA,13,1,170,"intercept_trap",176955.372871666
"2732","Gaebelbach","Control","Diptera",NA,14,1,170,"intercept_trap",176955.372871666
"2733","Gaebelbach","Control","Diptera",NA,1,1,170,"intercept_trap",176955.372871666
"2734","Gaebelbach","Control","Diptera",NA,1,1,170,"intercept_trap",176955.372871666
"2735","Gaebelbach","Control","Diptera",NA,1,1,170,"intercept_trap",176955.372871666
"2736","Gaebelbach","Control","Diptera",NA,1,1,170,"intercept_trap",176955.372871666
"2737","Gaebelbach","Control","Diptera",NA,1,1,170,"intercept_trap",176955.372871666
"2738","Gaebelbach","Control","Diptera",NA,1,1,170,"intercept_trap",176955.372871666
"2739","Gaebelbach","Control","Diptera",NA,1,1,170,"intercept_trap",176955.372871666
"2740","Gaebelbach","Control","Diptera",NA,2,1,170,"intercept_trap",176955.372871666
"2741","Gaebelbach","Control","Diptera",NA,2,1,170,"intercept_trap",176955.372871666
"2742","Gaebelbach","Control","Diptera",NA,2,1,170,"intercept_trap",176955.372871666
"2743","Gaebelbach","Control","Diptera",NA,2,1,170,"intercept_trap",176955.372871666
"2744","Gaebelbach","Control","Diptera",NA,2,1,170,"intercept_trap",176955.372871666
"2745","Gaebelbach","Control","Diptera",NA,2,1,170,"intercept_trap",176955.372871666
"2746","Gaebelbach","Control","Diptera",NA,2,1,170,"intercept_trap",176955.372871666
"2747","Gaebelbach","Control","Diptera",NA,2,1,170,"intercept_trap",176955.372871666
"2748","Gaebelbach","Control","Diptera",NA,2,1,170,"intercept_trap",176955.372871666
"2749","Gaebelbach","Control","Diptera",NA,2,1,170,"intercept_trap",176955.372871666
"2750","Gaebelbach","Control","Diptera",NA,2,1,170,"intercept_trap",176955.372871666
"2751","Gaebelbach","Control","Diptera",NA,2,1,170,"intercept_trap",176955.372871666
"2752","Gaebelbach","Control","Diptera",NA,2,1,170,"intercept_trap",176955.372871666
"2753","Gaebelbach","Control","Diptera",NA,2,1,170,"intercept_trap",176955.372871666
"2754","Gaebelbach","Control","Diptera",NA,2,1,170,"intercept_trap",176955.372871666
"2755","Gaebelbach","Control","Diptera",NA,2,1,170,"intercept_trap",176955.372871666
"2756","Gaebelbach","Control","Diptera",NA,2,1,170,"intercept_trap",176955.372871666
"2757","Gaebelbach","Control","Diptera",NA,2,1,170,"intercept_trap",176955.372871666
"2758","Gaebelbach","Control","Diptera",NA,2,1,170,"intercept_trap",176955.372871666
"2759","Gaebelbach","Control","Diptera",NA,2,1,170,"intercept_trap",176955.372871666
"2760","Gaebelbach","Control","Diptera",NA,2,1,170,"intercept_trap",176955.372871666
"2761","Gaebelbach","Control","Diptera",NA,2,1,170,"intercept_trap",176955.372871666
"2762","Gaebelbach","Control","Diptera",NA,2,1,170,"intercept_trap",176955.372871666
"2763","Gaebelbach","Control","Diptera",NA,2,1,170,"intercept_trap",176955.372871666
"2764","Gaebelbach","Control","Diptera",NA,2,1,170,"intercept_trap",176955.372871666
"2765","Gaebelbach","Control","Diptera",NA,2,1,170,"intercept_trap",176955.372871666
"2766","Gaebelbach","Control","Diptera",NA,2,1,170,"intercept_trap",176955.372871666
"2767","Gaebelbach","Control","Diptera",NA,2,1,170,"intercept_trap",176955.372871666
"2768","Gaebelbach","Control","Diptera",NA,2,1,170,"intercept_trap",176955.372871666
"2769","Gaebelbach","Control","Diptera",NA,2,1,170,"intercept_trap",176955.372871666
"2770","Gaebelbach","Control","Diptera",NA,2,1,170,"intercept_trap",176955.372871666
"2771","Gaebelbach","Control","Diptera",NA,2,1,170,"intercept_trap",176955.372871666
"2772","Gaebelbach","Control","Diptera",NA,2,1,170,"intercept_trap",176955.372871666
"2773","Gaebelbach","Control","Diptera",NA,2,1,170,"intercept_trap",176955.372871666
"2774","Gaebelbach","Control","Diptera",NA,2,1,170,"intercept_trap",176955.372871666
"2775","Gaebelbach","Control","Diptera",NA,3,1,170,"intercept_trap",176955.372871666
"2776","Gaebelbach","Control","Diptera",NA,3,1,170,"intercept_trap",176955.372871666
"2777","Gaebelbach","Control","Diptera",NA,3,1,170,"intercept_trap",176955.372871666
"2778","Gaebelbach","Control","Diptera",NA,3,1,170,"intercept_trap",176955.372871666
"2779","Gaebelbach","Control","Diptera",NA,3,1,170,"intercept_trap",176955.372871666
"2780","Gaebelbach","Control","Diptera",NA,3,1,170,"intercept_trap",176955.372871666
"2781","Gaebelbach","Control","Diptera",NA,3,1,170,"intercept_trap",176955.372871666
"2782","Gaebelbach","Control","Diptera",NA,3,1,170,"intercept_trap",176955.372871666
"2783","Gaebelbach","Control","Diptera",NA,3,1,170,"intercept_trap",176955.372871666
"2784","Gaebelbach","Control","Diptera",NA,4,1,170,"intercept_trap",176955.372871666
"2785","Gaebelbach","Control","Diptera",NA,4,1,170,"intercept_trap",176955.372871666
"2786","Gaebelbach","Control","Diptera",NA,5,1,170,"intercept_trap",176955.372871666
"2787","Gaebelbach","Control","Diptera",NA,5,1,170,"intercept_trap",176955.372871666
"2788","Gaebelbach","Control","Diptera",NA,5,1,170,"intercept_trap",176955.372871666
"2789","Gaebelbach","Control","Diptera",NA,5,1,170,"intercept_trap",176955.372871666
"2790","Gaebelbach","Control","Ephemeroptera",NA,4,1,170,"intercept_trap",176955.372871666
"2791","Gaebelbach","Control","Hemiptera",NA,3,1,170,"intercept_trap",176955.372871666
"2792","Gaebelbach","Control","Hemiptera",NA,5,1,170,"intercept_trap",176955.372871666
"2793","Gaebelbach","Control","Hymenoptera","Vespidae",12,1,170,"intercept_trap",176955.372871666
"2794","Gaebelbach","Control","Hymenoptera","Vespidae",12,1,170,"intercept_trap",176955.372871666
"2795","Gaebelbach","Control","Hymenoptera","Vespidae",12,1,170,"intercept_trap",176955.372871666
"2796","Gaebelbach","Control","Hymenoptera","Vespidae",12,1,170,"intercept_trap",176955.372871666
"2797","Gaebelbach","Control","Hymenoptera","Vespidae",13,1,170,"intercept_trap",176955.372871666
"2798","Gaebelbach","Control","Hymenoptera","Vespidae",13,1,170,"intercept_trap",176955.372871666
"2799","Gaebelbach","Control","Hymenoptera","Vespidae",13,1,170,"intercept_trap",176955.372871666
"2800","Gaebelbach","Control","Hymenoptera","Vespidae",13,1,170,"intercept_trap",176955.372871666
"2801","Gaebelbach","Control","Hymenoptera","Vespidae",13,1,170,"intercept_trap",176955.372871666
"2802","Gaebelbach","Control","Hymenoptera","Vespidae",13,1,170,"intercept_trap",176955.372871666
"2803","Gaebelbach","Control","Hymenoptera","Vespidae",13,1,170,"intercept_trap",176955.372871666
"2804","Gaebelbach","Control","Hymenoptera","Vespidae",13,1,170,"intercept_trap",176955.372871666
"2805","Gaebelbach","Control","Hymenoptera","Vespidae",13,1,170,"intercept_trap",176955.372871666
"2806","Gaebelbach","Control","Hymenoptera","Vespidae",14,1,170,"intercept_trap",176955.372871666
"2807","Gaebelbach","Control","Hymenoptera","Vespidae",14,1,170,"intercept_trap",176955.372871666
"2808","Gaebelbach","Control","Hymenoptera","Vespidae",14,1,170,"intercept_trap",176955.372871666
"2809","Gaebelbach","Control","Hymenoptera","Vespidae",14,1,170,"intercept_trap",176955.372871666
"2810","Gaebelbach","Control","Hymenoptera","Vespidae",14,1,170,"intercept_trap",176955.372871666
"2811","Gaebelbach","Control","Hymenoptera","Vespidae",14,1,170,"intercept_trap",176955.372871666
"2812","Gaebelbach","Control","Hymenoptera","Vespidae",14,1,170,"intercept_trap",176955.372871666
"2813","Gaebelbach","Control","Hymenoptera","Vespidae",14,1,170,"intercept_trap",176955.372871666
"2814","Gaebelbach","Control","Hymenoptera","Vespidae",14,1,170,"intercept_trap",176955.372871666
"2815","Gaebelbach","Control","Hymenoptera","Vespidae",14,1,170,"intercept_trap",176955.372871666
"2816","Gaebelbach","Control","Hymenoptera","Vespidae",15,1,170,"intercept_trap",176955.372871666
"2817","Gaebelbach","Control","Hymenoptera",NA,1,1,170,"intercept_trap",176955.372871666
"2818","Gaebelbach","Control","Hymenoptera",NA,1,1,170,"intercept_trap",176955.372871666
"2819","Gaebelbach","Control","Hymenoptera",NA,1,1,170,"intercept_trap",176955.372871666
"2820","Gaebelbach","Control","Hymenoptera",NA,1,1,170,"intercept_trap",176955.372871666
"2821","Gaebelbach","Control","Hymenoptera",NA,1,1,170,"intercept_trap",176955.372871666
"2822","Gaebelbach","Control","Hymenoptera",NA,1,1,170,"intercept_trap",176955.372871666
"2823","Gaebelbach","Control","Hymenoptera",NA,1,1,170,"intercept_trap",176955.372871666
"2824","Gaebelbach","Control","Hymenoptera",NA,1,1,170,"intercept_trap",176955.372871666
"2825","Gaebelbach","Control","Hymenoptera",NA,1,1,170,"intercept_trap",176955.372871666
"2826","Gaebelbach","Control","Hymenoptera",NA,1,1,170,"intercept_trap",176955.372871666
"2827","Gaebelbach","Control","Hymenoptera",NA,1,1,170,"intercept_trap",176955.372871666
"2828","Gaebelbach","Control","Hymenoptera",NA,1,1,170,"intercept_trap",176955.372871666
"2829","Gaebelbach","Control","Hymenoptera",NA,1,1,170,"intercept_trap",176955.372871666
"2830","Gaebelbach","Control","Hymenoptera",NA,1,1,170,"intercept_trap",176955.372871666
"2831","Gaebelbach","Control","Hymenoptera",NA,2,1,170,"intercept_trap",176955.372871666
"2832","Gaebelbach","Control","Hymenoptera",NA,2,1,170,"intercept_trap",176955.372871666
"2833","Gaebelbach","Control","Hymenoptera",NA,2,1,170,"intercept_trap",176955.372871666
"2834","Gaebelbach","Control","Hymenoptera",NA,2,1,170,"intercept_trap",176955.372871666
"2835","Gaebelbach","Control","Hymenoptera",NA,2,1,170,"intercept_trap",176955.372871666
"2836","Gaebelbach","Control","Hymenoptera",NA,2,1,170,"intercept_trap",176955.372871666
"2837","Gaebelbach","Control","Hymenoptera",NA,10,1,170,"intercept_trap",176955.372871666
"2838","Gaebelbach","Control","Lepidoptera",NA,8,1,170,"intercept_trap",176955.372871666
"2839","Gaebelbach","Control","Lepidoptera",NA,16,1,170,"intercept_trap",176955.372871666
"2840","Gaebelbach","Control","Lepidoptera",NA,17,1,170,"intercept_trap",176955.372871666
"2841","Gaebelbach","Control","Lepidoptera",NA,22,1,170,"intercept_trap",176955.372871666
"2842","Gaebelbach","Control","Neuroptera",NA,10,1,170,"intercept_trap",176955.372871666
"2843","Gaebelbach","Control","Psocoptera",NA,2,1,170,"intercept_trap",176955.372871666
"2844","Gaebelbach","Pool","Araneae",NA,1,1,170,"intercept_trap",176955.372871666
"2845","Gaebelbach","Pool","Araneae",NA,1,1,170,"intercept_trap",176955.372871666
"2846","Gaebelbach","Pool","Araneae",NA,2,1,170,"intercept_trap",176955.372871666
"2847","Gaebelbach","Pool","Araneae",NA,3,1,170,"intercept_trap",176955.372871666
"2848","Gaebelbach","Pool","Coleoptera","Curculionidae",2,1,170,"intercept_trap",176955.372871666
"2849","Gaebelbach","Pool","Coleoptera","Curculionidae",3,1,170,"intercept_trap",176955.372871666
"2850","Gaebelbach","Pool","Coleoptera","Chrysomelidae",5,1,170,"intercept_trap",176955.372871666
"2851","Gaebelbach","Pool","Coleoptera","Mordellidae",3,1,170,"intercept_trap",176955.372871666
"2852","Gaebelbach","Pool","Coleoptera","Scirtidae",2,1,170,"intercept_trap",176955.372871666
"2853","Gaebelbach","Pool","Coleoptera","Staphylinidae",3,1,170,"intercept_trap",176955.372871666
"2854","Gaebelbach","Pool","Coleoptera","Staphylinidae",3,1,170,"intercept_trap",176955.372871666
"2855","Gaebelbach","Pool","Coleoptera","Staphylinidae",4,1,170,"intercept_trap",176955.372871666
"2856","Gaebelbach","Pool","Coleoptera","Staphylinidae",4,1,170,"intercept_trap",176955.372871666
"2857","Gaebelbach","Pool","Coleoptera",NA,1,1,170,"intercept_trap",176955.372871666
"2858","Gaebelbach","Pool","Coleoptera",NA,2,1,170,"intercept_trap",176955.372871666
"2859","Gaebelbach","Pool","Coleoptera",NA,3,1,170,"intercept_trap",176955.372871666
"2860","Gaebelbach","Pool","Coleoptera",NA,16,1,170,"intercept_trap",176955.372871666
"2861","Gaebelbach","Pool","Dermaptera",NA,15,1,170,"intercept_trap",176955.372871666
"2862","Gaebelbach","Pool","Diptera",NA,2,1,170,"intercept_trap",176955.372871666
"2863","Gaebelbach","Pool","Diptera",NA,2,1,170,"intercept_trap",176955.372871666
"2864","Gaebelbach","Pool","Diptera",NA,3,1,170,"intercept_trap",176955.372871666
"2865","Gaebelbach","Pool","Diptera",NA,3,1,170,"intercept_trap",176955.372871666
"2866","Gaebelbach","Pool","Diptera",NA,4,1,170,"intercept_trap",176955.372871666
"2867","Gaebelbach","Pool","Diptera",NA,4,1,170,"intercept_trap",176955.372871666
"2868","Gaebelbach","Pool","Diptera",NA,5,1,170,"intercept_trap",176955.372871666
"2869","Gaebelbach","Pool","Diptera",NA,5,1,170,"intercept_trap",176955.372871666
"2870","Gaebelbach","Pool","Diptera",NA,5,1,170,"intercept_trap",176955.372871666
"2871","Gaebelbach","Pool","Diptera",NA,5,1,170,"intercept_trap",176955.372871666
"2872","Gaebelbach","Pool","Diptera",NA,5,1,170,"intercept_trap",176955.372871666
"2873","Gaebelbach","Pool","Diptera",NA,6,1,170,"intercept_trap",176955.372871666
"2874","Gaebelbach","Pool","Diptera",NA,6,1,170,"intercept_trap",176955.372871666
"2875","Gaebelbach","Pool","Diptera",NA,6,1,170,"intercept_trap",176955.372871666
"2876","Gaebelbach","Pool","Diptera",NA,6,1,170,"intercept_trap",176955.372871666
"2877","Gaebelbach","Pool","Diptera",NA,6,1,170,"intercept_trap",176955.372871666
"2878","Gaebelbach","Pool","Diptera",NA,7,1,170,"intercept_trap",176955.372871666
"2879","Gaebelbach","Pool","Diptera",NA,7,1,170,"intercept_trap",176955.372871666
"2880","Gaebelbach","Pool","Diptera",NA,7,1,170,"intercept_trap",176955.372871666
"2881","Gaebelbach","Pool","Diptera",NA,7,1,170,"intercept_trap",176955.372871666
"2882","Gaebelbach","Pool","Diptera",NA,7,1,170,"intercept_trap",176955.372871666
"2883","Gaebelbach","Pool","Diptera",NA,7,1,170,"intercept_trap",176955.372871666
"2884","Gaebelbach","Pool","Diptera",NA,7,1,170,"intercept_trap",176955.372871666
"2885","Gaebelbach","Pool","Diptera",NA,7,1,170,"intercept_trap",176955.372871666
"2886","Gaebelbach","Pool","Diptera",NA,7,1,170,"intercept_trap",176955.372871666
"2887","Gaebelbach","Pool","Diptera",NA,7,1,170,"intercept_trap",176955.372871666
"2888","Gaebelbach","Pool","Diptera",NA,7,1,170,"intercept_trap",176955.372871666
"2889","Gaebelbach","Pool","Diptera",NA,7,1,170,"intercept_trap",176955.372871666
"2890","Gaebelbach","Pool","Diptera",NA,7,1,170,"intercept_trap",176955.372871666
"2891","Gaebelbach","Pool","Diptera",NA,7,1,170,"intercept_trap",176955.372871666
"2892","Gaebelbach","Pool","Diptera",NA,7,1,170,"intercept_trap",176955.372871666
"2893","Gaebelbach","Pool","Diptera",NA,7,1,170,"intercept_trap",176955.372871666
"2894","Gaebelbach","Pool","Diptera",NA,7,1,170,"intercept_trap",176955.372871666
"2895","Gaebelbach","Pool","Diptera",NA,7,1,170,"intercept_trap",176955.372871666
"2896","Gaebelbach","Pool","Diptera",NA,8,1,170,"intercept_trap",176955.372871666
"2897","Gaebelbach","Pool","Diptera",NA,8,1,170,"intercept_trap",176955.372871666
"2898","Gaebelbach","Pool","Diptera",NA,8,1,170,"intercept_trap",176955.372871666
"2899","Gaebelbach","Pool","Diptera",NA,8,1,170,"intercept_trap",176955.372871666
"2900","Gaebelbach","Pool","Diptera",NA,8,1,170,"intercept_trap",176955.372871666
"2901","Gaebelbach","Pool","Diptera",NA,8,1,170,"intercept_trap",176955.372871666
"2902","Gaebelbach","Pool","Diptera",NA,8,1,170,"intercept_trap",176955.372871666
"2903","Gaebelbach","Pool","Diptera",NA,8,1,170,"intercept_trap",176955.372871666
"2904","Gaebelbach","Pool","Diptera",NA,8,1,170,"intercept_trap",176955.372871666
"2905","Gaebelbach","Pool","Diptera",NA,8,1,170,"intercept_trap",176955.372871666
"2906","Gaebelbach","Pool","Diptera",NA,8,1,170,"intercept_trap",176955.372871666
"2907","Gaebelbach","Pool","Diptera",NA,9,1,170,"intercept_trap",176955.372871666
"2908","Gaebelbach","Pool","Diptera",NA,9,1,170,"intercept_trap",176955.372871666
"2909","Gaebelbach","Pool","Diptera",NA,9,1,170,"intercept_trap",176955.372871666
"2910","Gaebelbach","Pool","Diptera",NA,9,1,170,"intercept_trap",176955.372871666
"2911","Gaebelbach","Pool","Diptera",NA,9,1,170,"intercept_trap",176955.372871666
"2912","Gaebelbach","Pool","Diptera",NA,10,1,170,"intercept_trap",176955.372871666
"2913","Gaebelbach","Pool","Diptera",NA,10,1,170,"intercept_trap",176955.372871666
"2914","Gaebelbach","Pool","Diptera",NA,11,1,170,"intercept_trap",176955.372871666
"2915","Gaebelbach","Pool","Diptera",NA,11,1,170,"intercept_trap",176955.372871666
"2916","Gaebelbach","Pool","Diptera",NA,1,1,170,"intercept_trap",176955.372871666
"2917","Gaebelbach","Pool","Diptera",NA,1,1,170,"intercept_trap",176955.372871666
"2918","Gaebelbach","Pool","Diptera",NA,1,1,170,"intercept_trap",176955.372871666
"2919","Gaebelbach","Pool","Diptera",NA,1,1,170,"intercept_trap",176955.372871666
"2920","Gaebelbach","Pool","Diptera",NA,1,1,170,"intercept_trap",176955.372871666
"2921","Gaebelbach","Pool","Diptera",NA,1,1,170,"intercept_trap",176955.372871666
"2922","Gaebelbach","Pool","Diptera",NA,1,1,170,"intercept_trap",176955.372871666
"2923","Gaebelbach","Pool","Diptera",NA,1,1,170,"intercept_trap",176955.372871666
"2924","Gaebelbach","Pool","Diptera",NA,1,1,170,"intercept_trap",176955.372871666
"2925","Gaebelbach","Pool","Diptera",NA,2,1,170,"intercept_trap",176955.372871666
"2926","Gaebelbach","Pool","Diptera",NA,2,1,170,"intercept_trap",176955.372871666
"2927","Gaebelbach","Pool","Diptera",NA,2,1,170,"intercept_trap",176955.372871666
"2928","Gaebelbach","Pool","Diptera",NA,2,1,170,"intercept_trap",176955.372871666
"2929","Gaebelbach","Pool","Diptera",NA,2,1,170,"intercept_trap",176955.372871666
"2930","Gaebelbach","Pool","Diptera",NA,2,1,170,"intercept_trap",176955.372871666
"2931","Gaebelbach","Pool","Diptera",NA,2,1,170,"intercept_trap",176955.372871666
"2932","Gaebelbach","Pool","Diptera",NA,2,1,170,"intercept_trap",176955.372871666
"2933","Gaebelbach","Pool","Diptera",NA,2,1,170,"intercept_trap",176955.372871666
"2934","Gaebelbach","Pool","Diptera",NA,2,1,170,"intercept_trap",176955.372871666
"2935","Gaebelbach","Pool","Diptera",NA,2,1,170,"intercept_trap",176955.372871666
"2936","Gaebelbach","Pool","Diptera",NA,2,1,170,"intercept_trap",176955.372871666
"2937","Gaebelbach","Pool","Diptera",NA,2,1,170,"intercept_trap",176955.372871666
"2938","Gaebelbach","Pool","Diptera",NA,2,1,170,"intercept_trap",176955.372871666
"2939","Gaebelbach","Pool","Diptera",NA,2,1,170,"intercept_trap",176955.372871666
"2940","Gaebelbach","Pool","Diptera",NA,2,1,170,"intercept_trap",176955.372871666
"2941","Gaebelbach","Pool","Diptera",NA,2,1,170,"intercept_trap",176955.372871666
"2942","Gaebelbach","Pool","Diptera",NA,2,1,170,"intercept_trap",176955.372871666
"2943","Gaebelbach","Pool","Diptera",NA,2,1,170,"intercept_trap",176955.372871666
"2944","Gaebelbach","Pool","Diptera",NA,2,1,170,"intercept_trap",176955.372871666
"2945","Gaebelbach","Pool","Diptera",NA,2,1,170,"intercept_trap",176955.372871666
"2946","Gaebelbach","Pool","Diptera",NA,2,1,170,"intercept_trap",176955.372871666
"2947","Gaebelbach","Pool","Diptera",NA,2,1,170,"intercept_trap",176955.372871666
"2948","Gaebelbach","Pool","Diptera",NA,2,1,170,"intercept_trap",176955.372871666
"2949","Gaebelbach","Pool","Diptera",NA,2,1,170,"intercept_trap",176955.372871666
"2950","Gaebelbach","Pool","Diptera",NA,2,1,170,"intercept_trap",176955.372871666
"2951","Gaebelbach","Pool","Diptera",NA,2,1,170,"intercept_trap",176955.372871666
"2952","Gaebelbach","Pool","Diptera",NA,2,1,170,"intercept_trap",176955.372871666
"2953","Gaebelbach","Pool","Diptera",NA,2,1,170,"intercept_trap",176955.372871666
"2954","Gaebelbach","Pool","Diptera",NA,2,1,170,"intercept_trap",176955.372871666
"2955","Gaebelbach","Pool","Diptera",NA,2,1,170,"intercept_trap",176955.372871666
"2956","Gaebelbach","Pool","Diptera",NA,2,1,170,"intercept_trap",176955.372871666
"2957","Gaebelbach","Pool","Diptera",NA,2,1,170,"intercept_trap",176955.372871666
"2958","Gaebelbach","Pool","Diptera",NA,2,1,170,"intercept_trap",176955.372871666
"2959","Gaebelbach","Pool","Diptera",NA,2,1,170,"intercept_trap",176955.372871666
"2960","Gaebelbach","Pool","Diptera",NA,2,1,170,"intercept_trap",176955.372871666
"2961","Gaebelbach","Pool","Diptera",NA,2,1,170,"intercept_trap",176955.372871666
"2962","Gaebelbach","Pool","Diptera",NA,2,1,170,"intercept_trap",176955.372871666
"2963","Gaebelbach","Pool","Diptera",NA,2,1,170,"intercept_trap",176955.372871666
"2964","Gaebelbach","Pool","Diptera",NA,2,1,170,"intercept_trap",176955.372871666
"2965","Gaebelbach","Pool","Diptera",NA,2,1,170,"intercept_trap",176955.372871666
"2966","Gaebelbach","Pool","Diptera",NA,2,1,170,"intercept_trap",176955.372871666
"2967","Gaebelbach","Pool","Diptera",NA,2,1,170,"intercept_trap",176955.372871666
"2968","Gaebelbach","Pool","Diptera",NA,2,1,170,"intercept_trap",176955.372871666
"2969","Gaebelbach","Pool","Diptera",NA,2,1,170,"intercept_trap",176955.372871666
"2970","Gaebelbach","Pool","Diptera",NA,2,1,170,"intercept_trap",176955.372871666
"2971","Gaebelbach","Pool","Diptera",NA,2,1,170,"intercept_trap",176955.372871666
"2972","Gaebelbach","Pool","Diptera",NA,2,1,170,"intercept_trap",176955.372871666
"2973","Gaebelbach","Pool","Diptera",NA,2,1,170,"intercept_trap",176955.372871666
"2974","Gaebelbach","Pool","Diptera",NA,2,1,170,"intercept_trap",176955.372871666
"2975","Gaebelbach","Pool","Diptera",NA,2,1,170,"intercept_trap",176955.372871666
"2976","Gaebelbach","Pool","Diptera",NA,2,1,170,"intercept_trap",176955.372871666
"2977","Gaebelbach","Pool","Diptera",NA,2,1,170,"intercept_trap",176955.372871666
"2978","Gaebelbach","Pool","Diptera",NA,2,1,170,"intercept_trap",176955.372871666
"2979","Gaebelbach","Pool","Diptera",NA,2,1,170,"intercept_trap",176955.372871666
"2980","Gaebelbach","Pool","Diptera",NA,2,1,170,"intercept_trap",176955.372871666
"2981","Gaebelbach","Pool","Diptera",NA,2,1,170,"intercept_trap",176955.372871666
"2982","Gaebelbach","Pool","Diptera",NA,3,1,170,"intercept_trap",176955.372871666
"2983","Gaebelbach","Pool","Diptera",NA,3,1,170,"intercept_trap",176955.372871666
"2984","Gaebelbach","Pool","Diptera",NA,3,1,170,"intercept_trap",176955.372871666
"2985","Gaebelbach","Pool","Diptera",NA,3,1,170,"intercept_trap",176955.372871666
"2986","Gaebelbach","Pool","Diptera",NA,3,1,170,"intercept_trap",176955.372871666
"2987","Gaebelbach","Pool","Diptera",NA,3,1,170,"intercept_trap",176955.372871666
"2988","Gaebelbach","Pool","Diptera",NA,4,1,170,"intercept_trap",176955.372871666
"2989","Gaebelbach","Pool","Diptera",NA,4,1,170,"intercept_trap",176955.372871666
"2990","Gaebelbach","Pool","Diptera",NA,4,1,170,"intercept_trap",176955.372871666
"2991","Gaebelbach","Pool","Diptera",NA,4,1,170,"intercept_trap",176955.372871666
"2992","Gaebelbach","Pool","Diptera",NA,4,1,170,"intercept_trap",176955.372871666
"2993","Gaebelbach","Pool","Diptera",NA,4,1,170,"intercept_trap",176955.372871666
"2994","Gaebelbach","Pool","Diptera",NA,4,1,170,"intercept_trap",176955.372871666
"2995","Gaebelbach","Pool","Diptera",NA,4,1,170,"intercept_trap",176955.372871666
"2996","Gaebelbach","Pool","Diptera",NA,4,1,170,"intercept_trap",176955.372871666
"2997","Gaebelbach","Pool","Diptera",NA,5,1,170,"intercept_trap",176955.372871666
"2998","Gaebelbach","Pool","Diptera",NA,5,1,170,"intercept_trap",176955.372871666
"2999","Gaebelbach","Pool","Diptera",NA,6,1,170,"intercept_trap",176955.372871666
"3000","Gaebelbach","Pool","Diptera",NA,7,1,170,"intercept_trap",176955.372871666
"3001","Gaebelbach","Pool","Diptera",NA,8,1,170,"intercept_trap",176955.372871666
"3002","Gaebelbach","Pool","Hemiptera",NA,8,1,170,"intercept_trap",176955.372871666
"3003","Gaebelbach","Pool","Hemiptera",NA,8,1,170,"intercept_trap",176955.372871666
"3004","Gaebelbach","Pool","Hymenoptera","Formicidae",4,1,170,"intercept_trap",176955.372871666
"3005","Gaebelbach","Pool","Hymenoptera",NA,1,1,170,"intercept_trap",176955.372871666
"3006","Gaebelbach","Pool","Hymenoptera",NA,1,1,170,"intercept_trap",176955.372871666
"3007","Gaebelbach","Pool","Hymenoptera",NA,1,1,170,"intercept_trap",176955.372871666
"3008","Gaebelbach","Pool","Hymenoptera",NA,1,1,170,"intercept_trap",176955.372871666
"3009","Gaebelbach","Pool","Hymenoptera",NA,2,1,170,"intercept_trap",176955.372871666
"3010","Gaebelbach","Pool","Hymenoptera",NA,2,1,170,"intercept_trap",176955.372871666
"3011","Gaebelbach","Pool","Hymenoptera",NA,2,1,170,"intercept_trap",176955.372871666
"3012","Gaebelbach","Pool","Hymenoptera",NA,3,1,170,"intercept_trap",176955.372871666
"3013","Gaebelbach","Pool","Hymenoptera",NA,4,1,170,"intercept_trap",176955.372871666
"3014","Gaebelbach","Pool","Hymenoptera",NA,5,1,170,"intercept_trap",176955.372871666
"3015","Gaebelbach","Pool","Hymenoptera",NA,5,1,170,"intercept_trap",176955.372871666
"3016","Gaebelbach","Pool","Hymenoptera",NA,5,1,170,"intercept_trap",176955.372871666
"3017","Gaebelbach","Pool","Hymenoptera",NA,12,1,170,"intercept_trap",176955.372871666
"3018","Gaebelbach","Pool","Hymenoptera",NA,13,1,170,"intercept_trap",176955.372871666
"3019","Gaebelbach","Pool","Hymenoptera",NA,13,1,170,"intercept_trap",176955.372871666
"3020","Gaebelbach","Pool","Hymenoptera",NA,13,1,170,"intercept_trap",176955.372871666
"3021","Gaebelbach","Pool","Lepidoptera",NA,3,1,170,"intercept_trap",176955.372871666
"3022","Gaebelbach","Pool","Lepidoptera",NA,23,1,170,"intercept_trap",176955.372871666
"3023","Gaebelbach","Pool","Lepidoptera",NA,25,1,170,"intercept_trap",176955.372871666
"3024","Gaebelbach","Pool","Neuroptera",NA,8,1,170,"intercept_trap",176955.372871666
"3025","Gaebelbach","Pool",NA,NA,8,1,170,"intercept_trap",176955.372871666
"3026","Haslibach","Control","Araneae",NA,4,3,1549,"intercept_trap",21004.7582029159
"3027","Haslibach","Control","Araneae",NA,4,3,1549,"intercept_trap",21004.7582029159
"3028","Haslibach","Control","Araneae",NA,4,3,1549,"intercept_trap",21004.7582029159
"3029","Haslibach","Control","Araneae",NA,5,3,1549,"intercept_trap",21004.7582029159
"3030","Haslibach","Control","Araneae",NA,5,3,1549,"intercept_trap",21004.7582029159
"3031","Haslibach","Control","Opiliones",NA,2,3,1549,"intercept_trap",21004.7582029159
"3032","Haslibach","Control","Coleoptera","Carabidae",4,3,1549,"intercept_trap",21004.7582029159
"3033","Haslibach","Control","Coleoptera","Carabidae",4,3,1549,"intercept_trap",21004.7582029159
"3034","Haslibach","Control","Coleoptera","Carabidae",4,3,1549,"intercept_trap",21004.7582029159
"3035","Haslibach","Control","Coleoptera","Carabidae",5,3,1549,"intercept_trap",21004.7582029159
"3036","Haslibach","Control","Coleoptera","Carabidae",5,3,1549,"intercept_trap",21004.7582029159
"3037","Haslibach","Control","Coleoptera","Carabidae",5,3,1549,"intercept_trap",21004.7582029159
"3038","Haslibach","Control","Coleoptera","Carabidae",5,3,1549,"intercept_trap",21004.7582029159
"3039","Haslibach","Control","Coleoptera","Carabidae",6,3,1549,"intercept_trap",21004.7582029159
"3040","Haslibach","Control","Coleoptera","Carabidae",6,3,1549,"intercept_trap",21004.7582029159
"3041","Haslibach","Control","Coleoptera","Carabidae",6,3,1549,"intercept_trap",21004.7582029159
"3042","Haslibach","Control","Coleoptera","Carabidae",6,3,1549,"intercept_trap",21004.7582029159
"3043","Haslibach","Control","Coleoptera","Carabidae",6,3,1549,"intercept_trap",21004.7582029159
"3044","Haslibach","Control","Coleoptera","Carabidae",6,3,1549,"intercept_trap",21004.7582029159
"3045","Haslibach","Control","Coleoptera","Carabidae",6,3,1549,"intercept_trap",21004.7582029159
"3046","Haslibach","Control","Coleoptera","Carabidae",6,3,1549,"intercept_trap",21004.7582029159
"3047","Haslibach","Control","Coleoptera","Carabidae",6,3,1549,"intercept_trap",21004.7582029159
"3048","Haslibach","Control","Coleoptera","Carabidae",6,3,1549,"intercept_trap",21004.7582029159
"3049","Haslibach","Control","Coleoptera","Carabidae",6,3,1549,"intercept_trap",21004.7582029159
"3050","Haslibach","Control","Coleoptera","Carabidae",6,3,1549,"intercept_trap",21004.7582029159
"3051","Haslibach","Control","Coleoptera","Carabidae",6,3,1549,"intercept_trap",21004.7582029159
"3052","Haslibach","Control","Coleoptera","Carabidae",6,3,1549,"intercept_trap",21004.7582029159
"3053","Haslibach","Control","Coleoptera","Carabidae",6,3,1549,"intercept_trap",21004.7582029159
"3054","Haslibach","Control","Coleoptera","Carabidae",6,3,1549,"intercept_trap",21004.7582029159
"3055","Haslibach","Control","Coleoptera","Carabidae",6,3,1549,"intercept_trap",21004.7582029159
"3056","Haslibach","Control","Coleoptera","Carabidae",6,3,1549,"intercept_trap",21004.7582029159
"3057","Haslibach","Control","Coleoptera","Carabidae",6,3,1549,"intercept_trap",21004.7582029159
"3058","Haslibach","Control","Coleoptera","Carabidae",6,3,1549,"intercept_trap",21004.7582029159
"3059","Haslibach","Control","Coleoptera","Carabidae",6,3,1549,"intercept_trap",21004.7582029159
"3060","Haslibach","Control","Coleoptera","Carabidae",6,3,1549,"intercept_trap",21004.7582029159
"3061","Haslibach","Control","Coleoptera","Carabidae",6,3,1549,"intercept_trap",21004.7582029159
"3062","Haslibach","Control","Coleoptera","Carabidae",6,3,1549,"intercept_trap",21004.7582029159
"3063","Haslibach","Control","Coleoptera","Carabidae",6,3,1549,"intercept_trap",21004.7582029159
"3064","Haslibach","Control","Coleoptera","Carabidae",6,3,1549,"intercept_trap",21004.7582029159
"3065","Haslibach","Control","Coleoptera","Carabidae",6,3,1549,"intercept_trap",21004.7582029159
"3066","Haslibach","Control","Coleoptera","Carabidae",6,3,1549,"intercept_trap",21004.7582029159
"3067","Haslibach","Control","Coleoptera","Carabidae",6,3,1549,"intercept_trap",21004.7582029159
"3068","Haslibach","Control","Coleoptera","Carabidae",6,3,1549,"intercept_trap",21004.7582029159
"3069","Haslibach","Control","Coleoptera","Carabidae",6,3,1549,"intercept_trap",21004.7582029159
"3070","Haslibach","Control","Coleoptera","Carabidae",6,3,1549,"intercept_trap",21004.7582029159
"3071","Haslibach","Control","Coleoptera","Carabidae",6,3,1549,"intercept_trap",21004.7582029159
"3072","Haslibach","Control","Coleoptera","Carabidae",6,3,1549,"intercept_trap",21004.7582029159
"3073","Haslibach","Control","Coleoptera","Carabidae",6,3,1549,"intercept_trap",21004.7582029159
"3074","Haslibach","Control","Coleoptera","Carabidae",6,3,1549,"intercept_trap",21004.7582029159
"3075","Haslibach","Control","Coleoptera","Carabidae",6,3,1549,"intercept_trap",21004.7582029159
"3076","Haslibach","Control","Coleoptera","Dytiscidae",4,3,1549,"intercept_trap",21004.7582029159
"3077","Haslibach","Control","Coleoptera","Dytiscidae",4,3,1549,"intercept_trap",21004.7582029159
"3078","Haslibach","Control","Coleoptera","Dytiscidae",11,3,1549,"intercept_trap",21004.7582029159
"3079","Haslibach","Control","Coleoptera","Gyrinidae",7,3,1549,"intercept_trap",21004.7582029159
"3080","Haslibach","Control","Coleoptera","Gyrinidae",7,3,1549,"intercept_trap",21004.7582029159
"3081","Haslibach","Control","Coleoptera","Curculionidae",2,3,1549,"intercept_trap",21004.7582029159
"3082","Haslibach","Control","Coleoptera","Curculionidae",2,3,1549,"intercept_trap",21004.7582029159
"3083","Haslibach","Control","Coleoptera","Curculionidae",2,3,1549,"intercept_trap",21004.7582029159
"3084","Haslibach","Control","Coleoptera","Curculionidae",2,3,1549,"intercept_trap",21004.7582029159
"3085","Haslibach","Control","Coleoptera","Curculionidae",2,3,1549,"intercept_trap",21004.7582029159
"3086","Haslibach","Control","Coleoptera","Curculionidae",2,3,1549,"intercept_trap",21004.7582029159
"3087","Haslibach","Control","Coleoptera","Curculionidae",2,3,1549,"intercept_trap",21004.7582029159
"3088","Haslibach","Control","Coleoptera","Curculionidae",2,3,1549,"intercept_trap",21004.7582029159
"3089","Haslibach","Control","Coleoptera","Curculionidae",2,3,1549,"intercept_trap",21004.7582029159
"3090","Haslibach","Control","Coleoptera","Curculionidae",2,3,1549,"intercept_trap",21004.7582029159
"3091","Haslibach","Control","Coleoptera","Curculionidae",2,3,1549,"intercept_trap",21004.7582029159
"3092","Haslibach","Control","Coleoptera","Curculionidae",2,3,1549,"intercept_trap",21004.7582029159
"3093","Haslibach","Control","Coleoptera","Curculionidae",2,3,1549,"intercept_trap",21004.7582029159
"3094","Haslibach","Control","Coleoptera","Curculionidae",2,3,1549,"intercept_trap",21004.7582029159
"3095","Haslibach","Control","Coleoptera","Curculionidae",2,3,1549,"intercept_trap",21004.7582029159
"3096","Haslibach","Control","Coleoptera","Curculionidae",2,3,1549,"intercept_trap",21004.7582029159
"3097","Haslibach","Control","Coleoptera","Curculionidae",2,3,1549,"intercept_trap",21004.7582029159
"3098","Haslibach","Control","Coleoptera","Curculionidae",2,3,1549,"intercept_trap",21004.7582029159
"3099","Haslibach","Control","Coleoptera","Curculionidae",2,3,1549,"intercept_trap",21004.7582029159
"3100","Haslibach","Control","Coleoptera","Curculionidae",2,3,1549,"intercept_trap",21004.7582029159
"3101","Haslibach","Control","Coleoptera","Curculionidae",2,3,1549,"intercept_trap",21004.7582029159
"3102","Haslibach","Control","Coleoptera","Curculionidae",2,3,1549,"intercept_trap",21004.7582029159
"3103","Haslibach","Control","Coleoptera","Curculionidae",2,3,1549,"intercept_trap",21004.7582029159
"3104","Haslibach","Control","Coleoptera","Curculionidae",2,3,1549,"intercept_trap",21004.7582029159
"3105","Haslibach","Control","Coleoptera","Curculionidae",2,3,1549,"intercept_trap",21004.7582029159
"3106","Haslibach","Control","Coleoptera","Curculionidae",2,3,1549,"intercept_trap",21004.7582029159
"3107","Haslibach","Control","Coleoptera","Curculionidae",2,3,1549,"intercept_trap",21004.7582029159
"3108","Haslibach","Control","Coleoptera","Curculionidae",2,3,1549,"intercept_trap",21004.7582029159
"3109","Haslibach","Control","Coleoptera","Curculionidae",2,3,1549,"intercept_trap",21004.7582029159
"3110","Haslibach","Control","Coleoptera","Curculionidae",2,3,1549,"intercept_trap",21004.7582029159
"3111","Haslibach","Control","Coleoptera","Curculionidae",2,3,1549,"intercept_trap",21004.7582029159
"3112","Haslibach","Control","Coleoptera","Curculionidae",2,3,1549,"intercept_trap",21004.7582029159
"3113","Haslibach","Control","Coleoptera","Curculionidae",2,3,1549,"intercept_trap",21004.7582029159
"3114","Haslibach","Control","Coleoptera","Curculionidae",2,3,1549,"intercept_trap",21004.7582029159
"3115","Haslibach","Control","Coleoptera","Curculionidae",2,3,1549,"intercept_trap",21004.7582029159
"3116","Haslibach","Control","Coleoptera","Curculionidae",2,3,1549,"intercept_trap",21004.7582029159
"3117","Haslibach","Control","Coleoptera","Curculionidae",2,3,1549,"intercept_trap",21004.7582029159
"3118","Haslibach","Control","Coleoptera","Curculionidae",2,3,1549,"intercept_trap",21004.7582029159
"3119","Haslibach","Control","Coleoptera","Curculionidae",2,3,1549,"intercept_trap",21004.7582029159
"3120","Haslibach","Control","Coleoptera","Curculionidae",2,3,1549,"intercept_trap",21004.7582029159
"3121","Haslibach","Control","Coleoptera","Curculionidae",2,3,1549,"intercept_trap",21004.7582029159
"3122","Haslibach","Control","Coleoptera","Curculionidae",2,3,1549,"intercept_trap",21004.7582029159
"3123","Haslibach","Control","Coleoptera","Curculionidae",2,3,1549,"intercept_trap",21004.7582029159
"3124","Haslibach","Control","Coleoptera","Curculionidae",2,3,1549,"intercept_trap",21004.7582029159
"3125","Haslibach","Control","Coleoptera","Curculionidae",3,3,1549,"intercept_trap",21004.7582029159
"3126","Haslibach","Control","Coleoptera","Curculionidae",3,3,1549,"intercept_trap",21004.7582029159
"3127","Haslibach","Control","Coleoptera","Curculionidae",3,3,1549,"intercept_trap",21004.7582029159
"3128","Haslibach","Control","Coleoptera","Curculionidae",3,3,1549,"intercept_trap",21004.7582029159
"3129","Haslibach","Control","Coleoptera","Curculionidae",3,3,1549,"intercept_trap",21004.7582029159
"3130","Haslibach","Control","Coleoptera","Curculionidae",3,3,1549,"intercept_trap",21004.7582029159
"3131","Haslibach","Control","Coleoptera","Curculionidae",3,3,1549,"intercept_trap",21004.7582029159
"3132","Haslibach","Control","Coleoptera","Curculionidae",3,3,1549,"intercept_trap",21004.7582029159
"3133","Haslibach","Control","Coleoptera","Curculionidae",3,3,1549,"intercept_trap",21004.7582029159
"3134","Haslibach","Control","Coleoptera","Curculionidae",3,3,1549,"intercept_trap",21004.7582029159
"3135","Haslibach","Control","Coleoptera","Curculionidae",3,3,1549,"intercept_trap",21004.7582029159
"3136","Haslibach","Control","Coleoptera","Curculionidae",3,3,1549,"intercept_trap",21004.7582029159
"3137","Haslibach","Control","Coleoptera","Chrysomelidae",3,3,1549,"intercept_trap",21004.7582029159
"3138","Haslibach","Control","Coleoptera","Hydrophilidae",2,3,1549,"intercept_trap",21004.7582029159
"3139","Haslibach","Control","Coleoptera","Hydrophilidae",3,3,1549,"intercept_trap",21004.7582029159
"3140","Haslibach","Control","Coleoptera","Hydrophilidae",3,3,1549,"intercept_trap",21004.7582029159
"3141","Haslibach","Control","Coleoptera","Latridiidae",2,3,1549,"intercept_trap",21004.7582029159
"3142","Haslibach","Control","Coleoptera","Latridiidae",2,3,1549,"intercept_trap",21004.7582029159
"3143","Haslibach","Control","Coleoptera","Latridiidae",2,3,1549,"intercept_trap",21004.7582029159
"3144","Haslibach","Control","Coleoptera","Latridiidae",2,3,1549,"intercept_trap",21004.7582029159
"3145","Haslibach","Control","Coleoptera","Monotomidae",3,3,1549,"intercept_trap",21004.7582029159
"3146","Haslibach","Control","Coleoptera","Monotomidae",4,3,1549,"intercept_trap",21004.7582029159
"3147","Haslibach","Control","Coleoptera","Monotomidae",4,3,1549,"intercept_trap",21004.7582029159
"3148","Haslibach","Control","Coleoptera","Scirtidae",3,3,1549,"intercept_trap",21004.7582029159
"3149","Haslibach","Control","Coleoptera","Scirtidae",3,3,1549,"intercept_trap",21004.7582029159
"3150","Haslibach","Control","Coleoptera","Scirtidae",4,3,1549,"intercept_trap",21004.7582029159
"3151","Haslibach","Control","Coleoptera","Staphylinidae",2,3,1549,"intercept_trap",21004.7582029159
"3152","Haslibach","Control","Coleoptera","Staphylinidae",2,3,1549,"intercept_trap",21004.7582029159
"3153","Haslibach","Control","Coleoptera","Staphylinidae",2,3,1549,"intercept_trap",21004.7582029159
"3154","Haslibach","Control","Coleoptera","Staphylinidae",2,3,1549,"intercept_trap",21004.7582029159
"3155","Haslibach","Control","Coleoptera","Staphylinidae",2,3,1549,"intercept_trap",21004.7582029159
"3156","Haslibach","Control","Coleoptera","Staphylinidae",2,3,1549,"intercept_trap",21004.7582029159
"3157","Haslibach","Control","Coleoptera","Staphylinidae",2,3,1549,"intercept_trap",21004.7582029159
"3158","Haslibach","Control","Coleoptera","Staphylinidae",2,3,1549,"intercept_trap",21004.7582029159
"3159","Haslibach","Control","Coleoptera","Staphylinidae",3,3,1549,"intercept_trap",21004.7582029159
"3160","Haslibach","Control","Coleoptera","Staphylinidae",3,3,1549,"intercept_trap",21004.7582029159
"3161","Haslibach","Control","Coleoptera","Staphylinidae",3,3,1549,"intercept_trap",21004.7582029159
"3162","Haslibach","Control","Coleoptera","Staphylinidae",3,3,1549,"intercept_trap",21004.7582029159
"3163","Haslibach","Control","Coleoptera","Staphylinidae",3,3,1549,"intercept_trap",21004.7582029159
"3164","Haslibach","Control","Coleoptera","Staphylinidae",3,3,1549,"intercept_trap",21004.7582029159
"3165","Haslibach","Control","Coleoptera","Staphylinidae",4,3,1549,"intercept_trap",21004.7582029159
"3166","Haslibach","Control","Coleoptera","Staphylinidae",4,3,1549,"intercept_trap",21004.7582029159
"3167","Haslibach","Control","Coleoptera","Staphylinidae",4,3,1549,"intercept_trap",21004.7582029159
"3168","Haslibach","Control","Coleoptera","Staphylinidae",4,3,1549,"intercept_trap",21004.7582029159
"3169","Haslibach","Control","Coleoptera","Staphylinidae",4,3,1549,"intercept_trap",21004.7582029159
"3170","Haslibach","Control","Coleoptera","Staphylinidae",4,3,1549,"intercept_trap",21004.7582029159
"3171","Haslibach","Control","Coleoptera","Staphylinidae",4,3,1549,"intercept_trap",21004.7582029159
"3172","Haslibach","Control","Coleoptera","Staphylinidae",4,3,1549,"intercept_trap",21004.7582029159
"3173","Haslibach","Control","Coleoptera","Staphylinidae",4,3,1549,"intercept_trap",21004.7582029159
"3174","Haslibach","Control","Coleoptera","Staphylinidae",4,3,1549,"intercept_trap",21004.7582029159
"3175","Haslibach","Control","Coleoptera","Staphylinidae",4,3,1549,"intercept_trap",21004.7582029159
"3176","Haslibach","Control","Coleoptera","Staphylinidae",5,3,1549,"intercept_trap",21004.7582029159
"3177","Haslibach","Control","Coleoptera","Staphylinidae",5,3,1549,"intercept_trap",21004.7582029159
"3178","Haslibach","Control","Coleoptera","Staphylinidae",5,3,1549,"intercept_trap",21004.7582029159
"3179","Haslibach","Control","Coleoptera","Staphylinidae",5,3,1549,"intercept_trap",21004.7582029159
"3180","Haslibach","Control","Coleoptera","Staphylinidae",5,3,1549,"intercept_trap",21004.7582029159
"3181","Haslibach","Control","Coleoptera","Staphylinidae",5,3,1549,"intercept_trap",21004.7582029159
"3182","Haslibach","Control","Coleoptera","Staphylinidae",6,3,1549,"intercept_trap",21004.7582029159
"3183","Haslibach","Control","Coleoptera","Staphylinidae",6,3,1549,"intercept_trap",21004.7582029159
"3184","Haslibach","Control","Coleoptera","Staphylinidae",6,3,1549,"intercept_trap",21004.7582029159
"3185","Haslibach","Control","Coleoptera","Staphylinidae",6,3,1549,"intercept_trap",21004.7582029159
"3186","Haslibach","Control","Coleoptera","Staphylinidae",6,3,1549,"intercept_trap",21004.7582029159
"3187","Haslibach","Control","Coleoptera","Staphylinidae",6,3,1549,"intercept_trap",21004.7582029159
"3188","Haslibach","Control","Coleoptera","Staphylinidae",6,3,1549,"intercept_trap",21004.7582029159
"3189","Haslibach","Control","Coleoptera","Staphylinidae",7,3,1549,"intercept_trap",21004.7582029159
"3190","Haslibach","Control","Coleoptera","Staphylinidae",7,3,1549,"intercept_trap",21004.7582029159
"3191","Haslibach","Control","Coleoptera","Staphylinidae",8,3,1549,"intercept_trap",21004.7582029159
"3192","Haslibach","Control","Coleoptera",NA,2,3,1549,"intercept_trap",21004.7582029159
"3193","Haslibach","Control","Coleoptera",NA,2,3,1549,"intercept_trap",21004.7582029159
"3194","Haslibach","Control","Coleoptera",NA,3,3,1549,"intercept_trap",21004.7582029159
"3195","Haslibach","Control","Coleoptera",NA,3,3,1549,"intercept_trap",21004.7582029159
"3196","Haslibach","Control","Coleoptera",NA,3,3,1549,"intercept_trap",21004.7582029159
"3197","Haslibach","Control","Diptera",NA,1,3,1549,"intercept_trap",21004.7582029159
"3198","Haslibach","Control","Diptera",NA,1,3,1549,"intercept_trap",21004.7582029159
"3199","Haslibach","Control","Diptera",NA,1,3,1549,"intercept_trap",21004.7582029159
"3200","Haslibach","Control","Diptera",NA,2,3,1549,"intercept_trap",21004.7582029159
"3201","Haslibach","Control","Diptera",NA,2,3,1549,"intercept_trap",21004.7582029159
"3202","Haslibach","Control","Diptera",NA,2,3,1549,"intercept_trap",21004.7582029159
"3203","Haslibach","Control","Diptera",NA,2,3,1549,"intercept_trap",21004.7582029159
"3204","Haslibach","Control","Diptera",NA,2,3,1549,"intercept_trap",21004.7582029159
"3205","Haslibach","Control","Diptera",NA,2,3,1549,"intercept_trap",21004.7582029159
"3206","Haslibach","Control","Diptera",NA,2,3,1549,"intercept_trap",21004.7582029159
"3207","Haslibach","Control","Diptera",NA,2,3,1549,"intercept_trap",21004.7582029159
"3208","Haslibach","Control","Diptera",NA,2,3,1549,"intercept_trap",21004.7582029159
"3209","Haslibach","Control","Diptera",NA,2,3,1549,"intercept_trap",21004.7582029159
"3210","Haslibach","Control","Diptera",NA,2,3,1549,"intercept_trap",21004.7582029159
"3211","Haslibach","Control","Diptera",NA,2,3,1549,"intercept_trap",21004.7582029159
"3212","Haslibach","Control","Diptera",NA,2,3,1549,"intercept_trap",21004.7582029159
"3213","Haslibach","Control","Diptera",NA,2,3,1549,"intercept_trap",21004.7582029159
"3214","Haslibach","Control","Diptera",NA,2,3,1549,"intercept_trap",21004.7582029159
"3215","Haslibach","Control","Diptera",NA,2,3,1549,"intercept_trap",21004.7582029159
"3216","Haslibach","Control","Diptera",NA,2,3,1549,"intercept_trap",21004.7582029159
"3217","Haslibach","Control","Diptera",NA,2,3,1549,"intercept_trap",21004.7582029159
"3218","Haslibach","Control","Diptera",NA,2,3,1549,"intercept_trap",21004.7582029159
"3219","Haslibach","Control","Diptera",NA,2,3,1549,"intercept_trap",21004.7582029159
"3220","Haslibach","Control","Diptera",NA,3,3,1549,"intercept_trap",21004.7582029159
"3221","Haslibach","Control","Diptera",NA,3,3,1549,"intercept_trap",21004.7582029159
"3222","Haslibach","Control","Diptera",NA,3,3,1549,"intercept_trap",21004.7582029159
"3223","Haslibach","Control","Diptera",NA,3,3,1549,"intercept_trap",21004.7582029159
"3224","Haslibach","Control","Diptera",NA,3,3,1549,"intercept_trap",21004.7582029159
"3225","Haslibach","Control","Diptera",NA,3,3,1549,"intercept_trap",21004.7582029159
"3226","Haslibach","Control","Diptera",NA,3,3,1549,"intercept_trap",21004.7582029159
"3227","Haslibach","Control","Diptera",NA,4,3,1549,"intercept_trap",21004.7582029159
"3228","Haslibach","Control","Diptera",NA,5,3,1549,"intercept_trap",21004.7582029159
"3229","Haslibach","Control","Diptera",NA,5,3,1549,"intercept_trap",21004.7582029159
"3230","Haslibach","Control","Diptera",NA,6,3,1549,"intercept_trap",21004.7582029159
"3231","Haslibach","Control","Diptera",NA,6,3,1549,"intercept_trap",21004.7582029159
"3232","Haslibach","Control","Diptera",NA,6,3,1549,"intercept_trap",21004.7582029159
"3233","Haslibach","Control","Diptera",NA,8,3,1549,"intercept_trap",21004.7582029159
"3234","Haslibach","Control","Diptera",NA,13,3,1549,"intercept_trap",21004.7582029159
"3235","Haslibach","Control","Diptera",NA,1,3,1549,"intercept_trap",21004.7582029159
"3236","Haslibach","Control","Diptera",NA,1,3,1549,"intercept_trap",21004.7582029159
"3237","Haslibach","Control","Diptera",NA,1,3,1549,"intercept_trap",21004.7582029159
"3238","Haslibach","Control","Diptera",NA,1,3,1549,"intercept_trap",21004.7582029159
"3239","Haslibach","Control","Diptera",NA,1,3,1549,"intercept_trap",21004.7582029159
"3240","Haslibach","Control","Diptera",NA,1,3,1549,"intercept_trap",21004.7582029159
"3241","Haslibach","Control","Diptera",NA,1,3,1549,"intercept_trap",21004.7582029159
"3242","Haslibach","Control","Diptera",NA,1,3,1549,"intercept_trap",21004.7582029159
"3243","Haslibach","Control","Diptera",NA,1,3,1549,"intercept_trap",21004.7582029159
"3244","Haslibach","Control","Diptera",NA,1,3,1549,"intercept_trap",21004.7582029159
"3245","Haslibach","Control","Diptera",NA,1,3,1549,"intercept_trap",21004.7582029159
"3246","Haslibach","Control","Diptera",NA,1,3,1549,"intercept_trap",21004.7582029159
"3247","Haslibach","Control","Diptera",NA,2,3,1549,"intercept_trap",21004.7582029159
"3248","Haslibach","Control","Diptera",NA,2,3,1549,"intercept_trap",21004.7582029159
"3249","Haslibach","Control","Diptera",NA,2,3,1549,"intercept_trap",21004.7582029159
"3250","Haslibach","Control","Diptera",NA,2,3,1549,"intercept_trap",21004.7582029159
"3251","Haslibach","Control","Diptera",NA,2,3,1549,"intercept_trap",21004.7582029159
"3252","Haslibach","Control","Diptera",NA,2,3,1549,"intercept_trap",21004.7582029159
"3253","Haslibach","Control","Diptera",NA,2,3,1549,"intercept_trap",21004.7582029159
"3254","Haslibach","Control","Diptera",NA,2,3,1549,"intercept_trap",21004.7582029159
"3255","Haslibach","Control","Diptera",NA,2,3,1549,"intercept_trap",21004.7582029159
"3256","Haslibach","Control","Diptera",NA,2,3,1549,"intercept_trap",21004.7582029159
"3257","Haslibach","Control","Diptera",NA,2,3,1549,"intercept_trap",21004.7582029159
"3258","Haslibach","Control","Diptera",NA,2,3,1549,"intercept_trap",21004.7582029159
"3259","Haslibach","Control","Diptera",NA,2,3,1549,"intercept_trap",21004.7582029159
"3260","Haslibach","Control","Diptera",NA,2,3,1549,"intercept_trap",21004.7582029159
"3261","Haslibach","Control","Diptera",NA,2,3,1549,"intercept_trap",21004.7582029159
"3262","Haslibach","Control","Diptera",NA,2,3,1549,"intercept_trap",21004.7582029159
"3263","Haslibach","Control","Diptera",NA,2,3,1549,"intercept_trap",21004.7582029159
"3264","Haslibach","Control","Diptera",NA,2,3,1549,"intercept_trap",21004.7582029159
"3265","Haslibach","Control","Diptera",NA,2,3,1549,"intercept_trap",21004.7582029159
"3266","Haslibach","Control","Diptera",NA,2,3,1549,"intercept_trap",21004.7582029159
"3267","Haslibach","Control","Diptera",NA,2,3,1549,"intercept_trap",21004.7582029159
"3268","Haslibach","Control","Diptera",NA,3,3,1549,"intercept_trap",21004.7582029159
"3269","Haslibach","Control","Diptera",NA,3,3,1549,"intercept_trap",21004.7582029159
"3270","Haslibach","Control","Diptera",NA,3,3,1549,"intercept_trap",21004.7582029159
"3271","Haslibach","Control","Diptera",NA,3,3,1549,"intercept_trap",21004.7582029159
"3272","Haslibach","Control","Diptera",NA,3,3,1549,"intercept_trap",21004.7582029159
"3273","Haslibach","Control","Diptera",NA,4,3,1549,"intercept_trap",21004.7582029159
"3274","Haslibach","Control","Diptera",NA,4,3,1549,"intercept_trap",21004.7582029159
"3275","Haslibach","Control","Diptera",NA,4,3,1549,"intercept_trap",21004.7582029159
"3276","Haslibach","Control","Diptera",NA,5,3,1549,"intercept_trap",21004.7582029159
"3277","Haslibach","Control","Diptera",NA,5,3,1549,"intercept_trap",21004.7582029159
"3278","Haslibach","Control","Diptera",NA,5,3,1549,"intercept_trap",21004.7582029159
"3279","Haslibach","Control","Diptera",NA,5,3,1549,"intercept_trap",21004.7582029159
"3280","Haslibach","Control","Diptera",NA,5,3,1549,"intercept_trap",21004.7582029159
"3281","Haslibach","Control","Diptera",NA,6,3,1549,"intercept_trap",21004.7582029159
"3282","Haslibach","Control","Diptera",NA,6,3,1549,"intercept_trap",21004.7582029159
"3283","Haslibach","Control","Diptera",NA,6,3,1549,"intercept_trap",21004.7582029159
"3284","Haslibach","Control","Diptera",NA,6,3,1549,"intercept_trap",21004.7582029159
"3285","Haslibach","Control","Diptera",NA,6,3,1549,"intercept_trap",21004.7582029159
"3286","Haslibach","Control","Diptera",NA,7,3,1549,"intercept_trap",21004.7582029159
"3287","Haslibach","Control","Diptera",NA,8,3,1549,"intercept_trap",21004.7582029159
"3288","Haslibach","Control","Hemiptera",NA,2,3,1549,"intercept_trap",21004.7582029159
"3289","Haslibach","Control","Hemiptera",NA,2,3,1549,"intercept_trap",21004.7582029159
"3290","Haslibach","Control","Hemiptera",NA,3,3,1549,"intercept_trap",21004.7582029159
"3291","Haslibach","Control","Hemiptera",NA,3,3,1549,"intercept_trap",21004.7582029159
"3292","Haslibach","Control","Hemiptera",NA,3,3,1549,"intercept_trap",21004.7582029159
"3293","Haslibach","Control","Hemiptera",NA,5,3,1549,"intercept_trap",21004.7582029159
"3294","Haslibach","Control","Hemiptera",NA,6,3,1549,"intercept_trap",21004.7582029159
"3295","Haslibach","Control","Hemiptera",NA,6,3,1549,"intercept_trap",21004.7582029159
"3296","Haslibach","Control","Hemiptera",NA,7,3,1549,"intercept_trap",21004.7582029159
"3297","Haslibach","Control","Hemiptera",NA,3,3,1549,"intercept_trap",21004.7582029159
"3298","Haslibach","Control","Hemiptera",NA,4,3,1549,"intercept_trap",21004.7582029159
"3299","Haslibach","Control","Hemiptera",NA,4,3,1549,"intercept_trap",21004.7582029159
"3300","Haslibach","Control","Hemiptera",NA,6,3,1549,"intercept_trap",21004.7582029159
"3301","Haslibach","Control","Hemiptera","Aphidoidea",1,3,1549,"intercept_trap",21004.7582029159
"3302","Haslibach","Control","Hemiptera","Aphidoidea",1,3,1549,"intercept_trap",21004.7582029159
"3303","Haslibach","Control","Hemiptera","Aphidoidea",1,3,1549,"intercept_trap",21004.7582029159
"3304","Haslibach","Control","Hemiptera","Aphidoidea",1,3,1549,"intercept_trap",21004.7582029159
"3305","Haslibach","Control","Hemiptera","Aphidoidea",2,3,1549,"intercept_trap",21004.7582029159
"3306","Haslibach","Control","Hemiptera","Aphidoidea",2,3,1549,"intercept_trap",21004.7582029159
"3307","Haslibach","Control","Hemiptera","Aphidoidea",2,3,1549,"intercept_trap",21004.7582029159
"3308","Haslibach","Control","Hemiptera","Aphidoidea",2,3,1549,"intercept_trap",21004.7582029159
"3309","Haslibach","Control","Hemiptera","Aphidoidea",2,3,1549,"intercept_trap",21004.7582029159
"3310","Haslibach","Control","Hemiptera","Aphidoidea",2,3,1549,"intercept_trap",21004.7582029159
"3311","Haslibach","Control","Hemiptera","Aphidoidea",2,3,1549,"intercept_trap",21004.7582029159
"3312","Haslibach","Control","Hymenoptera","Formicidae",2,3,1549,"intercept_trap",21004.7582029159
"3313","Haslibach","Control","Hymenoptera","Formicidae",3,3,1549,"intercept_trap",21004.7582029159
"3314","Haslibach","Control","Hymenoptera",NA,1,3,1549,"intercept_trap",21004.7582029159
"3315","Haslibach","Control","Hymenoptera",NA,1,3,1549,"intercept_trap",21004.7582029159
"3316","Haslibach","Control","Hymenoptera",NA,1,3,1549,"intercept_trap",21004.7582029159
"3317","Haslibach","Control","Hymenoptera",NA,1,3,1549,"intercept_trap",21004.7582029159
"3318","Haslibach","Control","Hymenoptera",NA,1,3,1549,"intercept_trap",21004.7582029159
"3319","Haslibach","Control","Hymenoptera",NA,2,3,1549,"intercept_trap",21004.7582029159
"3320","Haslibach","Control","Hymenoptera",NA,2,3,1549,"intercept_trap",21004.7582029159
"3321","Haslibach","Control","Hymenoptera",NA,2,3,1549,"intercept_trap",21004.7582029159
"3322","Haslibach","Control","Hymenoptera",NA,2,3,1549,"intercept_trap",21004.7582029159
"3323","Haslibach","Control","Hymenoptera",NA,2,3,1549,"intercept_trap",21004.7582029159
"3324","Haslibach","Control","Hymenoptera",NA,3,3,1549,"intercept_trap",21004.7582029159
"3325","Haslibach","Control","Hymenoptera",NA,3,3,1549,"intercept_trap",21004.7582029159
"3326","Haslibach","Control","Hymenoptera",NA,5,3,1549,"intercept_trap",21004.7582029159
"3327","Haslibach","Control","Hymenoptera",NA,9,3,1549,"intercept_trap",21004.7582029159
"3328","Haslibach","Control","Lepidoptera",NA,4,3,1549,"intercept_trap",21004.7582029159
"3329","Haslibach","Control","Neuroptera",NA,5,3,1549,"intercept_trap",21004.7582029159
"3330","Haslibach","Control","Neuroptera",NA,6,3,1549,"intercept_trap",21004.7582029159
"3331","Haslibach","Control","Neuroptera",NA,6,3,1549,"intercept_trap",21004.7582029159
"3332","Haslibach","Control","Psocoptera",NA,2,3,1549,"intercept_trap",21004.7582029159
"3333","Haslibach","Control","Psocoptera",NA,2,3,1549,"intercept_trap",21004.7582029159
"3334","Haslibach","Control","Psocoptera",NA,2,3,1549,"intercept_trap",21004.7582029159
"3335","Haslibach","Control","Psocoptera",NA,2,3,1549,"intercept_trap",21004.7582029159
"3336","Haslibach","Control","Psocoptera",NA,2,3,1549,"intercept_trap",21004.7582029159
"3337","Haslibach","Control","Psocoptera",NA,2,3,1549,"intercept_trap",21004.7582029159
"3338","Haslibach","Control","Psocoptera",NA,2,3,1549,"intercept_trap",21004.7582029159
"3339","Haslibach","Control","Psocoptera",NA,2,3,1549,"intercept_trap",21004.7582029159
"3340","Haslibach","Control","Psocoptera",NA,2,3,1549,"intercept_trap",21004.7582029159
"3341","Haslibach","Control","Psocoptera",NA,2,3,1549,"intercept_trap",21004.7582029159
"3342","Haslibach","Control","Psocoptera",NA,2,3,1549,"intercept_trap",21004.7582029159
"3343","Haslibach","Control","Psocoptera",NA,2,3,1549,"intercept_trap",21004.7582029159
"3344","Haslibach","Control","Psocoptera",NA,2,3,1549,"intercept_trap",21004.7582029159
"3345","Haslibach","Control","Psocoptera",NA,2,3,1549,"intercept_trap",21004.7582029159
"3346","Haslibach","Control","Psocoptera",NA,2,3,1549,"intercept_trap",21004.7582029159
"3347","Haslibach","Control","Psocoptera",NA,2,3,1549,"intercept_trap",21004.7582029159
"3348","Haslibach","Control","Psocoptera",NA,2,3,1549,"intercept_trap",21004.7582029159
"3349","Haslibach","Control","Psocoptera",NA,2,3,1549,"intercept_trap",21004.7582029159
"3350","Haslibach","Control","Psocoptera",NA,2,3,1549,"intercept_trap",21004.7582029159
"3351","Haslibach","Control","Psocoptera",NA,2,3,1549,"intercept_trap",21004.7582029159
"3352","Haslibach","Control","Psocoptera",NA,2,3,1549,"intercept_trap",21004.7582029159
"3353","Haslibach","Control","Psocoptera",NA,2,3,1549,"intercept_trap",21004.7582029159
"3354","Haslibach","Control","Psocoptera",NA,2,3,1549,"intercept_trap",21004.7582029159
"3355","Haslibach","Control","Psocoptera",NA,2,3,1549,"intercept_trap",21004.7582029159
"3356","Haslibach","Control","Psocoptera",NA,2,3,1549,"intercept_trap",21004.7582029159
"3357","Haslibach","Control","Psocoptera",NA,2,3,1549,"intercept_trap",21004.7582029159
"3358","Haslibach","Control","Psocoptera",NA,2,3,1549,"intercept_trap",21004.7582029159
"3359","Haslibach","Control","Psocoptera",NA,2,3,1549,"intercept_trap",21004.7582029159
"3360","Haslibach","Control","Psocoptera",NA,2,3,1549,"intercept_trap",21004.7582029159
"3361","Haslibach","Control","Psocoptera",NA,2,3,1549,"intercept_trap",21004.7582029159
"3362","Haslibach","Control","Psocoptera",NA,2,3,1549,"intercept_trap",21004.7582029159
"3363","Haslibach","Control","Psocoptera",NA,2,3,1549,"intercept_trap",21004.7582029159
"3364","Haslibach","Control","Psocoptera",NA,2,3,1549,"intercept_trap",21004.7582029159
"3365","Haslibach","Control","Psocoptera",NA,2,3,1549,"intercept_trap",21004.7582029159
"3366","Haslibach","Control","Psocoptera",NA,2,3,1549,"intercept_trap",21004.7582029159
"3367","Haslibach","Control","Psocoptera",NA,3,3,1549,"intercept_trap",21004.7582029159
"3368","Haslibach","Control","Psocoptera",NA,3,3,1549,"intercept_trap",21004.7582029159
"3369","Haslibach","Control","Psocoptera",NA,3,3,1549,"intercept_trap",21004.7582029159
"3370","Haslibach","Control","Psocoptera",NA,3,3,1549,"intercept_trap",21004.7582029159
"3371","Haslibach","Control","Psocoptera",NA,3,3,1549,"intercept_trap",21004.7582029159
"3372","Haslibach","Control","Psocoptera",NA,3,3,1549,"intercept_trap",21004.7582029159
"3373","Haslibach","Control","Psocoptera",NA,3,3,1549,"intercept_trap",21004.7582029159
"3374","Haslibach","Control","Psocoptera",NA,3,3,1549,"intercept_trap",21004.7582029159
"3375","Haslibach","Control","Psocoptera",NA,3,3,1549,"intercept_trap",21004.7582029159
"3376","Haslibach","Control","Psocoptera",NA,3,3,1549,"intercept_trap",21004.7582029159
"3377","Haslibach","Control","Psocoptera",NA,3,3,1549,"intercept_trap",21004.7582029159
"3378","Haslibach","Control","Psocoptera",NA,3,3,1549,"intercept_trap",21004.7582029159
"3379","Haslibach","Control","Psocoptera",NA,3,3,1549,"intercept_trap",21004.7582029159
"3380","Haslibach","Control","Psocoptera",NA,3,3,1549,"intercept_trap",21004.7582029159
"3381","Haslibach","Control","Psocoptera",NA,3,3,1549,"intercept_trap",21004.7582029159
"3382","Haslibach","Control","Psocoptera",NA,3,3,1549,"intercept_trap",21004.7582029159
"3383","Haslibach","Control","Psocoptera",NA,3,3,1549,"intercept_trap",21004.7582029159
"3384","Haslibach","Control","Psocoptera",NA,3,3,1549,"intercept_trap",21004.7582029159
"3385","Haslibach","Control","Psocoptera",NA,3,3,1549,"intercept_trap",21004.7582029159
"3386","Haslibach","Control","Psocoptera",NA,3,3,1549,"intercept_trap",21004.7582029159
"3387","Haslibach","Control","Psocoptera",NA,3,3,1549,"intercept_trap",21004.7582029159
"3388","Haslibach","Control","Psocoptera",NA,3,3,1549,"intercept_trap",21004.7582029159
"3389","Haslibach","Control","Psocoptera",NA,4,3,1549,"intercept_trap",21004.7582029159
"3390","Haslibach","Control","Psocoptera",NA,4,3,1549,"intercept_trap",21004.7582029159
"3391","Haslibach","Control","Psocoptera",NA,4,3,1549,"intercept_trap",21004.7582029159
"3392","Haslibach","Control","Psocoptera",NA,5,3,1549,"intercept_trap",21004.7582029159
"3393","Haslibach","Control","Psocoptera",NA,5,3,1549,"intercept_trap",21004.7582029159
"3394","Haslibach","Control","Thysanoptera",NA,1,3,1549,"intercept_trap",21004.7582029159
"3395","Haslibach","Pool","Araneae",NA,2,3,1549,"intercept_trap",21004.7582029159
"3396","Haslibach","Pool","Araneae",NA,2,3,1549,"intercept_trap",21004.7582029159
"3397","Haslibach","Pool","Araneae",NA,2,3,1549,"intercept_trap",21004.7582029159
"3398","Haslibach","Pool","Araneae",NA,2,3,1549,"intercept_trap",21004.7582029159
"3399","Haslibach","Pool","Araneae",NA,2,3,1549,"intercept_trap",21004.7582029159
"3400","Haslibach","Pool","Araneae",NA,8,3,1549,"intercept_trap",21004.7582029159
"3401","Haslibach","Pool","Araneae",NA,9,3,1549,"intercept_trap",21004.7582029159
"3402","Haslibach","Pool","Coleoptera","Curculionidae",2,3,1549,"intercept_trap",21004.7582029159
"3403","Haslibach","Pool","Coleoptera","Curculionidae",2,3,1549,"intercept_trap",21004.7582029159
"3404","Haslibach","Pool","Coleoptera","Curculionidae",2,3,1549,"intercept_trap",21004.7582029159
"3405","Haslibach","Pool","Coleoptera","Curculionidae",2,3,1549,"intercept_trap",21004.7582029159
"3406","Haslibach","Pool","Coleoptera","Curculionidae",2,3,1549,"intercept_trap",21004.7582029159
"3407","Haslibach","Pool","Coleoptera","Curculionidae",2,3,1549,"intercept_trap",21004.7582029159
"3408","Haslibach","Pool","Coleoptera","Curculionidae",2,3,1549,"intercept_trap",21004.7582029159
"3409","Haslibach","Pool","Coleoptera","Curculionidae",2,3,1549,"intercept_trap",21004.7582029159
"3410","Haslibach","Pool","Coleoptera","Curculionidae",2,3,1549,"intercept_trap",21004.7582029159
"3411","Haslibach","Pool","Coleoptera","Curculionidae",2,3,1549,"intercept_trap",21004.7582029159
"3412","Haslibach","Pool","Coleoptera","Curculionidae",2,3,1549,"intercept_trap",21004.7582029159
"3413","Haslibach","Pool","Coleoptera","Curculionidae",2,3,1549,"intercept_trap",21004.7582029159
"3414","Haslibach","Pool","Coleoptera","Curculionidae",2,3,1549,"intercept_trap",21004.7582029159
"3415","Haslibach","Pool","Coleoptera","Curculionidae",2,3,1549,"intercept_trap",21004.7582029159
"3416","Haslibach","Pool","Coleoptera","Curculionidae",2,3,1549,"intercept_trap",21004.7582029159
"3417","Haslibach","Pool","Coleoptera","Curculionidae",2,3,1549,"intercept_trap",21004.7582029159
"3418","Haslibach","Pool","Coleoptera","Curculionidae",2,3,1549,"intercept_trap",21004.7582029159
"3419","Haslibach","Pool","Coleoptera","Curculionidae",2,3,1549,"intercept_trap",21004.7582029159
"3420","Haslibach","Pool","Coleoptera","Curculionidae",2,3,1549,"intercept_trap",21004.7582029159
"3421","Haslibach","Pool","Coleoptera","Curculionidae",2,3,1549,"intercept_trap",21004.7582029159
"3422","Haslibach","Pool","Coleoptera","Curculionidae",2,3,1549,"intercept_trap",21004.7582029159
"3423","Haslibach","Pool","Coleoptera","Curculionidae",2,3,1549,"intercept_trap",21004.7582029159
"3424","Haslibach","Pool","Coleoptera","Curculionidae",2,3,1549,"intercept_trap",21004.7582029159
"3425","Haslibach","Pool","Coleoptera","Curculionidae",2,3,1549,"intercept_trap",21004.7582029159
"3426","Haslibach","Pool","Coleoptera","Curculionidae",2,3,1549,"intercept_trap",21004.7582029159
"3427","Haslibach","Pool","Coleoptera","Curculionidae",2,3,1549,"intercept_trap",21004.7582029159
"3428","Haslibach","Pool","Coleoptera","Curculionidae",3,3,1549,"intercept_trap",21004.7582029159
"3429","Haslibach","Pool","Coleoptera","Curculionidae",3,3,1549,"intercept_trap",21004.7582029159
"3430","Haslibach","Pool","Coleoptera","Curculionidae",3,3,1549,"intercept_trap",21004.7582029159
"3431","Haslibach","Pool","Coleoptera","Curculionidae",3,3,1549,"intercept_trap",21004.7582029159
"3432","Haslibach","Pool","Coleoptera","Curculionidae",3,3,1549,"intercept_trap",21004.7582029159
"3433","Haslibach","Pool","Coleoptera","Curculionidae",3,3,1549,"intercept_trap",21004.7582029159
"3434","Haslibach","Pool","Coleoptera","Curculionidae",3,3,1549,"intercept_trap",21004.7582029159
"3435","Haslibach","Pool","Coleoptera","Curculionidae",3,3,1549,"intercept_trap",21004.7582029159
"3436","Haslibach","Pool","Coleoptera","Chrysomelidae",3,3,1549,"intercept_trap",21004.7582029159
"3437","Haslibach","Pool","Coleoptera","Chrysomelidae",3,3,1549,"intercept_trap",21004.7582029159
"3438","Haslibach","Pool","Coleoptera","Coccinellidae",6,3,1549,"intercept_trap",21004.7582029159
"3439","Haslibach","Pool","Coleoptera","Cucujidae",3,3,1549,"intercept_trap",21004.7582029159
"3440","Haslibach","Pool","Coleoptera","Hydrophilidae",2,3,1549,"intercept_trap",21004.7582029159
"3441","Haslibach","Pool","Coleoptera","Hydrophilidae",2,3,1549,"intercept_trap",21004.7582029159
"3442","Haslibach","Pool","Coleoptera","Latridiidae",3,3,1549,"intercept_trap",21004.7582029159
"3443","Haslibach","Pool","Coleoptera","Latridiidae",3,3,1549,"intercept_trap",21004.7582029159
"3444","Haslibach","Pool","Coleoptera","Latridiidae",3,3,1549,"intercept_trap",21004.7582029159
"3445","Haslibach","Pool","Coleoptera","Latridiidae",3,3,1549,"intercept_trap",21004.7582029159
"3446","Haslibach","Pool","Coleoptera","Latridiidae",3,3,1549,"intercept_trap",21004.7582029159
"3447","Haslibach","Pool","Coleoptera","Latridiidae",3,3,1549,"intercept_trap",21004.7582029159
"3448","Haslibach","Pool","Coleoptera","Latridiidae",3,3,1549,"intercept_trap",21004.7582029159
"3449","Haslibach","Pool","Coleoptera","Latridiidae",3,3,1549,"intercept_trap",21004.7582029159
"3450","Haslibach","Pool","Coleoptera","Staphylinidae",2,3,1549,"intercept_trap",21004.7582029159
"3451","Haslibach","Pool","Coleoptera","Staphylinidae",3,3,1549,"intercept_trap",21004.7582029159
"3452","Haslibach","Pool","Coleoptera","Staphylinidae",3,3,1549,"intercept_trap",21004.7582029159
"3453","Haslibach","Pool","Coleoptera","Staphylinidae",4,3,1549,"intercept_trap",21004.7582029159
"3454","Haslibach","Pool","Coleoptera","Staphylinidae",4,3,1549,"intercept_trap",21004.7582029159
"3455","Haslibach","Pool","Coleoptera","Staphylinidae",4,3,1549,"intercept_trap",21004.7582029159
"3456","Haslibach","Pool","Coleoptera","Staphylinidae",4,3,1549,"intercept_trap",21004.7582029159
"3457","Haslibach","Pool","Coleoptera",NA,8,3,1549,"intercept_trap",21004.7582029159
"3458","Haslibach","Pool","Diptera",NA,2,3,1549,"intercept_trap",21004.7582029159
"3459","Haslibach","Pool","Diptera",NA,2,3,1549,"intercept_trap",21004.7582029159
"3460","Haslibach","Pool","Diptera",NA,2,3,1549,"intercept_trap",21004.7582029159
"3461","Haslibach","Pool","Diptera",NA,2,3,1549,"intercept_trap",21004.7582029159
"3462","Haslibach","Pool","Diptera",NA,2,3,1549,"intercept_trap",21004.7582029159
"3463","Haslibach","Pool","Diptera",NA,2,3,1549,"intercept_trap",21004.7582029159
"3464","Haslibach","Pool","Diptera",NA,2,3,1549,"intercept_trap",21004.7582029159
"3465","Haslibach","Pool","Diptera",NA,4,3,1549,"intercept_trap",21004.7582029159
"3466","Haslibach","Pool","Diptera",NA,5,3,1549,"intercept_trap",21004.7582029159
"3467","Haslibach","Pool","Diptera",NA,6,3,1549,"intercept_trap",21004.7582029159
"3468","Haslibach","Pool","Diptera",NA,9,3,1549,"intercept_trap",21004.7582029159
"3469","Haslibach","Pool","Diptera",NA,1,3,1549,"intercept_trap",21004.7582029159
"3470","Haslibach","Pool","Diptera",NA,1,3,1549,"intercept_trap",21004.7582029159
"3471","Haslibach","Pool","Diptera",NA,1,3,1549,"intercept_trap",21004.7582029159
"3472","Haslibach","Pool","Diptera",NA,1,3,1549,"intercept_trap",21004.7582029159
"3473","Haslibach","Pool","Diptera",NA,1,3,1549,"intercept_trap",21004.7582029159
"3474","Haslibach","Pool","Diptera",NA,1,3,1549,"intercept_trap",21004.7582029159
"3475","Haslibach","Pool","Diptera",NA,1,3,1549,"intercept_trap",21004.7582029159
"3476","Haslibach","Pool","Diptera",NA,1,3,1549,"intercept_trap",21004.7582029159
"3477","Haslibach","Pool","Diptera",NA,1,3,1549,"intercept_trap",21004.7582029159
"3478","Haslibach","Pool","Diptera",NA,1,3,1549,"intercept_trap",21004.7582029159
"3479","Haslibach","Pool","Diptera",NA,1,3,1549,"intercept_trap",21004.7582029159
"3480","Haslibach","Pool","Diptera",NA,1,3,1549,"intercept_trap",21004.7582029159
"3481","Haslibach","Pool","Diptera",NA,1,3,1549,"intercept_trap",21004.7582029159
"3482","Haslibach","Pool","Diptera",NA,1,3,1549,"intercept_trap",21004.7582029159
"3483","Haslibach","Pool","Diptera",NA,2,3,1549,"intercept_trap",21004.7582029159
"3484","Haslibach","Pool","Diptera",NA,2,3,1549,"intercept_trap",21004.7582029159
"3485","Haslibach","Pool","Diptera",NA,2,3,1549,"intercept_trap",21004.7582029159
"3486","Haslibach","Pool","Diptera",NA,2,3,1549,"intercept_trap",21004.7582029159
"3487","Haslibach","Pool","Diptera",NA,2,3,1549,"intercept_trap",21004.7582029159
"3488","Haslibach","Pool","Diptera",NA,2,3,1549,"intercept_trap",21004.7582029159
"3489","Haslibach","Pool","Diptera",NA,2,3,1549,"intercept_trap",21004.7582029159
"3490","Haslibach","Pool","Diptera",NA,2,3,1549,"intercept_trap",21004.7582029159
"3491","Haslibach","Pool","Diptera",NA,2,3,1549,"intercept_trap",21004.7582029159
"3492","Haslibach","Pool","Diptera",NA,2,3,1549,"intercept_trap",21004.7582029159
"3493","Haslibach","Pool","Diptera",NA,2,3,1549,"intercept_trap",21004.7582029159
"3494","Haslibach","Pool","Diptera",NA,2,3,1549,"intercept_trap",21004.7582029159
"3495","Haslibach","Pool","Diptera",NA,2,3,1549,"intercept_trap",21004.7582029159
"3496","Haslibach","Pool","Diptera",NA,2,3,1549,"intercept_trap",21004.7582029159
"3497","Haslibach","Pool","Diptera",NA,2,3,1549,"intercept_trap",21004.7582029159
"3498","Haslibach","Pool","Diptera",NA,2,3,1549,"intercept_trap",21004.7582029159
"3499","Haslibach","Pool","Diptera",NA,2,3,1549,"intercept_trap",21004.7582029159
"3500","Haslibach","Pool","Diptera",NA,2,3,1549,"intercept_trap",21004.7582029159
"3501","Haslibach","Pool","Diptera",NA,2,3,1549,"intercept_trap",21004.7582029159
"3502","Haslibach","Pool","Diptera",NA,2,3,1549,"intercept_trap",21004.7582029159
"3503","Haslibach","Pool","Diptera",NA,2,3,1549,"intercept_trap",21004.7582029159
"3504","Haslibach","Pool","Diptera",NA,2,3,1549,"intercept_trap",21004.7582029159
"3505","Haslibach","Pool","Diptera",NA,2,3,1549,"intercept_trap",21004.7582029159
"3506","Haslibach","Pool","Diptera",NA,2,3,1549,"intercept_trap",21004.7582029159
"3507","Haslibach","Pool","Diptera",NA,2,3,1549,"intercept_trap",21004.7582029159
"3508","Haslibach","Pool","Diptera",NA,2,3,1549,"intercept_trap",21004.7582029159
"3509","Haslibach","Pool","Diptera",NA,2,3,1549,"intercept_trap",21004.7582029159
"3510","Haslibach","Pool","Diptera",NA,2,3,1549,"intercept_trap",21004.7582029159
"3511","Haslibach","Pool","Diptera",NA,2,3,1549,"intercept_trap",21004.7582029159
"3512","Haslibach","Pool","Diptera",NA,2,3,1549,"intercept_trap",21004.7582029159
"3513","Haslibach","Pool","Diptera",NA,2,3,1549,"intercept_trap",21004.7582029159
"3514","Haslibach","Pool","Diptera",NA,2,3,1549,"intercept_trap",21004.7582029159
"3515","Haslibach","Pool","Diptera",NA,2,3,1549,"intercept_trap",21004.7582029159
"3516","Haslibach","Pool","Diptera",NA,2,3,1549,"intercept_trap",21004.7582029159
"3517","Haslibach","Pool","Diptera",NA,3,3,1549,"intercept_trap",21004.7582029159
"3518","Haslibach","Pool","Diptera",NA,4,3,1549,"intercept_trap",21004.7582029159
"3519","Haslibach","Pool","Diptera",NA,4,3,1549,"intercept_trap",21004.7582029159
"3520","Haslibach","Pool","Diptera",NA,4,3,1549,"intercept_trap",21004.7582029159
"3521","Haslibach","Pool","Diptera",NA,4,3,1549,"intercept_trap",21004.7582029159
"3522","Haslibach","Pool","Diptera",NA,4,3,1549,"intercept_trap",21004.7582029159
"3523","Haslibach","Pool","Diptera",NA,4,3,1549,"intercept_trap",21004.7582029159
"3524","Haslibach","Pool","Diptera",NA,5,3,1549,"intercept_trap",21004.7582029159
"3525","Haslibach","Pool","Diptera",NA,5,3,1549,"intercept_trap",21004.7582029159
"3526","Haslibach","Pool","Diptera",NA,5,3,1549,"intercept_trap",21004.7582029159
"3527","Haslibach","Pool","Diptera",NA,5,3,1549,"intercept_trap",21004.7582029159
"3528","Haslibach","Pool","Diptera",NA,5,3,1549,"intercept_trap",21004.7582029159
"3529","Haslibach","Pool","Diptera",NA,5,3,1549,"intercept_trap",21004.7582029159
"3530","Haslibach","Pool","Diptera",NA,5,3,1549,"intercept_trap",21004.7582029159
"3531","Haslibach","Pool","Diptera",NA,5,3,1549,"intercept_trap",21004.7582029159
"3532","Haslibach","Pool","Diptera",NA,5,3,1549,"intercept_trap",21004.7582029159
"3533","Haslibach","Pool","Diptera",NA,5,3,1549,"intercept_trap",21004.7582029159
"3534","Haslibach","Pool","Diptera",NA,5,3,1549,"intercept_trap",21004.7582029159
"3535","Haslibach","Pool","Diptera",NA,5,3,1549,"intercept_trap",21004.7582029159
"3536","Haslibach","Pool","Diptera",NA,5,3,1549,"intercept_trap",21004.7582029159
"3537","Haslibach","Pool","Diptera",NA,6,3,1549,"intercept_trap",21004.7582029159
"3538","Haslibach","Pool","Diptera",NA,6,3,1549,"intercept_trap",21004.7582029159
"3539","Haslibach","Pool","Diptera",NA,6,3,1549,"intercept_trap",21004.7582029159
"3540","Haslibach","Pool","Diptera",NA,6,3,1549,"intercept_trap",21004.7582029159
"3541","Haslibach","Pool","Diptera",NA,6,3,1549,"intercept_trap",21004.7582029159
"3542","Haslibach","Pool","Diptera",NA,6,3,1549,"intercept_trap",21004.7582029159
"3543","Haslibach","Pool","Diptera",NA,6,3,1549,"intercept_trap",21004.7582029159
"3544","Haslibach","Pool","Diptera",NA,6,3,1549,"intercept_trap",21004.7582029159
"3545","Haslibach","Pool","Diptera",NA,6,3,1549,"intercept_trap",21004.7582029159
"3546","Haslibach","Pool","Diptera",NA,6,3,1549,"intercept_trap",21004.7582029159
"3547","Haslibach","Pool","Diptera",NA,7,3,1549,"intercept_trap",21004.7582029159
"3548","Haslibach","Pool","Diptera",NA,7,3,1549,"intercept_trap",21004.7582029159
"3549","Haslibach","Pool","Diptera",NA,7,3,1549,"intercept_trap",21004.7582029159
"3550","Haslibach","Pool","Diptera",NA,8,3,1549,"intercept_trap",21004.7582029159
"3551","Haslibach","Pool","Diptera",NA,8,3,1549,"intercept_trap",21004.7582029159
"3552","Haslibach","Pool","Diptera",NA,9,3,1549,"intercept_trap",21004.7582029159
"3553","Haslibach","Pool","Hemiptera",NA,2,3,1549,"intercept_trap",21004.7582029159
"3554","Haslibach","Pool","Hemiptera",NA,2,3,1549,"intercept_trap",21004.7582029159
"3555","Haslibach","Pool","Hemiptera",NA,2,3,1549,"intercept_trap",21004.7582029159
"3556","Haslibach","Pool","Hemiptera",NA,2,3,1549,"intercept_trap",21004.7582029159
"3557","Haslibach","Pool","Hemiptera",NA,3,3,1549,"intercept_trap",21004.7582029159
"3558","Haslibach","Pool","Hemiptera",NA,3,3,1549,"intercept_trap",21004.7582029159
"3559","Haslibach","Pool","Hemiptera",NA,3,3,1549,"intercept_trap",21004.7582029159
"3560","Haslibach","Pool","Hemiptera",NA,3,3,1549,"intercept_trap",21004.7582029159
"3561","Haslibach","Pool","Hemiptera",NA,3,3,1549,"intercept_trap",21004.7582029159
"3562","Haslibach","Pool","Hemiptera",NA,3,3,1549,"intercept_trap",21004.7582029159
"3563","Haslibach","Pool","Hemiptera",NA,3,3,1549,"intercept_trap",21004.7582029159
"3564","Haslibach","Pool","Hemiptera",NA,3,3,1549,"intercept_trap",21004.7582029159
"3565","Haslibach","Pool","Hemiptera",NA,3,3,1549,"intercept_trap",21004.7582029159
"3566","Haslibach","Pool","Hemiptera",NA,3,3,1549,"intercept_trap",21004.7582029159
"3567","Haslibach","Pool","Hemiptera",NA,3,3,1549,"intercept_trap",21004.7582029159
"3568","Haslibach","Pool","Hemiptera",NA,3,3,1549,"intercept_trap",21004.7582029159
"3569","Haslibach","Pool","Hemiptera",NA,3,3,1549,"intercept_trap",21004.7582029159
"3570","Haslibach","Pool","Hemiptera",NA,3,3,1549,"intercept_trap",21004.7582029159
"3571","Haslibach","Pool","Hemiptera",NA,3,3,1549,"intercept_trap",21004.7582029159
"3572","Haslibach","Pool","Hemiptera",NA,3,3,1549,"intercept_trap",21004.7582029159
"3573","Haslibach","Pool","Hemiptera",NA,3,3,1549,"intercept_trap",21004.7582029159
"3574","Haslibach","Pool","Hemiptera",NA,3,3,1549,"intercept_trap",21004.7582029159
"3575","Haslibach","Pool","Hemiptera",NA,3,3,1549,"intercept_trap",21004.7582029159
"3576","Haslibach","Pool","Hemiptera",NA,3,3,1549,"intercept_trap",21004.7582029159
"3577","Haslibach","Pool","Hemiptera","Aphidoidea",1,3,1549,"intercept_trap",21004.7582029159
"3578","Haslibach","Pool","Hemiptera","Aphidoidea",1,3,1549,"intercept_trap",21004.7582029159
"3579","Haslibach","Pool","Hemiptera","Aphidoidea",2,3,1549,"intercept_trap",21004.7582029159
"3580","Haslibach","Pool","Hemiptera","Aphidoidea",2,3,1549,"intercept_trap",21004.7582029159
"3581","Haslibach","Pool","Hemiptera","Aphidoidea",2,3,1549,"intercept_trap",21004.7582029159
"3582","Haslibach","Pool","Hemiptera","Aphidoidea",3,3,1549,"intercept_trap",21004.7582029159
"3583","Haslibach","Pool","Hymenoptera",NA,1,3,1549,"intercept_trap",21004.7582029159
"3584","Haslibach","Pool","Hymenoptera",NA,1,3,1549,"intercept_trap",21004.7582029159
"3585","Haslibach","Pool","Hymenoptera",NA,1,3,1549,"intercept_trap",21004.7582029159
"3586","Haslibach","Pool","Hymenoptera",NA,1,3,1549,"intercept_trap",21004.7582029159
"3587","Haslibach","Pool","Hymenoptera",NA,2,3,1549,"intercept_trap",21004.7582029159
"3588","Haslibach","Pool","Hymenoptera",NA,2,3,1549,"intercept_trap",21004.7582029159
"3589","Haslibach","Pool","Hymenoptera",NA,2,3,1549,"intercept_trap",21004.7582029159
"3590","Haslibach","Pool","Hymenoptera",NA,2,3,1549,"intercept_trap",21004.7582029159
"3591","Haslibach","Pool","Hymenoptera",NA,2,3,1549,"intercept_trap",21004.7582029159
"3592","Haslibach","Pool","Hymenoptera",NA,3,3,1549,"intercept_trap",21004.7582029159
"3593","Haslibach","Pool","Hymenoptera",NA,5,3,1549,"intercept_trap",21004.7582029159
"3594","Haslibach","Pool","Lepidoptera",NA,2,3,1549,"intercept_trap",21004.7582029159
"3595","Haslibach","Pool","Lepidoptera",NA,2,3,1549,"intercept_trap",21004.7582029159
"3596","Haslibach","Pool","Lepidoptera",NA,9,3,1549,"intercept_trap",21004.7582029159
"3597","Haslibach","Pool","Psocoptera",NA,2,3,1549,"intercept_trap",21004.7582029159
"3598","Haslibach","Pool","Psocoptera",NA,2,3,1549,"intercept_trap",21004.7582029159
"3599","Haslibach","Pool","Psocoptera",NA,2,3,1549,"intercept_trap",21004.7582029159
"3600","Haslibach","Pool","Psocoptera",NA,2,3,1549,"intercept_trap",21004.7582029159
"3601","Haslibach","Pool","Psocoptera",NA,2,3,1549,"intercept_trap",21004.7582029159
"3602","Haslibach","Pool","Psocoptera",NA,2,3,1549,"intercept_trap",21004.7582029159
"3603","Haslibach","Pool","Psocoptera",NA,2,3,1549,"intercept_trap",21004.7582029159
"3604","Haslibach","Pool","Psocoptera",NA,3,3,1549,"intercept_trap",21004.7582029159
"3605","Haslibach","Control","Entomobryomorpha",NA,1,3,1549,"intercept_trap",21004.7582029159
"3606","Haslibach","Control","Entomobryomorpha",NA,1,3,1549,"intercept_trap",21004.7582029159
"3607","Haslibach","Control","Entomobryomorpha",NA,1,3,1549,"intercept_trap",21004.7582029159
"3608","Haslibach","Control","Entomobryomorpha",NA,1,3,1549,"intercept_trap",21004.7582029159
"3609","Haslibach","Control","Entomobryomorpha",NA,2,3,1549,"intercept_trap",21004.7582029159
"3610","Haslibach","Control","Entomobryomorpha",NA,3,3,1549,"intercept_trap",21004.7582029159
"3611","Haslibach","Control","Coleoptera","Carabidae",6,3,1549,"intercept_trap",21004.7582029159
"3612","Haslibach","Control","Coleoptera","Dytiscidae",11,3,1549,"intercept_trap",21004.7582029159
"3613","Haslibach","Control","Coleoptera","Dytiscidae",12,3,1549,"intercept_trap",21004.7582029159
"3614","Haslibach","Control","Coleoptera","Curculionidae",2,3,1549,"intercept_trap",21004.7582029159
"3615","Haslibach","Control","Coleoptera","Curculionidae",2,3,1549,"intercept_trap",21004.7582029159
"3616","Haslibach","Control","Coleoptera","Hydrophilidae",7,3,1549,"intercept_trap",21004.7582029159
"3617","Haslibach","Control","Coleoptera","Latridiidae",2,3,1549,"intercept_trap",21004.7582029159
"3618","Haslibach","Control","Coleoptera",NA,1,3,1549,"intercept_trap",21004.7582029159
"3619","Haslibach","Control","Coleoptera",NA,3,3,1549,"intercept_trap",21004.7582029159
"3620","Haslibach","Control","Diptera",NA,1,3,1549,"intercept_trap",21004.7582029159
"3621","Haslibach","Control","Diptera",NA,2,3,1549,"intercept_trap",21004.7582029159
"3622","Haslibach","Control","Diptera",NA,2,3,1549,"intercept_trap",21004.7582029159
"3623","Haslibach","Control","Diptera",NA,5,3,1549,"intercept_trap",21004.7582029159
"3624","Haslibach","Control","Diptera",NA,7,3,1549,"intercept_trap",21004.7582029159
"3625","Haslibach","Control","Diptera",NA,7,3,1549,"intercept_trap",21004.7582029159
"3626","Haslibach","Control","Diptera",NA,7,3,1549,"intercept_trap",21004.7582029159
"3627","Haslibach","Control","Diptera",NA,7,3,1549,"intercept_trap",21004.7582029159
"3628","Haslibach","Control","Diptera",NA,8,3,1549,"intercept_trap",21004.7582029159
"3629","Haslibach","Control","Diptera",NA,1,3,1549,"intercept_trap",21004.7582029159
"3630","Haslibach","Control","Diptera",NA,1,3,1549,"intercept_trap",21004.7582029159
"3631","Haslibach","Control","Diptera",NA,1,3,1549,"intercept_trap",21004.7582029159
"3632","Haslibach","Control","Diptera",NA,1,3,1549,"intercept_trap",21004.7582029159
"3633","Haslibach","Control","Diptera",NA,1,3,1549,"intercept_trap",21004.7582029159
"3634","Haslibach","Control","Diptera",NA,1,3,1549,"intercept_trap",21004.7582029159
"3635","Haslibach","Control","Diptera",NA,1,3,1549,"intercept_trap",21004.7582029159
"3636","Haslibach","Control","Diptera",NA,1,3,1549,"intercept_trap",21004.7582029159
"3637","Haslibach","Control","Diptera",NA,1,3,1549,"intercept_trap",21004.7582029159
"3638","Haslibach","Control","Diptera",NA,1,3,1549,"intercept_trap",21004.7582029159
"3639","Haslibach","Control","Diptera",NA,1,3,1549,"intercept_trap",21004.7582029159
"3640","Haslibach","Control","Diptera",NA,1,3,1549,"intercept_trap",21004.7582029159
"3641","Haslibach","Control","Diptera",NA,1,3,1549,"intercept_trap",21004.7582029159
"3642","Haslibach","Control","Diptera",NA,2,3,1549,"intercept_trap",21004.7582029159
"3643","Haslibach","Control","Diptera",NA,2,3,1549,"intercept_trap",21004.7582029159
"3644","Haslibach","Control","Diptera",NA,2,3,1549,"intercept_trap",21004.7582029159
"3645","Haslibach","Control","Diptera",NA,2,3,1549,"intercept_trap",21004.7582029159
"3646","Haslibach","Control","Diptera",NA,2,3,1549,"intercept_trap",21004.7582029159
"3647","Haslibach","Control","Diptera",NA,2,3,1549,"intercept_trap",21004.7582029159
"3648","Haslibach","Control","Diptera",NA,2,3,1549,"intercept_trap",21004.7582029159
"3649","Haslibach","Control","Diptera",NA,2,3,1549,"intercept_trap",21004.7582029159
"3650","Haslibach","Control","Diptera",NA,2,3,1549,"intercept_trap",21004.7582029159
"3651","Haslibach","Control","Diptera",NA,2,3,1549,"intercept_trap",21004.7582029159
"3652","Haslibach","Control","Diptera",NA,2,3,1549,"intercept_trap",21004.7582029159
"3653","Haslibach","Control","Diptera",NA,2,3,1549,"intercept_trap",21004.7582029159
"3654","Haslibach","Control","Diptera",NA,2,3,1549,"intercept_trap",21004.7582029159
"3655","Haslibach","Control","Diptera",NA,2,3,1549,"intercept_trap",21004.7582029159
"3656","Haslibach","Control","Diptera",NA,3,3,1549,"intercept_trap",21004.7582029159
"3657","Haslibach","Control","Diptera",NA,4,3,1549,"intercept_trap",21004.7582029159
"3658","Haslibach","Control","Diptera",NA,7,3,1549,"intercept_trap",21004.7582029159
"3659","Haslibach","Control","Diptera",NA,2,3,1549,"intercept_trap",21004.7582029159
"3660","Haslibach","Control","Diptera",NA,3,3,1549,"intercept_trap",21004.7582029159
"3661","Haslibach","Control","Hemiptera",NA,3,3,1549,"intercept_trap",21004.7582029159
"3662","Haslibach","Control","Hemiptera",NA,3,3,1549,"intercept_trap",21004.7582029159
"3663","Haslibach","Control","Hemiptera","Gerridae",8,3,1549,"intercept_trap",21004.7582029159
"3664","Haslibach","Control","Hemiptera",NA,1,3,1549,"intercept_trap",21004.7582029159
"3665","Haslibach","Control","Hymenoptera",NA,1,3,1549,"intercept_trap",21004.7582029159
"3666","Haslibach","Control","Hymenoptera",NA,1,3,1549,"intercept_trap",21004.7582029159
"3667","Haslibach","Control","Hymenoptera",NA,1,3,1549,"intercept_trap",21004.7582029159
"3668","Haslibach","Control","Hymenoptera",NA,1,3,1549,"intercept_trap",21004.7582029159
"3669","Haslibach","Control","Hymenoptera",NA,1,3,1549,"intercept_trap",21004.7582029159
"3670","Haslibach","Control","Hymenoptera",NA,1,3,1549,"intercept_trap",21004.7582029159
"3671","Haslibach","Control","Hymenoptera",NA,2,3,1549,"intercept_trap",21004.7582029159
"3672","Haslibach","Control","Hymenoptera",NA,2,3,1549,"intercept_trap",21004.7582029159
"3673","Haslibach","Control","Hymenoptera",NA,2,3,1549,"intercept_trap",21004.7582029159
"3674","Haslibach","Control","Hymenoptera",NA,2,3,1549,"intercept_trap",21004.7582029159
"3675","Haslibach","Control","Hymenoptera",NA,4,3,1549,"intercept_trap",21004.7582029159
"3676","Haslibach","Control","Psocoptera",NA,2,3,1549,"intercept_trap",21004.7582029159
"3677","Haslibach","Control","Psocoptera",NA,2,3,1549,"intercept_trap",21004.7582029159
"3678","Haslibach","Control","Thysanoptera",NA,2,3,1549,"intercept_trap",21004.7582029159
"3679","Haslibach","Control","Thysanoptera",NA,2,3,1549,"intercept_trap",21004.7582029159
"3680","Haslibach","Pool","Araneae",NA,1,3,1549,"intercept_trap",21004.7582029159
"3681","Haslibach","Pool","Araneae",NA,1,3,1549,"intercept_trap",21004.7582029159
"3682","Haslibach","Pool","Araneae",NA,2,3,1549,"intercept_trap",21004.7582029159
"3683","Haslibach","Pool","Entomobryomorpha",NA,1,3,1549,"intercept_trap",21004.7582029159
"3684","Haslibach","Pool","Entomobryomorpha",NA,2,3,1549,"intercept_trap",21004.7582029159
"3685","Haslibach","Pool","Entomobryomorpha",NA,2,3,1549,"intercept_trap",21004.7582029159
"3686","Haslibach","Pool","Entomobryomorpha",NA,2,3,1549,"intercept_trap",21004.7582029159
"3687","Haslibach","Pool",NA,NA,2,3,1549,"intercept_trap",21004.7582029159
"3688","Haslibach","Pool","Coleoptera","Haliplidae",3,3,1549,"intercept_trap",21004.7582029159
"3689","Haslibach","Pool","Coleoptera","Curculionidae",2,3,1549,"intercept_trap",21004.7582029159
"3690","Haslibach","Pool","Coleoptera","Curculionidae",2,3,1549,"intercept_trap",21004.7582029159
"3691","Haslibach","Pool","Coleoptera","Curculionidae",2,3,1549,"intercept_trap",21004.7582029159
"3692","Haslibach","Pool","Coleoptera","Curculionidae",2,3,1549,"intercept_trap",21004.7582029159
"3693","Haslibach","Pool","Coleoptera","Curculionidae",2,3,1549,"intercept_trap",21004.7582029159
"3694","Haslibach","Pool","Coleoptera","Curculionidae",2,3,1549,"intercept_trap",21004.7582029159
"3695","Haslibach","Pool","Coleoptera","Curculionidae",2,3,1549,"intercept_trap",21004.7582029159
"3696","Haslibach","Pool","Coleoptera","Curculionidae",2,3,1549,"intercept_trap",21004.7582029159
"3697","Haslibach","Pool","Coleoptera","Curculionidae",2,3,1549,"intercept_trap",21004.7582029159
"3698","Haslibach","Pool","Coleoptera","Curculionidae",2,3,1549,"intercept_trap",21004.7582029159
"3699","Haslibach","Pool","Coleoptera","Curculionidae",2,3,1549,"intercept_trap",21004.7582029159
"3700","Haslibach","Pool","Coleoptera","Curculionidae",2,3,1549,"intercept_trap",21004.7582029159
"3701","Haslibach","Pool","Coleoptera","Curculionidae",2,3,1549,"intercept_trap",21004.7582029159
"3702","Haslibach","Pool","Coleoptera","Curculionidae",3,3,1549,"intercept_trap",21004.7582029159
"3703","Haslibach","Pool","Coleoptera","Curculionidae",4,3,1549,"intercept_trap",21004.7582029159
"3704","Haslibach","Pool","Coleoptera","Curculionidae",4,3,1549,"intercept_trap",21004.7582029159
"3705","Haslibach","Pool","Coleoptera","Coccinellidae",3,3,1549,"intercept_trap",21004.7582029159
"3706","Haslibach","Pool","Coleoptera","Hydrophilidae",6,3,1549,"intercept_trap",21004.7582029159
"3707","Haslibach","Pool","Coleoptera","Latridiidae",2,3,1549,"intercept_trap",21004.7582029159
"3708","Haslibach","Pool","Coleoptera","Scirtidae",3,3,1549,"intercept_trap",21004.7582029159
"3709","Haslibach","Pool","Coleoptera","Staphylinidae",1,3,1549,"intercept_trap",21004.7582029159
"3710","Haslibach","Pool","Coleoptera","Staphylinidae",1,3,1549,"intercept_trap",21004.7582029159
"3711","Haslibach","Pool","Coleoptera","Staphylinidae",4,3,1549,"intercept_trap",21004.7582029159
"3712","Haslibach","Pool","Diptera",NA,1,3,1549,"intercept_trap",21004.7582029159
"3713","Haslibach","Pool","Diptera",NA,1,3,1549,"intercept_trap",21004.7582029159
"3714","Haslibach","Pool","Diptera",NA,1,3,1549,"intercept_trap",21004.7582029159
"3715","Haslibach","Pool","Diptera",NA,2,3,1549,"intercept_trap",21004.7582029159
"3716","Haslibach","Pool","Diptera",NA,2,3,1549,"intercept_trap",21004.7582029159
"3717","Haslibach","Pool","Diptera",NA,2,3,1549,"intercept_trap",21004.7582029159
"3718","Haslibach","Pool","Diptera",NA,2,3,1549,"intercept_trap",21004.7582029159
"3719","Haslibach","Pool","Diptera",NA,2,3,1549,"intercept_trap",21004.7582029159
"3720","Haslibach","Pool","Diptera",NA,2,3,1549,"intercept_trap",21004.7582029159
"3721","Haslibach","Pool","Diptera",NA,2,3,1549,"intercept_trap",21004.7582029159
"3722","Haslibach","Pool","Diptera",NA,2,3,1549,"intercept_trap",21004.7582029159
"3723","Haslibach","Pool","Diptera",NA,2,3,1549,"intercept_trap",21004.7582029159
"3724","Haslibach","Pool","Diptera",NA,2,3,1549,"intercept_trap",21004.7582029159
"3725","Haslibach","Pool","Diptera",NA,3,3,1549,"intercept_trap",21004.7582029159
"3726","Haslibach","Pool","Diptera",NA,3,3,1549,"intercept_trap",21004.7582029159
"3727","Haslibach","Pool","Diptera",NA,3,3,1549,"intercept_trap",21004.7582029159
"3728","Haslibach","Pool","Diptera",NA,3,3,1549,"intercept_trap",21004.7582029159
"3729","Haslibach","Pool","Diptera",NA,3,3,1549,"intercept_trap",21004.7582029159
"3730","Haslibach","Pool","Diptera",NA,3,3,1549,"intercept_trap",21004.7582029159
"3731","Haslibach","Pool","Diptera",NA,3,3,1549,"intercept_trap",21004.7582029159
"3732","Haslibach","Pool","Diptera",NA,3,3,1549,"intercept_trap",21004.7582029159
"3733","Haslibach","Pool","Diptera",NA,4,3,1549,"intercept_trap",21004.7582029159
"3734","Haslibach","Pool","Diptera",NA,4,3,1549,"intercept_trap",21004.7582029159
"3735","Haslibach","Pool","Diptera",NA,5,3,1549,"intercept_trap",21004.7582029159
"3736","Haslibach","Pool","Diptera",NA,5,3,1549,"intercept_trap",21004.7582029159
"3737","Haslibach","Pool","Diptera",NA,5,3,1549,"intercept_trap",21004.7582029159
"3738","Haslibach","Pool","Diptera",NA,5,3,1549,"intercept_trap",21004.7582029159
"3739","Haslibach","Pool","Diptera",NA,5,3,1549,"intercept_trap",21004.7582029159
"3740","Haslibach","Pool","Diptera",NA,5,3,1549,"intercept_trap",21004.7582029159
"3741","Haslibach","Pool","Diptera",NA,5,3,1549,"intercept_trap",21004.7582029159
"3742","Haslibach","Pool","Diptera",NA,6,3,1549,"intercept_trap",21004.7582029159
"3743","Haslibach","Pool","Diptera",NA,6,3,1549,"intercept_trap",21004.7582029159
"3744","Haslibach","Pool","Diptera",NA,6,3,1549,"intercept_trap",21004.7582029159
"3745","Haslibach","Pool","Diptera",NA,6,3,1549,"intercept_trap",21004.7582029159
"3746","Haslibach","Pool","Diptera",NA,6,3,1549,"intercept_trap",21004.7582029159
"3747","Haslibach","Pool","Diptera",NA,7,3,1549,"intercept_trap",21004.7582029159
"3748","Haslibach","Pool","Diptera",NA,7,3,1549,"intercept_trap",21004.7582029159
"3749","Haslibach","Pool","Diptera",NA,7,3,1549,"intercept_trap",21004.7582029159
"3750","Haslibach","Pool","Diptera",NA,7,3,1549,"intercept_trap",21004.7582029159
"3751","Haslibach","Pool","Diptera",NA,7,3,1549,"intercept_trap",21004.7582029159
"3752","Haslibach","Pool","Diptera",NA,7,3,1549,"intercept_trap",21004.7582029159
"3753","Haslibach","Pool","Diptera",NA,7,3,1549,"intercept_trap",21004.7582029159
"3754","Haslibach","Pool","Diptera",NA,7,3,1549,"intercept_trap",21004.7582029159
"3755","Haslibach","Pool","Diptera",NA,7,3,1549,"intercept_trap",21004.7582029159
"3756","Haslibach","Pool","Diptera",NA,7,3,1549,"intercept_trap",21004.7582029159
"3757","Haslibach","Pool","Diptera",NA,7,3,1549,"intercept_trap",21004.7582029159
"3758","Haslibach","Pool","Diptera",NA,7,3,1549,"intercept_trap",21004.7582029159
"3759","Haslibach","Pool","Diptera",NA,8,3,1549,"intercept_trap",21004.7582029159
"3760","Haslibach","Pool","Diptera",NA,8,3,1549,"intercept_trap",21004.7582029159
"3761","Haslibach","Pool","Diptera",NA,8,3,1549,"intercept_trap",21004.7582029159
"3762","Haslibach","Pool","Diptera",NA,8,3,1549,"intercept_trap",21004.7582029159
"3763","Haslibach","Pool","Diptera",NA,8,3,1549,"intercept_trap",21004.7582029159
"3764","Haslibach","Pool","Diptera",NA,8,3,1549,"intercept_trap",21004.7582029159
"3765","Haslibach","Pool","Diptera",NA,8,3,1549,"intercept_trap",21004.7582029159
"3766","Haslibach","Pool","Diptera",NA,8,3,1549,"intercept_trap",21004.7582029159
"3767","Haslibach","Pool","Diptera",NA,8,3,1549,"intercept_trap",21004.7582029159
"3768","Haslibach","Pool","Diptera",NA,8,3,1549,"intercept_trap",21004.7582029159
"3769","Haslibach","Pool","Diptera",NA,8,3,1549,"intercept_trap",21004.7582029159
"3770","Haslibach","Pool","Diptera",NA,8,3,1549,"intercept_trap",21004.7582029159
"3771","Haslibach","Pool","Diptera",NA,8,3,1549,"intercept_trap",21004.7582029159
"3772","Haslibach","Pool","Diptera",NA,8,3,1549,"intercept_trap",21004.7582029159
"3773","Haslibach","Pool","Diptera",NA,8,3,1549,"intercept_trap",21004.7582029159
"3774","Haslibach","Pool","Diptera",NA,9,3,1549,"intercept_trap",21004.7582029159
"3775","Haslibach","Pool","Diptera",NA,9,3,1549,"intercept_trap",21004.7582029159
"3776","Haslibach","Pool","Diptera",NA,10,3,1549,"intercept_trap",21004.7582029159
"3777","Haslibach","Pool","Diptera",NA,10,3,1549,"intercept_trap",21004.7582029159
"3778","Haslibach","Pool","Diptera",NA,10,3,1549,"intercept_trap",21004.7582029159
"3779","Haslibach","Pool","Diptera",NA,10,3,1549,"intercept_trap",21004.7582029159
"3780","Haslibach","Pool","Diptera",NA,12,3,1549,"intercept_trap",21004.7582029159
"3781","Haslibach","Pool","Diptera",NA,1,3,1549,"intercept_trap",21004.7582029159
"3782","Haslibach","Pool","Diptera",NA,1,3,1549,"intercept_trap",21004.7582029159
"3783","Haslibach","Pool","Diptera",NA,1,3,1549,"intercept_trap",21004.7582029159
"3784","Haslibach","Pool","Diptera",NA,1,3,1549,"intercept_trap",21004.7582029159
"3785","Haslibach","Pool","Diptera",NA,1,3,1549,"intercept_trap",21004.7582029159
"3786","Haslibach","Pool","Diptera",NA,1,3,1549,"intercept_trap",21004.7582029159
"3787","Haslibach","Pool","Diptera",NA,1,3,1549,"intercept_trap",21004.7582029159
"3788","Haslibach","Pool","Diptera",NA,1,3,1549,"intercept_trap",21004.7582029159
"3789","Haslibach","Pool","Diptera",NA,1,3,1549,"intercept_trap",21004.7582029159
"3790","Haslibach","Pool","Diptera",NA,1,3,1549,"intercept_trap",21004.7582029159
"3791","Haslibach","Pool","Diptera",NA,1,3,1549,"intercept_trap",21004.7582029159
"3792","Haslibach","Pool","Diptera",NA,1,3,1549,"intercept_trap",21004.7582029159
"3793","Haslibach","Pool","Diptera",NA,1,3,1549,"intercept_trap",21004.7582029159
"3794","Haslibach","Pool","Diptera",NA,1,3,1549,"intercept_trap",21004.7582029159
"3795","Haslibach","Pool","Diptera",NA,1,3,1549,"intercept_trap",21004.7582029159
"3796","Haslibach","Pool","Diptera",NA,1,3,1549,"intercept_trap",21004.7582029159
"3797","Haslibach","Pool","Diptera",NA,1,3,1549,"intercept_trap",21004.7582029159
"3798","Haslibach","Pool","Diptera",NA,1,3,1549,"intercept_trap",21004.7582029159
"3799","Haslibach","Pool","Diptera",NA,1,3,1549,"intercept_trap",21004.7582029159
"3800","Haslibach","Pool","Diptera",NA,1,3,1549,"intercept_trap",21004.7582029159
"3801","Haslibach","Pool","Diptera",NA,1,3,1549,"intercept_trap",21004.7582029159
"3802","Haslibach","Pool","Diptera",NA,1,3,1549,"intercept_trap",21004.7582029159
"3803","Haslibach","Pool","Diptera",NA,1,3,1549,"intercept_trap",21004.7582029159
"3804","Haslibach","Pool","Diptera",NA,1,3,1549,"intercept_trap",21004.7582029159
"3805","Haslibach","Pool","Diptera",NA,1,3,1549,"intercept_trap",21004.7582029159
"3806","Haslibach","Pool","Diptera",NA,2,3,1549,"intercept_trap",21004.7582029159
"3807","Haslibach","Pool","Diptera",NA,2,3,1549,"intercept_trap",21004.7582029159
"3808","Haslibach","Pool","Diptera",NA,2,3,1549,"intercept_trap",21004.7582029159
"3809","Haslibach","Pool","Diptera",NA,2,3,1549,"intercept_trap",21004.7582029159
"3810","Haslibach","Pool","Diptera",NA,2,3,1549,"intercept_trap",21004.7582029159
"3811","Haslibach","Pool","Diptera",NA,2,3,1549,"intercept_trap",21004.7582029159
"3812","Haslibach","Pool","Diptera",NA,2,3,1549,"intercept_trap",21004.7582029159
"3813","Haslibach","Pool","Diptera",NA,2,3,1549,"intercept_trap",21004.7582029159
"3814","Haslibach","Pool","Diptera",NA,2,3,1549,"intercept_trap",21004.7582029159
"3815","Haslibach","Pool","Diptera",NA,2,3,1549,"intercept_trap",21004.7582029159
"3816","Haslibach","Pool","Diptera",NA,2,3,1549,"intercept_trap",21004.7582029159
"3817","Haslibach","Pool","Diptera",NA,2,3,1549,"intercept_trap",21004.7582029159
"3818","Haslibach","Pool","Diptera",NA,2,3,1549,"intercept_trap",21004.7582029159
"3819","Haslibach","Pool","Diptera",NA,2,3,1549,"intercept_trap",21004.7582029159
"3820","Haslibach","Pool","Diptera",NA,2,3,1549,"intercept_trap",21004.7582029159
"3821","Haslibach","Pool","Diptera",NA,2,3,1549,"intercept_trap",21004.7582029159
"3822","Haslibach","Pool","Diptera",NA,2,3,1549,"intercept_trap",21004.7582029159
"3823","Haslibach","Pool","Diptera",NA,2,3,1549,"intercept_trap",21004.7582029159
"3824","Haslibach","Pool","Diptera",NA,2,3,1549,"intercept_trap",21004.7582029159
"3825","Haslibach","Pool","Diptera",NA,2,3,1549,"intercept_trap",21004.7582029159
"3826","Haslibach","Pool","Diptera",NA,2,3,1549,"intercept_trap",21004.7582029159
"3827","Haslibach","Pool","Diptera",NA,2,3,1549,"intercept_trap",21004.7582029159
"3828","Haslibach","Pool","Diptera",NA,2,3,1549,"intercept_trap",21004.7582029159
"3829","Haslibach","Pool","Diptera",NA,2,3,1549,"intercept_trap",21004.7582029159
"3830","Haslibach","Pool","Diptera",NA,2,3,1549,"intercept_trap",21004.7582029159
"3831","Haslibach","Pool","Diptera",NA,2,3,1549,"intercept_trap",21004.7582029159
"3832","Haslibach","Pool","Diptera",NA,2,3,1549,"intercept_trap",21004.7582029159
"3833","Haslibach","Pool","Diptera",NA,2,3,1549,"intercept_trap",21004.7582029159
"3834","Haslibach","Pool","Diptera",NA,2,3,1549,"intercept_trap",21004.7582029159
"3835","Haslibach","Pool","Diptera",NA,2,3,1549,"intercept_trap",21004.7582029159
"3836","Haslibach","Pool","Diptera",NA,2,3,1549,"intercept_trap",21004.7582029159
"3837","Haslibach","Pool","Diptera",NA,2,3,1549,"intercept_trap",21004.7582029159
"3838","Haslibach","Pool","Diptera",NA,2,3,1549,"intercept_trap",21004.7582029159
"3839","Haslibach","Pool","Diptera",NA,2,3,1549,"intercept_trap",21004.7582029159
"3840","Haslibach","Pool","Diptera",NA,2,3,1549,"intercept_trap",21004.7582029159
"3841","Haslibach","Pool","Diptera",NA,2,3,1549,"intercept_trap",21004.7582029159
"3842","Haslibach","Pool","Diptera",NA,2,3,1549,"intercept_trap",21004.7582029159
"3843","Haslibach","Pool","Diptera",NA,2,3,1549,"intercept_trap",21004.7582029159
"3844","Haslibach","Pool","Diptera",NA,2,3,1549,"intercept_trap",21004.7582029159
"3845","Haslibach","Pool","Diptera",NA,2,3,1549,"intercept_trap",21004.7582029159
"3846","Haslibach","Pool","Diptera",NA,2,3,1549,"intercept_trap",21004.7582029159
"3847","Haslibach","Pool","Diptera",NA,2,3,1549,"intercept_trap",21004.7582029159
"3848","Haslibach","Pool","Diptera",NA,2,3,1549,"intercept_trap",21004.7582029159
"3849","Haslibach","Pool","Diptera",NA,2,3,1549,"intercept_trap",21004.7582029159
"3850","Haslibach","Pool","Diptera",NA,2,3,1549,"intercept_trap",21004.7582029159
"3851","Haslibach","Pool","Diptera",NA,2,3,1549,"intercept_trap",21004.7582029159
"3852","Haslibach","Pool","Diptera",NA,2,3,1549,"intercept_trap",21004.7582029159
"3853","Haslibach","Pool","Diptera",NA,2,3,1549,"intercept_trap",21004.7582029159
"3854","Haslibach","Pool","Diptera",NA,2,3,1549,"intercept_trap",21004.7582029159
"3855","Haslibach","Pool","Diptera",NA,2,3,1549,"intercept_trap",21004.7582029159
"3856","Haslibach","Pool","Diptera",NA,2,3,1549,"intercept_trap",21004.7582029159
"3857","Haslibach","Pool","Diptera",NA,2,3,1549,"intercept_trap",21004.7582029159
"3858","Haslibach","Pool","Diptera",NA,2,3,1549,"intercept_trap",21004.7582029159
"3859","Haslibach","Pool","Diptera",NA,2,3,1549,"intercept_trap",21004.7582029159
"3860","Haslibach","Pool","Diptera",NA,2,3,1549,"intercept_trap",21004.7582029159
"3861","Haslibach","Pool","Diptera",NA,2,3,1549,"intercept_trap",21004.7582029159
"3862","Haslibach","Pool","Diptera",NA,2,3,1549,"intercept_trap",21004.7582029159
"3863","Haslibach","Pool","Diptera",NA,2,3,1549,"intercept_trap",21004.7582029159
"3864","Haslibach","Pool","Diptera",NA,2,3,1549,"intercept_trap",21004.7582029159
"3865","Haslibach","Pool","Diptera",NA,2,3,1549,"intercept_trap",21004.7582029159
"3866","Haslibach","Pool","Diptera",NA,2,3,1549,"intercept_trap",21004.7582029159
"3867","Haslibach","Pool","Diptera",NA,2,3,1549,"intercept_trap",21004.7582029159
"3868","Haslibach","Pool","Diptera",NA,2,3,1549,"intercept_trap",21004.7582029159
"3869","Haslibach","Pool","Diptera",NA,2,3,1549,"intercept_trap",21004.7582029159
"3870","Haslibach","Pool","Diptera",NA,2,3,1549,"intercept_trap",21004.7582029159
"3871","Haslibach","Pool","Diptera",NA,2,3,1549,"intercept_trap",21004.7582029159
"3872","Haslibach","Pool","Diptera",NA,2,3,1549,"intercept_trap",21004.7582029159
"3873","Haslibach","Pool","Diptera",NA,2,3,1549,"intercept_trap",21004.7582029159
"3874","Haslibach","Pool","Diptera",NA,2,3,1549,"intercept_trap",21004.7582029159
"3875","Haslibach","Pool","Diptera",NA,2,3,1549,"intercept_trap",21004.7582029159
"3876","Haslibach","Pool","Diptera",NA,2,3,1549,"intercept_trap",21004.7582029159
"3877","Haslibach","Pool","Diptera",NA,2,3,1549,"intercept_trap",21004.7582029159
"3878","Haslibach","Pool","Diptera",NA,2,3,1549,"intercept_trap",21004.7582029159
"3879","Haslibach","Pool","Diptera",NA,2,3,1549,"intercept_trap",21004.7582029159
"3880","Haslibach","Pool","Diptera",NA,2,3,1549,"intercept_trap",21004.7582029159
"3881","Haslibach","Pool","Diptera",NA,2,3,1549,"intercept_trap",21004.7582029159
"3882","Haslibach","Pool","Diptera",NA,2,3,1549,"intercept_trap",21004.7582029159
"3883","Haslibach","Pool","Diptera",NA,2,3,1549,"intercept_trap",21004.7582029159
"3884","Haslibach","Pool","Diptera",NA,2,3,1549,"intercept_trap",21004.7582029159
"3885","Haslibach","Pool","Diptera",NA,2,3,1549,"intercept_trap",21004.7582029159
"3886","Haslibach","Pool","Diptera",NA,2,3,1549,"intercept_trap",21004.7582029159
"3887","Haslibach","Pool","Diptera",NA,2,3,1549,"intercept_trap",21004.7582029159
"3888","Haslibach","Pool","Diptera",NA,2,3,1549,"intercept_trap",21004.7582029159
"3889","Haslibach","Pool","Diptera",NA,2,3,1549,"intercept_trap",21004.7582029159
"3890","Haslibach","Pool","Diptera",NA,2,3,1549,"intercept_trap",21004.7582029159
"3891","Haslibach","Pool","Diptera",NA,2,3,1549,"intercept_trap",21004.7582029159
"3892","Haslibach","Pool","Diptera",NA,2,3,1549,"intercept_trap",21004.7582029159
"3893","Haslibach","Pool","Diptera",NA,2,3,1549,"intercept_trap",21004.7582029159
"3894","Haslibach","Pool","Diptera",NA,2,3,1549,"intercept_trap",21004.7582029159
"3895","Haslibach","Pool","Diptera",NA,2,3,1549,"intercept_trap",21004.7582029159
"3896","Haslibach","Pool","Diptera",NA,2,3,1549,"intercept_trap",21004.7582029159
"3897","Haslibach","Pool","Diptera",NA,2,3,1549,"intercept_trap",21004.7582029159
"3898","Haslibach","Pool","Diptera",NA,2,3,1549,"intercept_trap",21004.7582029159
"3899","Haslibach","Pool","Diptera",NA,3,3,1549,"intercept_trap",21004.7582029159
"3900","Haslibach","Pool","Diptera",NA,3,3,1549,"intercept_trap",21004.7582029159
"3901","Haslibach","Pool","Diptera",NA,3,3,1549,"intercept_trap",21004.7582029159
"3902","Haslibach","Pool","Diptera",NA,3,3,1549,"intercept_trap",21004.7582029159
"3903","Haslibach","Pool","Diptera",NA,3,3,1549,"intercept_trap",21004.7582029159
"3904","Haslibach","Pool","Diptera",NA,3,3,1549,"intercept_trap",21004.7582029159
"3905","Haslibach","Pool","Diptera",NA,3,3,1549,"intercept_trap",21004.7582029159
"3906","Haslibach","Pool","Diptera",NA,3,3,1549,"intercept_trap",21004.7582029159
"3907","Haslibach","Pool","Diptera",NA,4,3,1549,"intercept_trap",21004.7582029159
"3908","Haslibach","Pool","Diptera",NA,4,3,1549,"intercept_trap",21004.7582029159
"3909","Haslibach","Pool","Diptera",NA,5,3,1549,"intercept_trap",21004.7582029159
"3910","Haslibach","Pool","Diptera",NA,5,3,1549,"intercept_trap",21004.7582029159
"3911","Haslibach","Pool","Diptera",NA,5,3,1549,"intercept_trap",21004.7582029159
"3912","Haslibach","Pool","Diptera",NA,5,3,1549,"intercept_trap",21004.7582029159
"3913","Haslibach","Pool","Diptera",NA,5,3,1549,"intercept_trap",21004.7582029159
"3914","Haslibach","Pool","Diptera",NA,5,3,1549,"intercept_trap",21004.7582029159
"3915","Haslibach","Pool","Diptera",NA,5,3,1549,"intercept_trap",21004.7582029159
"3916","Haslibach","Pool","Diptera",NA,5,3,1549,"intercept_trap",21004.7582029159
"3917","Haslibach","Pool","Diptera",NA,5,3,1549,"intercept_trap",21004.7582029159
"3918","Haslibach","Pool","Diptera",NA,5,3,1549,"intercept_trap",21004.7582029159
"3919","Haslibach","Pool","Diptera",NA,7,3,1549,"intercept_trap",21004.7582029159
"3920","Haslibach","Pool","Diptera",NA,8,3,1549,"intercept_trap",21004.7582029159
"3921","Haslibach","Pool","Diptera",NA,8,3,1549,"intercept_trap",21004.7582029159
"3922","Haslibach","Pool","Diptera",NA,8,3,1549,"intercept_trap",21004.7582029159
"3923","Haslibach","Pool","Diptera",NA,8,3,1549,"intercept_trap",21004.7582029159
"3924","Haslibach","Pool","Diptera",NA,8,3,1549,"intercept_trap",21004.7582029159
"3925","Haslibach","Pool","Hemiptera",NA,1,3,1549,"intercept_trap",21004.7582029159
"3926","Haslibach","Pool","Hemiptera",NA,2,3,1549,"intercept_trap",21004.7582029159
"3927","Haslibach","Pool","Hemiptera",NA,2,3,1549,"intercept_trap",21004.7582029159
"3928","Haslibach","Pool","Hemiptera",NA,3,3,1549,"intercept_trap",21004.7582029159
"3929","Haslibach","Pool","Hemiptera",NA,3,3,1549,"intercept_trap",21004.7582029159
"3930","Haslibach","Pool","Hemiptera",NA,3,3,1549,"intercept_trap",21004.7582029159
"3931","Haslibach","Pool","Hemiptera",NA,3,3,1549,"intercept_trap",21004.7582029159
"3932","Haslibach","Pool","Hymenoptera","Formicidae",4,3,1549,"intercept_trap",21004.7582029159
"3933","Haslibach","Pool","Hymenoptera",NA,1,3,1549,"intercept_trap",21004.7582029159
"3934","Haslibach","Pool","Hymenoptera",NA,1,3,1549,"intercept_trap",21004.7582029159
"3935","Haslibach","Pool","Hymenoptera",NA,1,3,1549,"intercept_trap",21004.7582029159
"3936","Haslibach","Pool","Hymenoptera",NA,1,3,1549,"intercept_trap",21004.7582029159
"3937","Haslibach","Pool","Hymenoptera",NA,2,3,1549,"intercept_trap",21004.7582029159
"3938","Haslibach","Pool","Hymenoptera",NA,2,3,1549,"intercept_trap",21004.7582029159
"3939","Haslibach","Pool","Hymenoptera",NA,2,3,1549,"intercept_trap",21004.7582029159
"3940","Haslibach","Pool","Hymenoptera",NA,3,3,1549,"intercept_trap",21004.7582029159
"3941","Haslibach","Pool","Hymenoptera",NA,3,3,1549,"intercept_trap",21004.7582029159
"3942","Haslibach","Pool","Hymenoptera",NA,8,3,1549,"intercept_trap",21004.7582029159
"3943","Haslibach","Pool","Hymenoptera",NA,8,3,1549,"intercept_trap",21004.7582029159
"3944","Haslibach","Pool","Hymenoptera",NA,9,3,1549,"intercept_trap",21004.7582029159
"3945","Haslibach","Pool","Hymenoptera",NA,11,3,1549,"intercept_trap",21004.7582029159
"3946","Haslibach","Pool","Hymenoptera",NA,12,3,1549,"intercept_trap",21004.7582029159
"3947","Haslibach","Pool","Hymenoptera",NA,12,3,1549,"intercept_trap",21004.7582029159
"3948","Haslibach","Pool","Hymenoptera",NA,12,3,1549,"intercept_trap",21004.7582029159
"3949","Haslibach","Pool","Hymenoptera",NA,12,3,1549,"intercept_trap",21004.7582029159
"3950","Haslibach","Pool","Hymenoptera",NA,12,3,1549,"intercept_trap",21004.7582029159
"3951","Haslibach","Pool","Hymenoptera",NA,13,3,1549,"intercept_trap",21004.7582029159
"3952","Haslibach","Pool","Hymenoptera",NA,13,3,1549,"intercept_trap",21004.7582029159
"3953","Haslibach","Pool","Hymenoptera",NA,13,3,1549,"intercept_trap",21004.7582029159
"3954","Haslibach","Pool","Hymenoptera",NA,13,3,1549,"intercept_trap",21004.7582029159
"3955","Haslibach","Pool","Hymenoptera",NA,13,3,1549,"intercept_trap",21004.7582029159
"3956","Haslibach","Pool","Hymenoptera",NA,13,3,1549,"intercept_trap",21004.7582029159
"3957","Haslibach","Pool","Hymenoptera",NA,13,3,1549,"intercept_trap",21004.7582029159
"3958","Haslibach","Pool","Lepidoptera",NA,6,3,1549,"intercept_trap",21004.7582029159
"3959","Haslibach","Pool","Lepidoptera",NA,7,3,1549,"intercept_trap",21004.7582029159
"3960","Haslibach","Pool","Lepidoptera",NA,10,3,1549,"intercept_trap",21004.7582029159
"3961","Haslibach","Pool","Lepidoptera",NA,10,3,1549,"intercept_trap",21004.7582029159
"3962","Haslibach","Pool","Lepidoptera",NA,10,3,1549,"intercept_trap",21004.7582029159
"3963","Haslibach","Pool","Lepidoptera",NA,17,3,1549,"intercept_trap",21004.7582029159
"3964","Leugene","Control","Araneae",NA,1,3,212,"intercept_trap",181798.799589326
"3965","Leugene","Control","Araneae",NA,2,3,212,"intercept_trap",181798.799589326
"3966","Leugene","Control","Araneae",NA,4,3,212,"intercept_trap",181798.799589326
"3967","Leugene","Control","Araneae",NA,5,3,212,"intercept_trap",181798.799589326
"3968","Leugene","Control","Araneae",NA,7,3,212,"intercept_trap",181798.799589326
"3969","Leugene","Control","Araneae",NA,7,3,212,"intercept_trap",181798.799589326
"3970","Leugene","Control","Opiliones",NA,2,3,212,"intercept_trap",181798.799589326
"3971","Leugene","Control","Opiliones",NA,2,3,212,"intercept_trap",181798.799589326
"3972","Leugene","Control","Entomobryomorpha",NA,1,3,212,"intercept_trap",181798.799589326
"3973","Leugene","Control","Entomobryomorpha",NA,1,3,212,"intercept_trap",181798.799589326
"3974","Leugene","Control","Entomobryomorpha",NA,1,3,212,"intercept_trap",181798.799589326
"3975","Leugene","Control","Entomobryomorpha",NA,2,3,212,"intercept_trap",181798.799589326
"3976","Leugene","Control","Entomobryomorpha",NA,2,3,212,"intercept_trap",181798.799589326
"3977","Leugene","Control","Entomobryomorpha",NA,2,3,212,"intercept_trap",181798.799589326
"3978","Leugene","Control","Entomobryomorpha",NA,2,3,212,"intercept_trap",181798.799589326
"3979","Leugene","Control","Entomobryomorpha",NA,2,3,212,"intercept_trap",181798.799589326
"3980","Leugene","Control","Entomobryomorpha",NA,2,3,212,"intercept_trap",181798.799589326
"3981","Leugene","Control","Coleoptera","Carabidae",4,3,212,"intercept_trap",181798.799589326
"3982","Leugene","Control","Coleoptera","Carabidae",4,3,212,"intercept_trap",181798.799589326
"3983","Leugene","Control","Coleoptera","Carabidae",5,3,212,"intercept_trap",181798.799589326
"3984","Leugene","Control","Coleoptera","Carabidae",5,3,212,"intercept_trap",181798.799589326
"3985","Leugene","Control","Coleoptera","Carabidae",6,3,212,"intercept_trap",181798.799589326
"3986","Leugene","Control","Coleoptera","Carabidae",6,3,212,"intercept_trap",181798.799589326
"3987","Leugene","Control","Coleoptera","Curculionidae",2,3,212,"intercept_trap",181798.799589326
"3988","Leugene","Control","Coleoptera","Curculionidae",2,3,212,"intercept_trap",181798.799589326
"3989","Leugene","Control","Coleoptera","Curculionidae",2,3,212,"intercept_trap",181798.799589326
"3990","Leugene","Control","Coleoptera","Curculionidae",2,3,212,"intercept_trap",181798.799589326
"3991","Leugene","Control","Coleoptera","Curculionidae",2,3,212,"intercept_trap",181798.799589326
"3992","Leugene","Control","Coleoptera","Curculionidae",4,3,212,"intercept_trap",181798.799589326
"3993","Leugene","Control","Coleoptera","Chrysomelidae",2,3,212,"intercept_trap",181798.799589326
"3994","Leugene","Control","Coleoptera","Nitidulidae",3,3,212,"intercept_trap",181798.799589326
"3995","Leugene","Control","Coleoptera","Nitidulidae",3,3,212,"intercept_trap",181798.799589326
"3996","Leugene","Control","Coleoptera","Staphylinidae",1,3,212,"intercept_trap",181798.799589326
"3997","Leugene","Control","Coleoptera","Staphylinidae",3,3,212,"intercept_trap",181798.799589326
"3998","Leugene","Control","Coleoptera","Staphylinidae",3,3,212,"intercept_trap",181798.799589326
"3999","Leugene","Control","Coleoptera","Staphylinidae",3,3,212,"intercept_trap",181798.799589326
"4000","Leugene","Control","Coleoptera","Staphylinidae",4,3,212,"intercept_trap",181798.799589326
"4001","Leugene","Control","Coleoptera",NA,3,3,212,"intercept_trap",181798.799589326
"4002","Leugene","Control","Coleoptera",NA,3,3,212,"intercept_trap",181798.799589326
"4003","Leugene","Control","Coleoptera",NA,7,3,212,"intercept_trap",181798.799589326
"4004","Leugene","Control","Dermaptera","Forficulidae",10,3,212,"intercept_trap",181798.799589326
"4005","Leugene","Control","Diptera",NA,2,3,212,"intercept_trap",181798.799589326
"4006","Leugene","Control","Diptera",NA,2,3,212,"intercept_trap",181798.799589326
"4007","Leugene","Control","Diptera",NA,2,3,212,"intercept_trap",181798.799589326
"4008","Leugene","Control","Diptera",NA,2,3,212,"intercept_trap",181798.799589326
"4009","Leugene","Control","Diptera",NA,3,3,212,"intercept_trap",181798.799589326
"4010","Leugene","Control","Diptera",NA,3,3,212,"intercept_trap",181798.799589326
"4011","Leugene","Control","Diptera",NA,3,3,212,"intercept_trap",181798.799589326
"4012","Leugene","Control","Diptera",NA,3,3,212,"intercept_trap",181798.799589326
"4013","Leugene","Control","Diptera",NA,7,3,212,"intercept_trap",181798.799589326
"4014","Leugene","Control","Diptera",NA,1,3,212,"intercept_trap",181798.799589326
"4015","Leugene","Control","Diptera",NA,1,3,212,"intercept_trap",181798.799589326
"4016","Leugene","Control","Diptera",NA,1,3,212,"intercept_trap",181798.799589326
"4017","Leugene","Control","Diptera",NA,1,3,212,"intercept_trap",181798.799589326
"4018","Leugene","Control","Diptera",NA,1,3,212,"intercept_trap",181798.799589326
"4019","Leugene","Control","Diptera",NA,1,3,212,"intercept_trap",181798.799589326
"4020","Leugene","Control","Diptera",NA,1,3,212,"intercept_trap",181798.799589326
"4021","Leugene","Control","Diptera",NA,1,3,212,"intercept_trap",181798.799589326
"4022","Leugene","Control","Diptera",NA,1,3,212,"intercept_trap",181798.799589326
"4023","Leugene","Control","Diptera",NA,1,3,212,"intercept_trap",181798.799589326
"4024","Leugene","Control","Diptera",NA,1,3,212,"intercept_trap",181798.799589326
"4025","Leugene","Control","Diptera",NA,1,3,212,"intercept_trap",181798.799589326
"4026","Leugene","Control","Diptera",NA,1,3,212,"intercept_trap",181798.799589326
"4027","Leugene","Control","Diptera",NA,1,3,212,"intercept_trap",181798.799589326
"4028","Leugene","Control","Diptera",NA,1,3,212,"intercept_trap",181798.799589326
"4029","Leugene","Control","Diptera",NA,1,3,212,"intercept_trap",181798.799589326
"4030","Leugene","Control","Diptera",NA,1,3,212,"intercept_trap",181798.799589326
"4031","Leugene","Control","Diptera",NA,1,3,212,"intercept_trap",181798.799589326
"4032","Leugene","Control","Diptera",NA,1,3,212,"intercept_trap",181798.799589326
"4033","Leugene","Control","Diptera",NA,1,3,212,"intercept_trap",181798.799589326
"4034","Leugene","Control","Diptera",NA,1,3,212,"intercept_trap",181798.799589326
"4035","Leugene","Control","Diptera",NA,1,3,212,"intercept_trap",181798.799589326
"4036","Leugene","Control","Diptera",NA,1,3,212,"intercept_trap",181798.799589326
"4037","Leugene","Control","Diptera",NA,1,3,212,"intercept_trap",181798.799589326
"4038","Leugene","Control","Diptera",NA,1,3,212,"intercept_trap",181798.799589326
"4039","Leugene","Control","Diptera",NA,1,3,212,"intercept_trap",181798.799589326
"4040","Leugene","Control","Diptera",NA,1,3,212,"intercept_trap",181798.799589326
"4041","Leugene","Control","Diptera",NA,2,3,212,"intercept_trap",181798.799589326
"4042","Leugene","Control","Diptera",NA,2,3,212,"intercept_trap",181798.799589326
"4043","Leugene","Control","Diptera",NA,2,3,212,"intercept_trap",181798.799589326
"4044","Leugene","Control","Diptera",NA,2,3,212,"intercept_trap",181798.799589326
"4045","Leugene","Control","Diptera",NA,2,3,212,"intercept_trap",181798.799589326
"4046","Leugene","Control","Diptera",NA,2,3,212,"intercept_trap",181798.799589326
"4047","Leugene","Control","Diptera",NA,2,3,212,"intercept_trap",181798.799589326
"4048","Leugene","Control","Diptera",NA,2,3,212,"intercept_trap",181798.799589326
"4049","Leugene","Control","Diptera",NA,2,3,212,"intercept_trap",181798.799589326
"4050","Leugene","Control","Diptera",NA,2,3,212,"intercept_trap",181798.799589326
"4051","Leugene","Control","Diptera",NA,2,3,212,"intercept_trap",181798.799589326
"4052","Leugene","Control","Diptera",NA,2,3,212,"intercept_trap",181798.799589326
"4053","Leugene","Control","Diptera",NA,2,3,212,"intercept_trap",181798.799589326
"4054","Leugene","Control","Diptera",NA,2,3,212,"intercept_trap",181798.799589326
"4055","Leugene","Control","Diptera",NA,2,3,212,"intercept_trap",181798.799589326
"4056","Leugene","Control","Diptera",NA,2,3,212,"intercept_trap",181798.799589326
"4057","Leugene","Control","Diptera",NA,2,3,212,"intercept_trap",181798.799589326
"4058","Leugene","Control","Diptera",NA,2,3,212,"intercept_trap",181798.799589326
"4059","Leugene","Control","Diptera",NA,2,3,212,"intercept_trap",181798.799589326
"4060","Leugene","Control","Diptera",NA,2,3,212,"intercept_trap",181798.799589326
"4061","Leugene","Control","Diptera",NA,2,3,212,"intercept_trap",181798.799589326
"4062","Leugene","Control","Diptera",NA,2,3,212,"intercept_trap",181798.799589326
"4063","Leugene","Control","Diptera",NA,2,3,212,"intercept_trap",181798.799589326
"4064","Leugene","Control","Diptera",NA,2,3,212,"intercept_trap",181798.799589326
"4065","Leugene","Control","Diptera",NA,2,3,212,"intercept_trap",181798.799589326
"4066","Leugene","Control","Diptera",NA,2,3,212,"intercept_trap",181798.799589326
"4067","Leugene","Control","Diptera",NA,2,3,212,"intercept_trap",181798.799589326
"4068","Leugene","Control","Diptera",NA,2,3,212,"intercept_trap",181798.799589326
"4069","Leugene","Control","Diptera",NA,2,3,212,"intercept_trap",181798.799589326
"4070","Leugene","Control","Diptera",NA,2,3,212,"intercept_trap",181798.799589326
"4071","Leugene","Control","Diptera",NA,2,3,212,"intercept_trap",181798.799589326
"4072","Leugene","Control","Diptera",NA,2,3,212,"intercept_trap",181798.799589326
"4073","Leugene","Control","Diptera",NA,2,3,212,"intercept_trap",181798.799589326
"4074","Leugene","Control","Diptera",NA,2,3,212,"intercept_trap",181798.799589326
"4075","Leugene","Control","Diptera",NA,2,3,212,"intercept_trap",181798.799589326
"4076","Leugene","Control","Diptera",NA,2,3,212,"intercept_trap",181798.799589326
"4077","Leugene","Control","Diptera",NA,2,3,212,"intercept_trap",181798.799589326
"4078","Leugene","Control","Diptera",NA,2,3,212,"intercept_trap",181798.799589326
"4079","Leugene","Control","Diptera",NA,2,3,212,"intercept_trap",181798.799589326
"4080","Leugene","Control","Diptera",NA,2,3,212,"intercept_trap",181798.799589326
"4081","Leugene","Control","Diptera",NA,2,3,212,"intercept_trap",181798.799589326
"4082","Leugene","Control","Diptera",NA,3,3,212,"intercept_trap",181798.799589326
"4083","Leugene","Control","Diptera",NA,3,3,212,"intercept_trap",181798.799589326
"4084","Leugene","Control","Diptera",NA,3,3,212,"intercept_trap",181798.799589326
"4085","Leugene","Control","Diptera",NA,3,3,212,"intercept_trap",181798.799589326
"4086","Leugene","Control","Diptera",NA,3,3,212,"intercept_trap",181798.799589326
"4087","Leugene","Control","Diptera",NA,3,3,212,"intercept_trap",181798.799589326
"4088","Leugene","Control","Diptera",NA,3,3,212,"intercept_trap",181798.799589326
"4089","Leugene","Control","Diptera",NA,3,3,212,"intercept_trap",181798.799589326
"4090","Leugene","Control","Diptera",NA,3,3,212,"intercept_trap",181798.799589326
"4091","Leugene","Control","Diptera",NA,6,3,212,"intercept_trap",181798.799589326
"4092","Leugene","Control","Diptera",NA,6,3,212,"intercept_trap",181798.799589326
"4093","Leugene","Control","Hemiptera",NA,1,3,212,"intercept_trap",181798.799589326
"4094","Leugene","Control","Hemiptera",NA,2,3,212,"intercept_trap",181798.799589326
"4095","Leugene","Control","Hemiptera",NA,3,3,212,"intercept_trap",181798.799589326
"4096","Leugene","Control","Hemiptera",NA,5,3,212,"intercept_trap",181798.799589326
"4097","Leugene","Control","Hemiptera",NA,5,3,212,"intercept_trap",181798.799589326
"4098","Leugene","Control","Hemiptera",NA,2,3,212,"intercept_trap",181798.799589326
"4099","Leugene","Control","Hemiptera",NA,3,3,212,"intercept_trap",181798.799589326
"4100","Leugene","Control","Hemiptera",NA,3,3,212,"intercept_trap",181798.799589326
"4101","Leugene","Control","Hemiptera",NA,4,3,212,"intercept_trap",181798.799589326
"4102","Leugene","Control","Hemiptera",NA,6,3,212,"intercept_trap",181798.799589326
"4103","Leugene","Control","Hemiptera","Aphidoidea",1,3,212,"intercept_trap",181798.799589326
"4104","Leugene","Control","Hemiptera","Aphidoidea",1,3,212,"intercept_trap",181798.799589326
"4105","Leugene","Control","Hemiptera","Aphidoidea",1,3,212,"intercept_trap",181798.799589326
"4106","Leugene","Control","Hemiptera","Aphidoidea",1,3,212,"intercept_trap",181798.799589326
"4107","Leugene","Control","Hemiptera","Aphidoidea",1,3,212,"intercept_trap",181798.799589326
"4108","Leugene","Control","Hemiptera","Aphidoidea",1,3,212,"intercept_trap",181798.799589326
"4109","Leugene","Control","Hemiptera","Aphidoidea",1,3,212,"intercept_trap",181798.799589326
"4110","Leugene","Control","Hemiptera","Aphidoidea",1,3,212,"intercept_trap",181798.799589326
"4111","Leugene","Control","Hemiptera","Aphidoidea",1,3,212,"intercept_trap",181798.799589326
"4112","Leugene","Control","Hemiptera","Aphidoidea",1,3,212,"intercept_trap",181798.799589326
"4113","Leugene","Control","Hemiptera","Aphidoidea",2,3,212,"intercept_trap",181798.799589326
"4114","Leugene","Control","Hemiptera","Aphidoidea",2,3,212,"intercept_trap",181798.799589326
"4115","Leugene","Control","Hemiptera","Aphidoidea",2,3,212,"intercept_trap",181798.799589326
"4116","Leugene","Control","Hemiptera","Aphidoidea",2,3,212,"intercept_trap",181798.799589326
"4117","Leugene","Control","Hymenoptera","Formicidae",3,3,212,"intercept_trap",181798.799589326
"4118","Leugene","Control","Hymenoptera","Formicidae",3,3,212,"intercept_trap",181798.799589326
"4119","Leugene","Control","Hymenoptera","Formicidae",3,3,212,"intercept_trap",181798.799589326
"4120","Leugene","Control","Hymenoptera","Formicidae",3,3,212,"intercept_trap",181798.799589326
"4121","Leugene","Control","Hymenoptera","Formicidae",3,3,212,"intercept_trap",181798.799589326
"4122","Leugene","Control","Hymenoptera","Formicidae",3,3,212,"intercept_trap",181798.799589326
"4123","Leugene","Control","Hymenoptera","Formicidae",4,3,212,"intercept_trap",181798.799589326
"4124","Leugene","Control","Hymenoptera","Formicidae",4,3,212,"intercept_trap",181798.799589326
"4125","Leugene","Control","Hymenoptera",NA,1,3,212,"intercept_trap",181798.799589326
"4126","Leugene","Control","Hymenoptera",NA,1,3,212,"intercept_trap",181798.799589326
"4127","Leugene","Control","Hymenoptera",NA,1,3,212,"intercept_trap",181798.799589326
"4128","Leugene","Control","Hymenoptera",NA,1,3,212,"intercept_trap",181798.799589326
"4129","Leugene","Control","Hymenoptera",NA,1,3,212,"intercept_trap",181798.799589326
"4130","Leugene","Control","Hymenoptera",NA,1,3,212,"intercept_trap",181798.799589326
"4131","Leugene","Control","Hymenoptera",NA,1,3,212,"intercept_trap",181798.799589326
"4132","Leugene","Control","Hymenoptera",NA,1,3,212,"intercept_trap",181798.799589326
"4133","Leugene","Control","Hymenoptera",NA,1,3,212,"intercept_trap",181798.799589326
"4134","Leugene","Control","Hymenoptera",NA,1,3,212,"intercept_trap",181798.799589326
"4135","Leugene","Control","Hymenoptera",NA,1,3,212,"intercept_trap",181798.799589326
"4136","Leugene","Control","Hymenoptera",NA,1,3,212,"intercept_trap",181798.799589326
"4137","Leugene","Control","Hymenoptera",NA,2,3,212,"intercept_trap",181798.799589326
"4138","Leugene","Control","Hymenoptera",NA,2,3,212,"intercept_trap",181798.799589326
"4139","Leugene","Control","Hymenoptera",NA,2,3,212,"intercept_trap",181798.799589326
"4140","Leugene","Control","Hymenoptera",NA,2,3,212,"intercept_trap",181798.799589326
"4141","Leugene","Control","Hymenoptera",NA,2,3,212,"intercept_trap",181798.799589326
"4142","Leugene","Control","Hymenoptera",NA,3,3,212,"intercept_trap",181798.799589326
"4143","Leugene","Control","Hymenoptera",NA,3,3,212,"intercept_trap",181798.799589326
"4144","Leugene","Control","Hymenoptera",NA,3,3,212,"intercept_trap",181798.799589326
"4145","Leugene","Control","Hymenoptera",NA,3,3,212,"intercept_trap",181798.799589326
"4146","Leugene","Control","Lepidoptera",NA,2,3,212,"intercept_trap",181798.799589326
"4147","Leugene","Control","Psocoptera",NA,1,3,212,"intercept_trap",181798.799589326
"4148","Leugene","Control","Psocoptera",NA,2,3,212,"intercept_trap",181798.799589326
"4149","Leugene","Control","Psocoptera",NA,2,3,212,"intercept_trap",181798.799589326
"4150","Leugene","Control","Psocoptera",NA,2,3,212,"intercept_trap",181798.799589326
"4151","Leugene","Control","Psocoptera",NA,2,3,212,"intercept_trap",181798.799589326
"4152","Leugene","Control","Psocoptera",NA,2,3,212,"intercept_trap",181798.799589326
"4153","Leugene","Control","Psocoptera",NA,2,3,212,"intercept_trap",181798.799589326
"4154","Leugene","Control","Psocoptera",NA,5,3,212,"intercept_trap",181798.799589326
"4155","Leugene","Control","Thysanoptera",NA,2,3,212,"intercept_trap",181798.799589326
"4156","Leugene","Control","Thysanoptera",NA,2,3,212,"intercept_trap",181798.799589326
"4157","Leugene","Control","Thysanoptera",NA,2,3,212,"intercept_trap",181798.799589326
"4158","Leugene","Control","Thysanoptera",NA,2,3,212,"intercept_trap",181798.799589326
"4159","Leugene","Control","Thysanoptera",NA,2,3,212,"intercept_trap",181798.799589326
"4160","Leugene","Control","Thysanoptera",NA,2,3,212,"intercept_trap",181798.799589326
"4161","Leugene","Control","Thysanoptera",NA,2,3,212,"intercept_trap",181798.799589326
"4162","Leugene","Control","Thysanoptera",NA,2,3,212,"intercept_trap",181798.799589326
"4163","Leugene","Control","Thysanoptera",NA,4,3,212,"intercept_trap",181798.799589326
"4164","Leugene","Pool","Araneae",NA,1,3,212,"intercept_trap",181798.799589326
"4165","Leugene","Pool","Araneae",NA,1,3,212,"intercept_trap",181798.799589326
"4166","Leugene","Pool","Araneae",NA,1,3,212,"intercept_trap",181798.799589326
"4167","Leugene","Pool","Araneae",NA,2,3,212,"intercept_trap",181798.799589326
"4168","Leugene","Pool","Araneae",NA,2,3,212,"intercept_trap",181798.799589326
"4169","Leugene","Pool","Araneae",NA,2,3,212,"intercept_trap",181798.799589326
"4170","Leugene","Pool","Araneae",NA,3,3,212,"intercept_trap",181798.799589326
"4171","Leugene","Pool","Araneae",NA,3,3,212,"intercept_trap",181798.799589326
"4172","Leugene","Pool","Coleoptera","Carabidae",2,3,212,"intercept_trap",181798.799589326
"4173","Leugene","Pool","Coleoptera","Curculionidae",1,3,212,"intercept_trap",181798.799589326
"4174","Leugene","Pool","Coleoptera","Curculionidae",2,3,212,"intercept_trap",181798.799589326
"4175","Leugene","Pool","Coleoptera","Curculionidae",2,3,212,"intercept_trap",181798.799589326
"4176","Leugene","Pool","Coleoptera","Curculionidae",2,3,212,"intercept_trap",181798.799589326
"4177","Leugene","Pool","Coleoptera","Curculionidae",2,3,212,"intercept_trap",181798.799589326
"4178","Leugene","Pool","Coleoptera","Curculionidae",2,3,212,"intercept_trap",181798.799589326
"4179","Leugene","Pool","Coleoptera","Curculionidae",2,3,212,"intercept_trap",181798.799589326
"4180","Leugene","Pool","Coleoptera","Curculionidae",2,3,212,"intercept_trap",181798.799589326
"4181","Leugene","Pool","Coleoptera","Curculionidae",2,3,212,"intercept_trap",181798.799589326
"4182","Leugene","Pool","Coleoptera","Curculionidae",3,3,212,"intercept_trap",181798.799589326
"4183","Leugene","Pool","Coleoptera","Curculionidae",3,3,212,"intercept_trap",181798.799589326
"4184","Leugene","Pool","Coleoptera","Curculionidae",4,3,212,"intercept_trap",181798.799589326
"4185","Leugene","Pool","Coleoptera","Curculionidae",4,3,212,"intercept_trap",181798.799589326
"4186","Leugene","Pool","Coleoptera","Curculionidae",4,3,212,"intercept_trap",181798.799589326
"4187","Leugene","Pool","Coleoptera","Staphylinidae",2,3,212,"intercept_trap",181798.799589326
"4188","Leugene","Pool","Coleoptera","Staphylinidae",2,3,212,"intercept_trap",181798.799589326
"4189","Leugene","Pool","Coleoptera","Staphylinidae",2,3,212,"intercept_trap",181798.799589326
"4190","Leugene","Pool","Coleoptera","Staphylinidae",3,3,212,"intercept_trap",181798.799589326
"4191","Leugene","Pool","Coleoptera","Staphylinidae",3,3,212,"intercept_trap",181798.799589326
"4192","Leugene","Pool","Coleoptera","Staphylinidae",3,3,212,"intercept_trap",181798.799589326
"4193","Leugene","Pool","Coleoptera","Staphylinidae",3,3,212,"intercept_trap",181798.799589326
"4194","Leugene","Pool","Coleoptera","Staphylinidae",4,3,212,"intercept_trap",181798.799589326
"4195","Leugene","Pool","Coleoptera","Staphylinidae",4,3,212,"intercept_trap",181798.799589326
"4196","Leugene","Pool","Coleoptera","Staphylinidae",5,3,212,"intercept_trap",181798.799589326
"4197","Leugene","Pool","Coleoptera","Staphylinidae",6,3,212,"intercept_trap",181798.799589326
"4198","Leugene","Pool","Coleoptera",NA,2,3,212,"intercept_trap",181798.799589326
"4199","Leugene","Pool","Coleoptera",NA,3,3,212,"intercept_trap",181798.799589326
"4200","Leugene","Pool","Coleoptera",NA,4,3,212,"intercept_trap",181798.799589326
"4201","Leugene","Pool","Coleoptera",NA,4,3,212,"intercept_trap",181798.799589326
"4202","Leugene","Pool","Coleoptera",NA,4,3,212,"intercept_trap",181798.799589326
"4203","Leugene","Pool","Diptera",NA,3,3,212,"intercept_trap",181798.799589326
"4204","Leugene","Pool","Diptera",NA,3,3,212,"intercept_trap",181798.799589326
"4205","Leugene","Pool","Diptera",NA,3,3,212,"intercept_trap",181798.799589326
"4206","Leugene","Pool","Diptera",NA,3,3,212,"intercept_trap",181798.799589326
"4207","Leugene","Pool","Diptera",NA,3,3,212,"intercept_trap",181798.799589326
"4208","Leugene","Pool","Diptera",NA,5,3,212,"intercept_trap",181798.799589326
"4209","Leugene","Pool","Diptera",NA,6,3,212,"intercept_trap",181798.799589326
"4210","Leugene","Pool","Diptera",NA,6,3,212,"intercept_trap",181798.799589326
"4211","Leugene","Pool","Diptera",NA,8,3,212,"intercept_trap",181798.799589326
"4212","Leugene","Pool","Diptera",NA,8,3,212,"intercept_trap",181798.799589326
"4213","Leugene","Pool","Diptera",NA,9,3,212,"intercept_trap",181798.799589326
"4214","Leugene","Pool","Diptera",NA,10,3,212,"intercept_trap",181798.799589326
"4215","Leugene","Pool","Diptera",NA,1,3,212,"intercept_trap",181798.799589326
"4216","Leugene","Pool","Diptera",NA,1,3,212,"intercept_trap",181798.799589326
"4217","Leugene","Pool","Diptera",NA,1,3,212,"intercept_trap",181798.799589326
"4218","Leugene","Pool","Diptera",NA,1,3,212,"intercept_trap",181798.799589326
"4219","Leugene","Pool","Diptera",NA,1,3,212,"intercept_trap",181798.799589326
"4220","Leugene","Pool","Diptera",NA,1,3,212,"intercept_trap",181798.799589326
"4221","Leugene","Pool","Diptera",NA,1,3,212,"intercept_trap",181798.799589326
"4222","Leugene","Pool","Diptera",NA,1,3,212,"intercept_trap",181798.799589326
"4223","Leugene","Pool","Diptera",NA,1,3,212,"intercept_trap",181798.799589326
"4224","Leugene","Pool","Diptera",NA,1,3,212,"intercept_trap",181798.799589326
"4225","Leugene","Pool","Diptera",NA,1,3,212,"intercept_trap",181798.799589326
"4226","Leugene","Pool","Diptera",NA,1,3,212,"intercept_trap",181798.799589326
"4227","Leugene","Pool","Diptera",NA,1,3,212,"intercept_trap",181798.799589326
"4228","Leugene","Pool","Diptera",NA,1,3,212,"intercept_trap",181798.799589326
"4229","Leugene","Pool","Diptera",NA,2,3,212,"intercept_trap",181798.799589326
"4230","Leugene","Pool","Diptera",NA,2,3,212,"intercept_trap",181798.799589326
"4231","Leugene","Pool","Diptera",NA,2,3,212,"intercept_trap",181798.799589326
"4232","Leugene","Pool","Diptera",NA,2,3,212,"intercept_trap",181798.799589326
"4233","Leugene","Pool","Diptera",NA,2,3,212,"intercept_trap",181798.799589326
"4234","Leugene","Pool","Diptera",NA,2,3,212,"intercept_trap",181798.799589326
"4235","Leugene","Pool","Diptera",NA,2,3,212,"intercept_trap",181798.799589326
"4236","Leugene","Pool","Diptera",NA,2,3,212,"intercept_trap",181798.799589326
"4237","Leugene","Pool","Diptera",NA,2,3,212,"intercept_trap",181798.799589326
"4238","Leugene","Pool","Diptera",NA,3,3,212,"intercept_trap",181798.799589326
"4239","Leugene","Pool","Diptera",NA,3,3,212,"intercept_trap",181798.799589326
"4240","Leugene","Pool","Diptera",NA,3,3,212,"intercept_trap",181798.799589326
"4241","Leugene","Pool","Diptera",NA,3,3,212,"intercept_trap",181798.799589326
"4242","Leugene","Pool","Diptera",NA,3,3,212,"intercept_trap",181798.799589326
"4243","Leugene","Pool","Diptera",NA,4,3,212,"intercept_trap",181798.799589326
"4244","Leugene","Pool","Diptera",NA,5,3,212,"intercept_trap",181798.799589326
"4245","Leugene","Pool","Diptera",NA,5,3,212,"intercept_trap",181798.799589326
"4246","Leugene","Pool","Diptera",NA,5,3,212,"intercept_trap",181798.799589326
"4247","Leugene","Pool","Diptera",NA,11,3,212,"intercept_trap",181798.799589326
"4248","Leugene","Pool","Hemiptera",NA,3,3,212,"intercept_trap",181798.799589326
"4249","Leugene","Pool","Hemiptera",NA,4,3,212,"intercept_trap",181798.799589326
"4250","Leugene","Pool","Hemiptera",NA,5,3,212,"intercept_trap",181798.799589326
"4251","Leugene","Pool","Hemiptera",NA,5,3,212,"intercept_trap",181798.799589326
"4252","Leugene","Pool","Hemiptera",NA,5,3,212,"intercept_trap",181798.799589326
"4253","Leugene","Pool","Hemiptera",NA,6,3,212,"intercept_trap",181798.799589326
"4254","Leugene","Pool","Hemiptera",NA,6,3,212,"intercept_trap",181798.799589326
"4255","Leugene","Pool","Hemiptera",NA,8,3,212,"intercept_trap",181798.799589326
"4256","Leugene","Pool","Hemiptera",NA,4,3,212,"intercept_trap",181798.799589326
"4257","Leugene","Pool","Hemiptera","Aphidoidea",1,3,212,"intercept_trap",181798.799589326
"4258","Leugene","Pool","Hemiptera","Aphidoidea",1,3,212,"intercept_trap",181798.799589326
"4259","Leugene","Pool","Hemiptera","Aphidoidea",1,3,212,"intercept_trap",181798.799589326
"4260","Leugene","Pool","Hemiptera","Aphidoidea",1,3,212,"intercept_trap",181798.799589326
"4261","Leugene","Pool","Hemiptera","Aphidoidea",1,3,212,"intercept_trap",181798.799589326
"4262","Leugene","Pool","Hemiptera","Aphidoidea",1,3,212,"intercept_trap",181798.799589326
"4263","Leugene","Pool","Hemiptera","Aphidoidea",1,3,212,"intercept_trap",181798.799589326
"4264","Leugene","Pool","Hemiptera","Aphidoidea",1,3,212,"intercept_trap",181798.799589326
"4265","Leugene","Pool","Hemiptera","Aphidoidea",1,3,212,"intercept_trap",181798.799589326
"4266","Leugene","Pool","Hemiptera","Aphidoidea",2,3,212,"intercept_trap",181798.799589326
"4267","Leugene","Pool","Hemiptera","Aphidoidea",2,3,212,"intercept_trap",181798.799589326
"4268","Leugene","Pool","Hymenoptera",NA,1,3,212,"intercept_trap",181798.799589326
"4269","Leugene","Pool","Hymenoptera",NA,1,3,212,"intercept_trap",181798.799589326
"4270","Leugene","Pool","Hymenoptera",NA,1,3,212,"intercept_trap",181798.799589326
"4271","Leugene","Pool","Hymenoptera",NA,1,3,212,"intercept_trap",181798.799589326
"4272","Leugene","Pool","Hymenoptera",NA,1,3,212,"intercept_trap",181798.799589326
"4273","Leugene","Pool","Hymenoptera",NA,1,3,212,"intercept_trap",181798.799589326
"4274","Leugene","Pool","Hymenoptera",NA,2,3,212,"intercept_trap",181798.799589326
"4275","Leugene","Pool","Hymenoptera",NA,2,3,212,"intercept_trap",181798.799589326
"4276","Leugene","Pool","Hymenoptera",NA,3,3,212,"intercept_trap",181798.799589326
"4277","Leugene","Pool","Hymenoptera",NA,8,3,212,"intercept_trap",181798.799589326
"4278","Leugene","Pool","Lepidoptera",NA,8,3,212,"intercept_trap",181798.799589326
"4279","Leugene","Pool","Lepidoptera",NA,8,3,212,"intercept_trap",181798.799589326
"4280","Leugene","Pool","Lepidoptera",NA,10,3,212,"intercept_trap",181798.799589326
"4281","Leugene","Pool","Lepidoptera",NA,15,3,212,"intercept_trap",181798.799589326
"4282","Leugene","Pool","Lepidoptera",NA,26,3,212,"intercept_trap",181798.799589326
"4283","Leugene","Pool","Lepidoptera",NA,31,3,212,"intercept_trap",181798.799589326
"4284","Leugene","Pool","Psocoptera",NA,2,3,212,"intercept_trap",181798.799589326
"4285","Leugene","Pool","Psocoptera",NA,2,3,212,"intercept_trap",181798.799589326
"4286","Leugene","Pool","Psocoptera",NA,2,3,212,"intercept_trap",181798.799589326
"4287","Leugene","Pool","Psocoptera",NA,2,3,212,"intercept_trap",181798.799589326
"4288","Leugene","Pool","Psocoptera",NA,2,3,212,"intercept_trap",181798.799589326
"4289","Leugene","Pool","Psocoptera",NA,3,3,212,"intercept_trap",181798.799589326
"4290","Leugene","Pool","Psocoptera",NA,3,3,212,"intercept_trap",181798.799589326
"4291","Leugene","Pool","Thysanoptera",NA,1,3,212,"intercept_trap",181798.799589326
"4292","Leugene","Pool","Thysanoptera",NA,1,3,212,"intercept_trap",181798.799589326
"4293","Leugene","Pool","Thysanoptera",NA,2,3,212,"intercept_trap",181798.799589326
"4294","Leugene","Pool","Thysanoptera",NA,2,3,212,"intercept_trap",181798.799589326
"4295","Leugene","Pool","Thysanoptera",NA,2,3,212,"intercept_trap",181798.799589326
"4296","Leugene","Pool","Thysanoptera",NA,2,3,212,"intercept_trap",181798.799589326
"4297","Leugene","Pool","Thysanoptera",NA,2,3,212,"intercept_trap",181798.799589326
"4298","Leugene","Pool","Thysanoptera",NA,2,3,212,"intercept_trap",181798.799589326
"4299","Leugene","Pool","Thysanoptera",NA,2,3,212,"intercept_trap",181798.799589326
"4300","Leugene","Pool","Thysanoptera",NA,2,3,212,"intercept_trap",181798.799589326
"4301","Leugene","Pool","Thysanoptera",NA,2,3,212,"intercept_trap",181798.799589326
"4302","Leugene","Pool","Thysanoptera",NA,2,3,212,"intercept_trap",181798.799589326
"4303","Leugene","Control","Araneae",NA,1,3,212,"intercept_trap",181798.799589326
"4304","Leugene","Control","Araneae",NA,1,3,212,"intercept_trap",181798.799589326
"4305","Leugene","Control","Araneae",NA,3,3,212,"intercept_trap",181798.799589326
"4306","Leugene","Control","Coleoptera","Latridiidae",2,3,212,"intercept_trap",181798.799589326
"4307","Leugene","Control","Coleoptera","Staphylinidae",2,3,212,"intercept_trap",181798.799589326
"4308","Leugene","Control","Coleoptera","Staphylinidae",5,3,212,"intercept_trap",181798.799589326
"4309","Leugene","Control","Coleoptera",NA,5,3,212,"intercept_trap",181798.799589326
"4310","Leugene","Control","Diptera",NA,2,3,212,"intercept_trap",181798.799589326
"4311","Leugene","Control","Diptera",NA,3,3,212,"intercept_trap",181798.799589326
"4312","Leugene","Control","Diptera",NA,4,3,212,"intercept_trap",181798.799589326
"4313","Leugene","Control","Diptera",NA,5,3,212,"intercept_trap",181798.799589326
"4314","Leugene","Control","Diptera",NA,5,3,212,"intercept_trap",181798.799589326
"4315","Leugene","Control","Diptera",NA,5,3,212,"intercept_trap",181798.799589326
"4316","Leugene","Control","Diptera",NA,6,3,212,"intercept_trap",181798.799589326
"4317","Leugene","Control","Diptera",NA,6,3,212,"intercept_trap",181798.799589326
"4318","Leugene","Control","Diptera",NA,7,3,212,"intercept_trap",181798.799589326
"4319","Leugene","Control","Diptera",NA,7,3,212,"intercept_trap",181798.799589326
"4320","Leugene","Control","Diptera",NA,7,3,212,"intercept_trap",181798.799589326
"4321","Leugene","Control","Diptera",NA,8,3,212,"intercept_trap",181798.799589326
"4322","Leugene","Control","Diptera",NA,8,3,212,"intercept_trap",181798.799589326
"4323","Leugene","Control","Diptera",NA,8,3,212,"intercept_trap",181798.799589326
"4324","Leugene","Control","Diptera",NA,9,3,212,"intercept_trap",181798.799589326
"4325","Leugene","Control","Diptera",NA,9,3,212,"intercept_trap",181798.799589326
"4326","Leugene","Control","Diptera",NA,10,3,212,"intercept_trap",181798.799589326
"4327","Leugene","Control","Diptera",NA,10,3,212,"intercept_trap",181798.799589326
"4328","Leugene","Control","Diptera",NA,10,3,212,"intercept_trap",181798.799589326
"4329","Leugene","Control","Diptera",NA,13,3,212,"intercept_trap",181798.799589326
"4330","Leugene","Control","Diptera",NA,1,3,212,"intercept_trap",181798.799589326
"4331","Leugene","Control","Diptera",NA,1,3,212,"intercept_trap",181798.799589326
"4332","Leugene","Control","Diptera",NA,1,3,212,"intercept_trap",181798.799589326
"4333","Leugene","Control","Diptera",NA,1,3,212,"intercept_trap",181798.799589326
"4334","Leugene","Control","Diptera",NA,1,3,212,"intercept_trap",181798.799589326
"4335","Leugene","Control","Diptera",NA,1,3,212,"intercept_trap",181798.799589326
"4336","Leugene","Control","Diptera",NA,1,3,212,"intercept_trap",181798.799589326
"4337","Leugene","Control","Diptera",NA,2,3,212,"intercept_trap",181798.799589326
"4338","Leugene","Control","Diptera",NA,2,3,212,"intercept_trap",181798.799589326
"4339","Leugene","Control","Diptera",NA,2,3,212,"intercept_trap",181798.799589326
"4340","Leugene","Control","Diptera",NA,2,3,212,"intercept_trap",181798.799589326
"4341","Leugene","Control","Diptera",NA,2,3,212,"intercept_trap",181798.799589326
"4342","Leugene","Control","Diptera",NA,2,3,212,"intercept_trap",181798.799589326
"4343","Leugene","Control","Diptera",NA,2,3,212,"intercept_trap",181798.799589326
"4344","Leugene","Control","Diptera",NA,2,3,212,"intercept_trap",181798.799589326
"4345","Leugene","Control","Diptera",NA,2,3,212,"intercept_trap",181798.799589326
"4346","Leugene","Control","Diptera",NA,2,3,212,"intercept_trap",181798.799589326
"4347","Leugene","Control","Diptera",NA,3,3,212,"intercept_trap",181798.799589326
"4348","Leugene","Control","Diptera",NA,3,3,212,"intercept_trap",181798.799589326
"4349","Leugene","Control","Diptera",NA,5,3,212,"intercept_trap",181798.799589326
"4350","Leugene","Control","Diptera",NA,6,3,212,"intercept_trap",181798.799589326
"4351","Leugene","Control","Hemiptera",NA,8,3,212,"intercept_trap",181798.799589326
"4352","Leugene","Control","Hemiptera",NA,3,3,212,"intercept_trap",181798.799589326
"4353","Leugene","Control","Hemiptera",NA,3,3,212,"intercept_trap",181798.799589326
"4354","Leugene","Control","Hemiptera",NA,3,3,212,"intercept_trap",181798.799589326
"4355","Leugene","Control","Hemiptera",NA,4,3,212,"intercept_trap",181798.799589326
"4356","Leugene","Control","Hemiptera","Psylloidea",3,3,212,"intercept_trap",181798.799589326
"4357","Leugene","Control","Hymenoptera","Formicidae",4,3,212,"intercept_trap",181798.799589326
"4358","Leugene","Control","Hymenoptera",NA,1,3,212,"intercept_trap",181798.799589326
"4359","Leugene","Control","Hymenoptera",NA,1,3,212,"intercept_trap",181798.799589326
"4360","Leugene","Control","Hymenoptera",NA,1,3,212,"intercept_trap",181798.799589326
"4361","Leugene","Control","Hymenoptera",NA,1,3,212,"intercept_trap",181798.799589326
"4362","Leugene","Control","Hymenoptera",NA,1,3,212,"intercept_trap",181798.799589326
"4363","Leugene","Control","Hymenoptera",NA,2,3,212,"intercept_trap",181798.799589326
"4364","Leugene","Control","Hymenoptera",NA,2,3,212,"intercept_trap",181798.799589326
"4365","Leugene","Control","Hymenoptera",NA,2,3,212,"intercept_trap",181798.799589326
"4366","Leugene","Control","Hymenoptera",NA,2,3,212,"intercept_trap",181798.799589326
"4367","Leugene","Control","Hymenoptera",NA,3,3,212,"intercept_trap",181798.799589326
"4368","Leugene","Control","Hymenoptera",NA,8,3,212,"intercept_trap",181798.799589326
"4369","Leugene","Control","Lepidoptera",NA,3,3,212,"intercept_trap",181798.799589326
"4370","Leugene","Control","Lepidoptera",NA,3,3,212,"intercept_trap",181798.799589326
"4371","Leugene","Control","Lepidoptera",NA,15,3,212,"intercept_trap",181798.799589326
"4372","Leugene","Control","Psocoptera",NA,2,3,212,"intercept_trap",181798.799589326
"4373","Leugene","Control","Psocoptera",NA,3,3,212,"intercept_trap",181798.799589326
"4374","Leugene","Control","Thysanoptera",NA,1,3,212,"intercept_trap",181798.799589326
"4375","Leugene","Control","Thysanoptera",NA,1,3,212,"intercept_trap",181798.799589326
"4376","Leugene","Control","Thysanoptera",NA,1,3,212,"intercept_trap",181798.799589326
"4377","Leugene","Pool","Araneae",NA,1,3,212,"intercept_trap",181798.799589326
"4378","Leugene","Pool","Araneae",NA,3,3,212,"intercept_trap",181798.799589326
"4379","Leugene","Pool","Coleoptera","Curculionidae",2,3,212,"intercept_trap",181798.799589326
"4380","Leugene","Pool","Coleoptera","Coccinellidae",4,3,212,"intercept_trap",181798.799589326
"4381","Leugene","Pool","Coleoptera","Staphylinidae",2,3,212,"intercept_trap",181798.799589326
"4382","Leugene","Pool","Coleoptera","Staphylinidae",2,3,212,"intercept_trap",181798.799589326
"4383","Leugene","Pool","Coleoptera","Staphylinidae",2,3,212,"intercept_trap",181798.799589326
"4384","Leugene","Pool","Coleoptera","Staphylinidae",2,3,212,"intercept_trap",181798.799589326
"4385","Leugene","Pool","Coleoptera","Staphylinidae",3,3,212,"intercept_trap",181798.799589326
"4386","Leugene","Pool","Coleoptera","Staphylinidae",4,3,212,"intercept_trap",181798.799589326
"4387","Leugene","Pool","Coleoptera","Staphylinidae",4,3,212,"intercept_trap",181798.799589326
"4388","Leugene","Pool","Coleoptera",NA,3,3,212,"intercept_trap",181798.799589326
"4389","Leugene","Pool","Diptera",NA,3,3,212,"intercept_trap",181798.799589326
"4390","Leugene","Pool","Diptera",NA,3,3,212,"intercept_trap",181798.799589326
"4391","Leugene","Pool","Diptera",NA,4,3,212,"intercept_trap",181798.799589326
"4392","Leugene","Pool","Diptera",NA,4,3,212,"intercept_trap",181798.799589326
"4393","Leugene","Pool","Diptera",NA,4,3,212,"intercept_trap",181798.799589326
"4394","Leugene","Pool","Diptera",NA,4,3,212,"intercept_trap",181798.799589326
"4395","Leugene","Pool","Diptera",NA,4,3,212,"intercept_trap",181798.799589326
"4396","Leugene","Pool","Diptera",NA,5,3,212,"intercept_trap",181798.799589326
"4397","Leugene","Pool","Diptera",NA,5,3,212,"intercept_trap",181798.799589326
"4398","Leugene","Pool","Diptera",NA,5,3,212,"intercept_trap",181798.799589326
"4399","Leugene","Pool","Diptera",NA,6,3,212,"intercept_trap",181798.799589326
"4400","Leugene","Pool","Diptera",NA,6,3,212,"intercept_trap",181798.799589326
"4401","Leugene","Pool","Diptera",NA,6,3,212,"intercept_trap",181798.799589326
"4402","Leugene","Pool","Diptera",NA,6,3,212,"intercept_trap",181798.799589326
"4403","Leugene","Pool","Diptera",NA,6,3,212,"intercept_trap",181798.799589326
"4404","Leugene","Pool","Diptera",NA,6,3,212,"intercept_trap",181798.799589326
"4405","Leugene","Pool","Diptera",NA,7,3,212,"intercept_trap",181798.799589326
"4406","Leugene","Pool","Diptera",NA,7,3,212,"intercept_trap",181798.799589326
"4407","Leugene","Pool","Diptera",NA,7,3,212,"intercept_trap",181798.799589326
"4408","Leugene","Pool","Diptera",NA,7,3,212,"intercept_trap",181798.799589326
"4409","Leugene","Pool","Diptera",NA,7,3,212,"intercept_trap",181798.799589326
"4410","Leugene","Pool","Diptera",NA,8,3,212,"intercept_trap",181798.799589326
"4411","Leugene","Pool","Diptera",NA,8,3,212,"intercept_trap",181798.799589326
"4412","Leugene","Pool","Diptera",NA,8,3,212,"intercept_trap",181798.799589326
"4413","Leugene","Pool","Diptera",NA,8,3,212,"intercept_trap",181798.799589326
"4414","Leugene","Pool","Diptera",NA,8,3,212,"intercept_trap",181798.799589326
"4415","Leugene","Pool","Diptera",NA,8,3,212,"intercept_trap",181798.799589326
"4416","Leugene","Pool","Diptera",NA,8,3,212,"intercept_trap",181798.799589326
"4417","Leugene","Pool","Diptera",NA,8,3,212,"intercept_trap",181798.799589326
"4418","Leugene","Pool","Diptera",NA,8,3,212,"intercept_trap",181798.799589326
"4419","Leugene","Pool","Diptera",NA,8,3,212,"intercept_trap",181798.799589326
"4420","Leugene","Pool","Diptera",NA,9,3,212,"intercept_trap",181798.799589326
"4421","Leugene","Pool","Diptera",NA,9,3,212,"intercept_trap",181798.799589326
"4422","Leugene","Pool","Diptera",NA,9,3,212,"intercept_trap",181798.799589326
"4423","Leugene","Pool","Diptera",NA,9,3,212,"intercept_trap",181798.799589326
"4424","Leugene","Pool","Diptera",NA,9,3,212,"intercept_trap",181798.799589326
"4425","Leugene","Pool","Diptera",NA,9,3,212,"intercept_trap",181798.799589326
"4426","Leugene","Pool","Diptera",NA,9,3,212,"intercept_trap",181798.799589326
"4427","Leugene","Pool","Diptera",NA,10,3,212,"intercept_trap",181798.799589326
"4428","Leugene","Pool","Diptera",NA,10,3,212,"intercept_trap",181798.799589326
"4429","Leugene","Pool","Diptera",NA,10,3,212,"intercept_trap",181798.799589326
"4430","Leugene","Pool","Diptera",NA,10,3,212,"intercept_trap",181798.799589326
"4431","Leugene","Pool","Diptera",NA,12,3,212,"intercept_trap",181798.799589326
"4432","Leugene","Pool","Diptera",NA,13,3,212,"intercept_trap",181798.799589326
"4433","Leugene","Pool","Diptera",NA,1,3,212,"intercept_trap",181798.799589326
"4434","Leugene","Pool","Diptera",NA,1,3,212,"intercept_trap",181798.799589326
"4435","Leugene","Pool","Diptera",NA,1,3,212,"intercept_trap",181798.799589326
"4436","Leugene","Pool","Diptera",NA,1,3,212,"intercept_trap",181798.799589326
"4437","Leugene","Pool","Diptera",NA,1,3,212,"intercept_trap",181798.799589326
"4438","Leugene","Pool","Diptera",NA,1,3,212,"intercept_trap",181798.799589326
"4439","Leugene","Pool","Diptera",NA,1,3,212,"intercept_trap",181798.799589326
"4440","Leugene","Pool","Diptera",NA,2,3,212,"intercept_trap",181798.799589326
"4441","Leugene","Pool","Diptera",NA,2,3,212,"intercept_trap",181798.799589326
"4442","Leugene","Pool","Diptera",NA,2,3,212,"intercept_trap",181798.799589326
"4443","Leugene","Pool","Diptera",NA,2,3,212,"intercept_trap",181798.799589326
"4444","Leugene","Pool","Diptera",NA,2,3,212,"intercept_trap",181798.799589326
"4445","Leugene","Pool","Diptera",NA,2,3,212,"intercept_trap",181798.799589326
"4446","Leugene","Pool","Diptera",NA,2,3,212,"intercept_trap",181798.799589326
"4447","Leugene","Pool","Diptera",NA,2,3,212,"intercept_trap",181798.799589326
"4448","Leugene","Pool","Diptera",NA,2,3,212,"intercept_trap",181798.799589326
"4449","Leugene","Pool","Diptera",NA,2,3,212,"intercept_trap",181798.799589326
"4450","Leugene","Pool","Diptera",NA,2,3,212,"intercept_trap",181798.799589326
"4451","Leugene","Pool","Diptera",NA,2,3,212,"intercept_trap",181798.799589326
"4452","Leugene","Pool","Diptera",NA,2,3,212,"intercept_trap",181798.799589326
"4453","Leugene","Pool","Diptera",NA,2,3,212,"intercept_trap",181798.799589326
"4454","Leugene","Pool","Diptera",NA,2,3,212,"intercept_trap",181798.799589326
"4455","Leugene","Pool","Diptera",NA,2,3,212,"intercept_trap",181798.799589326
"4456","Leugene","Pool","Diptera",NA,2,3,212,"intercept_trap",181798.799589326
"4457","Leugene","Pool","Diptera",NA,2,3,212,"intercept_trap",181798.799589326
"4458","Leugene","Pool","Diptera",NA,3,3,212,"intercept_trap",181798.799589326
"4459","Leugene","Pool","Diptera",NA,3,3,212,"intercept_trap",181798.799589326
"4460","Leugene","Pool","Diptera",NA,3,3,212,"intercept_trap",181798.799589326
"4461","Leugene","Pool","Diptera",NA,3,3,212,"intercept_trap",181798.799589326
"4462","Leugene","Pool","Diptera",NA,4,3,212,"intercept_trap",181798.799589326
"4463","Leugene","Pool","Diptera",NA,4,3,212,"intercept_trap",181798.799589326
"4464","Leugene","Pool","Diptera",NA,4,3,212,"intercept_trap",181798.799589326
"4465","Leugene","Pool","Diptera",NA,4,3,212,"intercept_trap",181798.799589326
"4466","Leugene","Pool","Diptera",NA,4,3,212,"intercept_trap",181798.799589326
"4467","Leugene","Pool","Diptera",NA,5,3,212,"intercept_trap",181798.799589326
"4468","Leugene","Pool","Diptera",NA,5,3,212,"intercept_trap",181798.799589326
"4469","Leugene","Pool","Diptera",NA,6,3,212,"intercept_trap",181798.799589326
"4470","Leugene","Pool","Ephemeroptera",NA,4,3,212,"intercept_trap",181798.799589326
"4471","Leugene","Pool","Hemiptera",NA,3,3,212,"intercept_trap",181798.799589326
"4472","Leugene","Pool","Hemiptera",NA,6,3,212,"intercept_trap",181798.799589326
"4473","Leugene","Pool","Hemiptera",NA,2,3,212,"intercept_trap",181798.799589326
"4474","Leugene","Pool","Hemiptera","Psylloidea",4,3,212,"intercept_trap",181798.799589326
"4475","Leugene","Pool","Hymenoptera","Formicidae",2,3,212,"intercept_trap",181798.799589326
"4476","Leugene","Pool","Hymenoptera","Formicidae",3,3,212,"intercept_trap",181798.799589326
"4477","Leugene","Pool","Hymenoptera","Formicidae",4,3,212,"intercept_trap",181798.799589326
"4478","Leugene","Pool","Hymenoptera","Formicidae",4,3,212,"intercept_trap",181798.799589326
"4479","Leugene","Pool","Hymenoptera","Formicidae",4,3,212,"intercept_trap",181798.799589326
"4480","Leugene","Pool","Hymenoptera","Formicidae",4,3,212,"intercept_trap",181798.799589326
"4481","Leugene","Pool","Hymenoptera","Vespidae",11,3,212,"intercept_trap",181798.799589326
"4482","Leugene","Pool","Hymenoptera","Vespidae",12,3,212,"intercept_trap",181798.799589326
"4483","Leugene","Pool","Hymenoptera","Vespidae",13,3,212,"intercept_trap",181798.799589326
"4484","Leugene","Pool","Hymenoptera","Vespidae",13,3,212,"intercept_trap",181798.799589326
"4485","Leugene","Pool","Hymenoptera",NA,1,3,212,"intercept_trap",181798.799589326
"4486","Leugene","Pool","Hymenoptera",NA,1,3,212,"intercept_trap",181798.799589326
"4487","Leugene","Pool","Hymenoptera",NA,1,3,212,"intercept_trap",181798.799589326
"4488","Leugene","Pool","Hymenoptera",NA,1,3,212,"intercept_trap",181798.799589326
"4489","Leugene","Pool","Hymenoptera",NA,1,3,212,"intercept_trap",181798.799589326
"4490","Leugene","Pool","Hymenoptera",NA,1,3,212,"intercept_trap",181798.799589326
"4491","Leugene","Pool","Hymenoptera",NA,2,3,212,"intercept_trap",181798.799589326
"4492","Leugene","Pool","Hymenoptera",NA,3,3,212,"intercept_trap",181798.799589326
"4493","Leugene","Pool","Hymenoptera",NA,3,3,212,"intercept_trap",181798.799589326
"4494","Leugene","Pool","Hymenoptera",NA,4,3,212,"intercept_trap",181798.799589326
"4495","Leugene","Pool","Lepidoptera",NA,14,3,212,"intercept_trap",181798.799589326
"4496","Leugene","Pool","Lepidoptera",NA,15,3,212,"intercept_trap",181798.799589326
"4497","Leugene","Pool","Thysanoptera",NA,1,3,212,"intercept_trap",181798.799589326
"4498","Leugene","Pool","Thysanoptera",NA,2,3,212,"intercept_trap",181798.799589326
"4499","Leugene","Pool","Trichoptera",NA,6,3,212,"intercept_trap",181798.799589326
"4500","Leugene","Pool","Trichoptera",NA,8,3,212,"intercept_trap",181798.799589326
"4501","Riedgrabe","Control","Araneae",NA,1,3,2149,"intercept_trap",66948.0040001844
"4502","Riedgrabe","Control","Araneae",NA,1,3,2149,"intercept_trap",66948.0040001844
"4503","Riedgrabe","Control","Araneae",NA,2,3,2149,"intercept_trap",66948.0040001844
"4504","Riedgrabe","Control","Araneae",NA,2,3,2149,"intercept_trap",66948.0040001844
"4505","Riedgrabe","Control","Araneae",NA,3,3,2149,"intercept_trap",66948.0040001844
"4506","Riedgrabe","Control","Araneae",NA,4,3,2149,"intercept_trap",66948.0040001844
"4507","Riedgrabe","Control","Araneae",NA,4,3,2149,"intercept_trap",66948.0040001844
"4508","Riedgrabe","Control","Araneae",NA,4,3,2149,"intercept_trap",66948.0040001844
"4509","Riedgrabe","Control","Araneae",NA,4,3,2149,"intercept_trap",66948.0040001844
"4510","Riedgrabe","Control","Entomobryomorpha",NA,1,3,2149,"intercept_trap",66948.0040001844
"4511","Riedgrabe","Control","Entomobryomorpha",NA,1,3,2149,"intercept_trap",66948.0040001844
"4512","Riedgrabe","Control","Entomobryomorpha",NA,1,3,2149,"intercept_trap",66948.0040001844
"4513","Riedgrabe","Control","Entomobryomorpha",NA,1,3,2149,"intercept_trap",66948.0040001844
"4514","Riedgrabe","Control","Entomobryomorpha",NA,1,3,2149,"intercept_trap",66948.0040001844
"4515","Riedgrabe","Control","Entomobryomorpha",NA,2,3,2149,"intercept_trap",66948.0040001844
"4516","Riedgrabe","Control","Entomobryomorpha",NA,2,3,2149,"intercept_trap",66948.0040001844
"4517","Riedgrabe","Control","Coleoptera","Curculionidae",2,3,2149,"intercept_trap",66948.0040001844
"4518","Riedgrabe","Control","Coleoptera","Curculionidae",2,3,2149,"intercept_trap",66948.0040001844
"4519","Riedgrabe","Control","Coleoptera","Curculionidae",2,3,2149,"intercept_trap",66948.0040001844
"4520","Riedgrabe","Control","Coleoptera","Curculionidae",2,3,2149,"intercept_trap",66948.0040001844
"4521","Riedgrabe","Control","Coleoptera","Curculionidae",2,3,2149,"intercept_trap",66948.0040001844
"4522","Riedgrabe","Control","Coleoptera","Curculionidae",2,3,2149,"intercept_trap",66948.0040001844
"4523","Riedgrabe","Control","Coleoptera","Curculionidae",2,3,2149,"intercept_trap",66948.0040001844
"4524","Riedgrabe","Control","Coleoptera","Curculionidae",2,3,2149,"intercept_trap",66948.0040001844
"4525","Riedgrabe","Control","Coleoptera","Curculionidae",2,3,2149,"intercept_trap",66948.0040001844
"4526","Riedgrabe","Control","Coleoptera","Curculionidae",2,3,2149,"intercept_trap",66948.0040001844
"4527","Riedgrabe","Control","Coleoptera","Curculionidae",2,3,2149,"intercept_trap",66948.0040001844
"4528","Riedgrabe","Control","Coleoptera","Curculionidae",2,3,2149,"intercept_trap",66948.0040001844
"4529","Riedgrabe","Control","Coleoptera","Curculionidae",2,3,2149,"intercept_trap",66948.0040001844
"4530","Riedgrabe","Control","Coleoptera","Curculionidae",2,3,2149,"intercept_trap",66948.0040001844
"4531","Riedgrabe","Control","Coleoptera","Curculionidae",2,3,2149,"intercept_trap",66948.0040001844
"4532","Riedgrabe","Control","Coleoptera","Curculionidae",2,3,2149,"intercept_trap",66948.0040001844
"4533","Riedgrabe","Control","Coleoptera","Curculionidae",2,3,2149,"intercept_trap",66948.0040001844
"4534","Riedgrabe","Control","Coleoptera","Curculionidae",2,3,2149,"intercept_trap",66948.0040001844
"4535","Riedgrabe","Control","Coleoptera","Curculionidae",2,3,2149,"intercept_trap",66948.0040001844
"4536","Riedgrabe","Control","Coleoptera","Curculionidae",2,3,2149,"intercept_trap",66948.0040001844
"4537","Riedgrabe","Control","Coleoptera","Curculionidae",2,3,2149,"intercept_trap",66948.0040001844
"4538","Riedgrabe","Control","Coleoptera","Curculionidae",2,3,2149,"intercept_trap",66948.0040001844
"4539","Riedgrabe","Control","Coleoptera","Curculionidae",2,3,2149,"intercept_trap",66948.0040001844
"4540","Riedgrabe","Control","Coleoptera","Curculionidae",2,3,2149,"intercept_trap",66948.0040001844
"4541","Riedgrabe","Control","Coleoptera","Curculionidae",2,3,2149,"intercept_trap",66948.0040001844
"4542","Riedgrabe","Control","Coleoptera","Curculionidae",2,3,2149,"intercept_trap",66948.0040001844
"4543","Riedgrabe","Control","Coleoptera","Curculionidae",2,3,2149,"intercept_trap",66948.0040001844
"4544","Riedgrabe","Control","Coleoptera","Curculionidae",2,3,2149,"intercept_trap",66948.0040001844
"4545","Riedgrabe","Control","Coleoptera","Curculionidae",2,3,2149,"intercept_trap",66948.0040001844
"4546","Riedgrabe","Control","Coleoptera","Curculionidae",2,3,2149,"intercept_trap",66948.0040001844
"4547","Riedgrabe","Control","Coleoptera","Curculionidae",2,3,2149,"intercept_trap",66948.0040001844
"4548","Riedgrabe","Control","Coleoptera","Curculionidae",2,3,2149,"intercept_trap",66948.0040001844
"4549","Riedgrabe","Control","Coleoptera","Curculionidae",2,3,2149,"intercept_trap",66948.0040001844
"4550","Riedgrabe","Control","Coleoptera","Curculionidae",2,3,2149,"intercept_trap",66948.0040001844
"4551","Riedgrabe","Control","Coleoptera","Curculionidae",2,3,2149,"intercept_trap",66948.0040001844
"4552","Riedgrabe","Control","Coleoptera","Curculionidae",2,3,2149,"intercept_trap",66948.0040001844
"4553","Riedgrabe","Control","Coleoptera","Curculionidae",2,3,2149,"intercept_trap",66948.0040001844
"4554","Riedgrabe","Control","Coleoptera","Curculionidae",2,3,2149,"intercept_trap",66948.0040001844
"4555","Riedgrabe","Control","Coleoptera","Curculionidae",2,3,2149,"intercept_trap",66948.0040001844
"4556","Riedgrabe","Control","Coleoptera","Curculionidae",2,3,2149,"intercept_trap",66948.0040001844
"4557","Riedgrabe","Control","Coleoptera","Curculionidae",2,3,2149,"intercept_trap",66948.0040001844
"4558","Riedgrabe","Control","Coleoptera","Curculionidae",2,3,2149,"intercept_trap",66948.0040001844
"4559","Riedgrabe","Control","Coleoptera","Curculionidae",2,3,2149,"intercept_trap",66948.0040001844
"4560","Riedgrabe","Control","Coleoptera","Curculionidae",2,3,2149,"intercept_trap",66948.0040001844
"4561","Riedgrabe","Control","Coleoptera","Curculionidae",2,3,2149,"intercept_trap",66948.0040001844
"4562","Riedgrabe","Control","Coleoptera","Curculionidae",2,3,2149,"intercept_trap",66948.0040001844
"4563","Riedgrabe","Control","Coleoptera","Curculionidae",2,3,2149,"intercept_trap",66948.0040001844
"4564","Riedgrabe","Control","Coleoptera","Curculionidae",2,3,2149,"intercept_trap",66948.0040001844
"4565","Riedgrabe","Control","Coleoptera","Curculionidae",2,3,2149,"intercept_trap",66948.0040001844
"4566","Riedgrabe","Control","Coleoptera","Curculionidae",2,3,2149,"intercept_trap",66948.0040001844
"4567","Riedgrabe","Control","Coleoptera","Curculionidae",2,3,2149,"intercept_trap",66948.0040001844
"4568","Riedgrabe","Control","Coleoptera","Curculionidae",2,3,2149,"intercept_trap",66948.0040001844
"4569","Riedgrabe","Control","Coleoptera","Curculionidae",2,3,2149,"intercept_trap",66948.0040001844
"4570","Riedgrabe","Control","Coleoptera","Curculionidae",2,3,2149,"intercept_trap",66948.0040001844
"4571","Riedgrabe","Control","Coleoptera","Curculionidae",2,3,2149,"intercept_trap",66948.0040001844
"4572","Riedgrabe","Control","Coleoptera","Curculionidae",2,3,2149,"intercept_trap",66948.0040001844
"4573","Riedgrabe","Control","Coleoptera","Curculionidae",2,3,2149,"intercept_trap",66948.0040001844
"4574","Riedgrabe","Control","Coleoptera","Curculionidae",2,3,2149,"intercept_trap",66948.0040001844
"4575","Riedgrabe","Control","Coleoptera","Curculionidae",2,3,2149,"intercept_trap",66948.0040001844
"4576","Riedgrabe","Control","Coleoptera","Curculionidae",2,3,2149,"intercept_trap",66948.0040001844
"4577","Riedgrabe","Control","Coleoptera","Curculionidae",2,3,2149,"intercept_trap",66948.0040001844
"4578","Riedgrabe","Control","Coleoptera","Curculionidae",2,3,2149,"intercept_trap",66948.0040001844
"4579","Riedgrabe","Control","Coleoptera","Curculionidae",2,3,2149,"intercept_trap",66948.0040001844
"4580","Riedgrabe","Control","Coleoptera","Curculionidae",2,3,2149,"intercept_trap",66948.0040001844
"4581","Riedgrabe","Control","Coleoptera","Curculionidae",2,3,2149,"intercept_trap",66948.0040001844
"4582","Riedgrabe","Control","Coleoptera","Curculionidae",2,3,2149,"intercept_trap",66948.0040001844
"4583","Riedgrabe","Control","Coleoptera","Curculionidae",2,3,2149,"intercept_trap",66948.0040001844
"4584","Riedgrabe","Control","Coleoptera","Curculionidae",2,3,2149,"intercept_trap",66948.0040001844
"4585","Riedgrabe","Control","Coleoptera","Curculionidae",2,3,2149,"intercept_trap",66948.0040001844
"4586","Riedgrabe","Control","Coleoptera","Curculionidae",2,3,2149,"intercept_trap",66948.0040001844
"4587","Riedgrabe","Control","Coleoptera","Curculionidae",2,3,2149,"intercept_trap",66948.0040001844
"4588","Riedgrabe","Control","Coleoptera","Curculionidae",2,3,2149,"intercept_trap",66948.0040001844
"4589","Riedgrabe","Control","Coleoptera","Curculionidae",2,3,2149,"intercept_trap",66948.0040001844
"4590","Riedgrabe","Control","Coleoptera","Curculionidae",2,3,2149,"intercept_trap",66948.0040001844
"4591","Riedgrabe","Control","Coleoptera","Curculionidae",2,3,2149,"intercept_trap",66948.0040001844
"4592","Riedgrabe","Control","Coleoptera","Curculionidae",2,3,2149,"intercept_trap",66948.0040001844
"4593","Riedgrabe","Control","Coleoptera","Curculionidae",2,3,2149,"intercept_trap",66948.0040001844
"4594","Riedgrabe","Control","Coleoptera","Curculionidae",2,3,2149,"intercept_trap",66948.0040001844
"4595","Riedgrabe","Control","Coleoptera","Curculionidae",2,3,2149,"intercept_trap",66948.0040001844
"4596","Riedgrabe","Control","Coleoptera","Curculionidae",2,3,2149,"intercept_trap",66948.0040001844
"4597","Riedgrabe","Control","Coleoptera","Curculionidae",2,3,2149,"intercept_trap",66948.0040001844
"4598","Riedgrabe","Control","Coleoptera","Curculionidae",2,3,2149,"intercept_trap",66948.0040001844
"4599","Riedgrabe","Control","Coleoptera","Curculionidae",2,3,2149,"intercept_trap",66948.0040001844
"4600","Riedgrabe","Control","Coleoptera","Curculionidae",2,3,2149,"intercept_trap",66948.0040001844
"4601","Riedgrabe","Control","Coleoptera","Curculionidae",2,3,2149,"intercept_trap",66948.0040001844
"4602","Riedgrabe","Control","Coleoptera","Curculionidae",2,3,2149,"intercept_trap",66948.0040001844
"4603","Riedgrabe","Control","Coleoptera","Curculionidae",2,3,2149,"intercept_trap",66948.0040001844
"4604","Riedgrabe","Control","Coleoptera","Curculionidae",2,3,2149,"intercept_trap",66948.0040001844
"4605","Riedgrabe","Control","Coleoptera","Curculionidae",2,3,2149,"intercept_trap",66948.0040001844
"4606","Riedgrabe","Control","Coleoptera","Curculionidae",2,3,2149,"intercept_trap",66948.0040001844
"4607","Riedgrabe","Control","Coleoptera","Curculionidae",2,3,2149,"intercept_trap",66948.0040001844
"4608","Riedgrabe","Control","Coleoptera","Curculionidae",2,3,2149,"intercept_trap",66948.0040001844
"4609","Riedgrabe","Control","Coleoptera","Curculionidae",2,3,2149,"intercept_trap",66948.0040001844
"4610","Riedgrabe","Control","Coleoptera","Curculionidae",2,3,2149,"intercept_trap",66948.0040001844
"4611","Riedgrabe","Control","Coleoptera","Curculionidae",2,3,2149,"intercept_trap",66948.0040001844
"4612","Riedgrabe","Control","Coleoptera","Curculionidae",2,3,2149,"intercept_trap",66948.0040001844
"4613","Riedgrabe","Control","Coleoptera","Curculionidae",2,3,2149,"intercept_trap",66948.0040001844
"4614","Riedgrabe","Control","Coleoptera","Curculionidae",2,3,2149,"intercept_trap",66948.0040001844
"4615","Riedgrabe","Control","Coleoptera","Curculionidae",2,3,2149,"intercept_trap",66948.0040001844
"4616","Riedgrabe","Control","Coleoptera","Curculionidae",2,3,2149,"intercept_trap",66948.0040001844
"4617","Riedgrabe","Control","Coleoptera","Curculionidae",2,3,2149,"intercept_trap",66948.0040001844
"4618","Riedgrabe","Control","Coleoptera","Curculionidae",2,3,2149,"intercept_trap",66948.0040001844
"4619","Riedgrabe","Control","Coleoptera","Curculionidae",2,3,2149,"intercept_trap",66948.0040001844
"4620","Riedgrabe","Control","Coleoptera","Curculionidae",2,3,2149,"intercept_trap",66948.0040001844
"4621","Riedgrabe","Control","Coleoptera","Curculionidae",2,3,2149,"intercept_trap",66948.0040001844
"4622","Riedgrabe","Control","Coleoptera","Curculionidae",2,3,2149,"intercept_trap",66948.0040001844
"4623","Riedgrabe","Control","Coleoptera","Curculionidae",2,3,2149,"intercept_trap",66948.0040001844
"4624","Riedgrabe","Control","Coleoptera","Curculionidae",2,3,2149,"intercept_trap",66948.0040001844
"4625","Riedgrabe","Control","Coleoptera","Curculionidae",2,3,2149,"intercept_trap",66948.0040001844
"4626","Riedgrabe","Control","Coleoptera","Curculionidae",2,3,2149,"intercept_trap",66948.0040001844
"4627","Riedgrabe","Control","Coleoptera","Curculionidae",2,3,2149,"intercept_trap",66948.0040001844
"4628","Riedgrabe","Control","Coleoptera","Curculionidae",2,3,2149,"intercept_trap",66948.0040001844
"4629","Riedgrabe","Control","Coleoptera","Curculionidae",3,3,2149,"intercept_trap",66948.0040001844
"4630","Riedgrabe","Control","Coleoptera","Curculionidae",3,3,2149,"intercept_trap",66948.0040001844
"4631","Riedgrabe","Control","Coleoptera","Curculionidae",3,3,2149,"intercept_trap",66948.0040001844
"4632","Riedgrabe","Control","Coleoptera","Curculionidae",3,3,2149,"intercept_trap",66948.0040001844
"4633","Riedgrabe","Control","Coleoptera","Curculionidae",3,3,2149,"intercept_trap",66948.0040001844
"4634","Riedgrabe","Control","Coleoptera","Curculionidae",3,3,2149,"intercept_trap",66948.0040001844
"4635","Riedgrabe","Control","Coleoptera","Curculionidae",3,3,2149,"intercept_trap",66948.0040001844
"4636","Riedgrabe","Control","Coleoptera","Curculionidae",3,3,2149,"intercept_trap",66948.0040001844
"4637","Riedgrabe","Control","Coleoptera","Curculionidae",3,3,2149,"intercept_trap",66948.0040001844
"4638","Riedgrabe","Control","Coleoptera","Curculionidae",3,3,2149,"intercept_trap",66948.0040001844
"4639","Riedgrabe","Control","Coleoptera","Curculionidae",3,3,2149,"intercept_trap",66948.0040001844
"4640","Riedgrabe","Control","Coleoptera","Curculionidae",3,3,2149,"intercept_trap",66948.0040001844
"4641","Riedgrabe","Control","Coleoptera","Curculionidae",3,3,2149,"intercept_trap",66948.0040001844
"4642","Riedgrabe","Control","Coleoptera","Curculionidae",3,3,2149,"intercept_trap",66948.0040001844
"4643","Riedgrabe","Control","Coleoptera","Curculionidae",3,3,2149,"intercept_trap",66948.0040001844
"4644","Riedgrabe","Control","Coleoptera","Curculionidae",3,3,2149,"intercept_trap",66948.0040001844
"4645","Riedgrabe","Control","Coleoptera","Curculionidae",3,3,2149,"intercept_trap",66948.0040001844
"4646","Riedgrabe","Control","Coleoptera","Curculionidae",3,3,2149,"intercept_trap",66948.0040001844
"4647","Riedgrabe","Control","Coleoptera","Curculionidae",3,3,2149,"intercept_trap",66948.0040001844
"4648","Riedgrabe","Control","Coleoptera","Curculionidae",3,3,2149,"intercept_trap",66948.0040001844
"4649","Riedgrabe","Control","Coleoptera","Curculionidae",3,3,2149,"intercept_trap",66948.0040001844
"4650","Riedgrabe","Control","Coleoptera","Curculionidae",3,3,2149,"intercept_trap",66948.0040001844
"4651","Riedgrabe","Control","Coleoptera","Curculionidae",3,3,2149,"intercept_trap",66948.0040001844
"4652","Riedgrabe","Control","Coleoptera","Curculionidae",3,3,2149,"intercept_trap",66948.0040001844
"4653","Riedgrabe","Control","Coleoptera","Curculionidae",3,3,2149,"intercept_trap",66948.0040001844
"4654","Riedgrabe","Control","Coleoptera","Curculionidae",3,3,2149,"intercept_trap",66948.0040001844
"4655","Riedgrabe","Control","Coleoptera","Curculionidae",3,3,2149,"intercept_trap",66948.0040001844
"4656","Riedgrabe","Control","Coleoptera","Curculionidae",3,3,2149,"intercept_trap",66948.0040001844
"4657","Riedgrabe","Control","Coleoptera","Curculionidae",3,3,2149,"intercept_trap",66948.0040001844
"4658","Riedgrabe","Control","Coleoptera","Curculionidae",3,3,2149,"intercept_trap",66948.0040001844
"4659","Riedgrabe","Control","Coleoptera","Curculionidae",3,3,2149,"intercept_trap",66948.0040001844
"4660","Riedgrabe","Control","Coleoptera","Curculionidae",3,3,2149,"intercept_trap",66948.0040001844
"4661","Riedgrabe","Control","Coleoptera","Curculionidae",3,3,2149,"intercept_trap",66948.0040001844
"4662","Riedgrabe","Control","Coleoptera","Curculionidae",3,3,2149,"intercept_trap",66948.0040001844
"4663","Riedgrabe","Control","Coleoptera","Curculionidae",3,3,2149,"intercept_trap",66948.0040001844
"4664","Riedgrabe","Control","Coleoptera","Curculionidae",3,3,2149,"intercept_trap",66948.0040001844
"4665","Riedgrabe","Control","Coleoptera","Curculionidae",3,3,2149,"intercept_trap",66948.0040001844
"4666","Riedgrabe","Control","Coleoptera","Curculionidae",3,3,2149,"intercept_trap",66948.0040001844
"4667","Riedgrabe","Control","Coleoptera","Curculionidae",3,3,2149,"intercept_trap",66948.0040001844
"4668","Riedgrabe","Control","Coleoptera","Curculionidae",3,3,2149,"intercept_trap",66948.0040001844
"4669","Riedgrabe","Control","Coleoptera","Curculionidae",3,3,2149,"intercept_trap",66948.0040001844
"4670","Riedgrabe","Control","Coleoptera","Latridiidae",2,3,2149,"intercept_trap",66948.0040001844
"4671","Riedgrabe","Control","Coleoptera","Scirtidae",5,3,2149,"intercept_trap",66948.0040001844
"4672","Riedgrabe","Control","Coleoptera","Staphylinidae",2,3,2149,"intercept_trap",66948.0040001844
"4673","Riedgrabe","Control","Coleoptera","Staphylinidae",3,3,2149,"intercept_trap",66948.0040001844
"4674","Riedgrabe","Control","Coleoptera","Staphylinidae",3,3,2149,"intercept_trap",66948.0040001844
"4675","Riedgrabe","Control","Coleoptera","Staphylinidae",3,3,2149,"intercept_trap",66948.0040001844
"4676","Riedgrabe","Control","Coleoptera","Staphylinidae",3,3,2149,"intercept_trap",66948.0040001844
"4677","Riedgrabe","Control","Coleoptera","Staphylinidae",5,3,2149,"intercept_trap",66948.0040001844
"4678","Riedgrabe","Control","Coleoptera","Staphylinidae",5,3,2149,"intercept_trap",66948.0040001844
"4679","Riedgrabe","Control","Coleoptera","Staphylinidae",6,3,2149,"intercept_trap",66948.0040001844
"4680","Riedgrabe","Control","Coleoptera",NA,1,3,2149,"intercept_trap",66948.0040001844
"4681","Riedgrabe","Control","Coleoptera",NA,1,3,2149,"intercept_trap",66948.0040001844
"4682","Riedgrabe","Control","Coleoptera",NA,1,3,2149,"intercept_trap",66948.0040001844
"4683","Riedgrabe","Control","Coleoptera",NA,2,3,2149,"intercept_trap",66948.0040001844
"4684","Riedgrabe","Control","Coleoptera",NA,10,3,2149,"intercept_trap",66948.0040001844
"4685","Riedgrabe","Control","Diptera",NA,2,3,2149,"intercept_trap",66948.0040001844
"4686","Riedgrabe","Control","Diptera",NA,2,3,2149,"intercept_trap",66948.0040001844
"4687","Riedgrabe","Control","Diptera",NA,2,3,2149,"intercept_trap",66948.0040001844
"4688","Riedgrabe","Control","Diptera",NA,2,3,2149,"intercept_trap",66948.0040001844
"4689","Riedgrabe","Control","Diptera",NA,2,3,2149,"intercept_trap",66948.0040001844
"4690","Riedgrabe","Control","Diptera",NA,2,3,2149,"intercept_trap",66948.0040001844
"4691","Riedgrabe","Control","Diptera",NA,2,3,2149,"intercept_trap",66948.0040001844
"4692","Riedgrabe","Control","Diptera",NA,2,3,2149,"intercept_trap",66948.0040001844
"4693","Riedgrabe","Control","Diptera",NA,2,3,2149,"intercept_trap",66948.0040001844
"4694","Riedgrabe","Control","Diptera",NA,2,3,2149,"intercept_trap",66948.0040001844
"4695","Riedgrabe","Control","Diptera",NA,2,3,2149,"intercept_trap",66948.0040001844
"4696","Riedgrabe","Control","Diptera",NA,3,3,2149,"intercept_trap",66948.0040001844
"4697","Riedgrabe","Control","Diptera",NA,3,3,2149,"intercept_trap",66948.0040001844
"4698","Riedgrabe","Control","Diptera",NA,3,3,2149,"intercept_trap",66948.0040001844
"4699","Riedgrabe","Control","Diptera",NA,3,3,2149,"intercept_trap",66948.0040001844
"4700","Riedgrabe","Control","Diptera",NA,3,3,2149,"intercept_trap",66948.0040001844
"4701","Riedgrabe","Control","Diptera",NA,3,3,2149,"intercept_trap",66948.0040001844
"4702","Riedgrabe","Control","Diptera",NA,3,3,2149,"intercept_trap",66948.0040001844
"4703","Riedgrabe","Control","Diptera",NA,4,3,2149,"intercept_trap",66948.0040001844
"4704","Riedgrabe","Control","Diptera",NA,4,3,2149,"intercept_trap",66948.0040001844
"4705","Riedgrabe","Control","Diptera",NA,5,3,2149,"intercept_trap",66948.0040001844
"4706","Riedgrabe","Control","Diptera",NA,1,3,2149,"intercept_trap",66948.0040001844
"4707","Riedgrabe","Control","Diptera",NA,1,3,2149,"intercept_trap",66948.0040001844
"4708","Riedgrabe","Control","Diptera",NA,1,3,2149,"intercept_trap",66948.0040001844
"4709","Riedgrabe","Control","Diptera",NA,1,3,2149,"intercept_trap",66948.0040001844
"4710","Riedgrabe","Control","Diptera",NA,1,3,2149,"intercept_trap",66948.0040001844
"4711","Riedgrabe","Control","Diptera",NA,1,3,2149,"intercept_trap",66948.0040001844
"4712","Riedgrabe","Control","Diptera",NA,1,3,2149,"intercept_trap",66948.0040001844
"4713","Riedgrabe","Control","Diptera",NA,1,3,2149,"intercept_trap",66948.0040001844
"4714","Riedgrabe","Control","Diptera",NA,1,3,2149,"intercept_trap",66948.0040001844
"4715","Riedgrabe","Control","Diptera",NA,1,3,2149,"intercept_trap",66948.0040001844
"4716","Riedgrabe","Control","Diptera",NA,1,3,2149,"intercept_trap",66948.0040001844
"4717","Riedgrabe","Control","Diptera",NA,1,3,2149,"intercept_trap",66948.0040001844
"4718","Riedgrabe","Control","Diptera",NA,1,3,2149,"intercept_trap",66948.0040001844
"4719","Riedgrabe","Control","Diptera",NA,1,3,2149,"intercept_trap",66948.0040001844
"4720","Riedgrabe","Control","Diptera",NA,1,3,2149,"intercept_trap",66948.0040001844
"4721","Riedgrabe","Control","Diptera",NA,1,3,2149,"intercept_trap",66948.0040001844
"4722","Riedgrabe","Control","Diptera",NA,1,3,2149,"intercept_trap",66948.0040001844
"4723","Riedgrabe","Control","Diptera",NA,1,3,2149,"intercept_trap",66948.0040001844
"4724","Riedgrabe","Control","Diptera",NA,1,3,2149,"intercept_trap",66948.0040001844
"4725","Riedgrabe","Control","Diptera",NA,1,3,2149,"intercept_trap",66948.0040001844
"4726","Riedgrabe","Control","Diptera",NA,1,3,2149,"intercept_trap",66948.0040001844
"4727","Riedgrabe","Control","Diptera",NA,1,3,2149,"intercept_trap",66948.0040001844
"4728","Riedgrabe","Control","Diptera",NA,1,3,2149,"intercept_trap",66948.0040001844
"4729","Riedgrabe","Control","Diptera",NA,1,3,2149,"intercept_trap",66948.0040001844
"4730","Riedgrabe","Control","Diptera",NA,1,3,2149,"intercept_trap",66948.0040001844
"4731","Riedgrabe","Control","Diptera",NA,1,3,2149,"intercept_trap",66948.0040001844
"4732","Riedgrabe","Control","Diptera",NA,1,3,2149,"intercept_trap",66948.0040001844
"4733","Riedgrabe","Control","Diptera",NA,1,3,2149,"intercept_trap",66948.0040001844
"4734","Riedgrabe","Control","Diptera",NA,1,3,2149,"intercept_trap",66948.0040001844
"4735","Riedgrabe","Control","Diptera",NA,1,3,2149,"intercept_trap",66948.0040001844
"4736","Riedgrabe","Control","Diptera",NA,1,3,2149,"intercept_trap",66948.0040001844
"4737","Riedgrabe","Control","Diptera",NA,1,3,2149,"intercept_trap",66948.0040001844
"4738","Riedgrabe","Control","Diptera",NA,1,3,2149,"intercept_trap",66948.0040001844
"4739","Riedgrabe","Control","Diptera",NA,1,3,2149,"intercept_trap",66948.0040001844
"4740","Riedgrabe","Control","Diptera",NA,1,3,2149,"intercept_trap",66948.0040001844
"4741","Riedgrabe","Control","Diptera",NA,1,3,2149,"intercept_trap",66948.0040001844
"4742","Riedgrabe","Control","Diptera",NA,1,3,2149,"intercept_trap",66948.0040001844
"4743","Riedgrabe","Control","Diptera",NA,1,3,2149,"intercept_trap",66948.0040001844
"4744","Riedgrabe","Control","Diptera",NA,1,3,2149,"intercept_trap",66948.0040001844
"4745","Riedgrabe","Control","Diptera",NA,1,3,2149,"intercept_trap",66948.0040001844
"4746","Riedgrabe","Control","Diptera",NA,1,3,2149,"intercept_trap",66948.0040001844
"4747","Riedgrabe","Control","Diptera",NA,1,3,2149,"intercept_trap",66948.0040001844
"4748","Riedgrabe","Control","Diptera",NA,1,3,2149,"intercept_trap",66948.0040001844
"4749","Riedgrabe","Control","Diptera",NA,1,3,2149,"intercept_trap",66948.0040001844
"4750","Riedgrabe","Control","Diptera",NA,1,3,2149,"intercept_trap",66948.0040001844
"4751","Riedgrabe","Control","Diptera",NA,1,3,2149,"intercept_trap",66948.0040001844
"4752","Riedgrabe","Control","Diptera",NA,1,3,2149,"intercept_trap",66948.0040001844
"4753","Riedgrabe","Control","Diptera",NA,1,3,2149,"intercept_trap",66948.0040001844
"4754","Riedgrabe","Control","Diptera",NA,1,3,2149,"intercept_trap",66948.0040001844
"4755","Riedgrabe","Control","Diptera",NA,1,3,2149,"intercept_trap",66948.0040001844
"4756","Riedgrabe","Control","Diptera",NA,1,3,2149,"intercept_trap",66948.0040001844
"4757","Riedgrabe","Control","Diptera",NA,1,3,2149,"intercept_trap",66948.0040001844
"4758","Riedgrabe","Control","Diptera",NA,1,3,2149,"intercept_trap",66948.0040001844
"4759","Riedgrabe","Control","Diptera",NA,1,3,2149,"intercept_trap",66948.0040001844
"4760","Riedgrabe","Control","Diptera",NA,1,3,2149,"intercept_trap",66948.0040001844
"4761","Riedgrabe","Control","Diptera",NA,1,3,2149,"intercept_trap",66948.0040001844
"4762","Riedgrabe","Control","Diptera",NA,2,3,2149,"intercept_trap",66948.0040001844
"4763","Riedgrabe","Control","Diptera",NA,2,3,2149,"intercept_trap",66948.0040001844
"4764","Riedgrabe","Control","Diptera",NA,2,3,2149,"intercept_trap",66948.0040001844
"4765","Riedgrabe","Control","Diptera",NA,2,3,2149,"intercept_trap",66948.0040001844
"4766","Riedgrabe","Control","Diptera",NA,2,3,2149,"intercept_trap",66948.0040001844
"4767","Riedgrabe","Control","Diptera",NA,2,3,2149,"intercept_trap",66948.0040001844
"4768","Riedgrabe","Control","Diptera",NA,2,3,2149,"intercept_trap",66948.0040001844
"4769","Riedgrabe","Control","Diptera",NA,2,3,2149,"intercept_trap",66948.0040001844
"4770","Riedgrabe","Control","Diptera",NA,2,3,2149,"intercept_trap",66948.0040001844
"4771","Riedgrabe","Control","Diptera",NA,2,3,2149,"intercept_trap",66948.0040001844
"4772","Riedgrabe","Control","Diptera",NA,2,3,2149,"intercept_trap",66948.0040001844
"4773","Riedgrabe","Control","Diptera",NA,2,3,2149,"intercept_trap",66948.0040001844
"4774","Riedgrabe","Control","Diptera",NA,2,3,2149,"intercept_trap",66948.0040001844
"4775","Riedgrabe","Control","Diptera",NA,2,3,2149,"intercept_trap",66948.0040001844
"4776","Riedgrabe","Control","Diptera",NA,2,3,2149,"intercept_trap",66948.0040001844
"4777","Riedgrabe","Control","Diptera",NA,2,3,2149,"intercept_trap",66948.0040001844
"4778","Riedgrabe","Control","Diptera",NA,2,3,2149,"intercept_trap",66948.0040001844
"4779","Riedgrabe","Control","Diptera",NA,2,3,2149,"intercept_trap",66948.0040001844
"4780","Riedgrabe","Control","Diptera",NA,3,3,2149,"intercept_trap",66948.0040001844
"4781","Riedgrabe","Control","Diptera",NA,3,3,2149,"intercept_trap",66948.0040001844
"4782","Riedgrabe","Control","Diptera",NA,3,3,2149,"intercept_trap",66948.0040001844
"4783","Riedgrabe","Control","Diptera",NA,3,3,2149,"intercept_trap",66948.0040001844
"4784","Riedgrabe","Control","Diptera",NA,4,3,2149,"intercept_trap",66948.0040001844
"4785","Riedgrabe","Control","Diptera",NA,4,3,2149,"intercept_trap",66948.0040001844
"4786","Riedgrabe","Control","Diptera",NA,4,3,2149,"intercept_trap",66948.0040001844
"4787","Riedgrabe","Control","Diptera",NA,5,3,2149,"intercept_trap",66948.0040001844
"4788","Riedgrabe","Control","Diptera",NA,5,3,2149,"intercept_trap",66948.0040001844
"4789","Riedgrabe","Control","Diptera",NA,8,3,2149,"intercept_trap",66948.0040001844
"4790","Riedgrabe","Control","Hemiptera",NA,1,3,2149,"intercept_trap",66948.0040001844
"4791","Riedgrabe","Control","Hemiptera",NA,2,3,2149,"intercept_trap",66948.0040001844
"4792","Riedgrabe","Control","Hemiptera",NA,4,3,2149,"intercept_trap",66948.0040001844
"4793","Riedgrabe","Control","Hemiptera","Aphidoidea",3,3,2149,"intercept_trap",66948.0040001844
"4794","Riedgrabe","Control","Hymenoptera",NA,1,3,2149,"intercept_trap",66948.0040001844
"4795","Riedgrabe","Control","Hymenoptera",NA,1,3,2149,"intercept_trap",66948.0040001844
"4796","Riedgrabe","Control","Hymenoptera",NA,1,3,2149,"intercept_trap",66948.0040001844
"4797","Riedgrabe","Control","Hymenoptera",NA,1,3,2149,"intercept_trap",66948.0040001844
"4798","Riedgrabe","Control","Hymenoptera",NA,1,3,2149,"intercept_trap",66948.0040001844
"4799","Riedgrabe","Control","Hymenoptera",NA,1,3,2149,"intercept_trap",66948.0040001844
"4800","Riedgrabe","Control","Hymenoptera",NA,1,3,2149,"intercept_trap",66948.0040001844
"4801","Riedgrabe","Control","Hymenoptera",NA,1,3,2149,"intercept_trap",66948.0040001844
"4802","Riedgrabe","Control","Hymenoptera",NA,1,3,2149,"intercept_trap",66948.0040001844
"4803","Riedgrabe","Control","Hymenoptera",NA,1,3,2149,"intercept_trap",66948.0040001844
"4804","Riedgrabe","Control","Hymenoptera",NA,1,3,2149,"intercept_trap",66948.0040001844
"4805","Riedgrabe","Control","Hymenoptera",NA,1,3,2149,"intercept_trap",66948.0040001844
"4806","Riedgrabe","Control","Hymenoptera",NA,1,3,2149,"intercept_trap",66948.0040001844
"4807","Riedgrabe","Control","Hymenoptera",NA,1,3,2149,"intercept_trap",66948.0040001844
"4808","Riedgrabe","Control","Hymenoptera",NA,1,3,2149,"intercept_trap",66948.0040001844
"4809","Riedgrabe","Control","Hymenoptera",NA,1,3,2149,"intercept_trap",66948.0040001844
"4810","Riedgrabe","Control","Hymenoptera",NA,1,3,2149,"intercept_trap",66948.0040001844
"4811","Riedgrabe","Control","Hymenoptera",NA,1,3,2149,"intercept_trap",66948.0040001844
"4812","Riedgrabe","Control","Hymenoptera",NA,1,3,2149,"intercept_trap",66948.0040001844
"4813","Riedgrabe","Control","Hymenoptera",NA,1,3,2149,"intercept_trap",66948.0040001844
"4814","Riedgrabe","Control","Hymenoptera",NA,1,3,2149,"intercept_trap",66948.0040001844
"4815","Riedgrabe","Control","Hymenoptera",NA,1,3,2149,"intercept_trap",66948.0040001844
"4816","Riedgrabe","Control","Hymenoptera",NA,1,3,2149,"intercept_trap",66948.0040001844
"4817","Riedgrabe","Control","Hymenoptera",NA,1,3,2149,"intercept_trap",66948.0040001844
"4818","Riedgrabe","Control","Hymenoptera",NA,1,3,2149,"intercept_trap",66948.0040001844
"4819","Riedgrabe","Control","Hymenoptera",NA,1,3,2149,"intercept_trap",66948.0040001844
"4820","Riedgrabe","Control","Hymenoptera",NA,2,3,2149,"intercept_trap",66948.0040001844
"4821","Riedgrabe","Control","Hymenoptera",NA,2,3,2149,"intercept_trap",66948.0040001844
"4822","Riedgrabe","Control","Hymenoptera",NA,2,3,2149,"intercept_trap",66948.0040001844
"4823","Riedgrabe","Control","Hymenoptera",NA,2,3,2149,"intercept_trap",66948.0040001844
"4824","Riedgrabe","Control","Hymenoptera",NA,2,3,2149,"intercept_trap",66948.0040001844
"4825","Riedgrabe","Control","Hymenoptera",NA,2,3,2149,"intercept_trap",66948.0040001844
"4826","Riedgrabe","Control","Hymenoptera",NA,2,3,2149,"intercept_trap",66948.0040001844
"4827","Riedgrabe","Control","Hymenoptera",NA,2,3,2149,"intercept_trap",66948.0040001844
"4828","Riedgrabe","Control","Hymenoptera",NA,3,3,2149,"intercept_trap",66948.0040001844
"4829","Riedgrabe","Control","Hymenoptera",NA,3,3,2149,"intercept_trap",66948.0040001844
"4830","Riedgrabe","Control","Hymenoptera",NA,4,3,2149,"intercept_trap",66948.0040001844
"4831","Riedgrabe","Control","Hymenoptera",NA,10,3,2149,"intercept_trap",66948.0040001844
"4832","Riedgrabe","Control","Lepidoptera",NA,3,3,2149,"intercept_trap",66948.0040001844
"4833","Riedgrabe","Control","Neuroptera",NA,8,3,2149,"intercept_trap",66948.0040001844
"4834","Riedgrabe","Control","Psocoptera",NA,2,3,2149,"intercept_trap",66948.0040001844
"4835","Riedgrabe","Control","Psocoptera",NA,2,3,2149,"intercept_trap",66948.0040001844
"4836","Riedgrabe","Control","Psocoptera",NA,2,3,2149,"intercept_trap",66948.0040001844
"4837","Riedgrabe","Control","Psocoptera",NA,2,3,2149,"intercept_trap",66948.0040001844
"4838","Riedgrabe","Control","Psocoptera",NA,2,3,2149,"intercept_trap",66948.0040001844
"4839","Riedgrabe","Control","Psocoptera",NA,2,3,2149,"intercept_trap",66948.0040001844
"4840","Riedgrabe","Control","Psocoptera",NA,2,3,2149,"intercept_trap",66948.0040001844
"4841","Riedgrabe","Control","Psocoptera",NA,2,3,2149,"intercept_trap",66948.0040001844
"4842","Riedgrabe","Control","Psocoptera",NA,2,3,2149,"intercept_trap",66948.0040001844
"4843","Riedgrabe","Control","Psocoptera",NA,2,3,2149,"intercept_trap",66948.0040001844
"4844","Riedgrabe","Control","Psocoptera",NA,2,3,2149,"intercept_trap",66948.0040001844
"4845","Riedgrabe","Control","Psocoptera",NA,2,3,2149,"intercept_trap",66948.0040001844
"4846","Riedgrabe","Control","Psocoptera",NA,2,3,2149,"intercept_trap",66948.0040001844
"4847","Riedgrabe","Control","Psocoptera",NA,2,3,2149,"intercept_trap",66948.0040001844
"4848","Riedgrabe","Control","Psocoptera",NA,2,3,2149,"intercept_trap",66948.0040001844
"4849","Riedgrabe","Control","Psocoptera",NA,2,3,2149,"intercept_trap",66948.0040001844
"4850","Riedgrabe","Control","Psocoptera",NA,2,3,2149,"intercept_trap",66948.0040001844
"4851","Riedgrabe","Control","Psocoptera",NA,2,3,2149,"intercept_trap",66948.0040001844
"4852","Riedgrabe","Control","Psocoptera",NA,2,3,2149,"intercept_trap",66948.0040001844
"4853","Riedgrabe","Control","Psocoptera",NA,2,3,2149,"intercept_trap",66948.0040001844
"4854","Riedgrabe","Control","Psocoptera",NA,2,3,2149,"intercept_trap",66948.0040001844
"4855","Riedgrabe","Control","Psocoptera",NA,2,3,2149,"intercept_trap",66948.0040001844
"4856","Riedgrabe","Control","Psocoptera",NA,2,3,2149,"intercept_trap",66948.0040001844
"4857","Riedgrabe","Control","Psocoptera",NA,2,3,2149,"intercept_trap",66948.0040001844
"4858","Riedgrabe","Control","Psocoptera",NA,2,3,2149,"intercept_trap",66948.0040001844
"4859","Riedgrabe","Control","Psocoptera",NA,2,3,2149,"intercept_trap",66948.0040001844
"4860","Riedgrabe","Control","Psocoptera",NA,2,3,2149,"intercept_trap",66948.0040001844
"4861","Riedgrabe","Control","Psocoptera",NA,2,3,2149,"intercept_trap",66948.0040001844
"4862","Riedgrabe","Control","Psocoptera",NA,2,3,2149,"intercept_trap",66948.0040001844
"4863","Riedgrabe","Control","Psocoptera",NA,2,3,2149,"intercept_trap",66948.0040001844
"4864","Riedgrabe","Control","Psocoptera",NA,2,3,2149,"intercept_trap",66948.0040001844
"4865","Riedgrabe","Control","Psocoptera",NA,2,3,2149,"intercept_trap",66948.0040001844
"4866","Riedgrabe","Control","Psocoptera",NA,2,3,2149,"intercept_trap",66948.0040001844
"4867","Riedgrabe","Control","Psocoptera",NA,2,3,2149,"intercept_trap",66948.0040001844
"4868","Riedgrabe","Control","Psocoptera",NA,2,3,2149,"intercept_trap",66948.0040001844
"4869","Riedgrabe","Control","Psocoptera",NA,3,3,2149,"intercept_trap",66948.0040001844
"4870","Riedgrabe","Control","Psocoptera",NA,3,3,2149,"intercept_trap",66948.0040001844
"4871","Riedgrabe","Control","Psocoptera",NA,3,3,2149,"intercept_trap",66948.0040001844
"4872","Riedgrabe","Control","Psocoptera",NA,3,3,2149,"intercept_trap",66948.0040001844
"4873","Riedgrabe","Control","Psocoptera",NA,3,3,2149,"intercept_trap",66948.0040001844
"4874","Riedgrabe","Control","Thysanoptera",NA,1,3,2149,"intercept_trap",66948.0040001844
"4875","Riedgrabe","Control","Thysanoptera",NA,1,3,2149,"intercept_trap",66948.0040001844
"4876","Riedgrabe","Control","Thysanoptera",NA,2,3,2149,"intercept_trap",66948.0040001844
"4877","Riedgrabe","Pool","Araneae",NA,1,3,2149,"intercept_trap",66948.0040001844
"4878","Riedgrabe","Pool","Araneae",NA,6,3,2149,"intercept_trap",66948.0040001844
"4879","Riedgrabe","Pool","Araneae",NA,7,3,2149,"intercept_trap",66948.0040001844
"4880","Riedgrabe","Pool","Entomobryomorpha",NA,1,3,2149,"intercept_trap",66948.0040001844
"4881","Riedgrabe","Pool","Entomobryomorpha",NA,1,3,2149,"intercept_trap",66948.0040001844
"4882","Riedgrabe","Pool","Entomobryomorpha",NA,1,3,2149,"intercept_trap",66948.0040001844
"4883","Riedgrabe","Pool","Entomobryomorpha",NA,1,3,2149,"intercept_trap",66948.0040001844
"4884","Riedgrabe","Pool","Entomobryomorpha",NA,2,3,2149,"intercept_trap",66948.0040001844
"4885","Riedgrabe","Pool","Entomobryomorpha",NA,2,3,2149,"intercept_trap",66948.0040001844
"4886","Riedgrabe","Pool","Entomobryomorpha",NA,2,3,2149,"intercept_trap",66948.0040001844
"4887","Riedgrabe","Pool","Entomobryomorpha",NA,2,3,2149,"intercept_trap",66948.0040001844
"4888","Riedgrabe","Pool",NA,NA,11,3,2149,"intercept_trap",66948.0040001844
"4889","Riedgrabe","Pool","Coleoptera","Curculionidae",2,3,2149,"intercept_trap",66948.0040001844
"4890","Riedgrabe","Pool","Coleoptera","Curculionidae",2,3,2149,"intercept_trap",66948.0040001844
"4891","Riedgrabe","Pool","Coleoptera","Curculionidae",2,3,2149,"intercept_trap",66948.0040001844
"4892","Riedgrabe","Pool","Coleoptera","Curculionidae",2,3,2149,"intercept_trap",66948.0040001844
"4893","Riedgrabe","Pool","Coleoptera","Curculionidae",2,3,2149,"intercept_trap",66948.0040001844
"4894","Riedgrabe","Pool","Coleoptera","Curculionidae",2,3,2149,"intercept_trap",66948.0040001844
"4895","Riedgrabe","Pool","Coleoptera","Curculionidae",2,3,2149,"intercept_trap",66948.0040001844
"4896","Riedgrabe","Pool","Coleoptera","Curculionidae",2,3,2149,"intercept_trap",66948.0040001844
"4897","Riedgrabe","Pool","Coleoptera","Curculionidae",2,3,2149,"intercept_trap",66948.0040001844
"4898","Riedgrabe","Pool","Coleoptera","Curculionidae",2,3,2149,"intercept_trap",66948.0040001844
"4899","Riedgrabe","Pool","Coleoptera","Curculionidae",2,3,2149,"intercept_trap",66948.0040001844
"4900","Riedgrabe","Pool","Coleoptera","Curculionidae",2,3,2149,"intercept_trap",66948.0040001844
"4901","Riedgrabe","Pool","Coleoptera","Curculionidae",2,3,2149,"intercept_trap",66948.0040001844
"4902","Riedgrabe","Pool","Coleoptera","Curculionidae",2,3,2149,"intercept_trap",66948.0040001844
"4903","Riedgrabe","Pool","Coleoptera","Curculionidae",2,3,2149,"intercept_trap",66948.0040001844
"4904","Riedgrabe","Pool","Coleoptera","Curculionidae",2,3,2149,"intercept_trap",66948.0040001844
"4905","Riedgrabe","Pool","Coleoptera","Curculionidae",2,3,2149,"intercept_trap",66948.0040001844
"4906","Riedgrabe","Pool","Coleoptera","Curculionidae",2,3,2149,"intercept_trap",66948.0040001844
"4907","Riedgrabe","Pool","Coleoptera","Curculionidae",2,3,2149,"intercept_trap",66948.0040001844
"4908","Riedgrabe","Pool","Coleoptera","Curculionidae",2,3,2149,"intercept_trap",66948.0040001844
"4909","Riedgrabe","Pool","Coleoptera","Curculionidae",2,3,2149,"intercept_trap",66948.0040001844
"4910","Riedgrabe","Pool","Coleoptera","Curculionidae",2,3,2149,"intercept_trap",66948.0040001844
"4911","Riedgrabe","Pool","Coleoptera","Curculionidae",2,3,2149,"intercept_trap",66948.0040001844
"4912","Riedgrabe","Pool","Coleoptera","Curculionidae",2,3,2149,"intercept_trap",66948.0040001844
"4913","Riedgrabe","Pool","Coleoptera","Curculionidae",2,3,2149,"intercept_trap",66948.0040001844
"4914","Riedgrabe","Pool","Coleoptera","Curculionidae",2,3,2149,"intercept_trap",66948.0040001844
"4915","Riedgrabe","Pool","Coleoptera","Curculionidae",2,3,2149,"intercept_trap",66948.0040001844
"4916","Riedgrabe","Pool","Coleoptera","Curculionidae",2,3,2149,"intercept_trap",66948.0040001844
"4917","Riedgrabe","Pool","Coleoptera","Curculionidae",2,3,2149,"intercept_trap",66948.0040001844
"4918","Riedgrabe","Pool","Coleoptera","Curculionidae",2,3,2149,"intercept_trap",66948.0040001844
"4919","Riedgrabe","Pool","Coleoptera","Curculionidae",2,3,2149,"intercept_trap",66948.0040001844
"4920","Riedgrabe","Pool","Coleoptera","Curculionidae",2,3,2149,"intercept_trap",66948.0040001844
"4921","Riedgrabe","Pool","Coleoptera","Curculionidae",2,3,2149,"intercept_trap",66948.0040001844
"4922","Riedgrabe","Pool","Coleoptera","Curculionidae",2,3,2149,"intercept_trap",66948.0040001844
"4923","Riedgrabe","Pool","Coleoptera","Curculionidae",2,3,2149,"intercept_trap",66948.0040001844
"4924","Riedgrabe","Pool","Coleoptera","Curculionidae",2,3,2149,"intercept_trap",66948.0040001844
"4925","Riedgrabe","Pool","Coleoptera","Curculionidae",2,3,2149,"intercept_trap",66948.0040001844
"4926","Riedgrabe","Pool","Coleoptera","Curculionidae",2,3,2149,"intercept_trap",66948.0040001844
"4927","Riedgrabe","Pool","Coleoptera","Curculionidae",2,3,2149,"intercept_trap",66948.0040001844
"4928","Riedgrabe","Pool","Coleoptera","Curculionidae",2,3,2149,"intercept_trap",66948.0040001844
"4929","Riedgrabe","Pool","Coleoptera","Curculionidae",2,3,2149,"intercept_trap",66948.0040001844
"4930","Riedgrabe","Pool","Coleoptera","Curculionidae",2,3,2149,"intercept_trap",66948.0040001844
"4931","Riedgrabe","Pool","Coleoptera","Curculionidae",2,3,2149,"intercept_trap",66948.0040001844
"4932","Riedgrabe","Pool","Coleoptera","Curculionidae",2,3,2149,"intercept_trap",66948.0040001844
"4933","Riedgrabe","Pool","Coleoptera","Curculionidae",2,3,2149,"intercept_trap",66948.0040001844
"4934","Riedgrabe","Pool","Coleoptera","Curculionidae",2,3,2149,"intercept_trap",66948.0040001844
"4935","Riedgrabe","Pool","Coleoptera","Curculionidae",2,3,2149,"intercept_trap",66948.0040001844
"4936","Riedgrabe","Pool","Coleoptera","Curculionidae",2,3,2149,"intercept_trap",66948.0040001844
"4937","Riedgrabe","Pool","Coleoptera","Curculionidae",2,3,2149,"intercept_trap",66948.0040001844
"4938","Riedgrabe","Pool","Coleoptera","Curculionidae",2,3,2149,"intercept_trap",66948.0040001844
"4939","Riedgrabe","Pool","Coleoptera","Curculionidae",2,3,2149,"intercept_trap",66948.0040001844
"4940","Riedgrabe","Pool","Coleoptera","Curculionidae",2,3,2149,"intercept_trap",66948.0040001844
"4941","Riedgrabe","Pool","Coleoptera","Curculionidae",2,3,2149,"intercept_trap",66948.0040001844
"4942","Riedgrabe","Pool","Coleoptera","Curculionidae",2,3,2149,"intercept_trap",66948.0040001844
"4943","Riedgrabe","Pool","Coleoptera","Curculionidae",2,3,2149,"intercept_trap",66948.0040001844
"4944","Riedgrabe","Pool","Coleoptera","Curculionidae",2,3,2149,"intercept_trap",66948.0040001844
"4945","Riedgrabe","Pool","Coleoptera","Curculionidae",2,3,2149,"intercept_trap",66948.0040001844
"4946","Riedgrabe","Pool","Coleoptera","Curculionidae",2,3,2149,"intercept_trap",66948.0040001844
"4947","Riedgrabe","Pool","Coleoptera","Curculionidae",2,3,2149,"intercept_trap",66948.0040001844
"4948","Riedgrabe","Pool","Coleoptera","Curculionidae",2,3,2149,"intercept_trap",66948.0040001844
"4949","Riedgrabe","Pool","Coleoptera","Curculionidae",2,3,2149,"intercept_trap",66948.0040001844
"4950","Riedgrabe","Pool","Coleoptera","Curculionidae",2,3,2149,"intercept_trap",66948.0040001844
"4951","Riedgrabe","Pool","Coleoptera","Curculionidae",2,3,2149,"intercept_trap",66948.0040001844
"4952","Riedgrabe","Pool","Coleoptera","Curculionidae",2,3,2149,"intercept_trap",66948.0040001844
"4953","Riedgrabe","Pool","Coleoptera","Curculionidae",2,3,2149,"intercept_trap",66948.0040001844
"4954","Riedgrabe","Pool","Coleoptera","Curculionidae",2,3,2149,"intercept_trap",66948.0040001844
"4955","Riedgrabe","Pool","Coleoptera","Curculionidae",2,3,2149,"intercept_trap",66948.0040001844
"4956","Riedgrabe","Pool","Coleoptera","Curculionidae",2,3,2149,"intercept_trap",66948.0040001844
"4957","Riedgrabe","Pool","Coleoptera","Curculionidae",2,3,2149,"intercept_trap",66948.0040001844
"4958","Riedgrabe","Pool","Coleoptera","Curculionidae",2,3,2149,"intercept_trap",66948.0040001844
"4959","Riedgrabe","Pool","Coleoptera","Curculionidae",2,3,2149,"intercept_trap",66948.0040001844
"4960","Riedgrabe","Pool","Coleoptera","Curculionidae",2,3,2149,"intercept_trap",66948.0040001844
"4961","Riedgrabe","Pool","Coleoptera","Curculionidae",2,3,2149,"intercept_trap",66948.0040001844
"4962","Riedgrabe","Pool","Coleoptera","Curculionidae",2,3,2149,"intercept_trap",66948.0040001844
"4963","Riedgrabe","Pool","Coleoptera","Curculionidae",2,3,2149,"intercept_trap",66948.0040001844
"4964","Riedgrabe","Pool","Coleoptera","Curculionidae",2,3,2149,"intercept_trap",66948.0040001844
"4965","Riedgrabe","Pool","Coleoptera","Curculionidae",2,3,2149,"intercept_trap",66948.0040001844
"4966","Riedgrabe","Pool","Coleoptera","Curculionidae",2,3,2149,"intercept_trap",66948.0040001844
"4967","Riedgrabe","Pool","Coleoptera","Curculionidae",2,3,2149,"intercept_trap",66948.0040001844
"4968","Riedgrabe","Pool","Coleoptera","Curculionidae",2,3,2149,"intercept_trap",66948.0040001844
"4969","Riedgrabe","Pool","Coleoptera","Curculionidae",2,3,2149,"intercept_trap",66948.0040001844
"4970","Riedgrabe","Pool","Coleoptera","Curculionidae",2,3,2149,"intercept_trap",66948.0040001844
"4971","Riedgrabe","Pool","Coleoptera","Curculionidae",2,3,2149,"intercept_trap",66948.0040001844
"4972","Riedgrabe","Pool","Coleoptera","Curculionidae",2,3,2149,"intercept_trap",66948.0040001844
"4973","Riedgrabe","Pool","Coleoptera","Curculionidae",2,3,2149,"intercept_trap",66948.0040001844
"4974","Riedgrabe","Pool","Coleoptera","Curculionidae",2,3,2149,"intercept_trap",66948.0040001844
"4975","Riedgrabe","Pool","Coleoptera","Curculionidae",2,3,2149,"intercept_trap",66948.0040001844
"4976","Riedgrabe","Pool","Coleoptera","Curculionidae",2,3,2149,"intercept_trap",66948.0040001844
"4977","Riedgrabe","Pool","Coleoptera","Curculionidae",2,3,2149,"intercept_trap",66948.0040001844
"4978","Riedgrabe","Pool","Coleoptera","Curculionidae",2,3,2149,"intercept_trap",66948.0040001844
"4979","Riedgrabe","Pool","Coleoptera","Curculionidae",2,3,2149,"intercept_trap",66948.0040001844
"4980","Riedgrabe","Pool","Coleoptera","Curculionidae",2,3,2149,"intercept_trap",66948.0040001844
"4981","Riedgrabe","Pool","Coleoptera","Curculionidae",2,3,2149,"intercept_trap",66948.0040001844
"4982","Riedgrabe","Pool","Coleoptera","Curculionidae",2,3,2149,"intercept_trap",66948.0040001844
"4983","Riedgrabe","Pool","Coleoptera","Curculionidae",2,3,2149,"intercept_trap",66948.0040001844
"4984","Riedgrabe","Pool","Coleoptera","Curculionidae",2,3,2149,"intercept_trap",66948.0040001844
"4985","Riedgrabe","Pool","Coleoptera","Curculionidae",2,3,2149,"intercept_trap",66948.0040001844
"4986","Riedgrabe","Pool","Coleoptera","Curculionidae",2,3,2149,"intercept_trap",66948.0040001844
"4987","Riedgrabe","Pool","Coleoptera","Curculionidae",2,3,2149,"intercept_trap",66948.0040001844
"4988","Riedgrabe","Pool","Coleoptera","Curculionidae",2,3,2149,"intercept_trap",66948.0040001844
"4989","Riedgrabe","Pool","Coleoptera","Curculionidae",2,3,2149,"intercept_trap",66948.0040001844
"4990","Riedgrabe","Pool","Coleoptera","Curculionidae",2,3,2149,"intercept_trap",66948.0040001844
"4991","Riedgrabe","Pool","Coleoptera","Curculionidae",2,3,2149,"intercept_trap",66948.0040001844
"4992","Riedgrabe","Pool","Coleoptera","Curculionidae",2,3,2149,"intercept_trap",66948.0040001844
"4993","Riedgrabe","Pool","Coleoptera","Curculionidae",2,3,2149,"intercept_trap",66948.0040001844
"4994","Riedgrabe","Pool","Coleoptera","Curculionidae",2,3,2149,"intercept_trap",66948.0040001844
"4995","Riedgrabe","Pool","Coleoptera","Curculionidae",2,3,2149,"intercept_trap",66948.0040001844
"4996","Riedgrabe","Pool","Coleoptera","Curculionidae",2,3,2149,"intercept_trap",66948.0040001844
"4997","Riedgrabe","Pool","Coleoptera","Curculionidae",2,3,2149,"intercept_trap",66948.0040001844
"4998","Riedgrabe","Pool","Coleoptera","Curculionidae",2,3,2149,"intercept_trap",66948.0040001844
"4999","Riedgrabe","Pool","Coleoptera","Curculionidae",2,3,2149,"intercept_trap",66948.0040001844
"5000","Riedgrabe","Pool","Coleoptera","Curculionidae",2,3,2149,"intercept_trap",66948.0040001844
"5001","Riedgrabe","Pool","Coleoptera","Curculionidae",2,3,2149,"intercept_trap",66948.0040001844
"5002","Riedgrabe","Pool","Coleoptera","Curculionidae",2,3,2149,"intercept_trap",66948.0040001844
"5003","Riedgrabe","Pool","Coleoptera","Curculionidae",2,3,2149,"intercept_trap",66948.0040001844
"5004","Riedgrabe","Pool","Coleoptera","Curculionidae",6,3,2149,"intercept_trap",66948.0040001844
"5005","Riedgrabe","Pool","Coleoptera","Chrysomelidae",3,3,2149,"intercept_trap",66948.0040001844
"5006","Riedgrabe","Pool","Coleoptera","Chrysomelidae",3,3,2149,"intercept_trap",66948.0040001844
"5007","Riedgrabe","Pool","Coleoptera","Coccinellidae",5,3,2149,"intercept_trap",66948.0040001844
"5008","Riedgrabe","Pool","Coleoptera","Elmidae",5,3,2149,"intercept_trap",66948.0040001844
"5009","Riedgrabe","Pool","Coleoptera","Latridiidae",3,3,2149,"intercept_trap",66948.0040001844
"5010","Riedgrabe","Pool","Coleoptera","Staphylinidae",2,3,2149,"intercept_trap",66948.0040001844
"5011","Riedgrabe","Pool","Coleoptera","Staphylinidae",2,3,2149,"intercept_trap",66948.0040001844
"5012","Riedgrabe","Pool","Coleoptera","Staphylinidae",3,3,2149,"intercept_trap",66948.0040001844
"5013","Riedgrabe","Pool","Diptera","Syrphidae",7,3,2149,"intercept_trap",66948.0040001844
"5014","Riedgrabe","Pool","Diptera","Syrphidae",8,3,2149,"intercept_trap",66948.0040001844
"5015","Riedgrabe","Pool","Diptera",NA,2,3,2149,"intercept_trap",66948.0040001844
"5016","Riedgrabe","Pool","Diptera",NA,3,3,2149,"intercept_trap",66948.0040001844
"5017","Riedgrabe","Pool","Diptera",NA,3,3,2149,"intercept_trap",66948.0040001844
"5018","Riedgrabe","Pool","Diptera",NA,3,3,2149,"intercept_trap",66948.0040001844
"5019","Riedgrabe","Pool","Diptera",NA,4,3,2149,"intercept_trap",66948.0040001844
"5020","Riedgrabe","Pool","Diptera",NA,7,3,2149,"intercept_trap",66948.0040001844
"5021","Riedgrabe","Pool","Diptera",NA,1,3,2149,"intercept_trap",66948.0040001844
"5022","Riedgrabe","Pool","Diptera",NA,1,3,2149,"intercept_trap",66948.0040001844
"5023","Riedgrabe","Pool","Diptera",NA,1,3,2149,"intercept_trap",66948.0040001844
"5024","Riedgrabe","Pool","Diptera",NA,1,3,2149,"intercept_trap",66948.0040001844
"5025","Riedgrabe","Pool","Diptera",NA,1,3,2149,"intercept_trap",66948.0040001844
"5026","Riedgrabe","Pool","Diptera",NA,1,3,2149,"intercept_trap",66948.0040001844
"5027","Riedgrabe","Pool","Diptera",NA,1,3,2149,"intercept_trap",66948.0040001844
"5028","Riedgrabe","Pool","Diptera",NA,1,3,2149,"intercept_trap",66948.0040001844
"5029","Riedgrabe","Pool","Diptera",NA,1,3,2149,"intercept_trap",66948.0040001844
"5030","Riedgrabe","Pool","Diptera",NA,1,3,2149,"intercept_trap",66948.0040001844
"5031","Riedgrabe","Pool","Diptera",NA,1,3,2149,"intercept_trap",66948.0040001844
"5032","Riedgrabe","Pool","Diptera",NA,1,3,2149,"intercept_trap",66948.0040001844
"5033","Riedgrabe","Pool","Diptera",NA,1,3,2149,"intercept_trap",66948.0040001844
"5034","Riedgrabe","Pool","Diptera",NA,1,3,2149,"intercept_trap",66948.0040001844
"5035","Riedgrabe","Pool","Diptera",NA,1,3,2149,"intercept_trap",66948.0040001844
"5036","Riedgrabe","Pool","Diptera",NA,1,3,2149,"intercept_trap",66948.0040001844
"5037","Riedgrabe","Pool","Diptera",NA,1,3,2149,"intercept_trap",66948.0040001844
"5038","Riedgrabe","Pool","Diptera",NA,1,3,2149,"intercept_trap",66948.0040001844
"5039","Riedgrabe","Pool","Diptera",NA,1,3,2149,"intercept_trap",66948.0040001844
"5040","Riedgrabe","Pool","Diptera",NA,1,3,2149,"intercept_trap",66948.0040001844
"5041","Riedgrabe","Pool","Diptera",NA,1,3,2149,"intercept_trap",66948.0040001844
"5042","Riedgrabe","Pool","Diptera",NA,1,3,2149,"intercept_trap",66948.0040001844
"5043","Riedgrabe","Pool","Diptera",NA,1,3,2149,"intercept_trap",66948.0040001844
"5044","Riedgrabe","Pool","Diptera",NA,1,3,2149,"intercept_trap",66948.0040001844
"5045","Riedgrabe","Pool","Diptera",NA,2,3,2149,"intercept_trap",66948.0040001844
"5046","Riedgrabe","Pool","Diptera",NA,2,3,2149,"intercept_trap",66948.0040001844
"5047","Riedgrabe","Pool","Diptera",NA,2,3,2149,"intercept_trap",66948.0040001844
"5048","Riedgrabe","Pool","Diptera",NA,2,3,2149,"intercept_trap",66948.0040001844
"5049","Riedgrabe","Pool","Diptera",NA,2,3,2149,"intercept_trap",66948.0040001844
"5050","Riedgrabe","Pool","Diptera",NA,2,3,2149,"intercept_trap",66948.0040001844
"5051","Riedgrabe","Pool","Diptera",NA,2,3,2149,"intercept_trap",66948.0040001844
"5052","Riedgrabe","Pool","Diptera",NA,2,3,2149,"intercept_trap",66948.0040001844
"5053","Riedgrabe","Pool","Diptera",NA,2,3,2149,"intercept_trap",66948.0040001844
"5054","Riedgrabe","Pool","Diptera",NA,2,3,2149,"intercept_trap",66948.0040001844
"5055","Riedgrabe","Pool","Diptera",NA,2,3,2149,"intercept_trap",66948.0040001844
"5056","Riedgrabe","Pool","Diptera",NA,2,3,2149,"intercept_trap",66948.0040001844
"5057","Riedgrabe","Pool","Diptera",NA,2,3,2149,"intercept_trap",66948.0040001844
"5058","Riedgrabe","Pool","Diptera",NA,2,3,2149,"intercept_trap",66948.0040001844
"5059","Riedgrabe","Pool","Diptera",NA,2,3,2149,"intercept_trap",66948.0040001844
"5060","Riedgrabe","Pool","Diptera",NA,2,3,2149,"intercept_trap",66948.0040001844
"5061","Riedgrabe","Pool","Diptera",NA,2,3,2149,"intercept_trap",66948.0040001844
"5062","Riedgrabe","Pool","Diptera",NA,2,3,2149,"intercept_trap",66948.0040001844
"5063","Riedgrabe","Pool","Diptera",NA,2,3,2149,"intercept_trap",66948.0040001844
"5064","Riedgrabe","Pool","Diptera",NA,2,3,2149,"intercept_trap",66948.0040001844
"5065","Riedgrabe","Pool","Diptera",NA,2,3,2149,"intercept_trap",66948.0040001844
"5066","Riedgrabe","Pool","Diptera",NA,2,3,2149,"intercept_trap",66948.0040001844
"5067","Riedgrabe","Pool","Diptera",NA,3,3,2149,"intercept_trap",66948.0040001844
"5068","Riedgrabe","Pool","Diptera",NA,3,3,2149,"intercept_trap",66948.0040001844
"5069","Riedgrabe","Pool","Diptera",NA,4,3,2149,"intercept_trap",66948.0040001844
"5070","Riedgrabe","Pool","Diptera",NA,4,3,2149,"intercept_trap",66948.0040001844
"5071","Riedgrabe","Pool","Diptera",NA,4,3,2149,"intercept_trap",66948.0040001844
"5072","Riedgrabe","Pool","Diptera",NA,4,3,2149,"intercept_trap",66948.0040001844
"5073","Riedgrabe","Pool","Diptera",NA,5,3,2149,"intercept_trap",66948.0040001844
"5074","Riedgrabe","Pool","Diptera",NA,5,3,2149,"intercept_trap",66948.0040001844
"5075","Riedgrabe","Pool","Diptera",NA,5,3,2149,"intercept_trap",66948.0040001844
"5076","Riedgrabe","Pool","Diptera",NA,6,3,2149,"intercept_trap",66948.0040001844
"5077","Riedgrabe","Pool","Hemiptera",NA,2,3,2149,"intercept_trap",66948.0040001844
"5078","Riedgrabe","Pool","Hemiptera",NA,2,3,2149,"intercept_trap",66948.0040001844
"5079","Riedgrabe","Pool","Hemiptera",NA,3,3,2149,"intercept_trap",66948.0040001844
"5080","Riedgrabe","Pool","Hemiptera",NA,3,3,2149,"intercept_trap",66948.0040001844
"5081","Riedgrabe","Pool","Hemiptera",NA,3,3,2149,"intercept_trap",66948.0040001844
"5082","Riedgrabe","Pool","Hemiptera",NA,3,3,2149,"intercept_trap",66948.0040001844
"5083","Riedgrabe","Pool","Hemiptera",NA,7,3,2149,"intercept_trap",66948.0040001844
"5084","Riedgrabe","Pool","Hemiptera",NA,9,3,2149,"intercept_trap",66948.0040001844
"5085","Riedgrabe","Pool","Hymenoptera",NA,1,3,2149,"intercept_trap",66948.0040001844
"5086","Riedgrabe","Pool","Hymenoptera",NA,1,3,2149,"intercept_trap",66948.0040001844
"5087","Riedgrabe","Pool","Hymenoptera",NA,1,3,2149,"intercept_trap",66948.0040001844
"5088","Riedgrabe","Pool","Hymenoptera",NA,1,3,2149,"intercept_trap",66948.0040001844
"5089","Riedgrabe","Pool","Hymenoptera",NA,1,3,2149,"intercept_trap",66948.0040001844
"5090","Riedgrabe","Pool","Hymenoptera",NA,1,3,2149,"intercept_trap",66948.0040001844
"5091","Riedgrabe","Pool","Hymenoptera",NA,2,3,2149,"intercept_trap",66948.0040001844
"5092","Riedgrabe","Pool","Hymenoptera",NA,2,3,2149,"intercept_trap",66948.0040001844
"5093","Riedgrabe","Pool","Hymenoptera",NA,2,3,2149,"intercept_trap",66948.0040001844
"5094","Riedgrabe","Pool","Hymenoptera",NA,2,3,2149,"intercept_trap",66948.0040001844
"5095","Riedgrabe","Pool","Lepidoptera",NA,5,3,2149,"intercept_trap",66948.0040001844
"5096","Riedgrabe","Pool","Psocoptera",NA,2,3,2149,"intercept_trap",66948.0040001844
"5097","Riedgrabe","Pool","Psocoptera",NA,2,3,2149,"intercept_trap",66948.0040001844
"5098","Riedgrabe","Pool","Psocoptera",NA,2,3,2149,"intercept_trap",66948.0040001844
"5099","Riedgrabe","Pool","Trichoptera",NA,12,3,2149,"intercept_trap",66948.0040001844
"5100","Riedgrabe","Control","Araneae",NA,1,3,2149,"intercept_trap",66948.0040001844
"5101","Riedgrabe","Control","Araneae",NA,2,3,2149,"intercept_trap",66948.0040001844
"5102","Riedgrabe","Control","Araneae",NA,3,3,2149,"intercept_trap",66948.0040001844
"5103","Riedgrabe","Control","Araneae",NA,4,3,2149,"intercept_trap",66948.0040001844
"5104","Riedgrabe","Control","Entomobryomorpha",NA,1,3,2149,"intercept_trap",66948.0040001844
"5105","Riedgrabe","Control","Entomobryomorpha",NA,2,3,2149,"intercept_trap",66948.0040001844
"5106","Riedgrabe","Control","Entomobryomorpha",NA,2,3,2149,"intercept_trap",66948.0040001844
"5107","Riedgrabe","Control","Entomobryomorpha",NA,2,3,2149,"intercept_trap",66948.0040001844
"5108","Riedgrabe","Control","Entomobryomorpha",NA,2,3,2149,"intercept_trap",66948.0040001844
"5109","Riedgrabe","Control","Entomobryomorpha",NA,2,3,2149,"intercept_trap",66948.0040001844
"5110","Riedgrabe","Control","Entomobryomorpha",NA,2,3,2149,"intercept_trap",66948.0040001844
"5111","Riedgrabe","Control","Entomobryomorpha",NA,2,3,2149,"intercept_trap",66948.0040001844
"5112","Riedgrabe","Control","Entomobryomorpha",NA,2,3,2149,"intercept_trap",66948.0040001844
"5113","Riedgrabe","Control","Entomobryomorpha",NA,2,3,2149,"intercept_trap",66948.0040001844
"5114","Riedgrabe","Control","Entomobryomorpha",NA,2,3,2149,"intercept_trap",66948.0040001844
"5115","Riedgrabe","Control","Entomobryomorpha",NA,2,3,2149,"intercept_trap",66948.0040001844
"5116","Riedgrabe","Control","Entomobryomorpha",NA,2,3,2149,"intercept_trap",66948.0040001844
"5117","Riedgrabe","Control","Entomobryomorpha",NA,2,3,2149,"intercept_trap",66948.0040001844
"5118","Riedgrabe","Control","Entomobryomorpha",NA,2,3,2149,"intercept_trap",66948.0040001844
"5119","Riedgrabe","Control","Entomobryomorpha",NA,2,3,2149,"intercept_trap",66948.0040001844
"5120","Riedgrabe","Control","Entomobryomorpha",NA,2,3,2149,"intercept_trap",66948.0040001844
"5121","Riedgrabe","Control","Coleoptera","Curculionidae",1,3,2149,"intercept_trap",66948.0040001844
"5122","Riedgrabe","Control","Coleoptera","Curculionidae",2,3,2149,"intercept_trap",66948.0040001844
"5123","Riedgrabe","Control","Coleoptera","Curculionidae",2,3,2149,"intercept_trap",66948.0040001844
"5124","Riedgrabe","Control","Coleoptera","Curculionidae",2,3,2149,"intercept_trap",66948.0040001844
"5125","Riedgrabe","Control","Coleoptera","Curculionidae",2,3,2149,"intercept_trap",66948.0040001844
"5126","Riedgrabe","Control","Coleoptera","Curculionidae",2,3,2149,"intercept_trap",66948.0040001844
"5127","Riedgrabe","Control","Coleoptera","Curculionidae",2,3,2149,"intercept_trap",66948.0040001844
"5128","Riedgrabe","Control","Coleoptera","Curculionidae",2,3,2149,"intercept_trap",66948.0040001844
"5129","Riedgrabe","Control","Coleoptera","Curculionidae",2,3,2149,"intercept_trap",66948.0040001844
"5130","Riedgrabe","Control","Coleoptera","Curculionidae",2,3,2149,"intercept_trap",66948.0040001844
"5131","Riedgrabe","Control","Coleoptera","Curculionidae",2,3,2149,"intercept_trap",66948.0040001844
"5132","Riedgrabe","Control","Coleoptera","Curculionidae",2,3,2149,"intercept_trap",66948.0040001844
"5133","Riedgrabe","Control","Coleoptera","Curculionidae",3,3,2149,"intercept_trap",66948.0040001844
"5134","Riedgrabe","Control","Coleoptera","Latridiidae",2,3,2149,"intercept_trap",66948.0040001844
"5135","Riedgrabe","Control","Coleoptera","Latridiidae",2,3,2149,"intercept_trap",66948.0040001844
"5136","Riedgrabe","Control","Coleoptera","Latridiidae",2,3,2149,"intercept_trap",66948.0040001844
"5137","Riedgrabe","Control","Coleoptera","Latridiidae",2,3,2149,"intercept_trap",66948.0040001844
"5138","Riedgrabe","Control","Coleoptera","Latridiidae",2,3,2149,"intercept_trap",66948.0040001844
"5139","Riedgrabe","Control","Coleoptera","Latridiidae",2,3,2149,"intercept_trap",66948.0040001844
"5140","Riedgrabe","Control","Coleoptera","Latridiidae",2,3,2149,"intercept_trap",66948.0040001844
"5141","Riedgrabe","Control","Coleoptera","Staphylinidae",10,3,2149,"intercept_trap",66948.0040001844
"5142","Riedgrabe","Control","Coleoptera","Staphylinidae",11,3,2149,"intercept_trap",66948.0040001844
"5143","Riedgrabe","Control","Coleoptera",NA,3,3,2149,"intercept_trap",66948.0040001844
"5144","Riedgrabe","Control","Dermaptera",NA,7,3,2149,"intercept_trap",66948.0040001844
"5145","Riedgrabe","Control","Dermaptera",NA,9,3,2149,"intercept_trap",66948.0040001844
"5146","Riedgrabe","Control","Diptera",NA,2,3,2149,"intercept_trap",66948.0040001844
"5147","Riedgrabe","Control","Diptera",NA,3,3,2149,"intercept_trap",66948.0040001844
"5148","Riedgrabe","Control","Diptera",NA,5,3,2149,"intercept_trap",66948.0040001844
"5149","Riedgrabe","Control","Diptera",NA,6,3,2149,"intercept_trap",66948.0040001844
"5150","Riedgrabe","Control","Diptera",NA,8,3,2149,"intercept_trap",66948.0040001844
"5151","Riedgrabe","Control","Diptera",NA,8,3,2149,"intercept_trap",66948.0040001844
"5152","Riedgrabe","Control","Diptera",NA,8,3,2149,"intercept_trap",66948.0040001844
"5153","Riedgrabe","Control","Diptera",NA,8,3,2149,"intercept_trap",66948.0040001844
"5154","Riedgrabe","Control","Diptera",NA,8,3,2149,"intercept_trap",66948.0040001844
"5155","Riedgrabe","Control","Diptera",NA,9,3,2149,"intercept_trap",66948.0040001844
"5156","Riedgrabe","Control","Diptera",NA,1,3,2149,"intercept_trap",66948.0040001844
"5157","Riedgrabe","Control","Diptera",NA,1,3,2149,"intercept_trap",66948.0040001844
"5158","Riedgrabe","Control","Diptera",NA,1,3,2149,"intercept_trap",66948.0040001844
"5159","Riedgrabe","Control","Diptera",NA,1,3,2149,"intercept_trap",66948.0040001844
"5160","Riedgrabe","Control","Diptera",NA,1,3,2149,"intercept_trap",66948.0040001844
"5161","Riedgrabe","Control","Diptera",NA,1,3,2149,"intercept_trap",66948.0040001844
"5162","Riedgrabe","Control","Diptera",NA,1,3,2149,"intercept_trap",66948.0040001844
"5163","Riedgrabe","Control","Diptera",NA,1,3,2149,"intercept_trap",66948.0040001844
"5164","Riedgrabe","Control","Diptera",NA,1,3,2149,"intercept_trap",66948.0040001844
"5165","Riedgrabe","Control","Diptera",NA,1,3,2149,"intercept_trap",66948.0040001844
"5166","Riedgrabe","Control","Diptera",NA,2,3,2149,"intercept_trap",66948.0040001844
"5167","Riedgrabe","Control","Diptera",NA,2,3,2149,"intercept_trap",66948.0040001844
"5168","Riedgrabe","Control","Diptera",NA,2,3,2149,"intercept_trap",66948.0040001844
"5169","Riedgrabe","Control","Diptera",NA,2,3,2149,"intercept_trap",66948.0040001844
"5170","Riedgrabe","Control","Diptera",NA,2,3,2149,"intercept_trap",66948.0040001844
"5171","Riedgrabe","Control","Diptera",NA,2,3,2149,"intercept_trap",66948.0040001844
"5172","Riedgrabe","Control","Diptera",NA,2,3,2149,"intercept_trap",66948.0040001844
"5173","Riedgrabe","Control","Diptera",NA,2,3,2149,"intercept_trap",66948.0040001844
"5174","Riedgrabe","Control","Diptera",NA,2,3,2149,"intercept_trap",66948.0040001844
"5175","Riedgrabe","Control","Diptera",NA,2,3,2149,"intercept_trap",66948.0040001844
"5176","Riedgrabe","Control","Diptera",NA,2,3,2149,"intercept_trap",66948.0040001844
"5177","Riedgrabe","Control","Diptera",NA,2,3,2149,"intercept_trap",66948.0040001844
"5178","Riedgrabe","Control","Diptera",NA,2,3,2149,"intercept_trap",66948.0040001844
"5179","Riedgrabe","Control","Diptera",NA,2,3,2149,"intercept_trap",66948.0040001844
"5180","Riedgrabe","Control","Diptera",NA,2,3,2149,"intercept_trap",66948.0040001844
"5181","Riedgrabe","Control","Diptera",NA,2,3,2149,"intercept_trap",66948.0040001844
"5182","Riedgrabe","Control","Diptera",NA,2,3,2149,"intercept_trap",66948.0040001844
"5183","Riedgrabe","Control","Diptera",NA,2,3,2149,"intercept_trap",66948.0040001844
"5184","Riedgrabe","Control","Diptera",NA,2,3,2149,"intercept_trap",66948.0040001844
"5185","Riedgrabe","Control","Diptera",NA,2,3,2149,"intercept_trap",66948.0040001844
"5186","Riedgrabe","Control","Diptera",NA,2,3,2149,"intercept_trap",66948.0040001844
"5187","Riedgrabe","Control","Diptera",NA,2,3,2149,"intercept_trap",66948.0040001844
"5188","Riedgrabe","Control","Diptera",NA,2,3,2149,"intercept_trap",66948.0040001844
"5189","Riedgrabe","Control","Diptera",NA,2,3,2149,"intercept_trap",66948.0040001844
"5190","Riedgrabe","Control","Diptera",NA,3,3,2149,"intercept_trap",66948.0040001844
"5191","Riedgrabe","Control","Diptera",NA,3,3,2149,"intercept_trap",66948.0040001844
"5192","Riedgrabe","Control","Diptera",NA,3,3,2149,"intercept_trap",66948.0040001844
"5193","Riedgrabe","Control","Diptera",NA,3,3,2149,"intercept_trap",66948.0040001844
"5194","Riedgrabe","Control","Diptera",NA,3,3,2149,"intercept_trap",66948.0040001844
"5195","Riedgrabe","Control","Diptera",NA,3,3,2149,"intercept_trap",66948.0040001844
"5196","Riedgrabe","Control","Diptera",NA,3,3,2149,"intercept_trap",66948.0040001844
"5197","Riedgrabe","Control","Hymenoptera",NA,1,3,2149,"intercept_trap",66948.0040001844
"5198","Riedgrabe","Control","Hymenoptera",NA,2,3,2149,"intercept_trap",66948.0040001844
"5199","Riedgrabe","Control","Hymenoptera",NA,8,3,2149,"intercept_trap",66948.0040001844
"5200","Riedgrabe","Control","Hymenoptera",NA,10,3,2149,"intercept_trap",66948.0040001844
"5201","Riedgrabe","Control","Hymenoptera",NA,12,3,2149,"intercept_trap",66948.0040001844
"5202","Riedgrabe","Control","Hymenoptera",NA,12,3,2149,"intercept_trap",66948.0040001844
"5203","Riedgrabe","Control","Lepidoptera",NA,3,3,2149,"intercept_trap",66948.0040001844
"5204","Riedgrabe","Control","Lepidoptera",NA,8,3,2149,"intercept_trap",66948.0040001844
"5205","Riedgrabe","Control","Psocoptera",NA,1,3,2149,"intercept_trap",66948.0040001844
"5206","Riedgrabe","Control","Psocoptera",NA,1,3,2149,"intercept_trap",66948.0040001844
"5207","Riedgrabe","Control","Psocoptera",NA,1,3,2149,"intercept_trap",66948.0040001844
"5208","Riedgrabe","Control","Psocoptera",NA,2,3,2149,"intercept_trap",66948.0040001844
"5209","Riedgrabe","Control","Psocoptera",NA,2,3,2149,"intercept_trap",66948.0040001844
"5210","Riedgrabe","Control","Trichoptera",NA,8,3,2149,"intercept_trap",66948.0040001844
"5211","Riedgrabe","Control","Isopoda",NA,5,3,2149,"intercept_trap",66948.0040001844
"5212","Riedgrabe","Pool","Araneae",NA,1,3,2149,"intercept_trap",66948.0040001844
"5213","Riedgrabe","Pool","Araneae",NA,1,3,2149,"intercept_trap",66948.0040001844
"5214","Riedgrabe","Pool","Araneae",NA,2,3,2149,"intercept_trap",66948.0040001844
"5215","Riedgrabe","Pool","Araneae",NA,6,3,2149,"intercept_trap",66948.0040001844
"5216","Riedgrabe","Pool","Araneae",NA,7,3,2149,"intercept_trap",66948.0040001844
"5217","Riedgrabe","Pool","Coleoptera","Haliplidae",3,3,2149,"intercept_trap",66948.0040001844
"5218","Riedgrabe","Pool","Coleoptera","Curculionidae",2,3,2149,"intercept_trap",66948.0040001844
"5219","Riedgrabe","Pool","Coleoptera","Curculionidae",2,3,2149,"intercept_trap",66948.0040001844
"5220","Riedgrabe","Pool","Coleoptera","Curculionidae",2,3,2149,"intercept_trap",66948.0040001844
"5221","Riedgrabe","Pool","Coleoptera","Curculionidae",2,3,2149,"intercept_trap",66948.0040001844
"5222","Riedgrabe","Pool","Coleoptera","Curculionidae",2,3,2149,"intercept_trap",66948.0040001844
"5223","Riedgrabe","Pool","Coleoptera","Curculionidae",2,3,2149,"intercept_trap",66948.0040001844
"5224","Riedgrabe","Pool","Coleoptera","Curculionidae",2,3,2149,"intercept_trap",66948.0040001844
"5225","Riedgrabe","Pool","Coleoptera","Curculionidae",2,3,2149,"intercept_trap",66948.0040001844
"5226","Riedgrabe","Pool","Coleoptera","Curculionidae",2,3,2149,"intercept_trap",66948.0040001844
"5227","Riedgrabe","Pool","Coleoptera","Curculionidae",2,3,2149,"intercept_trap",66948.0040001844
"5228","Riedgrabe","Pool","Coleoptera","Curculionidae",2,3,2149,"intercept_trap",66948.0040001844
"5229","Riedgrabe","Pool","Coleoptera","Curculionidae",2,3,2149,"intercept_trap",66948.0040001844
"5230","Riedgrabe","Pool","Coleoptera","Curculionidae",2,3,2149,"intercept_trap",66948.0040001844
"5231","Riedgrabe","Pool","Coleoptera","Curculionidae",2,3,2149,"intercept_trap",66948.0040001844
"5232","Riedgrabe","Pool","Coleoptera","Curculionidae",2,3,2149,"intercept_trap",66948.0040001844
"5233","Riedgrabe","Pool","Coleoptera","Curculionidae",2,3,2149,"intercept_trap",66948.0040001844
"5234","Riedgrabe","Pool","Coleoptera","Curculionidae",2,3,2149,"intercept_trap",66948.0040001844
"5235","Riedgrabe","Pool","Coleoptera","Curculionidae",2,3,2149,"intercept_trap",66948.0040001844
"5236","Riedgrabe","Pool","Coleoptera","Curculionidae",2,3,2149,"intercept_trap",66948.0040001844
"5237","Riedgrabe","Pool","Coleoptera","Curculionidae",2,3,2149,"intercept_trap",66948.0040001844
"5238","Riedgrabe","Pool","Coleoptera","Curculionidae",2,3,2149,"intercept_trap",66948.0040001844
"5239","Riedgrabe","Pool","Coleoptera","Curculionidae",2,3,2149,"intercept_trap",66948.0040001844
"5240","Riedgrabe","Pool","Coleoptera","Curculionidae",2,3,2149,"intercept_trap",66948.0040001844
"5241","Riedgrabe","Pool","Coleoptera","Curculionidae",2,3,2149,"intercept_trap",66948.0040001844
"5242","Riedgrabe","Pool","Coleoptera","Curculionidae",2,3,2149,"intercept_trap",66948.0040001844
"5243","Riedgrabe","Pool","Coleoptera","Coccinellidae",2,3,2149,"intercept_trap",66948.0040001844
"5244","Riedgrabe","Pool","Coleoptera","Coccinellidae",4,3,2149,"intercept_trap",66948.0040001844
"5245","Riedgrabe","Pool","Coleoptera","Coccinellidae",6,3,2149,"intercept_trap",66948.0040001844
"5246","Riedgrabe","Pool","Coleoptera","Hydrophilidae",17,3,2149,"intercept_trap",66948.0040001844
"5247","Riedgrabe","Pool","Coleoptera","Phalacridae",2,3,2149,"intercept_trap",66948.0040001844
"5248","Riedgrabe","Pool","Coleoptera","Staphylinidae",2,3,2149,"intercept_trap",66948.0040001844
"5249","Riedgrabe","Pool","Coleoptera","Staphylinidae",3,3,2149,"intercept_trap",66948.0040001844
"5250","Riedgrabe","Pool","Coleoptera","Staphylinidae",4,3,2149,"intercept_trap",66948.0040001844
"5251","Riedgrabe","Pool","Coleoptera","Staphylinidae",5,3,2149,"intercept_trap",66948.0040001844
"5252","Riedgrabe","Pool","Coleoptera",NA,2,3,2149,"intercept_trap",66948.0040001844
"5253","Riedgrabe","Pool","Diptera",NA,2,3,2149,"intercept_trap",66948.0040001844
"5254","Riedgrabe","Pool","Diptera",NA,7,3,2149,"intercept_trap",66948.0040001844
"5255","Riedgrabe","Pool","Diptera",NA,7,3,2149,"intercept_trap",66948.0040001844
"5256","Riedgrabe","Pool","Diptera",NA,8,3,2149,"intercept_trap",66948.0040001844
"5257","Riedgrabe","Pool","Diptera",NA,8,3,2149,"intercept_trap",66948.0040001844
"5258","Riedgrabe","Pool","Diptera",NA,10,3,2149,"intercept_trap",66948.0040001844
"5259","Riedgrabe","Pool","Diptera",NA,1,3,2149,"intercept_trap",66948.0040001844
"5260","Riedgrabe","Pool","Diptera",NA,1,3,2149,"intercept_trap",66948.0040001844
"5261","Riedgrabe","Pool","Diptera",NA,1,3,2149,"intercept_trap",66948.0040001844
"5262","Riedgrabe","Pool","Diptera",NA,1,3,2149,"intercept_trap",66948.0040001844
"5263","Riedgrabe","Pool","Diptera",NA,1,3,2149,"intercept_trap",66948.0040001844
"5264","Riedgrabe","Pool","Diptera",NA,1,3,2149,"intercept_trap",66948.0040001844
"5265","Riedgrabe","Pool","Diptera",NA,1,3,2149,"intercept_trap",66948.0040001844
"5266","Riedgrabe","Pool","Diptera",NA,2,3,2149,"intercept_trap",66948.0040001844
"5267","Riedgrabe","Pool","Diptera",NA,2,3,2149,"intercept_trap",66948.0040001844
"5268","Riedgrabe","Pool","Diptera",NA,2,3,2149,"intercept_trap",66948.0040001844
"5269","Riedgrabe","Pool","Diptera",NA,2,3,2149,"intercept_trap",66948.0040001844
"5270","Riedgrabe","Pool","Diptera",NA,2,3,2149,"intercept_trap",66948.0040001844
"5271","Riedgrabe","Pool","Diptera",NA,2,3,2149,"intercept_trap",66948.0040001844
"5272","Riedgrabe","Pool","Diptera",NA,2,3,2149,"intercept_trap",66948.0040001844
"5273","Riedgrabe","Pool","Diptera",NA,2,3,2149,"intercept_trap",66948.0040001844
"5274","Riedgrabe","Pool","Diptera",NA,2,3,2149,"intercept_trap",66948.0040001844
"5275","Riedgrabe","Pool","Diptera",NA,2,3,2149,"intercept_trap",66948.0040001844
"5276","Riedgrabe","Pool","Diptera",NA,2,3,2149,"intercept_trap",66948.0040001844
"5277","Riedgrabe","Pool","Diptera",NA,2,3,2149,"intercept_trap",66948.0040001844
"5278","Riedgrabe","Pool","Diptera",NA,2,3,2149,"intercept_trap",66948.0040001844
"5279","Riedgrabe","Pool","Diptera",NA,2,3,2149,"intercept_trap",66948.0040001844
"5280","Riedgrabe","Pool","Diptera",NA,2,3,2149,"intercept_trap",66948.0040001844
"5281","Riedgrabe","Pool","Diptera",NA,2,3,2149,"intercept_trap",66948.0040001844
"5282","Riedgrabe","Pool","Diptera",NA,2,3,2149,"intercept_trap",66948.0040001844
"5283","Riedgrabe","Pool","Diptera",NA,2,3,2149,"intercept_trap",66948.0040001844
"5284","Riedgrabe","Pool","Diptera",NA,2,3,2149,"intercept_trap",66948.0040001844
"5285","Riedgrabe","Pool","Diptera",NA,2,3,2149,"intercept_trap",66948.0040001844
"5286","Riedgrabe","Pool","Diptera",NA,2,3,2149,"intercept_trap",66948.0040001844
"5287","Riedgrabe","Pool","Diptera",NA,2,3,2149,"intercept_trap",66948.0040001844
"5288","Riedgrabe","Pool","Diptera",NA,2,3,2149,"intercept_trap",66948.0040001844
"5289","Riedgrabe","Pool","Diptera",NA,2,3,2149,"intercept_trap",66948.0040001844
"5290","Riedgrabe","Pool","Diptera",NA,2,3,2149,"intercept_trap",66948.0040001844
"5291","Riedgrabe","Pool","Diptera",NA,2,3,2149,"intercept_trap",66948.0040001844
"5292","Riedgrabe","Pool","Diptera",NA,2,3,2149,"intercept_trap",66948.0040001844
"5293","Riedgrabe","Pool","Diptera",NA,2,3,2149,"intercept_trap",66948.0040001844
"5294","Riedgrabe","Pool","Diptera",NA,2,3,2149,"intercept_trap",66948.0040001844
"5295","Riedgrabe","Pool","Diptera",NA,2,3,2149,"intercept_trap",66948.0040001844
"5296","Riedgrabe","Pool","Diptera",NA,2,3,2149,"intercept_trap",66948.0040001844
"5297","Riedgrabe","Pool","Diptera",NA,2,3,2149,"intercept_trap",66948.0040001844
"5298","Riedgrabe","Pool","Diptera",NA,2,3,2149,"intercept_trap",66948.0040001844
"5299","Riedgrabe","Pool","Diptera",NA,5,3,2149,"intercept_trap",66948.0040001844
"5300","Riedgrabe","Pool","Diptera",NA,6,3,2149,"intercept_trap",66948.0040001844
"5301","Riedgrabe","Pool","Diptera",NA,6,3,2149,"intercept_trap",66948.0040001844
"5302","Riedgrabe","Pool","Diptera",NA,6,3,2149,"intercept_trap",66948.0040001844
"5303","Riedgrabe","Pool","Diptera",NA,7,3,2149,"intercept_trap",66948.0040001844
"5304","Riedgrabe","Pool","Hemiptera","Notonectidae",14,3,2149,"intercept_trap",66948.0040001844
"5305","Riedgrabe","Pool","Hemiptera","Notonectidae",15,3,2149,"intercept_trap",66948.0040001844
"5306","Riedgrabe","Pool","Hemiptera","Notonectidae",15,3,2149,"intercept_trap",66948.0040001844
"5307","Riedgrabe","Pool","Hemiptera","Notonectidae",15,3,2149,"intercept_trap",66948.0040001844
"5308","Riedgrabe","Pool","Hemiptera","Notonectidae",17,3,2149,"intercept_trap",66948.0040001844
"5309","Riedgrabe","Pool","Hemiptera",NA,2,3,2149,"intercept_trap",66948.0040001844
"5310","Riedgrabe","Pool","Hemiptera","Aphidoidea",1,3,2149,"intercept_trap",66948.0040001844
"5311","Riedgrabe","Pool","Hemiptera","Aphidoidea",1,3,2149,"intercept_trap",66948.0040001844
"5312","Riedgrabe","Pool","Hemiptera","Aphidoidea",1,3,2149,"intercept_trap",66948.0040001844
"5313","Riedgrabe","Pool","Hemiptera","Aphidoidea",1,3,2149,"intercept_trap",66948.0040001844
"5314","Riedgrabe","Pool","Hemiptera","Aphidoidea",1,3,2149,"intercept_trap",66948.0040001844
"5315","Riedgrabe","Pool","Hemiptera","Aphidoidea",1,3,2149,"intercept_trap",66948.0040001844
"5316","Riedgrabe","Pool","Hymenoptera","Formicidae",3,3,2149,"intercept_trap",66948.0040001844
"5317","Riedgrabe","Pool","Hymenoptera","Formicidae",3,3,2149,"intercept_trap",66948.0040001844
"5318","Riedgrabe","Pool","Hymenoptera","Formicidae",4,3,2149,"intercept_trap",66948.0040001844
"5319","Riedgrabe","Pool","Hymenoptera","Formicidae",4,3,2149,"intercept_trap",66948.0040001844
"5320","Riedgrabe","Pool","Hymenoptera","Formicidae",4,3,2149,"intercept_trap",66948.0040001844
"5321","Riedgrabe","Pool","Hymenoptera","Formicidae",5,3,2149,"intercept_trap",66948.0040001844
"5322","Riedgrabe","Pool","Hymenoptera","Vespidae",12,3,2149,"intercept_trap",66948.0040001844
"5323","Riedgrabe","Pool","Hymenoptera","Vespidae",13,3,2149,"intercept_trap",66948.0040001844
"5324","Riedgrabe","Pool","Hymenoptera",NA,1,3,2149,"intercept_trap",66948.0040001844
"5325","Riedgrabe","Pool","Hymenoptera",NA,1,3,2149,"intercept_trap",66948.0040001844
"5326","Riedgrabe","Pool","Hymenoptera",NA,1,3,2149,"intercept_trap",66948.0040001844
"5327","Riedgrabe","Pool","Hymenoptera",NA,1,3,2149,"intercept_trap",66948.0040001844
"5328","Riedgrabe","Pool","Hymenoptera",NA,1,3,2149,"intercept_trap",66948.0040001844
"5329","Riedgrabe","Pool","Hymenoptera",NA,1,3,2149,"intercept_trap",66948.0040001844
"5330","Riedgrabe","Pool","Hymenoptera",NA,7,3,2149,"intercept_trap",66948.0040001844
"5331","Riedgrabe","Pool","Hymenoptera",NA,12,3,2149,"intercept_trap",66948.0040001844
"5332","Riedgrabe","Pool","Lepidoptera",NA,7,3,2149,"intercept_trap",66948.0040001844
"5333","Riedgrabe","Pool","Lepidoptera",NA,17,3,2149,"intercept_trap",66948.0040001844
"5334","Riedgrabe","Pool","Lepidoptera",NA,20,3,2149,"intercept_trap",66948.0040001844
"5335","Riedgrabe","Pool","Psocoptera",NA,1,3,2149,"intercept_trap",66948.0040001844
"5336","Riedgrabe","Pool","Psocoptera",NA,2,3,2149,"intercept_trap",66948.0040001844
"5337","Talent","Control","Araneae",NA,2,1,855,"intercept_trap",922.037182943705
"5338","Talent","Control","Araneae",NA,3,1,855,"intercept_trap",922.037182943705
"5339","Talent","Control","Araneae",NA,3,1,855,"intercept_trap",922.037182943705
"5340","Talent","Control","Coleoptera","Chrysomelidae",2,1,855,"intercept_trap",922.037182943705
"5341","Talent","Control","Coleoptera","Chrysomelidae",2,1,855,"intercept_trap",922.037182943705
"5342","Talent","Control","Coleoptera","Elmidae",3,1,855,"intercept_trap",922.037182943705
"5343","Talent","Control","Coleoptera","Staphylinidae",1,1,855,"intercept_trap",922.037182943705
"5344","Talent","Control","Coleoptera","Staphylinidae",2,1,855,"intercept_trap",922.037182943705
"5345","Talent","Control","Coleoptera","Staphylinidae",3,1,855,"intercept_trap",922.037182943705
"5346","Talent","Control","Coleoptera","Staphylinidae",3,1,855,"intercept_trap",922.037182943705
"5347","Talent","Control","Coleoptera","Staphylinidae",4,1,855,"intercept_trap",922.037182943705
"5348","Talent","Control","Coleoptera",NA,2,1,855,"intercept_trap",922.037182943705
"5349","Talent","Control","Coleoptera",NA,2,1,855,"intercept_trap",922.037182943705
"5350","Talent","Control","Coleoptera",NA,2,1,855,"intercept_trap",922.037182943705
"5351","Talent","Control","Coleoptera",NA,2,1,855,"intercept_trap",922.037182943705
"5352","Talent","Control","Coleoptera",NA,2,1,855,"intercept_trap",922.037182943705
"5353","Talent","Control","Coleoptera",NA,2,1,855,"intercept_trap",922.037182943705
"5354","Talent","Control","Coleoptera",NA,2,1,855,"intercept_trap",922.037182943705
"5355","Talent","Control","Coleoptera",NA,2,1,855,"intercept_trap",922.037182943705
"5356","Talent","Control","Coleoptera",NA,2,1,855,"intercept_trap",922.037182943705
"5357","Talent","Control","Coleoptera",NA,2,1,855,"intercept_trap",922.037182943705
"5358","Talent","Control","Coleoptera",NA,2,1,855,"intercept_trap",922.037182943705
"5359","Talent","Control","Coleoptera",NA,2,1,855,"intercept_trap",922.037182943705
"5360","Talent","Control","Coleoptera",NA,2,1,855,"intercept_trap",922.037182943705
"5361","Talent","Control","Coleoptera",NA,2,1,855,"intercept_trap",922.037182943705
"5362","Talent","Control","Coleoptera",NA,3,1,855,"intercept_trap",922.037182943705
"5363","Talent","Control","Coleoptera",NA,3,1,855,"intercept_trap",922.037182943705
"5364","Talent","Control","Coleoptera",NA,3,1,855,"intercept_trap",922.037182943705
"5365","Talent","Control","Coleoptera",NA,9,1,855,"intercept_trap",922.037182943705
"5366","Talent","Control","Diptera",NA,1,1,855,"intercept_trap",922.037182943705
"5367","Talent","Control","Diptera",NA,1,1,855,"intercept_trap",922.037182943705
"5368","Talent","Control","Diptera",NA,1,1,855,"intercept_trap",922.037182943705
"5369","Talent","Control","Diptera",NA,1,1,855,"intercept_trap",922.037182943705
"5370","Talent","Control","Diptera",NA,2,1,855,"intercept_trap",922.037182943705
"5371","Talent","Control","Diptera",NA,4,1,855,"intercept_trap",922.037182943705
"5372","Talent","Control","Diptera",NA,4,1,855,"intercept_trap",922.037182943705
"5373","Talent","Control","Diptera",NA,5,1,855,"intercept_trap",922.037182943705
"5374","Talent","Control","Diptera",NA,6,1,855,"intercept_trap",922.037182943705
"5375","Talent","Control","Diptera",NA,6,1,855,"intercept_trap",922.037182943705
"5376","Talent","Control","Diptera",NA,6,1,855,"intercept_trap",922.037182943705
"5377","Talent","Control","Diptera",NA,6,1,855,"intercept_trap",922.037182943705
"5378","Talent","Control","Diptera",NA,6,1,855,"intercept_trap",922.037182943705
"5379","Talent","Control","Diptera",NA,6,1,855,"intercept_trap",922.037182943705
"5380","Talent","Control","Diptera",NA,6,1,855,"intercept_trap",922.037182943705
"5381","Talent","Control","Diptera",NA,6,1,855,"intercept_trap",922.037182943705
"5382","Talent","Control","Diptera",NA,7,1,855,"intercept_trap",922.037182943705
"5383","Talent","Control","Diptera",NA,7,1,855,"intercept_trap",922.037182943705
"5384","Talent","Control","Diptera",NA,7,1,855,"intercept_trap",922.037182943705
"5385","Talent","Control","Diptera",NA,7,1,855,"intercept_trap",922.037182943705
"5386","Talent","Control","Diptera",NA,8,1,855,"intercept_trap",922.037182943705
"5387","Talent","Control","Diptera",NA,1,1,855,"intercept_trap",922.037182943705
"5388","Talent","Control","Diptera",NA,1,1,855,"intercept_trap",922.037182943705
"5389","Talent","Control","Diptera",NA,1,1,855,"intercept_trap",922.037182943705
"5390","Talent","Control","Diptera",NA,1,1,855,"intercept_trap",922.037182943705
"5391","Talent","Control","Diptera",NA,1,1,855,"intercept_trap",922.037182943705
"5392","Talent","Control","Diptera",NA,1,1,855,"intercept_trap",922.037182943705
"5393","Talent","Control","Diptera",NA,1,1,855,"intercept_trap",922.037182943705
"5394","Talent","Control","Diptera",NA,1,1,855,"intercept_trap",922.037182943705
"5395","Talent","Control","Diptera",NA,1,1,855,"intercept_trap",922.037182943705
"5396","Talent","Control","Diptera",NA,1,1,855,"intercept_trap",922.037182943705
"5397","Talent","Control","Diptera",NA,2,1,855,"intercept_trap",922.037182943705
"5398","Talent","Control","Diptera",NA,2,1,855,"intercept_trap",922.037182943705
"5399","Talent","Control","Diptera",NA,3,1,855,"intercept_trap",922.037182943705
"5400","Talent","Control","Diptera",NA,4,1,855,"intercept_trap",922.037182943705
"5401","Talent","Control","Diptera",NA,4,1,855,"intercept_trap",922.037182943705
"5402","Talent","Control","Diptera",NA,6,1,855,"intercept_trap",922.037182943705
"5403","Talent","Control","Diptera",NA,6,1,855,"intercept_trap",922.037182943705
"5404","Talent","Control","Diptera",NA,9,1,855,"intercept_trap",922.037182943705
"5405","Talent","Control","Diptera",NA,9,1,855,"intercept_trap",922.037182943705
"5406","Talent","Control","Ephemeroptera",NA,11,1,855,"intercept_trap",922.037182943705
"5407","Talent","Control","Hemiptera",NA,4,1,855,"intercept_trap",922.037182943705
"5408","Talent","Control","Hemiptera",NA,1,1,855,"intercept_trap",922.037182943705
"5409","Talent","Control","Hemiptera",NA,1,1,855,"intercept_trap",922.037182943705
"5410","Talent","Control","Hemiptera",NA,1,1,855,"intercept_trap",922.037182943705
"5411","Talent","Control","Hemiptera",NA,1,1,855,"intercept_trap",922.037182943705
"5412","Talent","Control","Hemiptera",NA,1,1,855,"intercept_trap",922.037182943705
"5413","Talent","Control","Hemiptera",NA,1,1,855,"intercept_trap",922.037182943705
"5414","Talent","Control","Hemiptera",NA,1,1,855,"intercept_trap",922.037182943705
"5415","Talent","Control","Hemiptera",NA,1,1,855,"intercept_trap",922.037182943705
"5416","Talent","Control","Hemiptera",NA,1,1,855,"intercept_trap",922.037182943705
"5417","Talent","Control","Hemiptera",NA,1,1,855,"intercept_trap",922.037182943705
"5418","Talent","Control","Hemiptera",NA,1,1,855,"intercept_trap",922.037182943705
"5419","Talent","Control","Hemiptera",NA,1,1,855,"intercept_trap",922.037182943705
"5420","Talent","Control","Hemiptera",NA,1,1,855,"intercept_trap",922.037182943705
"5421","Talent","Control","Hemiptera",NA,1,1,855,"intercept_trap",922.037182943705
"5422","Talent","Control","Hemiptera",NA,1,1,855,"intercept_trap",922.037182943705
"5423","Talent","Control","Hemiptera",NA,1,1,855,"intercept_trap",922.037182943705
"5424","Talent","Control","Hemiptera",NA,1,1,855,"intercept_trap",922.037182943705
"5425","Talent","Control","Hemiptera",NA,1,1,855,"intercept_trap",922.037182943705
"5426","Talent","Control","Hemiptera",NA,1,1,855,"intercept_trap",922.037182943705
"5427","Talent","Control","Hemiptera",NA,1,1,855,"intercept_trap",922.037182943705
"5428","Talent","Control","Hemiptera",NA,1,1,855,"intercept_trap",922.037182943705
"5429","Talent","Control","Hemiptera",NA,1,1,855,"intercept_trap",922.037182943705
"5430","Talent","Control","Hemiptera",NA,1,1,855,"intercept_trap",922.037182943705
"5431","Talent","Control","Hemiptera",NA,1,1,855,"intercept_trap",922.037182943705
"5432","Talent","Control","Hemiptera",NA,1,1,855,"intercept_trap",922.037182943705
"5433","Talent","Control","Hemiptera",NA,1,1,855,"intercept_trap",922.037182943705
"5434","Talent","Control","Hemiptera",NA,1,1,855,"intercept_trap",922.037182943705
"5435","Talent","Control","Hemiptera",NA,1,1,855,"intercept_trap",922.037182943705
"5436","Talent","Control","Hemiptera",NA,1,1,855,"intercept_trap",922.037182943705
"5437","Talent","Control","Hemiptera",NA,2,1,855,"intercept_trap",922.037182943705
"5438","Talent","Control","Hemiptera",NA,6,1,855,"intercept_trap",922.037182943705
"5439","Talent","Control","Hemiptera","Aphidoidea",2,1,855,"intercept_trap",922.037182943705
"5440","Talent","Control","Hymenoptera",NA,1,1,855,"intercept_trap",922.037182943705
"5441","Talent","Control","Hymenoptera",NA,1,1,855,"intercept_trap",922.037182943705
"5442","Talent","Control","Hymenoptera",NA,1,1,855,"intercept_trap",922.037182943705
"5443","Talent","Control","Hymenoptera",NA,2,1,855,"intercept_trap",922.037182943705
"5444","Talent","Control","Hymenoptera",NA,2,1,855,"intercept_trap",922.037182943705
"5445","Talent","Control","Lepidoptera",NA,2,1,855,"intercept_trap",922.037182943705
"5446","Talent","Control","Lepidoptera",NA,9,1,855,"intercept_trap",922.037182943705
"5447","Talent","Control","Lepidoptera",NA,15,1,855,"intercept_trap",922.037182943705
"5448","Talent","Control","Neuroptera",NA,5,1,855,"intercept_trap",922.037182943705
"5449","Talent","Control","Neuroptera",NA,16,1,855,"intercept_trap",922.037182943705
"5450","Talent","Control","Neuroptera",NA,18,1,855,"intercept_trap",922.037182943705
"5451","Talent","Control","Neuroptera",NA,18,1,855,"intercept_trap",922.037182943705
"5452","Talent","Control","Plecoptera",NA,6,1,855,"intercept_trap",922.037182943705
"5453","Talent","Control","Psocoptera",NA,1,1,855,"intercept_trap",922.037182943705
"5454","Talent","Control","Psocoptera",NA,2,1,855,"intercept_trap",922.037182943705
"5455","Talent","Control","Psocoptera",NA,2,1,855,"intercept_trap",922.037182943705
"5456","Talent","Control","Psocoptera",NA,2,1,855,"intercept_trap",922.037182943705
"5457","Talent","Control","Psocoptera",NA,3,1,855,"intercept_trap",922.037182943705
"5458","Talent","Control","Psocoptera",NA,3,1,855,"intercept_trap",922.037182943705
"5459","Talent","Control","Trichoptera",NA,4,1,855,"intercept_trap",922.037182943705
"5460","Talent","Control","Trichoptera",NA,5,1,855,"intercept_trap",922.037182943705
"5461","Talent","Control","Trichoptera",NA,6,1,855,"intercept_trap",922.037182943705
"5462","Talent","Control","Trichoptera",NA,7,1,855,"intercept_trap",922.037182943705
"5463","Talent","Control","Zygentoma",NA,6,1,855,"intercept_trap",922.037182943705
"5464","Talent","Control","Zygentoma",NA,7,1,855,"intercept_trap",922.037182943705
"5465","Talent","Pool","Araneae",NA,2,1,855,"intercept_trap",922.037182943705
"5466","Talent","Pool","Araneae",NA,5,1,855,"intercept_trap",922.037182943705
"5467","Talent","Pool","Araneae",NA,5,1,855,"intercept_trap",922.037182943705
"5468","Talent","Pool","Coleoptera","Latridiidae",3,1,855,"intercept_trap",922.037182943705
"5469","Talent","Pool","Coleoptera","Latridiidae",3,1,855,"intercept_trap",922.037182943705
"5470","Talent","Pool","Coleoptera","Latridiidae",3,1,855,"intercept_trap",922.037182943705
"5471","Talent","Pool","Coleoptera","Latridiidae",3,1,855,"intercept_trap",922.037182943705
"5472","Talent","Pool","Coleoptera","Latridiidae",3,1,855,"intercept_trap",922.037182943705
"5473","Talent","Pool","Coleoptera","Latridiidae",3,1,855,"intercept_trap",922.037182943705
"5474","Talent","Pool","Coleoptera","Staphylinidae",7,1,855,"intercept_trap",922.037182943705
"5475","Talent","Pool","Coleoptera",NA,2,1,855,"intercept_trap",922.037182943705
"5476","Talent","Pool","Coleoptera",NA,2,1,855,"intercept_trap",922.037182943705
"5477","Talent","Pool","Coleoptera",NA,4,1,855,"intercept_trap",922.037182943705
"5478","Talent","Pool","Coleoptera",NA,4,1,855,"intercept_trap",922.037182943705
"5479","Talent","Pool","Coleoptera",NA,4,1,855,"intercept_trap",922.037182943705
"5480","Talent","Pool","Coleoptera",NA,4,1,855,"intercept_trap",922.037182943705
"5481","Talent","Pool","Coleoptera",NA,7,1,855,"intercept_trap",922.037182943705
"5482","Talent","Pool","Coleoptera",NA,10,1,855,"intercept_trap",922.037182943705
"5483","Talent","Pool","Diptera",NA,2,1,855,"intercept_trap",922.037182943705
"5484","Talent","Pool","Diptera",NA,2,1,855,"intercept_trap",922.037182943705
"5485","Talent","Pool","Diptera",NA,3,1,855,"intercept_trap",922.037182943705
"5486","Talent","Pool","Diptera",NA,3,1,855,"intercept_trap",922.037182943705
"5487","Talent","Pool","Diptera",NA,3,1,855,"intercept_trap",922.037182943705
"5488","Talent","Pool","Diptera",NA,4,1,855,"intercept_trap",922.037182943705
"5489","Talent","Pool","Diptera",NA,4,1,855,"intercept_trap",922.037182943705
"5490","Talent","Pool","Diptera",NA,5,1,855,"intercept_trap",922.037182943705
"5491","Talent","Pool","Diptera",NA,5,1,855,"intercept_trap",922.037182943705
"5492","Talent","Pool","Diptera",NA,6,1,855,"intercept_trap",922.037182943705
"5493","Talent","Pool","Diptera",NA,6,1,855,"intercept_trap",922.037182943705
"5494","Talent","Pool","Diptera",NA,6,1,855,"intercept_trap",922.037182943705
"5495","Talent","Pool","Diptera",NA,6,1,855,"intercept_trap",922.037182943705
"5496","Talent","Pool","Diptera",NA,7,1,855,"intercept_trap",922.037182943705
"5497","Talent","Pool","Diptera",NA,7,1,855,"intercept_trap",922.037182943705
"5498","Talent","Pool","Diptera",NA,7,1,855,"intercept_trap",922.037182943705
"5499","Talent","Pool","Diptera",NA,7,1,855,"intercept_trap",922.037182943705
"5500","Talent","Pool","Diptera",NA,7,1,855,"intercept_trap",922.037182943705
"5501","Talent","Pool","Diptera",NA,7,1,855,"intercept_trap",922.037182943705
"5502","Talent","Pool","Diptera",NA,10,1,855,"intercept_trap",922.037182943705
"5503","Talent","Pool","Diptera",NA,11,1,855,"intercept_trap",922.037182943705
"5504","Talent","Pool","Diptera",NA,1,1,855,"intercept_trap",922.037182943705
"5505","Talent","Pool","Diptera",NA,2,1,855,"intercept_trap",922.037182943705
"5506","Talent","Pool","Diptera",NA,2,1,855,"intercept_trap",922.037182943705
"5507","Talent","Pool","Diptera",NA,2,1,855,"intercept_trap",922.037182943705
"5508","Talent","Pool","Diptera",NA,2,1,855,"intercept_trap",922.037182943705
"5509","Talent","Pool","Diptera",NA,2,1,855,"intercept_trap",922.037182943705
"5510","Talent","Pool","Diptera",NA,2,1,855,"intercept_trap",922.037182943705
"5511","Talent","Pool","Diptera",NA,3,1,855,"intercept_trap",922.037182943705
"5512","Talent","Pool","Diptera",NA,3,1,855,"intercept_trap",922.037182943705
"5513","Talent","Pool","Diptera",NA,3,1,855,"intercept_trap",922.037182943705
"5514","Talent","Pool","Diptera",NA,3,1,855,"intercept_trap",922.037182943705
"5515","Talent","Pool","Diptera",NA,3,1,855,"intercept_trap",922.037182943705
"5516","Talent","Pool","Diptera",NA,3,1,855,"intercept_trap",922.037182943705
"5517","Talent","Pool","Diptera",NA,3,1,855,"intercept_trap",922.037182943705
"5518","Talent","Pool","Diptera",NA,3,1,855,"intercept_trap",922.037182943705
"5519","Talent","Pool","Diptera",NA,3,1,855,"intercept_trap",922.037182943705
"5520","Talent","Pool","Diptera",NA,3,1,855,"intercept_trap",922.037182943705
"5521","Talent","Pool","Diptera",NA,3,1,855,"intercept_trap",922.037182943705
"5522","Talent","Pool","Diptera",NA,3,1,855,"intercept_trap",922.037182943705
"5523","Talent","Pool","Diptera",NA,3,1,855,"intercept_trap",922.037182943705
"5524","Talent","Pool","Diptera",NA,3,1,855,"intercept_trap",922.037182943705
"5525","Talent","Pool","Diptera",NA,3,1,855,"intercept_trap",922.037182943705
"5526","Talent","Pool","Diptera",NA,3,1,855,"intercept_trap",922.037182943705
"5527","Talent","Pool","Diptera",NA,3,1,855,"intercept_trap",922.037182943705
"5528","Talent","Pool","Diptera",NA,3,1,855,"intercept_trap",922.037182943705
"5529","Talent","Pool","Diptera",NA,3,1,855,"intercept_trap",922.037182943705
"5530","Talent","Pool","Diptera",NA,3,1,855,"intercept_trap",922.037182943705
"5531","Talent","Pool","Diptera",NA,3,1,855,"intercept_trap",922.037182943705
"5532","Talent","Pool","Diptera",NA,3,1,855,"intercept_trap",922.037182943705
"5533","Talent","Pool","Diptera",NA,4,1,855,"intercept_trap",922.037182943705
"5534","Talent","Pool","Diptera",NA,4,1,855,"intercept_trap",922.037182943705
"5535","Talent","Pool","Diptera",NA,4,1,855,"intercept_trap",922.037182943705
"5536","Talent","Pool","Diptera",NA,4,1,855,"intercept_trap",922.037182943705
"5537","Talent","Pool","Diptera",NA,4,1,855,"intercept_trap",922.037182943705
"5538","Talent","Pool","Diptera",NA,4,1,855,"intercept_trap",922.037182943705
"5539","Talent","Pool","Diptera",NA,4,1,855,"intercept_trap",922.037182943705
"5540","Talent","Pool","Diptera",NA,4,1,855,"intercept_trap",922.037182943705
"5541","Talent","Pool","Diptera",NA,4,1,855,"intercept_trap",922.037182943705
"5542","Talent","Pool","Diptera",NA,4,1,855,"intercept_trap",922.037182943705
"5543","Talent","Pool","Diptera",NA,4,1,855,"intercept_trap",922.037182943705
"5544","Talent","Pool","Diptera",NA,4,1,855,"intercept_trap",922.037182943705
"5545","Talent","Pool","Diptera",NA,4,1,855,"intercept_trap",922.037182943705
"5546","Talent","Pool","Diptera",NA,5,1,855,"intercept_trap",922.037182943705
"5547","Talent","Pool","Diptera",NA,5,1,855,"intercept_trap",922.037182943705
"5548","Talent","Pool","Diptera",NA,5,1,855,"intercept_trap",922.037182943705
"5549","Talent","Pool","Diptera",NA,5,1,855,"intercept_trap",922.037182943705
"5550","Talent","Pool","Diptera",NA,5,1,855,"intercept_trap",922.037182943705
"5551","Talent","Pool","Diptera",NA,5,1,855,"intercept_trap",922.037182943705
"5552","Talent","Pool","Diptera",NA,6,1,855,"intercept_trap",922.037182943705
"5553","Talent","Pool","Diptera",NA,6,1,855,"intercept_trap",922.037182943705
"5554","Talent","Pool","Diptera",NA,6,1,855,"intercept_trap",922.037182943705
"5555","Talent","Pool","Diptera",NA,6,1,855,"intercept_trap",922.037182943705
"5556","Talent","Pool","Diptera",NA,7,1,855,"intercept_trap",922.037182943705
"5557","Talent","Pool","Diptera",NA,7,1,855,"intercept_trap",922.037182943705
"5558","Talent","Pool","Diptera",NA,7,1,855,"intercept_trap",922.037182943705
"5559","Talent","Pool","Diptera",NA,7,1,855,"intercept_trap",922.037182943705
"5560","Talent","Pool","Diptera",NA,7,1,855,"intercept_trap",922.037182943705
"5561","Talent","Pool","Diptera",NA,9,1,855,"intercept_trap",922.037182943705
"5562","Talent","Pool","Diptera",NA,10,1,855,"intercept_trap",922.037182943705
"5563","Talent","Pool","Hymenoptera",NA,1,1,855,"intercept_trap",922.037182943705
"5564","Talent","Pool","Hymenoptera",NA,1,1,855,"intercept_trap",922.037182943705
"5565","Talent","Pool","Hymenoptera",NA,2,1,855,"intercept_trap",922.037182943705
"5566","Talent","Pool","Hymenoptera",NA,2,1,855,"intercept_trap",922.037182943705
"5567","Talent","Pool","Hymenoptera",NA,3,1,855,"intercept_trap",922.037182943705
"5568","Talent","Pool","Hymenoptera",NA,7,1,855,"intercept_trap",922.037182943705
"5569","Talent","Pool","Lepidoptera",NA,10,1,855,"intercept_trap",922.037182943705
"5570","Talent","Pool","Lepidoptera",NA,16,1,855,"intercept_trap",922.037182943705
"5571","Talent","Pool","Lepidoptera",NA,23,1,855,"intercept_trap",922.037182943705
"5572","Talent","Pool","Lepidoptera",NA,25,1,855,"intercept_trap",922.037182943705
"5573","Talent","Pool","Lepidoptera",NA,25,1,855,"intercept_trap",922.037182943705
"5574","Talent","Pool","Psocoptera",NA,2,1,855,"intercept_trap",922.037182943705
"5575","Talent","Pool","Psocoptera",NA,2,1,855,"intercept_trap",922.037182943705
"5576","Talent","Pool","Psocoptera",NA,2,1,855,"intercept_trap",922.037182943705
"5577","Talent","Pool","Psocoptera",NA,3,1,855,"intercept_trap",922.037182943705
"5578","Talent","Pool","Psocoptera",NA,3,1,855,"intercept_trap",922.037182943705
"5579","Talent","Pool","Thysanoptera",NA,1,1,855,"intercept_trap",922.037182943705
"5580","Talent","Control","Acari",NA,1,1,855,"intercept_trap",922.037182943705
"5581","Talent","Control","Acari",NA,1,1,855,"intercept_trap",922.037182943705
"5582","Talent","Control","Araneae",NA,1,1,855,"intercept_trap",922.037182943705
"5583","Talent","Control","Araneae",NA,1,1,855,"intercept_trap",922.037182943705
"5584","Talent","Control","Araneae",NA,1,1,855,"intercept_trap",922.037182943705
"5585","Talent","Control","Entomobryomorpha",NA,3,1,855,"intercept_trap",922.037182943705
"5586","Talent","Control","Coleoptera","Curculionidae",2,1,855,"intercept_trap",922.037182943705
"5587","Talent","Control","Coleoptera","Curculionidae",3,1,855,"intercept_trap",922.037182943705
"5588","Talent","Control","Coleoptera","Latridiidae",2,1,855,"intercept_trap",922.037182943705
"5589","Talent","Control","Coleoptera","Monotomidae",3,1,855,"intercept_trap",922.037182943705
"5590","Talent","Control","Coleoptera","Staphylinidae",2,1,855,"intercept_trap",922.037182943705
"5591","Talent","Control","Coleoptera","Staphylinidae",2,1,855,"intercept_trap",922.037182943705
"5592","Talent","Control","Coleoptera","Staphylinidae",2,1,855,"intercept_trap",922.037182943705
"5593","Talent","Control","Coleoptera","Staphylinidae",2,1,855,"intercept_trap",922.037182943705
"5594","Talent","Control","Coleoptera","Staphylinidae",2,1,855,"intercept_trap",922.037182943705
"5595","Talent","Control","Coleoptera","Staphylinidae",3,1,855,"intercept_trap",922.037182943705
"5596","Talent","Control","Coleoptera","Staphylinidae",3,1,855,"intercept_trap",922.037182943705
"5597","Talent","Control","Coleoptera","Staphylinidae",3,1,855,"intercept_trap",922.037182943705
"5598","Talent","Control","Coleoptera","Staphylinidae",3,1,855,"intercept_trap",922.037182943705
"5599","Talent","Control","Coleoptera","Staphylinidae",3,1,855,"intercept_trap",922.037182943705
"5600","Talent","Control","Coleoptera","Staphylinidae",3,1,855,"intercept_trap",922.037182943705
"5601","Talent","Control","Coleoptera","Staphylinidae",3,1,855,"intercept_trap",922.037182943705
"5602","Talent","Control","Coleoptera","Staphylinidae",3,1,855,"intercept_trap",922.037182943705
"5603","Talent","Control","Coleoptera","Staphylinidae",3,1,855,"intercept_trap",922.037182943705
"5604","Talent","Control","Coleoptera","Staphylinidae",3,1,855,"intercept_trap",922.037182943705
"5605","Talent","Control","Coleoptera","Staphylinidae",3,1,855,"intercept_trap",922.037182943705
"5606","Talent","Control","Coleoptera","Staphylinidae",11,1,855,"intercept_trap",922.037182943705
"5607","Talent","Control","Coleoptera","Staphylinidae",11,1,855,"intercept_trap",922.037182943705
"5608","Talent","Control","Dermaptera",NA,4,1,855,"intercept_trap",922.037182943705
"5609","Talent","Control","Diptera",NA,2,1,855,"intercept_trap",922.037182943705
"5610","Talent","Control","Diptera",NA,2,1,855,"intercept_trap",922.037182943705
"5611","Talent","Control","Diptera",NA,7,1,855,"intercept_trap",922.037182943705
"5612","Talent","Control","Diptera",NA,7,1,855,"intercept_trap",922.037182943705
"5613","Talent","Control","Diptera",NA,12,1,855,"intercept_trap",922.037182943705
"5614","Talent","Control","Diptera",NA,1,1,855,"intercept_trap",922.037182943705
"5615","Talent","Control","Diptera",NA,1,1,855,"intercept_trap",922.037182943705
"5616","Talent","Control","Diptera",NA,1,1,855,"intercept_trap",922.037182943705
"5617","Talent","Control","Diptera",NA,1,1,855,"intercept_trap",922.037182943705
"5618","Talent","Control","Diptera",NA,1,1,855,"intercept_trap",922.037182943705
"5619","Talent","Control","Diptera",NA,1,1,855,"intercept_trap",922.037182943705
"5620","Talent","Control","Diptera",NA,1,1,855,"intercept_trap",922.037182943705
"5621","Talent","Control","Diptera",NA,1,1,855,"intercept_trap",922.037182943705
"5622","Talent","Control","Diptera",NA,2,1,855,"intercept_trap",922.037182943705
"5623","Talent","Control","Diptera",NA,2,1,855,"intercept_trap",922.037182943705
"5624","Talent","Control","Diptera",NA,2,1,855,"intercept_trap",922.037182943705
"5625","Talent","Control","Diptera",NA,2,1,855,"intercept_trap",922.037182943705
"5626","Talent","Control","Diptera",NA,2,1,855,"intercept_trap",922.037182943705
"5627","Talent","Control","Diptera",NA,2,1,855,"intercept_trap",922.037182943705
"5628","Talent","Control","Diptera",NA,2,1,855,"intercept_trap",922.037182943705
"5629","Talent","Control","Diptera",NA,2,1,855,"intercept_trap",922.037182943705
"5630","Talent","Control","Diptera",NA,2,1,855,"intercept_trap",922.037182943705
"5631","Talent","Control","Diptera",NA,2,1,855,"intercept_trap",922.037182943705
"5632","Talent","Control","Diptera",NA,2,1,855,"intercept_trap",922.037182943705
"5633","Talent","Control","Diptera",NA,2,1,855,"intercept_trap",922.037182943705
"5634","Talent","Control","Diptera",NA,2,1,855,"intercept_trap",922.037182943705
"5635","Talent","Control","Diptera",NA,3,1,855,"intercept_trap",922.037182943705
"5636","Talent","Control","Diptera",NA,3,1,855,"intercept_trap",922.037182943705
"5637","Talent","Control","Diptera",NA,4,1,855,"intercept_trap",922.037182943705
"5638","Talent","Control","Diptera",NA,16,1,855,"intercept_trap",922.037182943705
"5639","Talent","Control","Diptera",NA,3,1,855,"intercept_trap",922.037182943705
"5640","Talent","Control","Hemiptera",NA,3,1,855,"intercept_trap",922.037182943705
"5641","Talent","Control","Hymenoptera",NA,1,1,855,"intercept_trap",922.037182943705
"5642","Talent","Control","Hymenoptera",NA,1,1,855,"intercept_trap",922.037182943705
"5643","Talent","Control","Hymenoptera",NA,1,1,855,"intercept_trap",922.037182943705
"5644","Talent","Control","Hymenoptera",NA,2,1,855,"intercept_trap",922.037182943705
"5645","Talent","Control","Lepidoptera",NA,23,1,855,"intercept_trap",922.037182943705
"5646","Talent","Control","Neuroptera",NA,5,1,855,"intercept_trap",922.037182943705
"5647","Talent","Control","Psocoptera",NA,1,1,855,"intercept_trap",922.037182943705
"5648","Talent","Control","Psocoptera",NA,1,1,855,"intercept_trap",922.037182943705
"5649","Talent","Control","Psocoptera",NA,1,1,855,"intercept_trap",922.037182943705
"5650","Talent","Control","Psocoptera",NA,2,1,855,"intercept_trap",922.037182943705
"5651","Talent","Control","Psocoptera",NA,2,1,855,"intercept_trap",922.037182943705
"5652","Talent","Control","Psocoptera",NA,2,1,855,"intercept_trap",922.037182943705
"5653","Talent","Control","Psocoptera",NA,2,1,855,"intercept_trap",922.037182943705
"5654","Talent","Pool","Araneae",NA,1,1,855,"intercept_trap",922.037182943705
"5655","Talent","Pool","Araneae",NA,2,1,855,"intercept_trap",922.037182943705
"5656","Talent","Pool","Araneae",NA,2,1,855,"intercept_trap",922.037182943705
"5657","Talent","Pool","Araneae",NA,3,1,855,"intercept_trap",922.037182943705
"5658","Talent","Pool","Araneae",NA,7,1,855,"intercept_trap",922.037182943705
"5659","Talent","Pool","Entomobryomorpha",NA,1,1,855,"intercept_trap",922.037182943705
"5660","Talent","Pool","Entomobryomorpha",NA,2,1,855,"intercept_trap",922.037182943705
"5661","Talent","Pool","Entomobryomorpha",NA,2,1,855,"intercept_trap",922.037182943705
"5662","Talent","Pool","Entomobryomorpha",NA,2,1,855,"intercept_trap",922.037182943705
"5663","Talent","Pool",NA,NA,6,1,855,"intercept_trap",922.037182943705
"5664","Talent","Pool","Coleoptera","Staphylinidae",3,1,855,"intercept_trap",922.037182943705
"5665","Talent","Pool","Diptera",NA,2,1,855,"intercept_trap",922.037182943705
"5666","Talent","Pool","Diptera",NA,4,1,855,"intercept_trap",922.037182943705
"5667","Talent","Pool","Diptera",NA,4,1,855,"intercept_trap",922.037182943705
"5668","Talent","Pool","Diptera",NA,6,1,855,"intercept_trap",922.037182943705
"5669","Talent","Pool","Diptera",NA,7,1,855,"intercept_trap",922.037182943705
"5670","Talent","Pool","Diptera",NA,7,1,855,"intercept_trap",922.037182943705
"5671","Talent","Pool","Diptera",NA,8,1,855,"intercept_trap",922.037182943705
"5672","Talent","Pool","Diptera",NA,8,1,855,"intercept_trap",922.037182943705
"5673","Talent","Pool","Diptera",NA,8,1,855,"intercept_trap",922.037182943705
"5674","Talent","Pool","Diptera",NA,9,1,855,"intercept_trap",922.037182943705
"5675","Talent","Pool","Diptera",NA,9,1,855,"intercept_trap",922.037182943705
"5676","Talent","Pool","Diptera",NA,1,1,855,"intercept_trap",922.037182943705
"5677","Talent","Pool","Diptera",NA,1,1,855,"intercept_trap",922.037182943705
"5678","Talent","Pool","Diptera",NA,1,1,855,"intercept_trap",922.037182943705
"5679","Talent","Pool","Diptera",NA,1,1,855,"intercept_trap",922.037182943705
"5680","Talent","Pool","Diptera",NA,1,1,855,"intercept_trap",922.037182943705
"5681","Talent","Pool","Diptera",NA,2,1,855,"intercept_trap",922.037182943705
"5682","Talent","Pool","Diptera",NA,2,1,855,"intercept_trap",922.037182943705
"5683","Talent","Pool","Diptera",NA,2,1,855,"intercept_trap",922.037182943705
"5684","Talent","Pool","Diptera",NA,2,1,855,"intercept_trap",922.037182943705
"5685","Talent","Pool","Diptera",NA,2,1,855,"intercept_trap",922.037182943705
"5686","Talent","Pool","Diptera",NA,2,1,855,"intercept_trap",922.037182943705
"5687","Talent","Pool","Diptera",NA,2,1,855,"intercept_trap",922.037182943705
"5688","Talent","Pool","Diptera",NA,2,1,855,"intercept_trap",922.037182943705
"5689","Talent","Pool","Diptera",NA,2,1,855,"intercept_trap",922.037182943705
"5690","Talent","Pool","Diptera",NA,3,1,855,"intercept_trap",922.037182943705
"5691","Talent","Pool","Diptera",NA,3,1,855,"intercept_trap",922.037182943705
"5692","Talent","Pool","Diptera",NA,3,1,855,"intercept_trap",922.037182943705
"5693","Talent","Pool","Diptera",NA,3,1,855,"intercept_trap",922.037182943705
"5694","Talent","Pool","Diptera",NA,3,1,855,"intercept_trap",922.037182943705
"5695","Talent","Pool","Diptera",NA,3,1,855,"intercept_trap",922.037182943705
"5696","Talent","Pool","Diptera",NA,3,1,855,"intercept_trap",922.037182943705
"5697","Talent","Pool","Diptera",NA,3,1,855,"intercept_trap",922.037182943705
"5698","Talent","Pool","Diptera",NA,3,1,855,"intercept_trap",922.037182943705
"5699","Talent","Pool","Diptera",NA,3,1,855,"intercept_trap",922.037182943705
"5700","Talent","Pool","Diptera",NA,3,1,855,"intercept_trap",922.037182943705
"5701","Talent","Pool","Diptera",NA,4,1,855,"intercept_trap",922.037182943705
"5702","Talent","Pool","Diptera",NA,4,1,855,"intercept_trap",922.037182943705
"5703","Talent","Pool","Diptera",NA,4,1,855,"intercept_trap",922.037182943705
"5704","Talent","Pool","Diptera",NA,5,1,855,"intercept_trap",922.037182943705
"5705","Talent","Pool","Diptera",NA,7,1,855,"intercept_trap",922.037182943705
"5706","Talent","Pool","Diptera",NA,7,1,855,"intercept_trap",922.037182943705
"5707","Talent","Pool","Diptera",NA,7,1,855,"intercept_trap",922.037182943705
"5708","Talent","Pool","Diptera",NA,7,1,855,"intercept_trap",922.037182943705
"5709","Talent","Pool","Diptera",NA,7,1,855,"intercept_trap",922.037182943705
"5710","Talent","Pool","Diptera",NA,7,1,855,"intercept_trap",922.037182943705
"5711","Talent","Pool","Diptera",NA,8,1,855,"intercept_trap",922.037182943705
"5712","Talent","Pool","Diptera",NA,8,1,855,"intercept_trap",922.037182943705
"5713","Talent","Pool","Diptera",NA,8,1,855,"intercept_trap",922.037182943705
"5714","Talent","Pool","Hemiptera",NA,3,1,855,"intercept_trap",922.037182943705
"5715","Talent","Pool","Hemiptera",NA,3,1,855,"intercept_trap",922.037182943705
"5716","Talent","Pool","Hemiptera",NA,3,1,855,"intercept_trap",922.037182943705
"5717","Talent","Pool","Hemiptera","Psylloidea",3,1,855,"intercept_trap",922.037182943705
"5718","Talent","Pool","Hymenoptera",NA,1,1,855,"intercept_trap",922.037182943705
"5719","Talent","Pool","Hymenoptera",NA,1,1,855,"intercept_trap",922.037182943705
"5720","Talent","Pool","Hymenoptera",NA,2,1,855,"intercept_trap",922.037182943705
"5721","Talent","Pool","Hymenoptera",NA,3,1,855,"intercept_trap",922.037182943705
"5722","Talent","Pool","Hymenoptera",NA,4,1,855,"intercept_trap",922.037182943705
"5723","Talent","Pool","Lepidoptera",NA,7,1,855,"intercept_trap",922.037182943705
"5724","Talent","Pool","Neuroptera",NA,5,1,855,"intercept_trap",922.037182943705
"5725","Talent","Pool","Psocoptera",NA,1,1,855,"intercept_trap",922.037182943705
"5726","Talent","Pool","Psocoptera",NA,1,1,855,"intercept_trap",922.037182943705
"5727","Talent","Pool","Psocoptera",NA,1,1,855,"intercept_trap",922.037182943705
"5728","Talent","Pool","Psocoptera",NA,1,1,855,"intercept_trap",922.037182943705
"5729","Talent","Pool","Psocoptera",NA,2,1,855,"intercept_trap",922.037182943705
"5730","Talent","Pool","Psocoptera",NA,2,1,855,"intercept_trap",922.037182943705
"5731","Weierbach","Control","Araneae",NA,1,2,1282,"intercept_trap",100688.788235785
"5732","Weierbach","Control","Araneae",NA,1,2,1282,"intercept_trap",100688.788235785
"5733","Weierbach","Control","Araneae",NA,1,2,1282,"intercept_trap",100688.788235785
"5734","Weierbach","Control","Araneae",NA,1,2,1282,"intercept_trap",100688.788235785
"5735","Weierbach","Control","Araneae",NA,2,2,1282,"intercept_trap",100688.788235785
"5736","Weierbach","Control","Araneae",NA,3,2,1282,"intercept_trap",100688.788235785
"5737","Weierbach","Control","Araneae",NA,5,2,1282,"intercept_trap",100688.788235785
"5738","Weierbach","Control","Araneae",NA,10,2,1282,"intercept_trap",100688.788235785
"5739","Weierbach","Control","Coleoptera","Curculionidae",2,2,1282,"intercept_trap",100688.788235785
"5740","Weierbach","Control","Coleoptera","Curculionidae",2,2,1282,"intercept_trap",100688.788235785
"5741","Weierbach","Control","Coleoptera","Curculionidae",2,2,1282,"intercept_trap",100688.788235785
"5742","Weierbach","Control","Coleoptera","Curculionidae",2,2,1282,"intercept_trap",100688.788235785
"5743","Weierbach","Control","Coleoptera","Curculionidae",2,2,1282,"intercept_trap",100688.788235785
"5744","Weierbach","Control","Coleoptera","Curculionidae",3,2,1282,"intercept_trap",100688.788235785
"5745","Weierbach","Control","Coleoptera","Curculionidae",3,2,1282,"intercept_trap",100688.788235785
"5746","Weierbach","Control","Coleoptera","Curculionidae",3,2,1282,"intercept_trap",100688.788235785
"5747","Weierbach","Control","Coleoptera","Coccinellidae",6,2,1282,"intercept_trap",100688.788235785
"5748","Weierbach","Control","Coleoptera","Coccinellidae",7,2,1282,"intercept_trap",100688.788235785
"5749","Weierbach","Control","Coleoptera","Hydrophilidae",3,2,1282,"intercept_trap",100688.788235785
"5750","Weierbach","Control","Coleoptera","Latridiidae",2,2,1282,"intercept_trap",100688.788235785
"5751","Weierbach","Control","Coleoptera","Latridiidae",3,2,1282,"intercept_trap",100688.788235785
"5752","Weierbach","Control","Coleoptera","Mordellidae",3,2,1282,"intercept_trap",100688.788235785
"5753","Weierbach","Control","Coleoptera","Scirtidae",3,2,1282,"intercept_trap",100688.788235785
"5754","Weierbach","Control","Coleoptera","Scirtidae",4,2,1282,"intercept_trap",100688.788235785
"5755","Weierbach","Control","Coleoptera","Staphylinidae",2,2,1282,"intercept_trap",100688.788235785
"5756","Weierbach","Control","Coleoptera","Staphylinidae",2,2,1282,"intercept_trap",100688.788235785
"5757","Weierbach","Control","Coleoptera","Staphylinidae",2,2,1282,"intercept_trap",100688.788235785
"5758","Weierbach","Control","Coleoptera","Staphylinidae",2,2,1282,"intercept_trap",100688.788235785
"5759","Weierbach","Control","Coleoptera","Staphylinidae",2,2,1282,"intercept_trap",100688.788235785
"5760","Weierbach","Control","Coleoptera","Staphylinidae",2,2,1282,"intercept_trap",100688.788235785
"5761","Weierbach","Control","Coleoptera","Staphylinidae",2,2,1282,"intercept_trap",100688.788235785
"5762","Weierbach","Control","Coleoptera","Staphylinidae",3,2,1282,"intercept_trap",100688.788235785
"5763","Weierbach","Control","Coleoptera","Staphylinidae",3,2,1282,"intercept_trap",100688.788235785
"5764","Weierbach","Control","Coleoptera","Staphylinidae",3,2,1282,"intercept_trap",100688.788235785
"5765","Weierbach","Control","Coleoptera","Staphylinidae",3,2,1282,"intercept_trap",100688.788235785
"5766","Weierbach","Control","Coleoptera","Staphylinidae",3,2,1282,"intercept_trap",100688.788235785
"5767","Weierbach","Control","Coleoptera","Staphylinidae",3,2,1282,"intercept_trap",100688.788235785
"5768","Weierbach","Control","Coleoptera","Staphylinidae",3,2,1282,"intercept_trap",100688.788235785
"5769","Weierbach","Control","Coleoptera","Staphylinidae",3,2,1282,"intercept_trap",100688.788235785
"5770","Weierbach","Control","Coleoptera","Staphylinidae",3,2,1282,"intercept_trap",100688.788235785
"5771","Weierbach","Control","Coleoptera","Staphylinidae",3,2,1282,"intercept_trap",100688.788235785
"5772","Weierbach","Control","Coleoptera","Staphylinidae",3,2,1282,"intercept_trap",100688.788235785
"5773","Weierbach","Control","Coleoptera","Staphylinidae",3,2,1282,"intercept_trap",100688.788235785
"5774","Weierbach","Control","Coleoptera","Staphylinidae",3,2,1282,"intercept_trap",100688.788235785
"5775","Weierbach","Control","Coleoptera","Staphylinidae",3,2,1282,"intercept_trap",100688.788235785
"5776","Weierbach","Control","Coleoptera","Staphylinidae",3,2,1282,"intercept_trap",100688.788235785
"5777","Weierbach","Control","Coleoptera","Staphylinidae",3,2,1282,"intercept_trap",100688.788235785
"5778","Weierbach","Control","Coleoptera","Staphylinidae",3,2,1282,"intercept_trap",100688.788235785
"5779","Weierbach","Control","Coleoptera","Staphylinidae",3,2,1282,"intercept_trap",100688.788235785
"5780","Weierbach","Control","Coleoptera","Staphylinidae",3,2,1282,"intercept_trap",100688.788235785
"5781","Weierbach","Control","Coleoptera","Staphylinidae",3,2,1282,"intercept_trap",100688.788235785
"5782","Weierbach","Control","Coleoptera","Staphylinidae",3,2,1282,"intercept_trap",100688.788235785
"5783","Weierbach","Control","Coleoptera","Staphylinidae",3,2,1282,"intercept_trap",100688.788235785
"5784","Weierbach","Control","Coleoptera","Staphylinidae",3,2,1282,"intercept_trap",100688.788235785
"5785","Weierbach","Control","Coleoptera","Staphylinidae",3,2,1282,"intercept_trap",100688.788235785
"5786","Weierbach","Control","Coleoptera","Staphylinidae",3,2,1282,"intercept_trap",100688.788235785
"5787","Weierbach","Control","Coleoptera","Staphylinidae",3,2,1282,"intercept_trap",100688.788235785
"5788","Weierbach","Control","Coleoptera","Staphylinidae",4,2,1282,"intercept_trap",100688.788235785
"5789","Weierbach","Control","Coleoptera","Staphylinidae",4,2,1282,"intercept_trap",100688.788235785
"5790","Weierbach","Control","Coleoptera","Staphylinidae",4,2,1282,"intercept_trap",100688.788235785
"5791","Weierbach","Control","Coleoptera","Staphylinidae",4,2,1282,"intercept_trap",100688.788235785
"5792","Weierbach","Control","Coleoptera","Staphylinidae",4,2,1282,"intercept_trap",100688.788235785
"5793","Weierbach","Control","Coleoptera","Staphylinidae",4,2,1282,"intercept_trap",100688.788235785
"5794","Weierbach","Control","Coleoptera","Staphylinidae",4,2,1282,"intercept_trap",100688.788235785
"5795","Weierbach","Control","Coleoptera","Staphylinidae",4,2,1282,"intercept_trap",100688.788235785
"5796","Weierbach","Control","Coleoptera","Staphylinidae",4,2,1282,"intercept_trap",100688.788235785
"5797","Weierbach","Control","Coleoptera","Staphylinidae",4,2,1282,"intercept_trap",100688.788235785
"5798","Weierbach","Control","Coleoptera","Staphylinidae",4,2,1282,"intercept_trap",100688.788235785
"5799","Weierbach","Control","Coleoptera","Staphylinidae",4,2,1282,"intercept_trap",100688.788235785
"5800","Weierbach","Control","Coleoptera","Staphylinidae",4,2,1282,"intercept_trap",100688.788235785
"5801","Weierbach","Control","Coleoptera","Staphylinidae",4,2,1282,"intercept_trap",100688.788235785
"5802","Weierbach","Control","Coleoptera","Staphylinidae",5,2,1282,"intercept_trap",100688.788235785
"5803","Weierbach","Control","Coleoptera","Staphylinidae",5,2,1282,"intercept_trap",100688.788235785
"5804","Weierbach","Control","Coleoptera","Staphylinidae",5,2,1282,"intercept_trap",100688.788235785
"5805","Weierbach","Control","Coleoptera","Staphylinidae",5,2,1282,"intercept_trap",100688.788235785
"5806","Weierbach","Control","Coleoptera","Staphylinidae",5,2,1282,"intercept_trap",100688.788235785
"5807","Weierbach","Control","Coleoptera","Staphylinidae",5,2,1282,"intercept_trap",100688.788235785
"5808","Weierbach","Control","Coleoptera","Staphylinidae",5,2,1282,"intercept_trap",100688.788235785
"5809","Weierbach","Control","Coleoptera","Staphylinidae",5,2,1282,"intercept_trap",100688.788235785
"5810","Weierbach","Control","Coleoptera","Staphylinidae",5,2,1282,"intercept_trap",100688.788235785
"5811","Weierbach","Control","Coleoptera","Staphylinidae",5,2,1282,"intercept_trap",100688.788235785
"5812","Weierbach","Control","Coleoptera","Staphylinidae",5,2,1282,"intercept_trap",100688.788235785
"5813","Weierbach","Control","Coleoptera","Staphylinidae",5,2,1282,"intercept_trap",100688.788235785
"5814","Weierbach","Control","Coleoptera","Staphylinidae",5,2,1282,"intercept_trap",100688.788235785
"5815","Weierbach","Control","Coleoptera","Staphylinidae",5,2,1282,"intercept_trap",100688.788235785
"5816","Weierbach","Control","Coleoptera","Staphylinidae",5,2,1282,"intercept_trap",100688.788235785
"5817","Weierbach","Control","Coleoptera","Staphylinidae",5,2,1282,"intercept_trap",100688.788235785
"5818","Weierbach","Control","Coleoptera","Staphylinidae",5,2,1282,"intercept_trap",100688.788235785
"5819","Weierbach","Control","Coleoptera","Staphylinidae",6,2,1282,"intercept_trap",100688.788235785
"5820","Weierbach","Control","Coleoptera","Staphylinidae",6,2,1282,"intercept_trap",100688.788235785
"5821","Weierbach","Control","Coleoptera","Staphylinidae",6,2,1282,"intercept_trap",100688.788235785
"5822","Weierbach","Control","Coleoptera","Staphylinidae",6,2,1282,"intercept_trap",100688.788235785
"5823","Weierbach","Control","Coleoptera","Staphylinidae",6,2,1282,"intercept_trap",100688.788235785
"5824","Weierbach","Control","Coleoptera","Staphylinidae",6,2,1282,"intercept_trap",100688.788235785
"5825","Weierbach","Control","Coleoptera","Staphylinidae",6,2,1282,"intercept_trap",100688.788235785
"5826","Weierbach","Control","Coleoptera","Staphylinidae",6,2,1282,"intercept_trap",100688.788235785
"5827","Weierbach","Control","Coleoptera","Staphylinidae",6,2,1282,"intercept_trap",100688.788235785
"5828","Weierbach","Control","Coleoptera","Staphylinidae",6,2,1282,"intercept_trap",100688.788235785
"5829","Weierbach","Control","Coleoptera","Staphylinidae",6,2,1282,"intercept_trap",100688.788235785
"5830","Weierbach","Control","Coleoptera","Staphylinidae",6,2,1282,"intercept_trap",100688.788235785
"5831","Weierbach","Control","Coleoptera","Staphylinidae",6,2,1282,"intercept_trap",100688.788235785
"5832","Weierbach","Control","Coleoptera","Staphylinidae",6,2,1282,"intercept_trap",100688.788235785
"5833","Weierbach","Control","Coleoptera","Staphylinidae",6,2,1282,"intercept_trap",100688.788235785
"5834","Weierbach","Control","Coleoptera","Staphylinidae",6,2,1282,"intercept_trap",100688.788235785
"5835","Weierbach","Control","Coleoptera","Staphylinidae",7,2,1282,"intercept_trap",100688.788235785
"5836","Weierbach","Control","Coleoptera",NA,2,2,1282,"intercept_trap",100688.788235785
"5837","Weierbach","Control","Coleoptera",NA,2,2,1282,"intercept_trap",100688.788235785
"5838","Weierbach","Control","Coleoptera",NA,2,2,1282,"intercept_trap",100688.788235785
"5839","Weierbach","Control","Coleoptera",NA,2,2,1282,"intercept_trap",100688.788235785
"5840","Weierbach","Control","Coleoptera",NA,2,2,1282,"intercept_trap",100688.788235785
"5841","Weierbach","Control","Diptera","Syrphidae",8,2,1282,"intercept_trap",100688.788235785
"5842","Weierbach","Control","Diptera",NA,1,2,1282,"intercept_trap",100688.788235785
"5843","Weierbach","Control","Diptera",NA,2,2,1282,"intercept_trap",100688.788235785
"5844","Weierbach","Control","Diptera",NA,2,2,1282,"intercept_trap",100688.788235785
"5845","Weierbach","Control","Diptera",NA,2,2,1282,"intercept_trap",100688.788235785
"5846","Weierbach","Control","Diptera",NA,3,2,1282,"intercept_trap",100688.788235785
"5847","Weierbach","Control","Diptera",NA,3,2,1282,"intercept_trap",100688.788235785
"5848","Weierbach","Control","Diptera",NA,3,2,1282,"intercept_trap",100688.788235785
"5849","Weierbach","Control","Diptera",NA,3,2,1282,"intercept_trap",100688.788235785
"5850","Weierbach","Control","Diptera",NA,3,2,1282,"intercept_trap",100688.788235785
"5851","Weierbach","Control","Diptera",NA,3,2,1282,"intercept_trap",100688.788235785
"5852","Weierbach","Control","Diptera",NA,3,2,1282,"intercept_trap",100688.788235785
"5853","Weierbach","Control","Diptera",NA,5,2,1282,"intercept_trap",100688.788235785
"5854","Weierbach","Control","Diptera",NA,5,2,1282,"intercept_trap",100688.788235785
"5855","Weierbach","Control","Diptera",NA,6,2,1282,"intercept_trap",100688.788235785
"5856","Weierbach","Control","Diptera",NA,6,2,1282,"intercept_trap",100688.788235785
"5857","Weierbach","Control","Diptera",NA,7,2,1282,"intercept_trap",100688.788235785
"5858","Weierbach","Control","Diptera",NA,7,2,1282,"intercept_trap",100688.788235785
"5859","Weierbach","Control","Diptera",NA,7,2,1282,"intercept_trap",100688.788235785
"5860","Weierbach","Control","Diptera",NA,8,2,1282,"intercept_trap",100688.788235785
"5861","Weierbach","Control","Diptera",NA,8,2,1282,"intercept_trap",100688.788235785
"5862","Weierbach","Control","Diptera",NA,8,2,1282,"intercept_trap",100688.788235785
"5863","Weierbach","Control","Diptera",NA,8,2,1282,"intercept_trap",100688.788235785
"5864","Weierbach","Control","Diptera",NA,9,2,1282,"intercept_trap",100688.788235785
"5865","Weierbach","Control","Diptera",NA,11,2,1282,"intercept_trap",100688.788235785
"5866","Weierbach","Control","Diptera",NA,1,2,1282,"intercept_trap",100688.788235785
"5867","Weierbach","Control","Diptera",NA,1,2,1282,"intercept_trap",100688.788235785
"5868","Weierbach","Control","Diptera",NA,1,2,1282,"intercept_trap",100688.788235785
"5869","Weierbach","Control","Diptera",NA,1,2,1282,"intercept_trap",100688.788235785
"5870","Weierbach","Control","Diptera",NA,1,2,1282,"intercept_trap",100688.788235785
"5871","Weierbach","Control","Diptera",NA,1,2,1282,"intercept_trap",100688.788235785
"5872","Weierbach","Control","Diptera",NA,1,2,1282,"intercept_trap",100688.788235785
"5873","Weierbach","Control","Diptera",NA,1,2,1282,"intercept_trap",100688.788235785
"5874","Weierbach","Control","Diptera",NA,1,2,1282,"intercept_trap",100688.788235785
"5875","Weierbach","Control","Diptera",NA,1,2,1282,"intercept_trap",100688.788235785
"5876","Weierbach","Control","Diptera",NA,1,2,1282,"intercept_trap",100688.788235785
"5877","Weierbach","Control","Diptera",NA,1,2,1282,"intercept_trap",100688.788235785
"5878","Weierbach","Control","Diptera",NA,1,2,1282,"intercept_trap",100688.788235785
"5879","Weierbach","Control","Diptera",NA,1,2,1282,"intercept_trap",100688.788235785
"5880","Weierbach","Control","Diptera",NA,1,2,1282,"intercept_trap",100688.788235785
"5881","Weierbach","Control","Diptera",NA,2,2,1282,"intercept_trap",100688.788235785
"5882","Weierbach","Control","Diptera",NA,2,2,1282,"intercept_trap",100688.788235785
"5883","Weierbach","Control","Diptera",NA,2,2,1282,"intercept_trap",100688.788235785
"5884","Weierbach","Control","Diptera",NA,2,2,1282,"intercept_trap",100688.788235785
"5885","Weierbach","Control","Diptera",NA,2,2,1282,"intercept_trap",100688.788235785
"5886","Weierbach","Control","Diptera",NA,2,2,1282,"intercept_trap",100688.788235785
"5887","Weierbach","Control","Diptera",NA,2,2,1282,"intercept_trap",100688.788235785
"5888","Weierbach","Control","Diptera",NA,2,2,1282,"intercept_trap",100688.788235785
"5889","Weierbach","Control","Diptera",NA,2,2,1282,"intercept_trap",100688.788235785
"5890","Weierbach","Control","Diptera",NA,2,2,1282,"intercept_trap",100688.788235785
"5891","Weierbach","Control","Diptera",NA,2,2,1282,"intercept_trap",100688.788235785
"5892","Weierbach","Control","Diptera",NA,2,2,1282,"intercept_trap",100688.788235785
"5893","Weierbach","Control","Diptera",NA,2,2,1282,"intercept_trap",100688.788235785
"5894","Weierbach","Control","Diptera",NA,2,2,1282,"intercept_trap",100688.788235785
"5895","Weierbach","Control","Diptera",NA,2,2,1282,"intercept_trap",100688.788235785
"5896","Weierbach","Control","Diptera",NA,2,2,1282,"intercept_trap",100688.788235785
"5897","Weierbach","Control","Diptera",NA,2,2,1282,"intercept_trap",100688.788235785
"5898","Weierbach","Control","Diptera",NA,2,2,1282,"intercept_trap",100688.788235785
"5899","Weierbach","Control","Diptera",NA,2,2,1282,"intercept_trap",100688.788235785
"5900","Weierbach","Control","Diptera",NA,2,2,1282,"intercept_trap",100688.788235785
"5901","Weierbach","Control","Diptera",NA,2,2,1282,"intercept_trap",100688.788235785
"5902","Weierbach","Control","Diptera",NA,2,2,1282,"intercept_trap",100688.788235785
"5903","Weierbach","Control","Diptera",NA,2,2,1282,"intercept_trap",100688.788235785
"5904","Weierbach","Control","Diptera",NA,2,2,1282,"intercept_trap",100688.788235785
"5905","Weierbach","Control","Diptera",NA,2,2,1282,"intercept_trap",100688.788235785
"5906","Weierbach","Control","Diptera",NA,2,2,1282,"intercept_trap",100688.788235785
"5907","Weierbach","Control","Diptera",NA,2,2,1282,"intercept_trap",100688.788235785
"5908","Weierbach","Control","Diptera",NA,2,2,1282,"intercept_trap",100688.788235785
"5909","Weierbach","Control","Diptera",NA,2,2,1282,"intercept_trap",100688.788235785
"5910","Weierbach","Control","Diptera",NA,2,2,1282,"intercept_trap",100688.788235785
"5911","Weierbach","Control","Diptera",NA,2,2,1282,"intercept_trap",100688.788235785
"5912","Weierbach","Control","Diptera",NA,2,2,1282,"intercept_trap",100688.788235785
"5913","Weierbach","Control","Diptera",NA,2,2,1282,"intercept_trap",100688.788235785
"5914","Weierbach","Control","Diptera",NA,2,2,1282,"intercept_trap",100688.788235785
"5915","Weierbach","Control","Diptera",NA,2,2,1282,"intercept_trap",100688.788235785
"5916","Weierbach","Control","Diptera",NA,2,2,1282,"intercept_trap",100688.788235785
"5917","Weierbach","Control","Diptera",NA,2,2,1282,"intercept_trap",100688.788235785
"5918","Weierbach","Control","Diptera",NA,2,2,1282,"intercept_trap",100688.788235785
"5919","Weierbach","Control","Diptera",NA,2,2,1282,"intercept_trap",100688.788235785
"5920","Weierbach","Control","Diptera",NA,2,2,1282,"intercept_trap",100688.788235785
"5921","Weierbach","Control","Diptera",NA,2,2,1282,"intercept_trap",100688.788235785
"5922","Weierbach","Control","Diptera",NA,2,2,1282,"intercept_trap",100688.788235785
"5923","Weierbach","Control","Diptera",NA,2,2,1282,"intercept_trap",100688.788235785
"5924","Weierbach","Control","Diptera",NA,2,2,1282,"intercept_trap",100688.788235785
"5925","Weierbach","Control","Diptera",NA,2,2,1282,"intercept_trap",100688.788235785
"5926","Weierbach","Control","Diptera",NA,2,2,1282,"intercept_trap",100688.788235785
"5927","Weierbach","Control","Diptera",NA,2,2,1282,"intercept_trap",100688.788235785
"5928","Weierbach","Control","Diptera",NA,2,2,1282,"intercept_trap",100688.788235785
"5929","Weierbach","Control","Diptera",NA,3,2,1282,"intercept_trap",100688.788235785
"5930","Weierbach","Control","Diptera",NA,3,2,1282,"intercept_trap",100688.788235785
"5931","Weierbach","Control","Diptera",NA,3,2,1282,"intercept_trap",100688.788235785
"5932","Weierbach","Control","Diptera",NA,4,2,1282,"intercept_trap",100688.788235785
"5933","Weierbach","Control","Diptera",NA,4,2,1282,"intercept_trap",100688.788235785
"5934","Weierbach","Control","Diptera",NA,4,2,1282,"intercept_trap",100688.788235785
"5935","Weierbach","Control","Diptera",NA,4,2,1282,"intercept_trap",100688.788235785
"5936","Weierbach","Control","Diptera",NA,4,2,1282,"intercept_trap",100688.788235785
"5937","Weierbach","Control","Diptera",NA,4,2,1282,"intercept_trap",100688.788235785
"5938","Weierbach","Control","Diptera",NA,4,2,1282,"intercept_trap",100688.788235785
"5939","Weierbach","Control","Diptera",NA,4,2,1282,"intercept_trap",100688.788235785
"5940","Weierbach","Control","Diptera",NA,4,2,1282,"intercept_trap",100688.788235785
"5941","Weierbach","Control","Diptera",NA,5,2,1282,"intercept_trap",100688.788235785
"5942","Weierbach","Control","Diptera",NA,5,2,1282,"intercept_trap",100688.788235785
"5943","Weierbach","Control","Diptera",NA,6,2,1282,"intercept_trap",100688.788235785
"5944","Weierbach","Control","Diptera",NA,7,2,1282,"intercept_trap",100688.788235785
"5945","Weierbach","Control","Diptera",NA,7,2,1282,"intercept_trap",100688.788235785
"5946","Weierbach","Control","Diptera",NA,7,2,1282,"intercept_trap",100688.788235785
"5947","Weierbach","Control","Diptera",NA,9,2,1282,"intercept_trap",100688.788235785
"5948","Weierbach","Control","Diptera",NA,10,2,1282,"intercept_trap",100688.788235785
"5949","Weierbach","Control","Diptera",NA,10,2,1282,"intercept_trap",100688.788235785
"5950","Weierbach","Control","Diptera",NA,13,2,1282,"intercept_trap",100688.788235785
"5951","Weierbach","Control","Hemiptera",NA,3,2,1282,"intercept_trap",100688.788235785
"5952","Weierbach","Control","Hemiptera",NA,4,2,1282,"intercept_trap",100688.788235785
"5953","Weierbach","Control","Hemiptera",NA,8,2,1282,"intercept_trap",100688.788235785
"5954","Weierbach","Control","Hemiptera",NA,8,2,1282,"intercept_trap",100688.788235785
"5955","Weierbach","Control","Hemiptera",NA,8,2,1282,"intercept_trap",100688.788235785
"5956","Weierbach","Control","Hemiptera",NA,8,2,1282,"intercept_trap",100688.788235785
"5957","Weierbach","Control","Hemiptera",NA,8,2,1282,"intercept_trap",100688.788235785
"5958","Weierbach","Control","Hemiptera",NA,9,2,1282,"intercept_trap",100688.788235785
"5959","Weierbach","Control","Hemiptera",NA,2,2,1282,"intercept_trap",100688.788235785
"5960","Weierbach","Control","Hemiptera",NA,2,2,1282,"intercept_trap",100688.788235785
"5961","Weierbach","Control","Hemiptera",NA,3,2,1282,"intercept_trap",100688.788235785
"5962","Weierbach","Control","Hemiptera",NA,4,2,1282,"intercept_trap",100688.788235785
"5963","Weierbach","Control","Hemiptera","Aphidoidea",2,2,1282,"intercept_trap",100688.788235785
"5964","Weierbach","Control","Hemiptera","Aphidoidea",2,2,1282,"intercept_trap",100688.788235785
"5965","Weierbach","Control","Hemiptera","Aphidoidea",4,2,1282,"intercept_trap",100688.788235785
"5966","Weierbach","Control","Hymenoptera","Vespidae",12,2,1282,"intercept_trap",100688.788235785
"5967","Weierbach","Control","Hymenoptera","Vespidae",13,2,1282,"intercept_trap",100688.788235785
"5968","Weierbach","Control","Hymenoptera","Vespidae",13,2,1282,"intercept_trap",100688.788235785
"5969","Weierbach","Control","Hymenoptera",NA,1,2,1282,"intercept_trap",100688.788235785
"5970","Weierbach","Control","Hymenoptera",NA,1,2,1282,"intercept_trap",100688.788235785
"5971","Weierbach","Control","Hymenoptera",NA,2,2,1282,"intercept_trap",100688.788235785
"5972","Weierbach","Control","Hymenoptera",NA,2,2,1282,"intercept_trap",100688.788235785
"5973","Weierbach","Control","Hymenoptera",NA,2,2,1282,"intercept_trap",100688.788235785
"5974","Weierbach","Control","Hymenoptera",NA,2,2,1282,"intercept_trap",100688.788235785
"5975","Weierbach","Control","Hymenoptera",NA,2,2,1282,"intercept_trap",100688.788235785
"5976","Weierbach","Control","Hymenoptera",NA,3,2,1282,"intercept_trap",100688.788235785
"5977","Weierbach","Control","Hymenoptera",NA,6,2,1282,"intercept_trap",100688.788235785
"5978","Weierbach","Control","Psocoptera",NA,3,2,1282,"intercept_trap",100688.788235785
"5979","Weierbach","Control","Thysanoptera",NA,1,2,1282,"intercept_trap",100688.788235785
"5980","Weierbach","Control","Thysanoptera",NA,1,2,1282,"intercept_trap",100688.788235785
"5981","Weierbach","Control","Thysanoptera",NA,2,2,1282,"intercept_trap",100688.788235785
"5982","Weierbach","Pool","Araneae",NA,2,2,1282,"intercept_trap",100688.788235785
"5983","Weierbach","Pool","Araneae",NA,2,2,1282,"intercept_trap",100688.788235785
"5984","Weierbach","Pool","Araneae",NA,2,2,1282,"intercept_trap",100688.788235785
"5985","Weierbach","Pool","Araneae",NA,2,2,1282,"intercept_trap",100688.788235785
"5986","Weierbach","Pool","Araneae",NA,2,2,1282,"intercept_trap",100688.788235785
"5987","Weierbach","Pool","Araneae",NA,2,2,1282,"intercept_trap",100688.788235785
"5988","Weierbach","Pool","Araneae",NA,2,2,1282,"intercept_trap",100688.788235785
"5989","Weierbach","Pool","Araneae",NA,3,2,1282,"intercept_trap",100688.788235785
"5990","Weierbach","Pool","Araneae",NA,3,2,1282,"intercept_trap",100688.788235785
"5991","Weierbach","Pool","Araneae",NA,4,2,1282,"intercept_trap",100688.788235785
"5992","Weierbach","Pool","Araneae",NA,7,2,1282,"intercept_trap",100688.788235785
"5993","Weierbach","Pool","Araneae",NA,8,2,1282,"intercept_trap",100688.788235785
"5994","Weierbach","Pool","Araneae",NA,8,2,1282,"intercept_trap",100688.788235785
"5995","Weierbach","Pool","Araneae",NA,9,2,1282,"intercept_trap",100688.788235785
"5996","Weierbach","Pool","Coleoptera","Carabidae",1,2,1282,"intercept_trap",100688.788235785
"5997","Weierbach","Pool","Coleoptera","Carabidae",2,2,1282,"intercept_trap",100688.788235785
"5998","Weierbach","Pool","Coleoptera","Carabidae",2,2,1282,"intercept_trap",100688.788235785
"5999","Weierbach","Pool","Coleoptera","Carabidae",5,2,1282,"intercept_trap",100688.788235785
"6000","Weierbach","Pool","Coleoptera","Carabidae",5,2,1282,"intercept_trap",100688.788235785
"6001","Weierbach","Pool","Coleoptera","Carabidae",6,2,1282,"intercept_trap",100688.788235785
"6002","Weierbach","Pool","Coleoptera","Curculionidae",2,2,1282,"intercept_trap",100688.788235785
"6003","Weierbach","Pool","Coleoptera","Curculionidae",2,2,1282,"intercept_trap",100688.788235785
"6004","Weierbach","Pool","Coleoptera","Curculionidae",2,2,1282,"intercept_trap",100688.788235785
"6005","Weierbach","Pool","Coleoptera","Curculionidae",2,2,1282,"intercept_trap",100688.788235785
"6006","Weierbach","Pool","Coleoptera","Curculionidae",2,2,1282,"intercept_trap",100688.788235785
"6007","Weierbach","Pool","Coleoptera","Curculionidae",2,2,1282,"intercept_trap",100688.788235785
"6008","Weierbach","Pool","Coleoptera","Curculionidae",2,2,1282,"intercept_trap",100688.788235785
"6009","Weierbach","Pool","Coleoptera","Curculionidae",2,2,1282,"intercept_trap",100688.788235785
"6010","Weierbach","Pool","Coleoptera","Curculionidae",2,2,1282,"intercept_trap",100688.788235785
"6011","Weierbach","Pool","Coleoptera","Curculionidae",2,2,1282,"intercept_trap",100688.788235785
"6012","Weierbach","Pool","Coleoptera","Curculionidae",2,2,1282,"intercept_trap",100688.788235785
"6013","Weierbach","Pool","Coleoptera","Curculionidae",2,2,1282,"intercept_trap",100688.788235785
"6014","Weierbach","Pool","Coleoptera","Curculionidae",2,2,1282,"intercept_trap",100688.788235785
"6015","Weierbach","Pool","Coleoptera","Curculionidae",2,2,1282,"intercept_trap",100688.788235785
"6016","Weierbach","Pool","Coleoptera","Curculionidae",2,2,1282,"intercept_trap",100688.788235785
"6017","Weierbach","Pool","Coleoptera","Curculionidae",2,2,1282,"intercept_trap",100688.788235785
"6018","Weierbach","Pool","Coleoptera","Curculionidae",2,2,1282,"intercept_trap",100688.788235785
"6019","Weierbach","Pool","Coleoptera","Curculionidae",2,2,1282,"intercept_trap",100688.788235785
"6020","Weierbach","Pool","Coleoptera","Curculionidae",2,2,1282,"intercept_trap",100688.788235785
"6021","Weierbach","Pool","Coleoptera","Curculionidae",2,2,1282,"intercept_trap",100688.788235785
"6022","Weierbach","Pool","Coleoptera","Curculionidae",2,2,1282,"intercept_trap",100688.788235785
"6023","Weierbach","Pool","Coleoptera","Curculionidae",2,2,1282,"intercept_trap",100688.788235785
"6024","Weierbach","Pool","Coleoptera","Curculionidae",2,2,1282,"intercept_trap",100688.788235785
"6025","Weierbach","Pool","Coleoptera","Curculionidae",2,2,1282,"intercept_trap",100688.788235785
"6026","Weierbach","Pool","Coleoptera","Curculionidae",2,2,1282,"intercept_trap",100688.788235785
"6027","Weierbach","Pool","Coleoptera","Curculionidae",2,2,1282,"intercept_trap",100688.788235785
"6028","Weierbach","Pool","Coleoptera","Curculionidae",2,2,1282,"intercept_trap",100688.788235785
"6029","Weierbach","Pool","Coleoptera","Curculionidae",2,2,1282,"intercept_trap",100688.788235785
"6030","Weierbach","Pool","Coleoptera","Curculionidae",2,2,1282,"intercept_trap",100688.788235785
"6031","Weierbach","Pool","Coleoptera","Curculionidae",2,2,1282,"intercept_trap",100688.788235785
"6032","Weierbach","Pool","Coleoptera","Curculionidae",2,2,1282,"intercept_trap",100688.788235785
"6033","Weierbach","Pool","Coleoptera","Curculionidae",2,2,1282,"intercept_trap",100688.788235785
"6034","Weierbach","Pool","Coleoptera","Curculionidae",2,2,1282,"intercept_trap",100688.788235785
"6035","Weierbach","Pool","Coleoptera","Curculionidae",2,2,1282,"intercept_trap",100688.788235785
"6036","Weierbach","Pool","Coleoptera","Curculionidae",2,2,1282,"intercept_trap",100688.788235785
"6037","Weierbach","Pool","Coleoptera","Curculionidae",2,2,1282,"intercept_trap",100688.788235785
"6038","Weierbach","Pool","Coleoptera","Curculionidae",2,2,1282,"intercept_trap",100688.788235785
"6039","Weierbach","Pool","Coleoptera","Curculionidae",2,2,1282,"intercept_trap",100688.788235785
"6040","Weierbach","Pool","Coleoptera","Curculionidae",2,2,1282,"intercept_trap",100688.788235785
"6041","Weierbach","Pool","Coleoptera","Curculionidae",2,2,1282,"intercept_trap",100688.788235785
"6042","Weierbach","Pool","Coleoptera","Curculionidae",2,2,1282,"intercept_trap",100688.788235785
"6043","Weierbach","Pool","Coleoptera","Curculionidae",2,2,1282,"intercept_trap",100688.788235785
"6044","Weierbach","Pool","Coleoptera","Curculionidae",2,2,1282,"intercept_trap",100688.788235785
"6045","Weierbach","Pool","Coleoptera","Curculionidae",2,2,1282,"intercept_trap",100688.788235785
"6046","Weierbach","Pool","Coleoptera","Curculionidae",2,2,1282,"intercept_trap",100688.788235785
"6047","Weierbach","Pool","Coleoptera","Curculionidae",2,2,1282,"intercept_trap",100688.788235785
"6048","Weierbach","Pool","Coleoptera","Curculionidae",2,2,1282,"intercept_trap",100688.788235785
"6049","Weierbach","Pool","Coleoptera","Curculionidae",2,2,1282,"intercept_trap",100688.788235785
"6050","Weierbach","Pool","Coleoptera","Curculionidae",2,2,1282,"intercept_trap",100688.788235785
"6051","Weierbach","Pool","Coleoptera","Curculionidae",2,2,1282,"intercept_trap",100688.788235785
"6052","Weierbach","Pool","Coleoptera","Curculionidae",2,2,1282,"intercept_trap",100688.788235785
"6053","Weierbach","Pool","Coleoptera","Curculionidae",3,2,1282,"intercept_trap",100688.788235785
"6054","Weierbach","Pool","Coleoptera","Curculionidae",4,2,1282,"intercept_trap",100688.788235785
"6055","Weierbach","Pool","Coleoptera","Curculionidae",6,2,1282,"intercept_trap",100688.788235785
"6056","Weierbach","Pool","Coleoptera","Curculionidae",6,2,1282,"intercept_trap",100688.788235785
"6057","Weierbach","Pool","Coleoptera","Curculionidae",9,2,1282,"intercept_trap",100688.788235785
"6058","Weierbach","Pool","Coleoptera","Latridiidae",2,2,1282,"intercept_trap",100688.788235785
"6059","Weierbach","Pool","Coleoptera","Latridiidae",2,2,1282,"intercept_trap",100688.788235785
"6060","Weierbach","Pool","Coleoptera","Latridiidae",2,2,1282,"intercept_trap",100688.788235785
"6061","Weierbach","Pool","Coleoptera","Staphylinidae",1,2,1282,"intercept_trap",100688.788235785
"6062","Weierbach","Pool","Coleoptera","Staphylinidae",3,2,1282,"intercept_trap",100688.788235785
"6063","Weierbach","Pool","Coleoptera","Staphylinidae",3,2,1282,"intercept_trap",100688.788235785
"6064","Weierbach","Pool","Coleoptera","Staphylinidae",3,2,1282,"intercept_trap",100688.788235785
"6065","Weierbach","Pool","Coleoptera","Staphylinidae",3,2,1282,"intercept_trap",100688.788235785
"6066","Weierbach","Pool","Coleoptera","Staphylinidae",3,2,1282,"intercept_trap",100688.788235785
"6067","Weierbach","Pool","Coleoptera","Staphylinidae",3,2,1282,"intercept_trap",100688.788235785
"6068","Weierbach","Pool","Coleoptera","Staphylinidae",3,2,1282,"intercept_trap",100688.788235785
"6069","Weierbach","Pool","Coleoptera","Staphylinidae",3,2,1282,"intercept_trap",100688.788235785
"6070","Weierbach","Pool","Coleoptera","Staphylinidae",3,2,1282,"intercept_trap",100688.788235785
"6071","Weierbach","Pool","Coleoptera","Staphylinidae",3,2,1282,"intercept_trap",100688.788235785
"6072","Weierbach","Pool","Coleoptera","Staphylinidae",4,2,1282,"intercept_trap",100688.788235785
"6073","Weierbach","Pool","Coleoptera","Staphylinidae",4,2,1282,"intercept_trap",100688.788235785
"6074","Weierbach","Pool","Coleoptera","Staphylinidae",4,2,1282,"intercept_trap",100688.788235785
"6075","Weierbach","Pool","Coleoptera","Staphylinidae",6,2,1282,"intercept_trap",100688.788235785
"6076","Weierbach","Pool","Coleoptera","Staphylinidae",6,2,1282,"intercept_trap",100688.788235785
"6077","Weierbach","Pool","Coleoptera","Staphylinidae",6,2,1282,"intercept_trap",100688.788235785
"6078","Weierbach","Pool","Coleoptera","Staphylinidae",9,2,1282,"intercept_trap",100688.788235785
"6079","Weierbach","Pool","Coleoptera",NA,2,2,1282,"intercept_trap",100688.788235785
"6080","Weierbach","Pool","Coleoptera",NA,3,2,1282,"intercept_trap",100688.788235785
"6081","Weierbach","Pool","Coleoptera",NA,3,2,1282,"intercept_trap",100688.788235785
"6082","Weierbach","Pool","Coleoptera",NA,3,2,1282,"intercept_trap",100688.788235785
"6083","Weierbach","Pool","Coleoptera",NA,3,2,1282,"intercept_trap",100688.788235785
"6084","Weierbach","Pool","Coleoptera",NA,3,2,1282,"intercept_trap",100688.788235785
"6085","Weierbach","Pool","Coleoptera",NA,3,2,1282,"intercept_trap",100688.788235785
"6086","Weierbach","Pool","Coleoptera",NA,3,2,1282,"intercept_trap",100688.788235785
"6087","Weierbach","Pool","Coleoptera",NA,3,2,1282,"intercept_trap",100688.788235785
"6088","Weierbach","Pool","Coleoptera",NA,3,2,1282,"intercept_trap",100688.788235785
"6089","Weierbach","Pool","Coleoptera",NA,3,2,1282,"intercept_trap",100688.788235785
"6090","Weierbach","Pool","Coleoptera",NA,3,2,1282,"intercept_trap",100688.788235785
"6091","Weierbach","Pool","Coleoptera",NA,3,2,1282,"intercept_trap",100688.788235785
"6092","Weierbach","Pool","Coleoptera",NA,3,2,1282,"intercept_trap",100688.788235785
"6093","Weierbach","Pool","Coleoptera",NA,3,2,1282,"intercept_trap",100688.788235785
"6094","Weierbach","Pool","Coleoptera",NA,3,2,1282,"intercept_trap",100688.788235785
"6095","Weierbach","Pool","Coleoptera",NA,3,2,1282,"intercept_trap",100688.788235785
"6096","Weierbach","Pool","Coleoptera",NA,3,2,1282,"intercept_trap",100688.788235785
"6097","Weierbach","Pool","Coleoptera",NA,3,2,1282,"intercept_trap",100688.788235785
"6098","Weierbach","Pool","Coleoptera",NA,3,2,1282,"intercept_trap",100688.788235785
"6099","Weierbach","Pool","Coleoptera",NA,3,2,1282,"intercept_trap",100688.788235785
"6100","Weierbach","Pool","Coleoptera",NA,3,2,1282,"intercept_trap",100688.788235785
"6101","Weierbach","Pool","Coleoptera",NA,3,2,1282,"intercept_trap",100688.788235785
"6102","Weierbach","Pool","Coleoptera",NA,3,2,1282,"intercept_trap",100688.788235785
"6103","Weierbach","Pool","Coleoptera",NA,3,2,1282,"intercept_trap",100688.788235785
"6104","Weierbach","Pool","Coleoptera",NA,3,2,1282,"intercept_trap",100688.788235785
"6105","Weierbach","Pool","Coleoptera",NA,3,2,1282,"intercept_trap",100688.788235785
"6106","Weierbach","Pool","Coleoptera",NA,3,2,1282,"intercept_trap",100688.788235785
"6107","Weierbach","Pool","Coleoptera",NA,3,2,1282,"intercept_trap",100688.788235785
"6108","Weierbach","Pool","Coleoptera",NA,3,2,1282,"intercept_trap",100688.788235785
"6109","Weierbach","Pool","Coleoptera",NA,3,2,1282,"intercept_trap",100688.788235785
"6110","Weierbach","Pool","Coleoptera",NA,3,2,1282,"intercept_trap",100688.788235785
"6111","Weierbach","Pool","Coleoptera",NA,3,2,1282,"intercept_trap",100688.788235785
"6112","Weierbach","Pool","Coleoptera",NA,3,2,1282,"intercept_trap",100688.788235785
"6113","Weierbach","Pool","Coleoptera",NA,3,2,1282,"intercept_trap",100688.788235785
"6114","Weierbach","Pool","Coleoptera",NA,3,2,1282,"intercept_trap",100688.788235785
"6115","Weierbach","Pool","Diptera",NA,2,2,1282,"intercept_trap",100688.788235785
"6116","Weierbach","Pool","Diptera",NA,2,2,1282,"intercept_trap",100688.788235785
"6117","Weierbach","Pool","Diptera",NA,2,2,1282,"intercept_trap",100688.788235785
"6118","Weierbach","Pool","Diptera",NA,2,2,1282,"intercept_trap",100688.788235785
"6119","Weierbach","Pool","Diptera",NA,3,2,1282,"intercept_trap",100688.788235785
"6120","Weierbach","Pool","Diptera",NA,3,2,1282,"intercept_trap",100688.788235785
"6121","Weierbach","Pool","Diptera",NA,3,2,1282,"intercept_trap",100688.788235785
"6122","Weierbach","Pool","Diptera",NA,5,2,1282,"intercept_trap",100688.788235785
"6123","Weierbach","Pool","Diptera",NA,6,2,1282,"intercept_trap",100688.788235785
"6124","Weierbach","Pool","Diptera",NA,7,2,1282,"intercept_trap",100688.788235785
"6125","Weierbach","Pool","Diptera",NA,8,2,1282,"intercept_trap",100688.788235785
"6126","Weierbach","Pool","Diptera",NA,8,2,1282,"intercept_trap",100688.788235785
"6127","Weierbach","Pool","Diptera",NA,10,2,1282,"intercept_trap",100688.788235785
"6128","Weierbach","Pool","Diptera",NA,11,2,1282,"intercept_trap",100688.788235785
"6129","Weierbach","Pool","Diptera",NA,1,2,1282,"intercept_trap",100688.788235785
"6130","Weierbach","Pool","Diptera",NA,1,2,1282,"intercept_trap",100688.788235785
"6131","Weierbach","Pool","Diptera",NA,1,2,1282,"intercept_trap",100688.788235785
"6132","Weierbach","Pool","Diptera",NA,1,2,1282,"intercept_trap",100688.788235785
"6133","Weierbach","Pool","Diptera",NA,1,2,1282,"intercept_trap",100688.788235785
"6134","Weierbach","Pool","Diptera",NA,1,2,1282,"intercept_trap",100688.788235785
"6135","Weierbach","Pool","Diptera",NA,1,2,1282,"intercept_trap",100688.788235785
"6136","Weierbach","Pool","Diptera",NA,1,2,1282,"intercept_trap",100688.788235785
"6137","Weierbach","Pool","Diptera",NA,1,2,1282,"intercept_trap",100688.788235785
"6138","Weierbach","Pool","Diptera",NA,1,2,1282,"intercept_trap",100688.788235785
"6139","Weierbach","Pool","Diptera",NA,1,2,1282,"intercept_trap",100688.788235785
"6140","Weierbach","Pool","Diptera",NA,1,2,1282,"intercept_trap",100688.788235785
"6141","Weierbach","Pool","Diptera",NA,1,2,1282,"intercept_trap",100688.788235785
"6142","Weierbach","Pool","Diptera",NA,1,2,1282,"intercept_trap",100688.788235785
"6143","Weierbach","Pool","Diptera",NA,1,2,1282,"intercept_trap",100688.788235785
"6144","Weierbach","Pool","Diptera",NA,1,2,1282,"intercept_trap",100688.788235785
"6145","Weierbach","Pool","Diptera",NA,1,2,1282,"intercept_trap",100688.788235785
"6146","Weierbach","Pool","Diptera",NA,1,2,1282,"intercept_trap",100688.788235785
"6147","Weierbach","Pool","Diptera",NA,1,2,1282,"intercept_trap",100688.788235785
"6148","Weierbach","Pool","Diptera",NA,1,2,1282,"intercept_trap",100688.788235785
"6149","Weierbach","Pool","Diptera",NA,1,2,1282,"intercept_trap",100688.788235785
"6150","Weierbach","Pool","Diptera",NA,1,2,1282,"intercept_trap",100688.788235785
"6151","Weierbach","Pool","Diptera",NA,1,2,1282,"intercept_trap",100688.788235785
"6152","Weierbach","Pool","Diptera",NA,1,2,1282,"intercept_trap",100688.788235785
"6153","Weierbach","Pool","Diptera",NA,2,2,1282,"intercept_trap",100688.788235785
"6154","Weierbach","Pool","Diptera",NA,2,2,1282,"intercept_trap",100688.788235785
"6155","Weierbach","Pool","Diptera",NA,2,2,1282,"intercept_trap",100688.788235785
"6156","Weierbach","Pool","Diptera",NA,2,2,1282,"intercept_trap",100688.788235785
"6157","Weierbach","Pool","Diptera",NA,2,2,1282,"intercept_trap",100688.788235785
"6158","Weierbach","Pool","Diptera",NA,2,2,1282,"intercept_trap",100688.788235785
"6159","Weierbach","Pool","Diptera",NA,2,2,1282,"intercept_trap",100688.788235785
"6160","Weierbach","Pool","Diptera",NA,2,2,1282,"intercept_trap",100688.788235785
"6161","Weierbach","Pool","Diptera",NA,2,2,1282,"intercept_trap",100688.788235785
"6162","Weierbach","Pool","Diptera",NA,2,2,1282,"intercept_trap",100688.788235785
"6163","Weierbach","Pool","Diptera",NA,2,2,1282,"intercept_trap",100688.788235785
"6164","Weierbach","Pool","Diptera",NA,2,2,1282,"intercept_trap",100688.788235785
"6165","Weierbach","Pool","Diptera",NA,2,2,1282,"intercept_trap",100688.788235785
"6166","Weierbach","Pool","Diptera",NA,2,2,1282,"intercept_trap",100688.788235785
"6167","Weierbach","Pool","Diptera",NA,2,2,1282,"intercept_trap",100688.788235785
"6168","Weierbach","Pool","Diptera",NA,2,2,1282,"intercept_trap",100688.788235785
"6169","Weierbach","Pool","Diptera",NA,2,2,1282,"intercept_trap",100688.788235785
"6170","Weierbach","Pool","Diptera",NA,2,2,1282,"intercept_trap",100688.788235785
"6171","Weierbach","Pool","Diptera",NA,2,2,1282,"intercept_trap",100688.788235785
"6172","Weierbach","Pool","Diptera",NA,2,2,1282,"intercept_trap",100688.788235785
"6173","Weierbach","Pool","Diptera",NA,2,2,1282,"intercept_trap",100688.788235785
"6174","Weierbach","Pool","Diptera",NA,2,2,1282,"intercept_trap",100688.788235785
"6175","Weierbach","Pool","Diptera",NA,2,2,1282,"intercept_trap",100688.788235785
"6176","Weierbach","Pool","Diptera",NA,2,2,1282,"intercept_trap",100688.788235785
"6177","Weierbach","Pool","Diptera",NA,2,2,1282,"intercept_trap",100688.788235785
"6178","Weierbach","Pool","Diptera",NA,2,2,1282,"intercept_trap",100688.788235785
"6179","Weierbach","Pool","Diptera",NA,2,2,1282,"intercept_trap",100688.788235785
"6180","Weierbach","Pool","Diptera",NA,2,2,1282,"intercept_trap",100688.788235785
"6181","Weierbach","Pool","Diptera",NA,2,2,1282,"intercept_trap",100688.788235785
"6182","Weierbach","Pool","Diptera",NA,2,2,1282,"intercept_trap",100688.788235785
"6183","Weierbach","Pool","Diptera",NA,2,2,1282,"intercept_trap",100688.788235785
"6184","Weierbach","Pool","Diptera",NA,2,2,1282,"intercept_trap",100688.788235785
"6185","Weierbach","Pool","Diptera",NA,2,2,1282,"intercept_trap",100688.788235785
"6186","Weierbach","Pool","Diptera",NA,2,2,1282,"intercept_trap",100688.788235785
"6187","Weierbach","Pool","Diptera",NA,2,2,1282,"intercept_trap",100688.788235785
"6188","Weierbach","Pool","Diptera",NA,2,2,1282,"intercept_trap",100688.788235785
"6189","Weierbach","Pool","Diptera",NA,2,2,1282,"intercept_trap",100688.788235785
"6190","Weierbach","Pool","Diptera",NA,2,2,1282,"intercept_trap",100688.788235785
"6191","Weierbach","Pool","Diptera",NA,2,2,1282,"intercept_trap",100688.788235785
"6192","Weierbach","Pool","Diptera",NA,2,2,1282,"intercept_trap",100688.788235785
"6193","Weierbach","Pool","Diptera",NA,2,2,1282,"intercept_trap",100688.788235785
"6194","Weierbach","Pool","Diptera",NA,2,2,1282,"intercept_trap",100688.788235785
"6195","Weierbach","Pool","Diptera",NA,2,2,1282,"intercept_trap",100688.788235785
"6196","Weierbach","Pool","Diptera",NA,2,2,1282,"intercept_trap",100688.788235785
"6197","Weierbach","Pool","Diptera",NA,2,2,1282,"intercept_trap",100688.788235785
"6198","Weierbach","Pool","Diptera",NA,2,2,1282,"intercept_trap",100688.788235785
"6199","Weierbach","Pool","Diptera",NA,2,2,1282,"intercept_trap",100688.788235785
"6200","Weierbach","Pool","Diptera",NA,2,2,1282,"intercept_trap",100688.788235785
"6201","Weierbach","Pool","Diptera",NA,2,2,1282,"intercept_trap",100688.788235785
"6202","Weierbach","Pool","Diptera",NA,2,2,1282,"intercept_trap",100688.788235785
"6203","Weierbach","Pool","Diptera",NA,2,2,1282,"intercept_trap",100688.788235785
"6204","Weierbach","Pool","Diptera",NA,2,2,1282,"intercept_trap",100688.788235785
"6205","Weierbach","Pool","Diptera",NA,2,2,1282,"intercept_trap",100688.788235785
"6206","Weierbach","Pool","Diptera",NA,2,2,1282,"intercept_trap",100688.788235785
"6207","Weierbach","Pool","Diptera",NA,2,2,1282,"intercept_trap",100688.788235785
"6208","Weierbach","Pool","Diptera",NA,2,2,1282,"intercept_trap",100688.788235785
"6209","Weierbach","Pool","Diptera",NA,2,2,1282,"intercept_trap",100688.788235785
"6210","Weierbach","Pool","Diptera",NA,2,2,1282,"intercept_trap",100688.788235785
"6211","Weierbach","Pool","Diptera",NA,2,2,1282,"intercept_trap",100688.788235785
"6212","Weierbach","Pool","Diptera",NA,2,2,1282,"intercept_trap",100688.788235785
"6213","Weierbach","Pool","Diptera",NA,2,2,1282,"intercept_trap",100688.788235785
"6214","Weierbach","Pool","Diptera",NA,2,2,1282,"intercept_trap",100688.788235785
"6215","Weierbach","Pool","Diptera",NA,2,2,1282,"intercept_trap",100688.788235785
"6216","Weierbach","Pool","Diptera",NA,2,2,1282,"intercept_trap",100688.788235785
"6217","Weierbach","Pool","Diptera",NA,2,2,1282,"intercept_trap",100688.788235785
"6218","Weierbach","Pool","Diptera",NA,2,2,1282,"intercept_trap",100688.788235785
"6219","Weierbach","Pool","Diptera",NA,2,2,1282,"intercept_trap",100688.788235785
"6220","Weierbach","Pool","Diptera",NA,2,2,1282,"intercept_trap",100688.788235785
"6221","Weierbach","Pool","Diptera",NA,2,2,1282,"intercept_trap",100688.788235785
"6222","Weierbach","Pool","Diptera",NA,2,2,1282,"intercept_trap",100688.788235785
"6223","Weierbach","Pool","Diptera",NA,2,2,1282,"intercept_trap",100688.788235785
"6224","Weierbach","Pool","Diptera",NA,2,2,1282,"intercept_trap",100688.788235785
"6225","Weierbach","Pool","Diptera",NA,2,2,1282,"intercept_trap",100688.788235785
"6226","Weierbach","Pool","Diptera",NA,2,2,1282,"intercept_trap",100688.788235785
"6227","Weierbach","Pool","Diptera",NA,2,2,1282,"intercept_trap",100688.788235785
"6228","Weierbach","Pool","Diptera",NA,2,2,1282,"intercept_trap",100688.788235785
"6229","Weierbach","Pool","Diptera",NA,2,2,1282,"intercept_trap",100688.788235785
"6230","Weierbach","Pool","Diptera",NA,2,2,1282,"intercept_trap",100688.788235785
"6231","Weierbach","Pool","Diptera",NA,2,2,1282,"intercept_trap",100688.788235785
"6232","Weierbach","Pool","Diptera",NA,2,2,1282,"intercept_trap",100688.788235785
"6233","Weierbach","Pool","Diptera",NA,2,2,1282,"intercept_trap",100688.788235785
"6234","Weierbach","Pool","Diptera",NA,2,2,1282,"intercept_trap",100688.788235785
"6235","Weierbach","Pool","Diptera",NA,2,2,1282,"intercept_trap",100688.788235785
"6236","Weierbach","Pool","Diptera",NA,2,2,1282,"intercept_trap",100688.788235785
"6237","Weierbach","Pool","Diptera",NA,2,2,1282,"intercept_trap",100688.788235785
"6238","Weierbach","Pool","Diptera",NA,2,2,1282,"intercept_trap",100688.788235785
"6239","Weierbach","Pool","Diptera",NA,3,2,1282,"intercept_trap",100688.788235785
"6240","Weierbach","Pool","Diptera",NA,3,2,1282,"intercept_trap",100688.788235785
"6241","Weierbach","Pool","Diptera",NA,3,2,1282,"intercept_trap",100688.788235785
"6242","Weierbach","Pool","Diptera",NA,3,2,1282,"intercept_trap",100688.788235785
"6243","Weierbach","Pool","Diptera",NA,3,2,1282,"intercept_trap",100688.788235785
"6244","Weierbach","Pool","Diptera",NA,3,2,1282,"intercept_trap",100688.788235785
"6245","Weierbach","Pool","Diptera",NA,3,2,1282,"intercept_trap",100688.788235785
"6246","Weierbach","Pool","Diptera",NA,3,2,1282,"intercept_trap",100688.788235785
"6247","Weierbach","Pool","Diptera",NA,3,2,1282,"intercept_trap",100688.788235785
"6248","Weierbach","Pool","Diptera",NA,3,2,1282,"intercept_trap",100688.788235785
"6249","Weierbach","Pool","Diptera",NA,3,2,1282,"intercept_trap",100688.788235785
"6250","Weierbach","Pool","Diptera",NA,4,2,1282,"intercept_trap",100688.788235785
"6251","Weierbach","Pool","Diptera",NA,4,2,1282,"intercept_trap",100688.788235785
"6252","Weierbach","Pool","Diptera",NA,4,2,1282,"intercept_trap",100688.788235785
"6253","Weierbach","Pool","Diptera",NA,4,2,1282,"intercept_trap",100688.788235785
"6254","Weierbach","Pool","Diptera",NA,4,2,1282,"intercept_trap",100688.788235785
"6255","Weierbach","Pool","Diptera",NA,4,2,1282,"intercept_trap",100688.788235785
"6256","Weierbach","Pool","Diptera",NA,4,2,1282,"intercept_trap",100688.788235785
"6257","Weierbach","Pool","Diptera",NA,4,2,1282,"intercept_trap",100688.788235785
"6258","Weierbach","Pool","Diptera",NA,4,2,1282,"intercept_trap",100688.788235785
"6259","Weierbach","Pool","Diptera",NA,4,2,1282,"intercept_trap",100688.788235785
"6260","Weierbach","Pool","Diptera",NA,5,2,1282,"intercept_trap",100688.788235785
"6261","Weierbach","Pool","Diptera",NA,5,2,1282,"intercept_trap",100688.788235785
"6262","Weierbach","Pool","Diptera",NA,5,2,1282,"intercept_trap",100688.788235785
"6263","Weierbach","Pool","Diptera",NA,5,2,1282,"intercept_trap",100688.788235785
"6264","Weierbach","Pool","Diptera",NA,5,2,1282,"intercept_trap",100688.788235785
"6265","Weierbach","Pool","Diptera",NA,5,2,1282,"intercept_trap",100688.788235785
"6266","Weierbach","Pool","Diptera",NA,5,2,1282,"intercept_trap",100688.788235785
"6267","Weierbach","Pool","Diptera",NA,6,2,1282,"intercept_trap",100688.788235785
"6268","Weierbach","Pool","Diptera",NA,6,2,1282,"intercept_trap",100688.788235785
"6269","Weierbach","Pool","Diptera",NA,6,2,1282,"intercept_trap",100688.788235785
"6270","Weierbach","Pool","Diptera",NA,6,2,1282,"intercept_trap",100688.788235785
"6271","Weierbach","Pool","Diptera",NA,6,2,1282,"intercept_trap",100688.788235785
"6272","Weierbach","Pool","Diptera",NA,7,2,1282,"intercept_trap",100688.788235785
"6273","Weierbach","Pool","Diptera",NA,8,2,1282,"intercept_trap",100688.788235785
"6274","Weierbach","Pool","Diptera",NA,8,2,1282,"intercept_trap",100688.788235785
"6275","Weierbach","Pool","Diptera",NA,9,2,1282,"intercept_trap",100688.788235785
"6276","Weierbach","Pool","Diptera",NA,9,2,1282,"intercept_trap",100688.788235785
"6277","Weierbach","Pool","Ephemeroptera",NA,8,2,1282,"intercept_trap",100688.788235785
"6278","Weierbach","Pool","Hemiptera",NA,2,2,1282,"intercept_trap",100688.788235785
"6279","Weierbach","Pool","Hemiptera",NA,2,2,1282,"intercept_trap",100688.788235785
"6280","Weierbach","Pool","Hemiptera",NA,2,2,1282,"intercept_trap",100688.788235785
"6281","Weierbach","Pool","Hemiptera",NA,3,2,1282,"intercept_trap",100688.788235785
"6282","Weierbach","Pool","Hemiptera",NA,3,2,1282,"intercept_trap",100688.788235785
"6283","Weierbach","Pool","Hemiptera",NA,3,2,1282,"intercept_trap",100688.788235785
"6284","Weierbach","Pool","Hemiptera",NA,3,2,1282,"intercept_trap",100688.788235785
"6285","Weierbach","Pool","Hemiptera",NA,3,2,1282,"intercept_trap",100688.788235785
"6286","Weierbach","Pool","Hemiptera",NA,3,2,1282,"intercept_trap",100688.788235785
"6287","Weierbach","Pool","Hemiptera",NA,5,2,1282,"intercept_trap",100688.788235785
"6288","Weierbach","Pool","Hemiptera","Aphidoidea",1,2,1282,"intercept_trap",100688.788235785
"6289","Weierbach","Pool","Hemiptera","Psylloidea",3,2,1282,"intercept_trap",100688.788235785
"6290","Weierbach","Pool","Hemiptera","Psylloidea",4,2,1282,"intercept_trap",100688.788235785
"6291","Weierbach","Pool","Hemiptera","Psylloidea",4,2,1282,"intercept_trap",100688.788235785
"6292","Weierbach","Pool","Hymenoptera","Formicidae",3,2,1282,"intercept_trap",100688.788235785
"6293","Weierbach","Pool","Hymenoptera",NA,1,2,1282,"intercept_trap",100688.788235785
"6294","Weierbach","Pool","Hymenoptera",NA,1,2,1282,"intercept_trap",100688.788235785
"6295","Weierbach","Pool","Hymenoptera",NA,1,2,1282,"intercept_trap",100688.788235785
"6296","Weierbach","Pool","Hymenoptera",NA,1,2,1282,"intercept_trap",100688.788235785
"6297","Weierbach","Pool","Hymenoptera",NA,1,2,1282,"intercept_trap",100688.788235785
"6298","Weierbach","Pool","Hymenoptera",NA,1,2,1282,"intercept_trap",100688.788235785
"6299","Weierbach","Pool","Hymenoptera",NA,1,2,1282,"intercept_trap",100688.788235785
"6300","Weierbach","Pool","Hymenoptera",NA,2,2,1282,"intercept_trap",100688.788235785
"6301","Weierbach","Pool","Hymenoptera",NA,2,2,1282,"intercept_trap",100688.788235785
"6302","Weierbach","Pool","Hymenoptera",NA,3,2,1282,"intercept_trap",100688.788235785
"6303","Weierbach","Pool","Hymenoptera",NA,3,2,1282,"intercept_trap",100688.788235785
"6304","Weierbach","Pool","Hymenoptera",NA,5,2,1282,"intercept_trap",100688.788235785
"6305","Weierbach","Pool","Lepidoptera",NA,3,2,1282,"intercept_trap",100688.788235785
"6306","Weierbach","Pool","Lepidoptera",NA,4,2,1282,"intercept_trap",100688.788235785
"6307","Weierbach","Pool","Neuroptera",NA,6,2,1282,"intercept_trap",100688.788235785
"6308","Weierbach","Pool","Neuroptera",NA,10,2,1282,"intercept_trap",100688.788235785
"6309","Weierbach","Pool","Psocoptera",NA,2,2,1282,"intercept_trap",100688.788235785
"6310","Weierbach","Pool","Psocoptera",NA,2,2,1282,"intercept_trap",100688.788235785
"6311","Weierbach","Pool","Psocoptera",NA,2,2,1282,"intercept_trap",100688.788235785
"6312","Weierbach","Pool","Psocoptera",NA,2,2,1282,"intercept_trap",100688.788235785
"6313","Weierbach","Pool","Psocoptera",NA,3,2,1282,"intercept_trap",100688.788235785
"6314","Weierbach","Pool","Thysanoptera",NA,1,2,1282,"intercept_trap",100688.788235785
"6315","Weierbach","Pool","Thysanoptera",NA,1,2,1282,"intercept_trap",100688.788235785
"6316","Weierbach","Control","Coleoptera","Carabidae",3,2,1282,"intercept_trap",100688.788235785
"6317","Weierbach","Control","Coleoptera","Curculionidae",2,2,1282,"intercept_trap",100688.788235785
"6318","Weierbach","Control","Coleoptera","Curculionidae",2,2,1282,"intercept_trap",100688.788235785
"6319","Weierbach","Control","Coleoptera","Curculionidae",2,2,1282,"intercept_trap",100688.788235785
"6320","Weierbach","Control","Coleoptera","Curculionidae",2,2,1282,"intercept_trap",100688.788235785
"6321","Weierbach","Control","Coleoptera","Coccinellidae",7,2,1282,"intercept_trap",100688.788235785
"6322","Weierbach","Control","Coleoptera","Staphylinidae",2,2,1282,"intercept_trap",100688.788235785
"6323","Weierbach","Control","Coleoptera","Staphylinidae",2,2,1282,"intercept_trap",100688.788235785
"6324","Weierbach","Control","Coleoptera","Staphylinidae",2,2,1282,"intercept_trap",100688.788235785
"6325","Weierbach","Control","Coleoptera","Staphylinidae",2,2,1282,"intercept_trap",100688.788235785
"6326","Weierbach","Control","Coleoptera","Staphylinidae",2,2,1282,"intercept_trap",100688.788235785
"6327","Weierbach","Control","Coleoptera","Staphylinidae",2,2,1282,"intercept_trap",100688.788235785
"6328","Weierbach","Control","Coleoptera","Staphylinidae",2,2,1282,"intercept_trap",100688.788235785
"6329","Weierbach","Control","Coleoptera","Staphylinidae",2,2,1282,"intercept_trap",100688.788235785
"6330","Weierbach","Control","Coleoptera","Staphylinidae",3,2,1282,"intercept_trap",100688.788235785
"6331","Weierbach","Control","Coleoptera","Staphylinidae",3,2,1282,"intercept_trap",100688.788235785
"6332","Weierbach","Control","Coleoptera","Staphylinidae",3,2,1282,"intercept_trap",100688.788235785
"6333","Weierbach","Control","Coleoptera","Staphylinidae",3,2,1282,"intercept_trap",100688.788235785
"6334","Weierbach","Control","Coleoptera","Staphylinidae",3,2,1282,"intercept_trap",100688.788235785
"6335","Weierbach","Control","Coleoptera","Staphylinidae",3,2,1282,"intercept_trap",100688.788235785
"6336","Weierbach","Control","Coleoptera","Staphylinidae",3,2,1282,"intercept_trap",100688.788235785
"6337","Weierbach","Control","Coleoptera","Staphylinidae",3,2,1282,"intercept_trap",100688.788235785
"6338","Weierbach","Control","Coleoptera","Staphylinidae",4,2,1282,"intercept_trap",100688.788235785
"6339","Weierbach","Control","Coleoptera","Staphylinidae",4,2,1282,"intercept_trap",100688.788235785
"6340","Weierbach","Control","Coleoptera","Staphylinidae",5,2,1282,"intercept_trap",100688.788235785
"6341","Weierbach","Control","Coleoptera","Staphylinidae",5,2,1282,"intercept_trap",100688.788235785
"6342","Weierbach","Control","Coleoptera","Staphylinidae",5,2,1282,"intercept_trap",100688.788235785
"6343","Weierbach","Control","Coleoptera","Staphylinidae",5,2,1282,"intercept_trap",100688.788235785
"6344","Weierbach","Control","Coleoptera","Staphylinidae",5,2,1282,"intercept_trap",100688.788235785
"6345","Weierbach","Control","Coleoptera","Staphylinidae",5,2,1282,"intercept_trap",100688.788235785
"6346","Weierbach","Control","Coleoptera","Staphylinidae",5,2,1282,"intercept_trap",100688.788235785
"6347","Weierbach","Control","Coleoptera","Staphylinidae",6,2,1282,"intercept_trap",100688.788235785
"6348","Weierbach","Control","Coleoptera","Staphylinidae",6,2,1282,"intercept_trap",100688.788235785
"6349","Weierbach","Control","Coleoptera","Staphylinidae",7,2,1282,"intercept_trap",100688.788235785
"6350","Weierbach","Control","Diptera",NA,2,2,1282,"intercept_trap",100688.788235785
"6351","Weierbach","Control","Diptera",NA,3,2,1282,"intercept_trap",100688.788235785
"6352","Weierbach","Control","Diptera",NA,4,2,1282,"intercept_trap",100688.788235785
"6353","Weierbach","Control","Diptera",NA,5,2,1282,"intercept_trap",100688.788235785
"6354","Weierbach","Control","Diptera",NA,5,2,1282,"intercept_trap",100688.788235785
"6355","Weierbach","Control","Diptera",NA,7,2,1282,"intercept_trap",100688.788235785
"6356","Weierbach","Control","Diptera",NA,7,2,1282,"intercept_trap",100688.788235785
"6357","Weierbach","Control","Diptera",NA,7,2,1282,"intercept_trap",100688.788235785
"6358","Weierbach","Control","Diptera",NA,7,2,1282,"intercept_trap",100688.788235785
"6359","Weierbach","Control","Diptera",NA,7,2,1282,"intercept_trap",100688.788235785
"6360","Weierbach","Control","Diptera",NA,7,2,1282,"intercept_trap",100688.788235785
"6361","Weierbach","Control","Diptera",NA,7,2,1282,"intercept_trap",100688.788235785
"6362","Weierbach","Control","Diptera",NA,7,2,1282,"intercept_trap",100688.788235785
"6363","Weierbach","Control","Diptera",NA,8,2,1282,"intercept_trap",100688.788235785
"6364","Weierbach","Control","Diptera",NA,8,2,1282,"intercept_trap",100688.788235785
"6365","Weierbach","Control","Diptera",NA,8,2,1282,"intercept_trap",100688.788235785
"6366","Weierbach","Control","Diptera",NA,8,2,1282,"intercept_trap",100688.788235785
"6367","Weierbach","Control","Diptera",NA,8,2,1282,"intercept_trap",100688.788235785
"6368","Weierbach","Control","Diptera",NA,8,2,1282,"intercept_trap",100688.788235785
"6369","Weierbach","Control","Diptera",NA,8,2,1282,"intercept_trap",100688.788235785
"6370","Weierbach","Control","Diptera",NA,8,2,1282,"intercept_trap",100688.788235785
"6371","Weierbach","Control","Diptera",NA,9,2,1282,"intercept_trap",100688.788235785
"6372","Weierbach","Control","Diptera",NA,10,2,1282,"intercept_trap",100688.788235785
"6373","Weierbach","Control","Diptera",NA,11,2,1282,"intercept_trap",100688.788235785
"6374","Weierbach","Control","Diptera",NA,1,2,1282,"intercept_trap",100688.788235785
"6375","Weierbach","Control","Diptera",NA,1,2,1282,"intercept_trap",100688.788235785
"6376","Weierbach","Control","Diptera",NA,1,2,1282,"intercept_trap",100688.788235785
"6377","Weierbach","Control","Diptera",NA,1,2,1282,"intercept_trap",100688.788235785
"6378","Weierbach","Control","Diptera",NA,2,2,1282,"intercept_trap",100688.788235785
"6379","Weierbach","Control","Diptera",NA,2,2,1282,"intercept_trap",100688.788235785
"6380","Weierbach","Control","Diptera",NA,2,2,1282,"intercept_trap",100688.788235785
"6381","Weierbach","Control","Diptera",NA,2,2,1282,"intercept_trap",100688.788235785
"6382","Weierbach","Control","Diptera",NA,4,2,1282,"intercept_trap",100688.788235785
"6383","Weierbach","Control","Diptera",NA,5,2,1282,"intercept_trap",100688.788235785
"6384","Weierbach","Control","Hemiptera","Psylloidea",3,2,1282,"intercept_trap",100688.788235785
"6385","Weierbach","Control","Hymenoptera",NA,1,2,1282,"intercept_trap",100688.788235785
"6386","Weierbach","Control","Hymenoptera",NA,1,2,1282,"intercept_trap",100688.788235785
"6387","Weierbach","Control","Hymenoptera",NA,2,2,1282,"intercept_trap",100688.788235785
"6388","Weierbach","Control","Hymenoptera",NA,3,2,1282,"intercept_trap",100688.788235785
"6389","Weierbach","Control","Hymenoptera",NA,6,2,1282,"intercept_trap",100688.788235785
"6390","Weierbach","Control","Hymenoptera",NA,12,2,1282,"intercept_trap",100688.788235785
"6391","Weierbach","Control","Hymenoptera",NA,12,2,1282,"intercept_trap",100688.788235785
"6392","Weierbach","Control","Lepidoptera","Erebidae",15,2,1282,"intercept_trap",100688.788235785
"6393","Weierbach","Control","Lepidoptera",NA,5,2,1282,"intercept_trap",100688.788235785
"6394","Weierbach","Control","Psocoptera",NA,2,2,1282,"intercept_trap",100688.788235785
"6395","Weierbach","Control","Thysanoptera",NA,2,2,1282,"intercept_trap",100688.788235785
"6396","Weierbach","Pool","Araneae",NA,1,2,1282,"intercept_trap",100688.788235785
"6397","Weierbach","Pool","Araneae",NA,1,2,1282,"intercept_trap",100688.788235785
"6398","Weierbach","Pool","Araneae",NA,1,2,1282,"intercept_trap",100688.788235785
"6399","Weierbach","Pool","Araneae",NA,2,2,1282,"intercept_trap",100688.788235785
"6400","Weierbach","Pool","Araneae",NA,2,2,1282,"intercept_trap",100688.788235785
"6401","Weierbach","Pool","Araneae",NA,2,2,1282,"intercept_trap",100688.788235785
"6402","Weierbach","Pool","Araneae",NA,3,2,1282,"intercept_trap",100688.788235785
"6403","Weierbach","Pool","Araneae",NA,3,2,1282,"intercept_trap",100688.788235785
"6404","Weierbach","Pool","Araneae",NA,3,2,1282,"intercept_trap",100688.788235785
"6405","Weierbach","Pool","Araneae",NA,4,2,1282,"intercept_trap",100688.788235785
"6406","Weierbach","Pool","Araneae",NA,8,2,1282,"intercept_trap",100688.788235785
"6407","Weierbach","Pool","Coleoptera","Curculionidae",2,2,1282,"intercept_trap",100688.788235785
"6408","Weierbach","Pool","Coleoptera","Curculionidae",2,2,1282,"intercept_trap",100688.788235785
"6409","Weierbach","Pool","Coleoptera","Curculionidae",2,2,1282,"intercept_trap",100688.788235785
"6410","Weierbach","Pool","Coleoptera","Curculionidae",2,2,1282,"intercept_trap",100688.788235785
"6411","Weierbach","Pool","Coleoptera","Curculionidae",2,2,1282,"intercept_trap",100688.788235785
"6412","Weierbach","Pool","Coleoptera","Curculionidae",3,2,1282,"intercept_trap",100688.788235785
"6413","Weierbach","Pool","Coleoptera","Curculionidae",3,2,1282,"intercept_trap",100688.788235785
"6414","Weierbach","Pool","Coleoptera","Staphylinidae",2,2,1282,"intercept_trap",100688.788235785
"6415","Weierbach","Pool","Coleoptera","Staphylinidae",2,2,1282,"intercept_trap",100688.788235785
"6416","Weierbach","Pool","Coleoptera",NA,2,2,1282,"intercept_trap",100688.788235785
"6417","Weierbach","Pool","Coleoptera",NA,2,2,1282,"intercept_trap",100688.788235785
"6418","Weierbach","Pool","Coleoptera",NA,3,2,1282,"intercept_trap",100688.788235785
"6419","Weierbach","Pool","Coleoptera",NA,3,2,1282,"intercept_trap",100688.788235785
"6420","Weierbach","Pool","Coleoptera",NA,3,2,1282,"intercept_trap",100688.788235785
"6421","Weierbach","Pool","Coleoptera",NA,3,2,1282,"intercept_trap",100688.788235785
"6422","Weierbach","Pool","Coleoptera",NA,3,2,1282,"intercept_trap",100688.788235785
"6423","Weierbach","Pool","Coleoptera",NA,4,2,1282,"intercept_trap",100688.788235785
"6424","Weierbach","Pool","Coleoptera",NA,9,2,1282,"intercept_trap",100688.788235785
"6425","Weierbach","Pool","Diptera",NA,2,2,1282,"intercept_trap",100688.788235785
"6426","Weierbach","Pool","Diptera",NA,2,2,1282,"intercept_trap",100688.788235785
"6427","Weierbach","Pool","Diptera",NA,2,2,1282,"intercept_trap",100688.788235785
"6428","Weierbach","Pool","Diptera",NA,2,2,1282,"intercept_trap",100688.788235785
"6429","Weierbach","Pool","Diptera",NA,2,2,1282,"intercept_trap",100688.788235785
"6430","Weierbach","Pool","Diptera",NA,2,2,1282,"intercept_trap",100688.788235785
"6431","Weierbach","Pool","Diptera",NA,2,2,1282,"intercept_trap",100688.788235785
"6432","Weierbach","Pool","Diptera",NA,3,2,1282,"intercept_trap",100688.788235785
"6433","Weierbach","Pool","Diptera",NA,3,2,1282,"intercept_trap",100688.788235785
"6434","Weierbach","Pool","Diptera",NA,3,2,1282,"intercept_trap",100688.788235785
"6435","Weierbach","Pool","Diptera",NA,3,2,1282,"intercept_trap",100688.788235785
"6436","Weierbach","Pool","Diptera",NA,3,2,1282,"intercept_trap",100688.788235785
"6437","Weierbach","Pool","Diptera",NA,4,2,1282,"intercept_trap",100688.788235785
"6438","Weierbach","Pool","Diptera",NA,5,2,1282,"intercept_trap",100688.788235785
"6439","Weierbach","Pool","Diptera",NA,5,2,1282,"intercept_trap",100688.788235785
"6440","Weierbach","Pool","Diptera",NA,5,2,1282,"intercept_trap",100688.788235785
"6441","Weierbach","Pool","Diptera",NA,5,2,1282,"intercept_trap",100688.788235785
"6442","Weierbach","Pool","Diptera",NA,5,2,1282,"intercept_trap",100688.788235785
"6443","Weierbach","Pool","Diptera",NA,5,2,1282,"intercept_trap",100688.788235785
"6444","Weierbach","Pool","Diptera",NA,5,2,1282,"intercept_trap",100688.788235785
"6445","Weierbach","Pool","Diptera",NA,5,2,1282,"intercept_trap",100688.788235785
"6446","Weierbach","Pool","Diptera",NA,5,2,1282,"intercept_trap",100688.788235785
"6447","Weierbach","Pool","Diptera",NA,6,2,1282,"intercept_trap",100688.788235785
"6448","Weierbach","Pool","Diptera",NA,6,2,1282,"intercept_trap",100688.788235785
"6449","Weierbach","Pool","Diptera",NA,6,2,1282,"intercept_trap",100688.788235785
"6450","Weierbach","Pool","Diptera",NA,6,2,1282,"intercept_trap",100688.788235785
"6451","Weierbach","Pool","Diptera",NA,6,2,1282,"intercept_trap",100688.788235785
"6452","Weierbach","Pool","Diptera",NA,6,2,1282,"intercept_trap",100688.788235785
"6453","Weierbach","Pool","Diptera",NA,6,2,1282,"intercept_trap",100688.788235785
"6454","Weierbach","Pool","Diptera",NA,6,2,1282,"intercept_trap",100688.788235785
"6455","Weierbach","Pool","Diptera",NA,6,2,1282,"intercept_trap",100688.788235785
"6456","Weierbach","Pool","Diptera",NA,7,2,1282,"intercept_trap",100688.788235785
"6457","Weierbach","Pool","Diptera",NA,7,2,1282,"intercept_trap",100688.788235785
"6458","Weierbach","Pool","Diptera",NA,7,2,1282,"intercept_trap",100688.788235785
"6459","Weierbach","Pool","Diptera",NA,7,2,1282,"intercept_trap",100688.788235785
"6460","Weierbach","Pool","Diptera",NA,8,2,1282,"intercept_trap",100688.788235785
"6461","Weierbach","Pool","Diptera",NA,8,2,1282,"intercept_trap",100688.788235785
"6462","Weierbach","Pool","Diptera",NA,8,2,1282,"intercept_trap",100688.788235785
"6463","Weierbach","Pool","Diptera",NA,8,2,1282,"intercept_trap",100688.788235785
"6464","Weierbach","Pool","Diptera",NA,8,2,1282,"intercept_trap",100688.788235785
"6465","Weierbach","Pool","Diptera",NA,8,2,1282,"intercept_trap",100688.788235785
"6466","Weierbach","Pool","Diptera",NA,8,2,1282,"intercept_trap",100688.788235785
"6467","Weierbach","Pool","Diptera",NA,8,2,1282,"intercept_trap",100688.788235785
"6468","Weierbach","Pool","Diptera",NA,8,2,1282,"intercept_trap",100688.788235785
"6469","Weierbach","Pool","Diptera",NA,8,2,1282,"intercept_trap",100688.788235785
"6470","Weierbach","Pool","Diptera",NA,8,2,1282,"intercept_trap",100688.788235785
"6471","Weierbach","Pool","Diptera",NA,9,2,1282,"intercept_trap",100688.788235785
"6472","Weierbach","Pool","Diptera",NA,10,2,1282,"intercept_trap",100688.788235785
"6473","Weierbach","Pool","Diptera",NA,12,2,1282,"intercept_trap",100688.788235785
"6474","Weierbach","Pool","Diptera",NA,12,2,1282,"intercept_trap",100688.788235785
"6475","Weierbach","Pool","Diptera",NA,1,2,1282,"intercept_trap",100688.788235785
"6476","Weierbach","Pool","Diptera",NA,1,2,1282,"intercept_trap",100688.788235785
"6477","Weierbach","Pool","Diptera",NA,1,2,1282,"intercept_trap",100688.788235785
"6478","Weierbach","Pool","Diptera",NA,1,2,1282,"intercept_trap",100688.788235785
"6479","Weierbach","Pool","Diptera",NA,1,2,1282,"intercept_trap",100688.788235785
"6480","Weierbach","Pool","Diptera",NA,1,2,1282,"intercept_trap",100688.788235785
"6481","Weierbach","Pool","Diptera",NA,1,2,1282,"intercept_trap",100688.788235785
"6482","Weierbach","Pool","Diptera",NA,1,2,1282,"intercept_trap",100688.788235785
"6483","Weierbach","Pool","Diptera",NA,1,2,1282,"intercept_trap",100688.788235785
"6484","Weierbach","Pool","Diptera",NA,1,2,1282,"intercept_trap",100688.788235785
"6485","Weierbach","Pool","Diptera",NA,1,2,1282,"intercept_trap",100688.788235785
"6486","Weierbach","Pool","Diptera",NA,1,2,1282,"intercept_trap",100688.788235785
"6487","Weierbach","Pool","Diptera",NA,1,2,1282,"intercept_trap",100688.788235785
"6488","Weierbach","Pool","Diptera",NA,1,2,1282,"intercept_trap",100688.788235785
"6489","Weierbach","Pool","Diptera",NA,1,2,1282,"intercept_trap",100688.788235785
"6490","Weierbach","Pool","Diptera",NA,1,2,1282,"intercept_trap",100688.788235785
"6491","Weierbach","Pool","Diptera",NA,1,2,1282,"intercept_trap",100688.788235785
"6492","Weierbach","Pool","Diptera",NA,1,2,1282,"intercept_trap",100688.788235785
"6493","Weierbach","Pool","Diptera",NA,1,2,1282,"intercept_trap",100688.788235785
"6494","Weierbach","Pool","Diptera",NA,2,2,1282,"intercept_trap",100688.788235785
"6495","Weierbach","Pool","Diptera",NA,2,2,1282,"intercept_trap",100688.788235785
"6496","Weierbach","Pool","Diptera",NA,2,2,1282,"intercept_trap",100688.788235785
"6497","Weierbach","Pool","Diptera",NA,2,2,1282,"intercept_trap",100688.788235785
"6498","Weierbach","Pool","Diptera",NA,2,2,1282,"intercept_trap",100688.788235785
"6499","Weierbach","Pool","Diptera",NA,2,2,1282,"intercept_trap",100688.788235785
"6500","Weierbach","Pool","Diptera",NA,2,2,1282,"intercept_trap",100688.788235785
"6501","Weierbach","Pool","Diptera",NA,2,2,1282,"intercept_trap",100688.788235785
"6502","Weierbach","Pool","Diptera",NA,2,2,1282,"intercept_trap",100688.788235785
"6503","Weierbach","Pool","Diptera",NA,2,2,1282,"intercept_trap",100688.788235785
"6504","Weierbach","Pool","Diptera",NA,2,2,1282,"intercept_trap",100688.788235785
"6505","Weierbach","Pool","Diptera",NA,2,2,1282,"intercept_trap",100688.788235785
"6506","Weierbach","Pool","Diptera",NA,2,2,1282,"intercept_trap",100688.788235785
"6507","Weierbach","Pool","Diptera",NA,2,2,1282,"intercept_trap",100688.788235785
"6508","Weierbach","Pool","Diptera",NA,2,2,1282,"intercept_trap",100688.788235785
"6509","Weierbach","Pool","Diptera",NA,2,2,1282,"intercept_trap",100688.788235785
"6510","Weierbach","Pool","Diptera",NA,2,2,1282,"intercept_trap",100688.788235785
"6511","Weierbach","Pool","Diptera",NA,2,2,1282,"intercept_trap",100688.788235785
"6512","Weierbach","Pool","Diptera",NA,2,2,1282,"intercept_trap",100688.788235785
"6513","Weierbach","Pool","Diptera",NA,2,2,1282,"intercept_trap",100688.788235785
"6514","Weierbach","Pool","Diptera",NA,2,2,1282,"intercept_trap",100688.788235785
"6515","Weierbach","Pool","Diptera",NA,2,2,1282,"intercept_trap",100688.788235785
"6516","Weierbach","Pool","Diptera",NA,2,2,1282,"intercept_trap",100688.788235785
"6517","Weierbach","Pool","Diptera",NA,2,2,1282,"intercept_trap",100688.788235785
"6518","Weierbach","Pool","Diptera",NA,2,2,1282,"intercept_trap",100688.788235785
"6519","Weierbach","Pool","Diptera",NA,2,2,1282,"intercept_trap",100688.788235785
"6520","Weierbach","Pool","Diptera",NA,2,2,1282,"intercept_trap",100688.788235785
"6521","Weierbach","Pool","Diptera",NA,2,2,1282,"intercept_trap",100688.788235785
"6522","Weierbach","Pool","Diptera",NA,2,2,1282,"intercept_trap",100688.788235785
"6523","Weierbach","Pool","Diptera",NA,2,2,1282,"intercept_trap",100688.788235785
"6524","Weierbach","Pool","Diptera",NA,2,2,1282,"intercept_trap",100688.788235785
"6525","Weierbach","Pool","Diptera",NA,2,2,1282,"intercept_trap",100688.788235785
"6526","Weierbach","Pool","Diptera",NA,2,2,1282,"intercept_trap",100688.788235785
"6527","Weierbach","Pool","Diptera",NA,2,2,1282,"intercept_trap",100688.788235785
"6528","Weierbach","Pool","Diptera",NA,2,2,1282,"intercept_trap",100688.788235785
"6529","Weierbach","Pool","Diptera",NA,2,2,1282,"intercept_trap",100688.788235785
"6530","Weierbach","Pool","Diptera",NA,2,2,1282,"intercept_trap",100688.788235785
"6531","Weierbach","Pool","Diptera",NA,2,2,1282,"intercept_trap",100688.788235785
"6532","Weierbach","Pool","Diptera",NA,2,2,1282,"intercept_trap",100688.788235785
"6533","Weierbach","Pool","Diptera",NA,2,2,1282,"intercept_trap",100688.788235785
"6534","Weierbach","Pool","Diptera",NA,2,2,1282,"intercept_trap",100688.788235785
"6535","Weierbach","Pool","Diptera",NA,2,2,1282,"intercept_trap",100688.788235785
"6536","Weierbach","Pool","Diptera",NA,2,2,1282,"intercept_trap",100688.788235785
"6537","Weierbach","Pool","Diptera",NA,2,2,1282,"intercept_trap",100688.788235785
"6538","Weierbach","Pool","Diptera",NA,2,2,1282,"intercept_trap",100688.788235785
"6539","Weierbach","Pool","Diptera",NA,2,2,1282,"intercept_trap",100688.788235785
"6540","Weierbach","Pool","Diptera",NA,2,2,1282,"intercept_trap",100688.788235785
"6541","Weierbach","Pool","Diptera",NA,2,2,1282,"intercept_trap",100688.788235785
"6542","Weierbach","Pool","Diptera",NA,2,2,1282,"intercept_trap",100688.788235785
"6543","Weierbach","Pool","Diptera",NA,2,2,1282,"intercept_trap",100688.788235785
"6544","Weierbach","Pool","Diptera",NA,2,2,1282,"intercept_trap",100688.788235785
"6545","Weierbach","Pool","Diptera",NA,2,2,1282,"intercept_trap",100688.788235785
"6546","Weierbach","Pool","Diptera",NA,2,2,1282,"intercept_trap",100688.788235785
"6547","Weierbach","Pool","Diptera",NA,2,2,1282,"intercept_trap",100688.788235785
"6548","Weierbach","Pool","Diptera",NA,2,2,1282,"intercept_trap",100688.788235785
"6549","Weierbach","Pool","Diptera",NA,2,2,1282,"intercept_trap",100688.788235785
"6550","Weierbach","Pool","Diptera",NA,2,2,1282,"intercept_trap",100688.788235785
"6551","Weierbach","Pool","Diptera",NA,3,2,1282,"intercept_trap",100688.788235785
"6552","Weierbach","Pool","Diptera",NA,3,2,1282,"intercept_trap",100688.788235785
"6553","Weierbach","Pool","Diptera",NA,3,2,1282,"intercept_trap",100688.788235785
"6554","Weierbach","Pool","Diptera",NA,3,2,1282,"intercept_trap",100688.788235785
"6555","Weierbach","Pool","Diptera",NA,3,2,1282,"intercept_trap",100688.788235785
"6556","Weierbach","Pool","Diptera",NA,3,2,1282,"intercept_trap",100688.788235785
"6557","Weierbach","Pool","Diptera",NA,3,2,1282,"intercept_trap",100688.788235785
"6558","Weierbach","Pool","Diptera",NA,4,2,1282,"intercept_trap",100688.788235785
"6559","Weierbach","Pool","Diptera",NA,5,2,1282,"intercept_trap",100688.788235785
"6560","Weierbach","Pool","Diptera",NA,5,2,1282,"intercept_trap",100688.788235785
"6561","Weierbach","Pool","Diptera",NA,5,2,1282,"intercept_trap",100688.788235785
"6562","Weierbach","Pool","Diptera",NA,5,2,1282,"intercept_trap",100688.788235785
"6563","Weierbach","Pool","Diptera",NA,6,2,1282,"intercept_trap",100688.788235785
"6564","Weierbach","Pool","Diptera",NA,6,2,1282,"intercept_trap",100688.788235785
"6565","Weierbach","Pool","Diptera",NA,6,2,1282,"intercept_trap",100688.788235785
"6566","Weierbach","Pool","Diptera",NA,6,2,1282,"intercept_trap",100688.788235785
"6567","Weierbach","Pool","Diptera",NA,6,2,1282,"intercept_trap",100688.788235785
"6568","Weierbach","Pool","Hemiptera",NA,2,2,1282,"intercept_trap",100688.788235785
"6569","Weierbach","Pool","Hemiptera",NA,1,2,1282,"intercept_trap",100688.788235785
"6570","Weierbach","Pool","Hemiptera",NA,4,2,1282,"intercept_trap",100688.788235785
"6571","Weierbach","Pool","Hymenoptera","Vespidae",11,2,1282,"intercept_trap",100688.788235785
"6572","Weierbach","Pool","Hymenoptera","Vespidae",12,2,1282,"intercept_trap",100688.788235785
"6573","Weierbach","Pool","Hymenoptera","Vespidae",12,2,1282,"intercept_trap",100688.788235785
"6574","Weierbach","Pool","Hymenoptera","Vespidae",12,2,1282,"intercept_trap",100688.788235785
"6575","Weierbach","Pool","Hymenoptera","Vespidae",13,2,1282,"intercept_trap",100688.788235785
"6576","Weierbach","Pool","Hymenoptera","Vespidae",14,2,1282,"intercept_trap",100688.788235785
"6577","Weierbach","Pool","Hymenoptera","Vespidae",22,2,1282,"intercept_trap",100688.788235785
"6578","Weierbach","Pool","Hymenoptera","Vespidae",23,2,1282,"intercept_trap",100688.788235785
"6579","Weierbach","Pool","Hymenoptera",NA,1,2,1282,"intercept_trap",100688.788235785
"6580","Weierbach","Pool","Hymenoptera",NA,1,2,1282,"intercept_trap",100688.788235785
"6581","Weierbach","Pool","Hymenoptera",NA,1,2,1282,"intercept_trap",100688.788235785
"6582","Weierbach","Pool","Hymenoptera",NA,1,2,1282,"intercept_trap",100688.788235785
"6583","Weierbach","Pool","Hymenoptera",NA,1,2,1282,"intercept_trap",100688.788235785
"6584","Weierbach","Pool","Hymenoptera",NA,1,2,1282,"intercept_trap",100688.788235785
"6585","Weierbach","Pool","Hymenoptera",NA,1,2,1282,"intercept_trap",100688.788235785
"6586","Weierbach","Pool","Hymenoptera",NA,1,2,1282,"intercept_trap",100688.788235785
"6587","Weierbach","Pool","Hymenoptera",NA,1,2,1282,"intercept_trap",100688.788235785
"6588","Weierbach","Pool","Hymenoptera",NA,1,2,1282,"intercept_trap",100688.788235785
"6589","Weierbach","Pool","Hymenoptera",NA,1,2,1282,"intercept_trap",100688.788235785
"6590","Weierbach","Pool","Hymenoptera",NA,1,2,1282,"intercept_trap",100688.788235785
"6591","Weierbach","Pool","Hymenoptera",NA,1,2,1282,"intercept_trap",100688.788235785
"6592","Weierbach","Pool","Hymenoptera",NA,1,2,1282,"intercept_trap",100688.788235785
"6593","Weierbach","Pool","Hymenoptera",NA,1,2,1282,"intercept_trap",100688.788235785
"6594","Weierbach","Pool","Hymenoptera",NA,1,2,1282,"intercept_trap",100688.788235785
"6595","Weierbach","Pool","Hymenoptera",NA,1,2,1282,"intercept_trap",100688.788235785
"6596","Weierbach","Pool","Hymenoptera",NA,2,2,1282,"intercept_trap",100688.788235785
"6597","Weierbach","Pool","Hymenoptera",NA,3,2,1282,"intercept_trap",100688.788235785
"6598","Weierbach","Pool","Hymenoptera",NA,3,2,1282,"intercept_trap",100688.788235785
"6599","Weierbach","Pool","Hymenoptera",NA,4,2,1282,"intercept_trap",100688.788235785
"6600","Weierbach","Pool","Lepidoptera",NA,2,2,1282,"intercept_trap",100688.788235785
"6601","Weierbach","Pool","Lepidoptera",NA,7,2,1282,"intercept_trap",100688.788235785
"6602","Weierbach","Pool","Lepidoptera",NA,8,2,1282,"intercept_trap",100688.788235785
"6603","Weierbach","Pool","Lepidoptera",NA,11,2,1282,"intercept_trap",100688.788235785
"6604","Weierbach","Pool","Lepidoptera",NA,11,2,1282,"intercept_trap",100688.788235785
