"","X","site","location","order","family","length","ecomorphology","area_pool","human_influence","method","a","b","formula_type","dw","human_influence_z","counts","xmin","xmax"
"1",1,"Tegel","Control","Trichoptera","Rhyacophilidae",6,"2",728,191108.434590873,"kick_net",0.01,2.48,1,0.850775746890881,1.53020005388967,1,0.129786813413124,17.0281238483793
"2",2,"Tegel","Control","Trichoptera","Rhyacophilidae",19,"2",728,191108.434590873,"kick_net",0.01,2.48,1,14.8357303242854,1.53020005388967,1,0.129786813413124,17.0281238483793
"3",3,"Tegel","Control","Trichoptera","Hydropsychidae",15,"2",728,191108.434590873,"kick_net",0.005,2.926,1,13.8106153107423,1.53020005388967,1,0.129786813413124,17.0281238483793
"4",4,"Tegel","Control","Trichoptera","Sericostomatidae",5,"2",728,191108.434590873,"kick_net",0.007,2.74,1,0.57580555704191,1.53020005388967,1,0.129786813413124,17.0281238483793
"5",6,"Tegel","Control","Ephemeroptera","Ephemerellidae",3,"2",728,191108.434590873,"kick_net",0.01,2.676,1,0.189136991919144,1.53020005388967,1,0.129786813413124,17.0281238483793
"6",7,"Tegel","Control","Ephemeroptera","Ephemerellidae",3,"2",728,191108.434590873,"kick_net",0.01,2.676,1,0.189136991919144,1.53020005388967,1,0.129786813413124,17.0281238483793
"7",8,"Tegel","Control","Ephemeroptera","Ephemerellidae",3,"2",728,191108.434590873,"kick_net",0.01,2.676,1,0.189136991919144,1.53020005388967,1,0.129786813413124,17.0281238483793
"8",9,"Tegel","Control","Ephemeroptera","Ephemerellidae",3,"2",728,191108.434590873,"kick_net",0.01,2.676,1,0.189136991919144,1.53020005388967,1,0.129786813413124,17.0281238483793
"9",10,"Tegel","Control","Ephemeroptera","Ephemerellidae",4,"2",728,191108.434590873,"kick_net",0.01,2.676,1,0.408425206025265,1.53020005388967,1,0.129786813413124,17.0281238483793
"10",11,"Tegel","Control","Ephemeroptera","Ephemerellidae",4,"2",728,191108.434590873,"kick_net",0.01,2.676,1,0.408425206025265,1.53020005388967,1,0.129786813413124,17.0281238483793
"11",12,"Tegel","Control","Ephemeroptera","Ephemerellidae",4,"2",728,191108.434590873,"kick_net",0.01,2.676,1,0.408425206025265,1.53020005388967,1,0.129786813413124,17.0281238483793
"12",13,"Tegel","Control","Ephemeroptera","Ephemerellidae",4,"2",728,191108.434590873,"kick_net",0.01,2.676,1,0.408425206025265,1.53020005388967,1,0.129786813413124,17.0281238483793
"13",14,"Tegel","Control","Ephemeroptera","Ephemerellidae",5,"2",728,191108.434590873,"kick_net",0.01,2.676,1,0.742068047117268,1.53020005388967,1,0.129786813413124,17.0281238483793
"14",15,"Tegel","Control","Ephemeroptera","Ephemerellidae",5,"2",728,191108.434590873,"kick_net",0.01,2.676,1,0.742068047117268,1.53020005388967,1,0.129786813413124,17.0281238483793
"15",16,"Tegel","Control","Ephemeroptera","Ephemerellidae",6,"2",728,191108.434590873,"kick_net",0.01,2.676,1,1.20873958772828,1.53020005388967,1,0.129786813413124,17.0281238483793
"16",17,"Tegel","Control","Ephemeroptera","Ephemerellidae",6,"2",728,191108.434590873,"kick_net",0.01,2.676,1,1.20873958772828,1.53020005388967,1,0.129786813413124,17.0281238483793
"17",18,"Tegel","Control","Ephemeroptera","Ephemerellidae",6,"2",728,191108.434590873,"kick_net",0.01,2.676,1,1.20873958772828,1.53020005388967,1,0.129786813413124,17.0281238483793
"18",39,"Tegel","Control","Ephemeroptera","Baetidae",4,"2",728,191108.434590873,"kick_net",0.005,2.875,1,0.269086852881189,1.53020005388967,1,0.129786813413124,17.0281238483793
"19",40,"Tegel","Control","Ephemeroptera","Baetidae",4,"2",728,191108.434590873,"kick_net",0.005,2.875,1,0.269086852881189,1.53020005388967,1,0.129786813413124,17.0281238483793
"20",41,"Tegel","Control","Ephemeroptera","Baetidae",4,"2",728,191108.434590873,"kick_net",0.005,2.875,1,0.269086852881189,1.53020005388967,1,0.129786813413124,17.0281238483793
"21",42,"Tegel","Control","Ephemeroptera","Baetidae",4,"2",728,191108.434590873,"kick_net",0.005,2.875,1,0.269086852881189,1.53020005388967,1,0.129786813413124,17.0281238483793
"22",43,"Tegel","Control","Ephemeroptera","Baetidae",4,"2",728,191108.434590873,"kick_net",0.005,2.875,1,0.269086852881189,1.53020005388967,1,0.129786813413124,17.0281238483793
"23",44,"Tegel","Control","Ephemeroptera","Baetidae",5,"2",728,191108.434590873,"kick_net",0.005,2.875,1,0.511103396223714,1.53020005388967,1,0.129786813413124,17.0281238483793
"24",45,"Tegel","Control","Ephemeroptera","Baetidae",5,"2",728,191108.434590873,"kick_net",0.005,2.875,1,0.511103396223714,1.53020005388967,1,0.129786813413124,17.0281238483793
"25",46,"Tegel","Control","Ephemeroptera","Baetidae",5,"2",728,191108.434590873,"kick_net",0.005,2.875,1,0.511103396223714,1.53020005388967,1,0.129786813413124,17.0281238483793
"26",47,"Tegel","Control","Ephemeroptera","Baetidae",5,"2",728,191108.434590873,"kick_net",0.005,2.875,1,0.511103396223714,1.53020005388967,1,0.129786813413124,17.0281238483793
"27",48,"Tegel","Control","Ephemeroptera","Baetidae",5,"2",728,191108.434590873,"kick_net",0.005,2.875,1,0.511103396223714,1.53020005388967,1,0.129786813413124,17.0281238483793
"28",49,"Tegel","Control","Ephemeroptera","Baetidae",6,"2",728,191108.434590873,"kick_net",0.005,2.875,1,0.863286300593756,1.53020005388967,1,0.129786813413124,17.0281238483793
"29",63,"Tegel","Control","Diptera","Simuliidae",4,"2",728,191108.434590873,"kick_net",0.002,3.01,1,0.129786813413124,1.53020005388967,1,0.129786813413124,17.0281238483793
"30",64,"Tegel","Control","Diptera","Simuliidae",4,"2",728,191108.434590873,"kick_net",0.002,3.01,1,0.129786813413124,1.53020005388967,1,0.129786813413124,17.0281238483793
"31",65,"Tegel","Control","Diptera","Simuliidae",4,"2",728,191108.434590873,"kick_net",0.002,3.01,1,0.129786813413124,1.53020005388967,1,0.129786813413124,17.0281238483793
"32",66,"Tegel","Control","Diptera","Simuliidae",4,"2",728,191108.434590873,"kick_net",0.002,3.01,1,0.129786813413124,1.53020005388967,1,0.129786813413124,17.0281238483793
"33",67,"Tegel","Control","Diptera","Simuliidae",4,"2",728,191108.434590873,"kick_net",0.002,3.01,1,0.129786813413124,1.53020005388967,1,0.129786813413124,17.0281238483793
"34",68,"Tegel","Control","Diptera","Simuliidae",4,"2",728,191108.434590873,"kick_net",0.002,3.01,1,0.129786813413124,1.53020005388967,1,0.129786813413124,17.0281238483793
"35",69,"Tegel","Control","Diptera","Simuliidae",4,"2",728,191108.434590873,"kick_net",0.002,3.01,1,0.129786813413124,1.53020005388967,1,0.129786813413124,17.0281238483793
"36",70,"Tegel","Control","Diptera","Simuliidae",5,"2",728,191108.434590873,"kick_net",0.002,3.01,1,0.254056147816831,1.53020005388967,1,0.129786813413124,17.0281238483793
"37",71,"Tegel","Control","Diptera","Simuliidae",5,"2",728,191108.434590873,"kick_net",0.002,3.01,1,0.254056147816831,1.53020005388967,1,0.129786813413124,17.0281238483793
"38",72,"Tegel","Control","Diptera","Simuliidae",5,"2",728,191108.434590873,"kick_net",0.002,3.01,1,0.254056147816831,1.53020005388967,1,0.129786813413124,17.0281238483793
"39",73,"Tegel","Control","Diptera","Simuliidae",5,"2",728,191108.434590873,"kick_net",0.002,3.01,1,0.254056147816831,1.53020005388967,1,0.129786813413124,17.0281238483793
"40",74,"Tegel","Control","Diptera","Simuliidae",5,"2",728,191108.434590873,"kick_net",0.002,3.01,1,0.254056147816831,1.53020005388967,1,0.129786813413124,17.0281238483793
"41",75,"Tegel","Control","Diptera","Simuliidae",5,"2",728,191108.434590873,"kick_net",0.002,3.01,1,0.254056147816831,1.53020005388967,1,0.129786813413124,17.0281238483793
"42",76,"Tegel","Control","Diptera","Simuliidae",5,"2",728,191108.434590873,"kick_net",0.002,3.01,1,0.254056147816831,1.53020005388967,1,0.129786813413124,17.0281238483793
"43",77,"Tegel","Control","Diptera","Simuliidae",5,"2",728,191108.434590873,"kick_net",0.002,3.01,1,0.254056147816831,1.53020005388967,1,0.129786813413124,17.0281238483793
"44",78,"Tegel","Control","Diptera","Simuliidae",6,"2",728,191108.434590873,"kick_net",0.002,3.01,1,0.439810161615349,1.53020005388967,1,0.129786813413124,17.0281238483793
"45",79,"Tegel","Control","Diptera","Simuliidae",7,"2",728,191108.434590873,"kick_net",0.002,3.01,1,0.699479669405531,1.53020005388967,1,0.129786813413124,17.0281238483793
"46",80,"Tegel","Control","Diptera","Simuliidae",7,"2",728,191108.434590873,"kick_net",0.002,3.01,1,0.699479669405531,1.53020005388967,1,0.129786813413124,17.0281238483793
"47",100,"Tegel","Control","Diptera","Simuliidae",4,"2",728,191108.434590873,"kick_net",0.002,3.01,1,0.129786813413124,1.53020005388967,1,0.129786813413124,17.0281238483793
"48",101,"Tegel","Control","Diptera","Simuliidae",4,"2",728,191108.434590873,"kick_net",0.002,3.01,1,0.129786813413124,1.53020005388967,1,0.129786813413124,17.0281238483793
"49",102,"Tegel","Control","Diptera","Simuliidae",4,"2",728,191108.434590873,"kick_net",0.002,3.01,1,0.129786813413124,1.53020005388967,1,0.129786813413124,17.0281238483793
"50",103,"Tegel","Control","Diptera","Simuliidae",4,"2",728,191108.434590873,"kick_net",0.002,3.01,1,0.129786813413124,1.53020005388967,1,0.129786813413124,17.0281238483793
"51",104,"Tegel","Control","Diptera","Simuliidae",4,"2",728,191108.434590873,"kick_net",0.002,3.01,1,0.129786813413124,1.53020005388967,1,0.129786813413124,17.0281238483793
"52",105,"Tegel","Control","Diptera","Simuliidae",4,"2",728,191108.434590873,"kick_net",0.002,3.01,1,0.129786813413124,1.53020005388967,1,0.129786813413124,17.0281238483793
"53",106,"Tegel","Control","Diptera","Simuliidae",4,"2",728,191108.434590873,"kick_net",0.002,3.01,1,0.129786813413124,1.53020005388967,1,0.129786813413124,17.0281238483793
"54",107,"Tegel","Control","Diptera","Simuliidae",5,"2",728,191108.434590873,"kick_net",0.002,3.01,1,0.254056147816831,1.53020005388967,1,0.129786813413124,17.0281238483793
"55",108,"Tegel","Control","Diptera","Simuliidae",5,"2",728,191108.434590873,"kick_net",0.002,3.01,1,0.254056147816831,1.53020005388967,1,0.129786813413124,17.0281238483793
"56",109,"Tegel","Control","Diptera","Simuliidae",5,"2",728,191108.434590873,"kick_net",0.002,3.01,1,0.254056147816831,1.53020005388967,1,0.129786813413124,17.0281238483793
"57",110,"Tegel","Control","Diptera","Simuliidae",5,"2",728,191108.434590873,"kick_net",0.002,3.01,1,0.254056147816831,1.53020005388967,1,0.129786813413124,17.0281238483793
"58",111,"Tegel","Control","Diptera","Simuliidae",5,"2",728,191108.434590873,"kick_net",0.002,3.01,1,0.254056147816831,1.53020005388967,1,0.129786813413124,17.0281238483793
"59",112,"Tegel","Control","Diptera","Simuliidae",5,"2",728,191108.434590873,"kick_net",0.002,3.01,1,0.254056147816831,1.53020005388967,1,0.129786813413124,17.0281238483793
"60",113,"Tegel","Control","Diptera","Simuliidae",5,"2",728,191108.434590873,"kick_net",0.002,3.01,1,0.254056147816831,1.53020005388967,1,0.129786813413124,17.0281238483793
"61",114,"Tegel","Control","Diptera","Simuliidae",5,"2",728,191108.434590873,"kick_net",0.002,3.01,1,0.254056147816831,1.53020005388967,1,0.129786813413124,17.0281238483793
"62",115,"Tegel","Control","Diptera","Simuliidae",6,"2",728,191108.434590873,"kick_net",0.002,3.01,1,0.439810161615349,1.53020005388967,1,0.129786813413124,17.0281238483793
"63",116,"Tegel","Control","Diptera","Simuliidae",7,"2",728,191108.434590873,"kick_net",0.002,3.01,1,0.699479669405531,1.53020005388967,1,0.129786813413124,17.0281238483793
"64",117,"Tegel","Control","Diptera","Simuliidae",7,"2",728,191108.434590873,"kick_net",0.002,3.01,1,0.699479669405531,1.53020005388967,1,0.129786813413124,17.0281238483793
"65",138,"Tegel","Control","Diptera","Chironomidae",5,"2",728,191108.434590873,"kick_net",0.002,2.62,1,0.135622394240555,1.53020005388967,1,0.129786813413124,17.0281238483793
"66",139,"Tegel","Control","Diptera","Chironomidae",5,"2",728,191108.434590873,"kick_net",0.002,2.62,1,0.135622394240555,1.53020005388967,1,0.129786813413124,17.0281238483793
"67",140,"Tegel","Control","Diptera","Chironomidae",5,"2",728,191108.434590873,"kick_net",0.002,2.62,1,0.135622394240555,1.53020005388967,1,0.129786813413124,17.0281238483793
"68",141,"Tegel","Control","Diptera","Chironomidae",5,"2",728,191108.434590873,"kick_net",0.002,2.62,1,0.135622394240555,1.53020005388967,1,0.129786813413124,17.0281238483793
"69",143,"Tegel","Control","Amphipoda","Gammaridae",3,"2",728,191108.434590873,"kick_net",0.00845,2.8705,1,0.197894293315652,1.53020005388967,1,0.129786813413124,17.0281238483793
"70",144,"Tegel","Control","Amphipoda","Gammaridae",3,"2",728,191108.434590873,"kick_net",0.00845,2.8705,1,0.197894293315652,1.53020005388967,1,0.129786813413124,17.0281238483793
"71",145,"Tegel","Control","Amphipoda","Gammaridae",3,"2",728,191108.434590873,"kick_net",0.00845,2.8705,1,0.197894293315652,1.53020005388967,1,0.129786813413124,17.0281238483793
"72",146,"Tegel","Control","Amphipoda","Gammaridae",3,"2",728,191108.434590873,"kick_net",0.00845,2.8705,1,0.197894293315652,1.53020005388967,1,0.129786813413124,17.0281238483793
"73",147,"Tegel","Control","Amphipoda","Gammaridae",3,"2",728,191108.434590873,"kick_net",0.00845,2.8705,1,0.197894293315652,1.53020005388967,1,0.129786813413124,17.0281238483793
"74",148,"Tegel","Control","Amphipoda","Gammaridae",4,"2",728,191108.434590873,"kick_net",0.00845,2.8705,1,0.451928691384938,1.53020005388967,1,0.129786813413124,17.0281238483793
"75",149,"Tegel","Control","Amphipoda","Gammaridae",4,"2",728,191108.434590873,"kick_net",0.00845,2.8705,1,0.451928691384938,1.53020005388967,1,0.129786813413124,17.0281238483793
"76",150,"Tegel","Control","Amphipoda","Gammaridae",4,"2",728,191108.434590873,"kick_net",0.00845,2.8705,1,0.451928691384938,1.53020005388967,1,0.129786813413124,17.0281238483793
"77",151,"Tegel","Control","Amphipoda","Gammaridae",4,"2",728,191108.434590873,"kick_net",0.00845,2.8705,1,0.451928691384938,1.53020005388967,1,0.129786813413124,17.0281238483793
"78",152,"Tegel","Control","Amphipoda","Gammaridae",4,"2",728,191108.434590873,"kick_net",0.00845,2.8705,1,0.451928691384938,1.53020005388967,1,0.129786813413124,17.0281238483793
"79",153,"Tegel","Control","Gastropoda","Hydrobiidae",1,"2",728,191108.434590873,"kick_net",0.182,2.82,1,0.182,1.53020005388967,1,0.129786813413124,17.0281238483793
"80",154,"Tegel","Control","Gastropoda","Hydrobiidae",1,"2",728,191108.434590873,"kick_net",0.182,2.82,1,0.182,1.53020005388967,1,0.129786813413124,17.0281238483793
"81",155,"Tegel","Control","Gastropoda","Hydrobiidae",1,"2",728,191108.434590873,"kick_net",0.182,2.82,1,0.182,1.53020005388967,1,0.129786813413124,17.0281238483793
"82",156,"Tegel","Control","Gastropoda","Hydrobiidae",1,"2",728,191108.434590873,"kick_net",0.182,2.82,1,0.182,1.53020005388967,1,0.129786813413124,17.0281238483793
"83",157,"Tegel","Control","Gastropoda","Hydrobiidae",2,"2",728,191108.434590873,"kick_net",0.182,2.82,1,1.28521556259919,1.53020005388967,1,0.129786813413124,17.0281238483793
"84",158,"Tegel","Control","Gastropoda","Hydrobiidae",2,"2",728,191108.434590873,"kick_net",0.182,2.82,1,1.28521556259919,1.53020005388967,1,0.129786813413124,17.0281238483793
"85",159,"Tegel","Control","Gastropoda","Hydrobiidae",2,"2",728,191108.434590873,"kick_net",0.182,2.82,1,1.28521556259919,1.53020005388967,1,0.129786813413124,17.0281238483793
"86",160,"Tegel","Control","Gastropoda","Hydrobiidae",2,"2",728,191108.434590873,"kick_net",0.182,2.82,1,1.28521556259919,1.53020005388967,1,0.129786813413124,17.0281238483793
"87",161,"Tegel","Control","Gastropoda","Hydrobiidae",3,"2",728,191108.434590873,"kick_net",0.182,2.82,1,4.03230455398401,1.53020005388967,1,0.129786813413124,17.0281238483793
"88",162,"Tegel","Control","Gastropoda","Hydrobiidae",3,"2",728,191108.434590873,"kick_net",0.182,2.82,1,4.03230455398401,1.53020005388967,1,0.129786813413124,17.0281238483793
"89",163,"Tegel","Control","Gastropoda","Hydrobiidae",3,"2",728,191108.434590873,"kick_net",0.182,2.82,1,4.03230455398401,1.53020005388967,1,0.129786813413124,17.0281238483793
"90",164,"Tegel","Control","Gastropoda","Hydrobiidae",3,"2",728,191108.434590873,"kick_net",0.182,2.82,1,4.03230455398401,1.53020005388967,1,0.129786813413124,17.0281238483793
"91",165,"Tegel","Control","Gastropoda","Hydrobiidae",3,"2",728,191108.434590873,"kick_net",0.182,2.82,1,4.03230455398401,1.53020005388967,1,0.129786813413124,17.0281238483793
"92",166,"Tegel","Control","Gastropoda","Hydrobiidae",3,"2",728,191108.434590873,"kick_net",0.182,2.82,1,4.03230455398401,1.53020005388967,1,0.129786813413124,17.0281238483793
"93",167,"Tegel","Control","Gastropoda","Hydrobiidae",3,"2",728,191108.434590873,"kick_net",0.182,2.82,1,4.03230455398401,1.53020005388967,1,0.129786813413124,17.0281238483793
"94",168,"Tegel","Control","Gastropoda","Hydrobiidae",3,"2",728,191108.434590873,"kick_net",0.182,2.82,1,4.03230455398401,1.53020005388967,1,0.129786813413124,17.0281238483793
"95",169,"Tegel","Control","Gastropoda","Hydrobiidae",3,"2",728,191108.434590873,"kick_net",0.182,2.82,1,4.03230455398401,1.53020005388967,1,0.129786813413124,17.0281238483793
"96",170,"Tegel","Control","Gastropoda","Hydrobiidae",3,"2",728,191108.434590873,"kick_net",0.182,2.82,1,4.03230455398401,1.53020005388967,1,0.129786813413124,17.0281238483793
"97",171,"Tegel","Control","Gastropoda","Hydrobiidae",3,"2",728,191108.434590873,"kick_net",0.182,2.82,1,4.03230455398401,1.53020005388967,1,0.129786813413124,17.0281238483793
"98",172,"Tegel","Control","Gastropoda","Hydrobiidae",3,"2",728,191108.434590873,"kick_net",0.182,2.82,1,4.03230455398401,1.53020005388967,1,0.129786813413124,17.0281238483793
"99",173,"Tegel","Control","Gastropoda","Hydrobiidae",3,"2",728,191108.434590873,"kick_net",0.182,2.82,1,4.03230455398401,1.53020005388967,1,0.129786813413124,17.0281238483793
"100",174,"Tegel","Control","Gastropoda","Hydrobiidae",3,"2",728,191108.434590873,"kick_net",0.182,2.82,1,4.03230455398401,1.53020005388967,1,0.129786813413124,17.0281238483793
"101",175,"Tegel","Control","Gastropoda","Hydrobiidae",4,"2",728,191108.434590873,"kick_net",0.182,2.82,1,9.0757090238855,1.53020005388967,1,0.129786813413124,17.0281238483793
"102",176,"Tegel","Control","Gastropoda","Hydrobiidae",4,"2",728,191108.434590873,"kick_net",0.182,2.82,1,9.0757090238855,1.53020005388967,1,0.129786813413124,17.0281238483793
"103",177,"Tegel","Control","Gastropoda","Hydrobiidae",4,"2",728,191108.434590873,"kick_net",0.182,2.82,1,9.0757090238855,1.53020005388967,1,0.129786813413124,17.0281238483793
"104",178,"Tegel","Control","Gastropoda","Hydrobiidae",4,"2",728,191108.434590873,"kick_net",0.182,2.82,1,9.0757090238855,1.53020005388967,1,0.129786813413124,17.0281238483793
"105",179,"Tegel","Control","Gastropoda","Hydrobiidae",4,"2",728,191108.434590873,"kick_net",0.182,2.82,1,9.0757090238855,1.53020005388967,1,0.129786813413124,17.0281238483793
"106",180,"Tegel","Control","Gastropoda","Hydrobiidae",4,"2",728,191108.434590873,"kick_net",0.182,2.82,1,9.0757090238855,1.53020005388967,1,0.129786813413124,17.0281238483793
"107",181,"Tegel","Control","Gastropoda","Hydrobiidae",4,"2",728,191108.434590873,"kick_net",0.182,2.82,1,9.0757090238855,1.53020005388967,1,0.129786813413124,17.0281238483793
"108",182,"Tegel","Control","Gastropoda","Hydrobiidae",4,"2",728,191108.434590873,"kick_net",0.182,2.82,1,9.0757090238855,1.53020005388967,1,0.129786813413124,17.0281238483793
"109",183,"Tegel","Control","Gastropoda","Hydrobiidae",4,"2",728,191108.434590873,"kick_net",0.182,2.82,1,9.0757090238855,1.53020005388967,1,0.129786813413124,17.0281238483793
"110",184,"Tegel","Control","Gastropoda","Hydrobiidae",4,"2",728,191108.434590873,"kick_net",0.182,2.82,1,9.0757090238855,1.53020005388967,1,0.129786813413124,17.0281238483793
"111",185,"Tegel","Control","Gastropoda","Hydrobiidae",4,"2",728,191108.434590873,"kick_net",0.182,2.82,1,9.0757090238855,1.53020005388967,1,0.129786813413124,17.0281238483793
"112",186,"Tegel","Control","Gastropoda","Hydrobiidae",4,"2",728,191108.434590873,"kick_net",0.182,2.82,1,9.0757090238855,1.53020005388967,1,0.129786813413124,17.0281238483793
"113",187,"Tegel","Control","Gastropoda","Hydrobiidae",4,"2",728,191108.434590873,"kick_net",0.182,2.82,1,9.0757090238855,1.53020005388967,1,0.129786813413124,17.0281238483793
"114",188,"Tegel","Control","Gastropoda","Hydrobiidae",5,"2",728,191108.434590873,"kick_net",0.182,2.82,1,17.0281238483793,1.53020005388967,1,0.129786813413124,17.0281238483793
"115",189,"Tegel","Control","Gastropoda","Hydrobiidae",5,"2",728,191108.434590873,"kick_net",0.182,2.82,1,17.0281238483793,1.53020005388967,1,0.129786813413124,17.0281238483793
"116",190,"Tegel","Control","Gastropoda","Hydrobiidae",5,"2",728,191108.434590873,"kick_net",0.182,2.82,1,17.0281238483793,1.53020005388967,1,0.129786813413124,17.0281238483793
"117",191,"Tegel","Control","Gastropoda","Hydrobiidae",5,"2",728,191108.434590873,"kick_net",0.182,2.82,1,17.0281238483793,1.53020005388967,1,0.129786813413124,17.0281238483793
"118",192,"Tegel","Control","Gastropoda","Hydrobiidae",5,"2",728,191108.434590873,"kick_net",0.182,2.82,1,17.0281238483793,1.53020005388967,1,0.129786813413124,17.0281238483793
"119",193,"Tegel","Control","Gastropoda","Hydrobiidae",5,"2",728,191108.434590873,"kick_net",0.182,2.82,1,17.0281238483793,1.53020005388967,1,0.129786813413124,17.0281238483793
"120",291,"Tegel","Control","Coleoptera","Elmidae",3,"2",728,191108.434590873,"kick_net",0.007,2.88,1,0.165656031703537,1.53020005388967,1,0.129786813413124,17.0281238483793
"121",292,"Tegel","Control","Coleoptera","Elmidae",3,"2",728,191108.434590873,"kick_net",0.007,2.88,1,0.165656031703537,1.53020005388967,1,0.129786813413124,17.0281238483793
"122",293,"Tegel","Control","Coleoptera","Elmidae",3,"2",728,191108.434590873,"kick_net",0.007,2.88,1,0.165656031703537,1.53020005388967,1,0.129786813413124,17.0281238483793
"123",294,"Tegel","Control","Coleoptera","Elmidae",3,"2",728,191108.434590873,"kick_net",0.007,2.88,1,0.165656031703537,1.53020005388967,1,0.129786813413124,17.0281238483793
"124",295,"Tegel","Control","Coleoptera","Elmidae",3,"2",728,191108.434590873,"kick_net",0.007,2.88,1,0.165656031703537,1.53020005388967,1,0.129786813413124,17.0281238483793
"125",296,"Tegel","Control","Coleoptera","Elmidae",3,"2",728,191108.434590873,"kick_net",0.007,2.88,1,0.165656031703537,1.53020005388967,1,0.129786813413124,17.0281238483793
"126",297,"Tegel","Control","Coleoptera","Elmidae",3,"2",728,191108.434590873,"kick_net",0.007,2.88,1,0.165656031703537,1.53020005388967,1,0.129786813413124,17.0281238483793
"127",298,"Tegel","Control","Coleoptera","Elmidae",3,"2",728,191108.434590873,"kick_net",0.007,2.88,1,0.165656031703537,1.53020005388967,1,0.129786813413124,17.0281238483793
"128",299,"Tegel","Control","Coleoptera","Elmidae",3,"2",728,191108.434590873,"kick_net",0.007,2.88,1,0.165656031703537,1.53020005388967,1,0.129786813413124,17.0281238483793
"129",300,"Tegel","Control","Coleoptera","Elmidae",3,"2",728,191108.434590873,"kick_net",0.007,2.88,1,0.165656031703537,1.53020005388967,1,0.129786813413124,17.0281238483793
"130",301,"Tegel","Control","Coleoptera","Elmidae",3,"2",728,191108.434590873,"kick_net",0.007,2.88,1,0.165656031703537,1.53020005388967,1,0.129786813413124,17.0281238483793
"131",302,"Tegel","Control","Coleoptera","Elmidae",3,"2",728,191108.434590873,"kick_net",0.007,2.88,1,0.165656031703537,1.53020005388967,1,0.129786813413124,17.0281238483793
"132",303,"Tegel","Control","Coleoptera","Elmidae",4,"2",728,191108.434590873,"kick_net",0.007,2.88,1,0.379341899938412,1.53020005388967,1,0.129786813413124,17.0281238483793
"133",304,"Tegel","Control","Coleoptera","Elmidae",4,"2",728,191108.434590873,"kick_net",0.007,2.88,1,0.379341899938412,1.53020005388967,1,0.129786813413124,17.0281238483793
"134",305,"Tegel","Control","Coleoptera","Elmidae",4,"2",728,191108.434590873,"kick_net",0.007,2.88,1,0.379341899938412,1.53020005388967,1,0.129786813413124,17.0281238483793
"135",306,"Tegel","Control","Coleoptera","Elmidae",4,"2",728,191108.434590873,"kick_net",0.007,2.88,1,0.379341899938412,1.53020005388967,1,0.129786813413124,17.0281238483793
"136",307,"Tegel","Inflow","Ephemeroptera","Ephemeridae",7,"2",728,191108.434590873,"kick_net",0.003,2.764,1,0.650088131522956,1.53020005388967,1,0.135622394240555,17.0281238483793
"137",308,"Tegel","Inflow","Ephemeroptera","Ephemeridae",11,"2",728,191108.434590873,"kick_net",0.003,2.764,1,2.26741302194076,1.53020005388967,1,0.135622394240555,17.0281238483793
"138",309,"Tegel","Inflow","Ephemeroptera","Ephemeridae",12,"2",728,191108.434590873,"kick_net",0.003,2.764,1,2.88388686369891,1.53020005388967,1,0.135622394240555,17.0281238483793
"139",310,"Tegel","Inflow","Ephemeroptera","Ephemeridae",17,"2",728,191108.434590873,"kick_net",0.003,2.764,1,7.55234939240654,1.53020005388967,1,0.135622394240555,17.0281238483793
"140",311,"Tegel","Inflow","Ephemeroptera","Ephemerellidae",4,"2",728,191108.434590873,"kick_net",0.01,2.676,1,0.408425206025265,1.53020005388967,1,0.135622394240555,17.0281238483793
"141",312,"Tegel","Inflow","Ephemeroptera","Ephemerellidae",5,"2",728,191108.434590873,"kick_net",0.01,2.676,1,0.742068047117268,1.53020005388967,1,0.135622394240555,17.0281238483793
"142",313,"Tegel","Inflow","Ephemeroptera","Ephemerellidae",6,"2",728,191108.434590873,"kick_net",0.01,2.676,1,1.20873958772828,1.53020005388967,1,0.135622394240555,17.0281238483793
"143",314,"Tegel","Inflow","Ephemeroptera","Ephemerellidae",6,"2",728,191108.434590873,"kick_net",0.01,2.676,1,1.20873958772828,1.53020005388967,1,0.135622394240555,17.0281238483793
"144",315,"Tegel","Inflow","Ephemeroptera","Ephemerellidae",7,"2",728,191108.434590873,"kick_net",0.01,2.676,1,1.82592256228061,1.53020005388967,1,0.135622394240555,17.0281238483793
"145",316,"Tegel","Inflow","Ephemeroptera","Ephemerellidae",7,"2",728,191108.434590873,"kick_net",0.01,2.676,1,1.82592256228061,1.53020005388967,1,0.135622394240555,17.0281238483793
"146",317,"Tegel","Inflow","Ephemeroptera","Ephemerellidae",8,"2",728,191108.434590873,"kick_net",0.01,2.676,1,2.61017006847537,1.53020005388967,1,0.135622394240555,17.0281238483793
"147",322,"Tegel","Inflow","Ephemeroptera","Baetidae",4,"2",728,191108.434590873,"kick_net",0.005,2.875,1,0.269086852881189,1.53020005388967,1,0.135622394240555,17.0281238483793
"148",323,"Tegel","Inflow","Ephemeroptera","Baetidae",4,"2",728,191108.434590873,"kick_net",0.005,2.875,1,0.269086852881189,1.53020005388967,1,0.135622394240555,17.0281238483793
"149",324,"Tegel","Inflow","Ephemeroptera","Baetidae",4,"2",728,191108.434590873,"kick_net",0.005,2.875,1,0.269086852881189,1.53020005388967,1,0.135622394240555,17.0281238483793
"150",325,"Tegel","Inflow","Ephemeroptera","Baetidae",4,"2",728,191108.434590873,"kick_net",0.005,2.875,1,0.269086852881189,1.53020005388967,1,0.135622394240555,17.0281238483793
"151",326,"Tegel","Inflow","Ephemeroptera","Baetidae",4,"2",728,191108.434590873,"kick_net",0.005,2.875,1,0.269086852881189,1.53020005388967,1,0.135622394240555,17.0281238483793
"152",327,"Tegel","Inflow","Ephemeroptera","Baetidae",4,"2",728,191108.434590873,"kick_net",0.005,2.875,1,0.269086852881189,1.53020005388967,1,0.135622394240555,17.0281238483793
"153",328,"Tegel","Inflow","Ephemeroptera","Baetidae",4,"2",728,191108.434590873,"kick_net",0.005,2.875,1,0.269086852881189,1.53020005388967,1,0.135622394240555,17.0281238483793
"154",329,"Tegel","Inflow","Ephemeroptera","Baetidae",4,"2",728,191108.434590873,"kick_net",0.005,2.875,1,0.269086852881189,1.53020005388967,1,0.135622394240555,17.0281238483793
"155",330,"Tegel","Inflow","Ephemeroptera","Baetidae",5,"2",728,191108.434590873,"kick_net",0.005,2.875,1,0.511103396223714,1.53020005388967,1,0.135622394240555,17.0281238483793
"156",331,"Tegel","Inflow","Ephemeroptera","Baetidae",5,"2",728,191108.434590873,"kick_net",0.005,2.875,1,0.511103396223714,1.53020005388967,1,0.135622394240555,17.0281238483793
"157",332,"Tegel","Inflow","Ephemeroptera","Baetidae",5,"2",728,191108.434590873,"kick_net",0.005,2.875,1,0.511103396223714,1.53020005388967,1,0.135622394240555,17.0281238483793
"158",333,"Tegel","Inflow","Ephemeroptera","Baetidae",5,"2",728,191108.434590873,"kick_net",0.005,2.875,1,0.511103396223714,1.53020005388967,1,0.135622394240555,17.0281238483793
"159",334,"Tegel","Inflow","Ephemeroptera","Baetidae",5,"2",728,191108.434590873,"kick_net",0.005,2.875,1,0.511103396223714,1.53020005388967,1,0.135622394240555,17.0281238483793
"160",335,"Tegel","Inflow","Ephemeroptera","Baetidae",5,"2",728,191108.434590873,"kick_net",0.005,2.875,1,0.511103396223714,1.53020005388967,1,0.135622394240555,17.0281238483793
"161",336,"Tegel","Inflow","Ephemeroptera","Baetidae",5,"2",728,191108.434590873,"kick_net",0.005,2.875,1,0.511103396223714,1.53020005388967,1,0.135622394240555,17.0281238483793
"162",337,"Tegel","Inflow","Ephemeroptera","Baetidae",5,"2",728,191108.434590873,"kick_net",0.005,2.875,1,0.511103396223714,1.53020005388967,1,0.135622394240555,17.0281238483793
"163",338,"Tegel","Inflow","Ephemeroptera","Baetidae",5,"2",728,191108.434590873,"kick_net",0.005,2.875,1,0.511103396223714,1.53020005388967,1,0.135622394240555,17.0281238483793
"164",339,"Tegel","Inflow","Ephemeroptera","Baetidae",6,"2",728,191108.434590873,"kick_net",0.005,2.875,1,0.863286300593756,1.53020005388967,1,0.135622394240555,17.0281238483793
"165",340,"Tegel","Inflow","Ephemeroptera","Baetidae",6,"2",728,191108.434590873,"kick_net",0.005,2.875,1,0.863286300593756,1.53020005388967,1,0.135622394240555,17.0281238483793
"166",341,"Tegel","Inflow","Ephemeroptera","Baetidae",6,"2",728,191108.434590873,"kick_net",0.005,2.875,1,0.863286300593756,1.53020005388967,1,0.135622394240555,17.0281238483793
"167",342,"Tegel","Inflow","Ephemeroptera","Baetidae",6,"2",728,191108.434590873,"kick_net",0.005,2.875,1,0.863286300593756,1.53020005388967,1,0.135622394240555,17.0281238483793
"168",343,"Tegel","Inflow","Ephemeroptera","Baetidae",6,"2",728,191108.434590873,"kick_net",0.005,2.875,1,0.863286300593756,1.53020005388967,1,0.135622394240555,17.0281238483793
"169",344,"Tegel","Inflow","Ephemeroptera","Baetidae",6,"2",728,191108.434590873,"kick_net",0.005,2.875,1,0.863286300593756,1.53020005388967,1,0.135622394240555,17.0281238483793
"170",345,"Tegel","Inflow","Ephemeroptera","Baetidae",6,"2",728,191108.434590873,"kick_net",0.005,2.875,1,0.863286300593756,1.53020005388967,1,0.135622394240555,17.0281238483793
"171",346,"Tegel","Inflow","Ephemeroptera","Baetidae",6,"2",728,191108.434590873,"kick_net",0.005,2.875,1,0.863286300593756,1.53020005388967,1,0.135622394240555,17.0281238483793
"172",347,"Tegel","Inflow","Ephemeroptera","Baetidae",6,"2",728,191108.434590873,"kick_net",0.005,2.875,1,0.863286300593756,1.53020005388967,1,0.135622394240555,17.0281238483793
"173",348,"Tegel","Inflow","Ephemeroptera","Baetidae",6,"2",728,191108.434590873,"kick_net",0.005,2.875,1,0.863286300593756,1.53020005388967,1,0.135622394240555,17.0281238483793
"174",349,"Tegel","Inflow","Ephemeroptera","Baetidae",6,"2",728,191108.434590873,"kick_net",0.005,2.875,1,0.863286300593756,1.53020005388967,1,0.135622394240555,17.0281238483793
"175",350,"Tegel","Inflow","Ephemeroptera","Baetidae",6,"2",728,191108.434590873,"kick_net",0.005,2.875,1,0.863286300593756,1.53020005388967,1,0.135622394240555,17.0281238483793
"176",351,"Tegel","Inflow","Ephemeroptera","Baetidae",6,"2",728,191108.434590873,"kick_net",0.005,2.875,1,0.863286300593756,1.53020005388967,1,0.135622394240555,17.0281238483793
"177",352,"Tegel","Inflow","Ephemeroptera","Baetidae",6,"2",728,191108.434590873,"kick_net",0.005,2.875,1,0.863286300593756,1.53020005388967,1,0.135622394240555,17.0281238483793
"178",353,"Tegel","Inflow","Ephemeroptera","Baetidae",6,"2",728,191108.434590873,"kick_net",0.005,2.875,1,0.863286300593756,1.53020005388967,1,0.135622394240555,17.0281238483793
"179",354,"Tegel","Inflow","Ephemeroptera","Baetidae",6,"2",728,191108.434590873,"kick_net",0.005,2.875,1,0.863286300593756,1.53020005388967,1,0.135622394240555,17.0281238483793
"180",355,"Tegel","Inflow","Ephemeroptera","Baetidae",6,"2",728,191108.434590873,"kick_net",0.005,2.875,1,0.863286300593756,1.53020005388967,1,0.135622394240555,17.0281238483793
"181",356,"Tegel","Inflow","Ephemeroptera","Baetidae",6,"2",728,191108.434590873,"kick_net",0.005,2.875,1,0.863286300593756,1.53020005388967,1,0.135622394240555,17.0281238483793
"182",357,"Tegel","Inflow","Ephemeroptera","Baetidae",7,"2",728,191108.434590873,"kick_net",0.005,2.875,1,1.34470453452202,1.53020005388967,1,0.135622394240555,17.0281238483793
"183",358,"Tegel","Inflow","Ephemeroptera","Baetidae",7,"2",728,191108.434590873,"kick_net",0.005,2.875,1,1.34470453452202,1.53020005388967,1,0.135622394240555,17.0281238483793
"184",359,"Tegel","Inflow","Ephemeroptera","Baetidae",7,"2",728,191108.434590873,"kick_net",0.005,2.875,1,1.34470453452202,1.53020005388967,1,0.135622394240555,17.0281238483793
"185",363,"Tegel","Inflow","Amphipoda","Gammaridae",3,"2",728,191108.434590873,"kick_net",0.00845,2.8705,1,0.197894293315652,1.53020005388967,1,0.135622394240555,17.0281238483793
"186",364,"Tegel","Inflow","Amphipoda","Gammaridae",3,"2",728,191108.434590873,"kick_net",0.00845,2.8705,1,0.197894293315652,1.53020005388967,1,0.135622394240555,17.0281238483793
"187",365,"Tegel","Inflow","Amphipoda","Gammaridae",3,"2",728,191108.434590873,"kick_net",0.00845,2.8705,1,0.197894293315652,1.53020005388967,1,0.135622394240555,17.0281238483793
"188",366,"Tegel","Inflow","Amphipoda","Gammaridae",3,"2",728,191108.434590873,"kick_net",0.00845,2.8705,1,0.197894293315652,1.53020005388967,1,0.135622394240555,17.0281238483793
"189",367,"Tegel","Inflow","Amphipoda","Gammaridae",4,"2",728,191108.434590873,"kick_net",0.00845,2.8705,1,0.451928691384938,1.53020005388967,1,0.135622394240555,17.0281238483793
"190",368,"Tegel","Inflow","Amphipoda","Gammaridae",4,"2",728,191108.434590873,"kick_net",0.00845,2.8705,1,0.451928691384938,1.53020005388967,1,0.135622394240555,17.0281238483793
"191",369,"Tegel","Inflow","Amphipoda","Gammaridae",4,"2",728,191108.434590873,"kick_net",0.00845,2.8705,1,0.451928691384938,1.53020005388967,1,0.135622394240555,17.0281238483793
"192",370,"Tegel","Inflow","Amphipoda","Gammaridae",4,"2",728,191108.434590873,"kick_net",0.00845,2.8705,1,0.451928691384938,1.53020005388967,1,0.135622394240555,17.0281238483793
"193",371,"Tegel","Inflow","Amphipoda","Gammaridae",4,"2",728,191108.434590873,"kick_net",0.00845,2.8705,1,0.451928691384938,1.53020005388967,1,0.135622394240555,17.0281238483793
"194",372,"Tegel","Inflow","Amphipoda","Gammaridae",4,"2",728,191108.434590873,"kick_net",0.00845,2.8705,1,0.451928691384938,1.53020005388967,1,0.135622394240555,17.0281238483793
"195",373,"Tegel","Inflow","Amphipoda","Gammaridae",5,"2",728,191108.434590873,"kick_net",0.00845,2.8705,1,0.857531547980516,1.53020005388967,1,0.135622394240555,17.0281238483793
"196",374,"Tegel","Inflow","Amphipoda","Gammaridae",5,"2",728,191108.434590873,"kick_net",0.00845,2.8705,1,0.857531547980516,1.53020005388967,1,0.135622394240555,17.0281238483793
"197",375,"Tegel","Inflow","Amphipoda","Gammaridae",5,"2",728,191108.434590873,"kick_net",0.00845,2.8705,1,0.857531547980516,1.53020005388967,1,0.135622394240555,17.0281238483793
"198",376,"Tegel","Inflow","Amphipoda","Gammaridae",5,"2",728,191108.434590873,"kick_net",0.00845,2.8705,1,0.857531547980516,1.53020005388967,1,0.135622394240555,17.0281238483793
"199",377,"Tegel","Inflow","Amphipoda","Gammaridae",5,"2",728,191108.434590873,"kick_net",0.00845,2.8705,1,0.857531547980516,1.53020005388967,1,0.135622394240555,17.0281238483793
"200",378,"Tegel","Inflow","Amphipoda","Gammaridae",7,"2",728,191108.434590873,"kick_net",0.00845,2.8705,1,2.25273772956822,1.53020005388967,1,0.135622394240555,17.0281238483793
"201",379,"Tegel","Inflow","Amphipoda","Gammaridae",7,"2",728,191108.434590873,"kick_net",0.00845,2.8705,1,2.25273772956822,1.53020005388967,1,0.135622394240555,17.0281238483793
"202",380,"Tegel","Inflow","Amphipoda","Gammaridae",8,"2",728,191108.434590873,"kick_net",0.00845,2.8705,1,3.30503845216443,1.53020005388967,1,0.135622394240555,17.0281238483793
"203",381,"Tegel","Inflow","Amphipoda","Gammaridae",10,"2",728,191108.434590873,"kick_net",0.00845,2.8705,1,6.27128747089358,1.53020005388967,1,0.135622394240555,17.0281238483793
"204",382,"Tegel","Inflow","Ephemeroptera","Caenidae",4,"2",728,191108.434590873,"kick_net",0.005,2.772,1,0.233281500610653,1.53020005388967,1,0.135622394240555,17.0281238483793
"205",383,"Tegel","Inflow","Ephemeroptera","Caenidae",4,"2",728,191108.434590873,"kick_net",0.005,2.772,1,0.233281500610653,1.53020005388967,1,0.135622394240555,17.0281238483793
"206",384,"Tegel","Inflow","Ephemeroptera","Caenidae",4,"2",728,191108.434590873,"kick_net",0.005,2.772,1,0.233281500610653,1.53020005388967,1,0.135622394240555,17.0281238483793
"207",433,"Tegel","Inflow","Diptera","Chironomidae",5,"2",728,191108.434590873,"kick_net",0.002,2.62,1,0.135622394240555,1.53020005388967,1,0.135622394240555,17.0281238483793
"208",434,"Tegel","Inflow","Diptera","Chironomidae",5,"2",728,191108.434590873,"kick_net",0.002,2.62,1,0.135622394240555,1.53020005388967,1,0.135622394240555,17.0281238483793
"209",435,"Tegel","Inflow","Diptera","Chironomidae",5,"2",728,191108.434590873,"kick_net",0.002,2.62,1,0.135622394240555,1.53020005388967,1,0.135622394240555,17.0281238483793
"210",436,"Tegel","Inflow","Diptera","Chironomidae",5,"2",728,191108.434590873,"kick_net",0.002,2.62,1,0.135622394240555,1.53020005388967,1,0.135622394240555,17.0281238483793
"211",437,"Tegel","Inflow","Diptera","Chironomidae",5,"2",728,191108.434590873,"kick_net",0.002,2.62,1,0.135622394240555,1.53020005388967,1,0.135622394240555,17.0281238483793
"212",438,"Tegel","Inflow","Diptera","Chironomidae",5,"2",728,191108.434590873,"kick_net",0.002,2.62,1,0.135622394240555,1.53020005388967,1,0.135622394240555,17.0281238483793
"213",439,"Tegel","Inflow","Diptera","Chironomidae",5,"2",728,191108.434590873,"kick_net",0.002,2.62,1,0.135622394240555,1.53020005388967,1,0.135622394240555,17.0281238483793
"214",440,"Tegel","Inflow","Diptera","Chironomidae",5,"2",728,191108.434590873,"kick_net",0.002,2.62,1,0.135622394240555,1.53020005388967,1,0.135622394240555,17.0281238483793
"215",441,"Tegel","Inflow","Diptera","Chironomidae",5,"2",728,191108.434590873,"kick_net",0.002,2.62,1,0.135622394240555,1.53020005388967,1,0.135622394240555,17.0281238483793
"216",442,"Tegel","Inflow","Diptera","Chironomidae",5,"2",728,191108.434590873,"kick_net",0.002,2.62,1,0.135622394240555,1.53020005388967,1,0.135622394240555,17.0281238483793
"217",443,"Tegel","Inflow","Diptera","Chironomidae",5,"2",728,191108.434590873,"kick_net",0.002,2.62,1,0.135622394240555,1.53020005388967,1,0.135622394240555,17.0281238483793
"218",444,"Tegel","Inflow","Diptera","Chironomidae",5,"2",728,191108.434590873,"kick_net",0.002,2.62,1,0.135622394240555,1.53020005388967,1,0.135622394240555,17.0281238483793
"219",445,"Tegel","Inflow","Diptera","Chironomidae",5,"2",728,191108.434590873,"kick_net",0.002,2.62,1,0.135622394240555,1.53020005388967,1,0.135622394240555,17.0281238483793
"220",446,"Tegel","Inflow","Diptera","Chironomidae",5,"2",728,191108.434590873,"kick_net",0.002,2.62,1,0.135622394240555,1.53020005388967,1,0.135622394240555,17.0281238483793
"221",447,"Tegel","Inflow","Diptera","Chironomidae",5,"2",728,191108.434590873,"kick_net",0.002,2.62,1,0.135622394240555,1.53020005388967,1,0.135622394240555,17.0281238483793
"222",448,"Tegel","Inflow","Diptera","Chironomidae",5,"2",728,191108.434590873,"kick_net",0.002,2.62,1,0.135622394240555,1.53020005388967,1,0.135622394240555,17.0281238483793
"223",449,"Tegel","Inflow","Diptera","Chironomidae",5,"2",728,191108.434590873,"kick_net",0.002,2.62,1,0.135622394240555,1.53020005388967,1,0.135622394240555,17.0281238483793
"224",450,"Tegel","Inflow","Diptera","Chironomidae",5,"2",728,191108.434590873,"kick_net",0.002,2.62,1,0.135622394240555,1.53020005388967,1,0.135622394240555,17.0281238483793
"225",451,"Tegel","Inflow","Diptera","Chironomidae",5,"2",728,191108.434590873,"kick_net",0.002,2.62,1,0.135622394240555,1.53020005388967,1,0.135622394240555,17.0281238483793
"226",452,"Tegel","Inflow","Diptera","Chironomidae",5,"2",728,191108.434590873,"kick_net",0.002,2.62,1,0.135622394240555,1.53020005388967,1,0.135622394240555,17.0281238483793
"227",453,"Tegel","Inflow","Diptera","Chironomidae",5,"2",728,191108.434590873,"kick_net",0.002,2.62,1,0.135622394240555,1.53020005388967,1,0.135622394240555,17.0281238483793
"228",454,"Tegel","Inflow","Diptera","Chironomidae",6,"2",728,191108.434590873,"kick_net",0.002,2.62,1,0.218668523080522,1.53020005388967,1,0.135622394240555,17.0281238483793
"229",455,"Tegel","Inflow","Diptera","Chironomidae",6,"2",728,191108.434590873,"kick_net",0.002,2.62,1,0.218668523080522,1.53020005388967,1,0.135622394240555,17.0281238483793
"230",456,"Tegel","Inflow","Diptera","Chironomidae",6,"2",728,191108.434590873,"kick_net",0.002,2.62,1,0.218668523080522,1.53020005388967,1,0.135622394240555,17.0281238483793
"231",457,"Tegel","Inflow","Diptera","Chironomidae",6,"2",728,191108.434590873,"kick_net",0.002,2.62,1,0.218668523080522,1.53020005388967,1,0.135622394240555,17.0281238483793
"232",458,"Tegel","Inflow","Diptera","Chironomidae",6,"2",728,191108.434590873,"kick_net",0.002,2.62,1,0.218668523080522,1.53020005388967,1,0.135622394240555,17.0281238483793
"233",459,"Tegel","Inflow","Diptera","Chironomidae",6,"2",728,191108.434590873,"kick_net",0.002,2.62,1,0.218668523080522,1.53020005388967,1,0.135622394240555,17.0281238483793
"234",460,"Tegel","Inflow","Diptera","Chironomidae",6,"2",728,191108.434590873,"kick_net",0.002,2.62,1,0.218668523080522,1.53020005388967,1,0.135622394240555,17.0281238483793
"235",461,"Tegel","Inflow","Diptera","Chironomidae",7,"2",728,191108.434590873,"kick_net",0.002,2.62,1,0.327481567511863,1.53020005388967,1,0.135622394240555,17.0281238483793
"236",462,"Tegel","Inflow","Diptera","Chironomidae",7,"2",728,191108.434590873,"kick_net",0.002,2.62,1,0.327481567511863,1.53020005388967,1,0.135622394240555,17.0281238483793
"237",463,"Tegel","Inflow","Diptera","Chironomidae",7,"2",728,191108.434590873,"kick_net",0.002,2.62,1,0.327481567511863,1.53020005388967,1,0.135622394240555,17.0281238483793
"238",464,"Tegel","Inflow","Diptera","Chironomidae",7,"2",728,191108.434590873,"kick_net",0.002,2.62,1,0.327481567511863,1.53020005388967,1,0.135622394240555,17.0281238483793
"239",465,"Tegel","Inflow","Diptera","Chironomidae",7,"2",728,191108.434590873,"kick_net",0.002,2.62,1,0.327481567511863,1.53020005388967,1,0.135622394240555,17.0281238483793
"240",466,"Tegel","Inflow","Diptera","Chironomidae",7,"2",728,191108.434590873,"kick_net",0.002,2.62,1,0.327481567511863,1.53020005388967,1,0.135622394240555,17.0281238483793
"241",467,"Tegel","Inflow","Diptera","Chironomidae",7,"2",728,191108.434590873,"kick_net",0.002,2.62,1,0.327481567511863,1.53020005388967,1,0.135622394240555,17.0281238483793
"242",468,"Tegel","Inflow","Diptera","Chironomidae",10,"2",728,191108.434590873,"kick_net",0.002,2.62,1,0.833738766940671,1.53020005388967,1,0.135622394240555,17.0281238483793
"243",469,"Tegel","Inflow","Diptera","Chironomidae",11,"2",728,191108.434590873,"kick_net",0.002,2.62,1,1.07023421421427,1.53020005388967,1,0.135622394240555,17.0281238483793
"244",472,"Tegel","Inflow","Diptera","Simuliidae",5,"2",728,191108.434590873,"kick_net",0.002,3.01,1,0.254056147816831,1.53020005388967,1,0.135622394240555,17.0281238483793
"245",473,"Tegel","Inflow","Diptera","Ceratopogonidae",8,"2",728,191108.434590873,"kick_net",0.003,2.47,1,0.510215352613061,1.53020005388967,1,0.135622394240555,17.0281238483793
"246",474,"Tegel","Inflow","Diptera","Athericidae",10,"2",728,191108.434590873,"kick_net",0.004,2.59,1,1.55618057997712,1.53020005388967,1,0.135622394240555,17.0281238483793
"247",475,"Tegel","Inflow","Diptera","Athericidae",11,"2",728,191108.434590873,"kick_net",0.004,2.59,1,1.99189777223328,1.53020005388967,1,0.135622394240555,17.0281238483793
"248",476,"Tegel","Inflow","Trichoptera","Sericostomatidae",6,"2",728,191108.434590873,"kick_net",0.007,2.74,1,0.948926261892519,1.53020005388967,1,0.135622394240555,17.0281238483793
"249",477,"Tegel","Inflow","Plecoptera","Leuctridae",7,"2",728,191108.434590873,"kick_net",0.003,2.719,1,0.595583730300197,1.53020005388967,1,0.135622394240555,17.0281238483793
"250",478,"Tegel","Inflow","Plecoptera","Leuctridae",7,"2",728,191108.434590873,"kick_net",0.003,2.719,1,0.595583730300197,1.53020005388967,1,0.135622394240555,17.0281238483793
"251",479,"Tegel","Inflow","Heteroptera","Corixidae",13,"2",728,191108.434590873,"kick_net",0.003,2.904,1,5.15243770650626,1.53020005388967,1,0.135622394240555,17.0281238483793
"252",480,"Tegel","Inflow","Isopoda","Asellidae",5,"2",728,191108.434590873,"kick_net",0.0036,3.111,1,0.538019707775883,1.53020005388967,1,0.135622394240555,17.0281238483793
"253",481,"Tegel","Inflow","Isopoda","Asellidae",5,"2",728,191108.434590873,"kick_net",0.0036,3.111,1,0.538019707775883,1.53020005388967,1,0.135622394240555,17.0281238483793
"254",482,"Tegel","Inflow","Isopoda","Asellidae",5,"2",728,191108.434590873,"kick_net",0.0036,3.111,1,0.538019707775883,1.53020005388967,1,0.135622394240555,17.0281238483793
"255",483,"Tegel","Inflow","Isopoda","Asellidae",7,"2",728,191108.434590873,"kick_net",0.0036,3.111,1,1.53250712823004,1.53020005388967,1,0.135622394240555,17.0281238483793
"256",484,"Tegel","Inflow","Odonata","Calopterygidae",7,"2",728,191108.434590873,"kick_net",0.005,2.742,1,1.03807523428618,1.53020005388967,1,0.135622394240555,17.0281238483793
"257",485,"Tegel","Inflow","Odonata","Calopterygidae",10,"2",728,191108.434590873,"kick_net",0.005,2.742,1,2.76038719640379,1.53020005388967,1,0.135622394240555,17.0281238483793
"258",486,"Tegel","Inflow","Odonata","Calopterygidae",18,"2",728,191108.434590873,"kick_net",0.005,2.742,1,13.8333451613185,1.53020005388967,1,0.135622394240555,17.0281238483793
"259",488,"Tegel","Inflow","Gastropoda","Physidae",2,"2",728,191108.434590873,"kick_net",0.0457,3.05,1,0.378492856156408,1.53020005388967,1,0.135622394240555,17.0281238483793
"260",489,"Tegel","Inflow","Gastropoda","Hydrobiidae",1,"2",728,191108.434590873,"kick_net",0.182,2.82,1,0.182,1.53020005388967,1,0.135622394240555,17.0281238483793
"261",490,"Tegel","Inflow","Gastropoda","Hydrobiidae",1,"2",728,191108.434590873,"kick_net",0.182,2.82,1,0.182,1.53020005388967,1,0.135622394240555,17.0281238483793
"262",491,"Tegel","Inflow","Gastropoda","Hydrobiidae",2,"2",728,191108.434590873,"kick_net",0.182,2.82,1,1.28521556259919,1.53020005388967,1,0.135622394240555,17.0281238483793
"263",492,"Tegel","Inflow","Gastropoda","Hydrobiidae",3,"2",728,191108.434590873,"kick_net",0.182,2.82,1,4.03230455398401,1.53020005388967,1,0.135622394240555,17.0281238483793
"264",493,"Tegel","Inflow","Gastropoda","Hydrobiidae",3,"2",728,191108.434590873,"kick_net",0.182,2.82,1,4.03230455398401,1.53020005388967,1,0.135622394240555,17.0281238483793
"265",494,"Tegel","Inflow","Gastropoda","Hydrobiidae",3,"2",728,191108.434590873,"kick_net",0.182,2.82,1,4.03230455398401,1.53020005388967,1,0.135622394240555,17.0281238483793
"266",495,"Tegel","Inflow","Gastropoda","Hydrobiidae",3,"2",728,191108.434590873,"kick_net",0.182,2.82,1,4.03230455398401,1.53020005388967,1,0.135622394240555,17.0281238483793
"267",496,"Tegel","Inflow","Gastropoda","Hydrobiidae",3,"2",728,191108.434590873,"kick_net",0.182,2.82,1,4.03230455398401,1.53020005388967,1,0.135622394240555,17.0281238483793
"268",497,"Tegel","Inflow","Gastropoda","Hydrobiidae",4,"2",728,191108.434590873,"kick_net",0.182,2.82,1,9.0757090238855,1.53020005388967,1,0.135622394240555,17.0281238483793
"269",498,"Tegel","Inflow","Gastropoda","Hydrobiidae",4,"2",728,191108.434590873,"kick_net",0.182,2.82,1,9.0757090238855,1.53020005388967,1,0.135622394240555,17.0281238483793
"270",499,"Tegel","Inflow","Gastropoda","Hydrobiidae",4,"2",728,191108.434590873,"kick_net",0.182,2.82,1,9.0757090238855,1.53020005388967,1,0.135622394240555,17.0281238483793
"271",500,"Tegel","Inflow","Gastropoda","Hydrobiidae",4,"2",728,191108.434590873,"kick_net",0.182,2.82,1,9.0757090238855,1.53020005388967,1,0.135622394240555,17.0281238483793
"272",501,"Tegel","Inflow","Gastropoda","Hydrobiidae",4,"2",728,191108.434590873,"kick_net",0.182,2.82,1,9.0757090238855,1.53020005388967,1,0.135622394240555,17.0281238483793
"273",502,"Tegel","Inflow","Gastropoda","Hydrobiidae",4,"2",728,191108.434590873,"kick_net",0.182,2.82,1,9.0757090238855,1.53020005388967,1,0.135622394240555,17.0281238483793
"274",503,"Tegel","Inflow","Gastropoda","Hydrobiidae",4,"2",728,191108.434590873,"kick_net",0.182,2.82,1,9.0757090238855,1.53020005388967,1,0.135622394240555,17.0281238483793
"275",504,"Tegel","Inflow","Gastropoda","Hydrobiidae",4,"2",728,191108.434590873,"kick_net",0.182,2.82,1,9.0757090238855,1.53020005388967,1,0.135622394240555,17.0281238483793
"276",505,"Tegel","Inflow","Gastropoda","Hydrobiidae",4,"2",728,191108.434590873,"kick_net",0.182,2.82,1,9.0757090238855,1.53020005388967,1,0.135622394240555,17.0281238483793
"277",506,"Tegel","Inflow","Gastropoda","Hydrobiidae",4,"2",728,191108.434590873,"kick_net",0.182,2.82,1,9.0757090238855,1.53020005388967,1,0.135622394240555,17.0281238483793
"278",507,"Tegel","Inflow","Gastropoda","Hydrobiidae",4,"2",728,191108.434590873,"kick_net",0.182,2.82,1,9.0757090238855,1.53020005388967,1,0.135622394240555,17.0281238483793
"279",508,"Tegel","Inflow","Gastropoda","Hydrobiidae",4,"2",728,191108.434590873,"kick_net",0.182,2.82,1,9.0757090238855,1.53020005388967,1,0.135622394240555,17.0281238483793
"280",509,"Tegel","Inflow","Gastropoda","Hydrobiidae",4,"2",728,191108.434590873,"kick_net",0.182,2.82,1,9.0757090238855,1.53020005388967,1,0.135622394240555,17.0281238483793
"281",510,"Tegel","Inflow","Gastropoda","Hydrobiidae",4,"2",728,191108.434590873,"kick_net",0.182,2.82,1,9.0757090238855,1.53020005388967,1,0.135622394240555,17.0281238483793
"282",511,"Tegel","Inflow","Gastropoda","Hydrobiidae",4,"2",728,191108.434590873,"kick_net",0.182,2.82,1,9.0757090238855,1.53020005388967,1,0.135622394240555,17.0281238483793
"283",512,"Tegel","Inflow","Gastropoda","Hydrobiidae",4,"2",728,191108.434590873,"kick_net",0.182,2.82,1,9.0757090238855,1.53020005388967,1,0.135622394240555,17.0281238483793
"284",513,"Tegel","Inflow","Gastropoda","Hydrobiidae",4,"2",728,191108.434590873,"kick_net",0.182,2.82,1,9.0757090238855,1.53020005388967,1,0.135622394240555,17.0281238483793
"285",514,"Tegel","Inflow","Gastropoda","Hydrobiidae",4,"2",728,191108.434590873,"kick_net",0.182,2.82,1,9.0757090238855,1.53020005388967,1,0.135622394240555,17.0281238483793
"286",515,"Tegel","Inflow","Gastropoda","Hydrobiidae",4,"2",728,191108.434590873,"kick_net",0.182,2.82,1,9.0757090238855,1.53020005388967,1,0.135622394240555,17.0281238483793
"287",516,"Tegel","Inflow","Gastropoda","Hydrobiidae",5,"2",728,191108.434590873,"kick_net",0.182,2.82,1,17.0281238483793,1.53020005388967,1,0.135622394240555,17.0281238483793
"288",517,"Tegel","Inflow","Gastropoda","Hydrobiidae",5,"2",728,191108.434590873,"kick_net",0.182,2.82,1,17.0281238483793,1.53020005388967,1,0.135622394240555,17.0281238483793
"289",518,"Tegel","Inflow","Gastropoda","Hydrobiidae",5,"2",728,191108.434590873,"kick_net",0.182,2.82,1,17.0281238483793,1.53020005388967,1,0.135622394240555,17.0281238483793
"290",519,"Tegel","Inflow","Gastropoda","Hydrobiidae",5,"2",728,191108.434590873,"kick_net",0.182,2.82,1,17.0281238483793,1.53020005388967,1,0.135622394240555,17.0281238483793
"291",520,"Tegel","Inflow","Gastropoda","Hydrobiidae",5,"2",728,191108.434590873,"kick_net",0.182,2.82,1,17.0281238483793,1.53020005388967,1,0.135622394240555,17.0281238483793
"292",521,"Tegel","Inflow","Gastropoda","Hydrobiidae",5,"2",728,191108.434590873,"kick_net",0.182,2.82,1,17.0281238483793,1.53020005388967,1,0.135622394240555,17.0281238483793
"293",522,"Tegel","Inflow","Gastropoda","Hydrobiidae",5,"2",728,191108.434590873,"kick_net",0.182,2.82,1,17.0281238483793,1.53020005388967,1,0.135622394240555,17.0281238483793
"294",523,"Tegel","Inflow","Gastropoda","Hydrobiidae",5,"2",728,191108.434590873,"kick_net",0.182,2.82,1,17.0281238483793,1.53020005388967,1,0.135622394240555,17.0281238483793
"295",524,"Tegel","Inflow","Gastropoda","Hydrobiidae",5,"2",728,191108.434590873,"kick_net",0.182,2.82,1,17.0281238483793,1.53020005388967,1,0.135622394240555,17.0281238483793
"296",525,"Tegel","Inflow","Gastropoda","Hydrobiidae",5,"2",728,191108.434590873,"kick_net",0.182,2.82,1,17.0281238483793,1.53020005388967,1,0.135622394240555,17.0281238483793
"297",526,"Tegel","Inflow","Gastropoda","Hydrobiidae",5,"2",728,191108.434590873,"kick_net",0.182,2.82,1,17.0281238483793,1.53020005388967,1,0.135622394240555,17.0281238483793
"298",527,"Tegel","Inflow","Gastropoda","Hydrobiidae",5,"2",728,191108.434590873,"kick_net",0.182,2.82,1,17.0281238483793,1.53020005388967,1,0.135622394240555,17.0281238483793
"299",528,"Tegel","Inflow","Gastropoda","Hydrobiidae",5,"2",728,191108.434590873,"kick_net",0.182,2.82,1,17.0281238483793,1.53020005388967,1,0.135622394240555,17.0281238483793
"300",529,"Tegel","Inflow","Gastropoda","Hydrobiidae",5,"2",728,191108.434590873,"kick_net",0.182,2.82,1,17.0281238483793,1.53020005388967,1,0.135622394240555,17.0281238483793
"301",541,"Tegel","Inflow","Coleoptera","Elmidae",3,"2",728,191108.434590873,"kick_net",0.007,2.88,1,0.165656031703537,1.53020005388967,1,0.135622394240555,17.0281238483793
"302",542,"Tegel","Inflow","Coleoptera","Elmidae",3,"2",728,191108.434590873,"kick_net",0.007,2.88,1,0.165656031703537,1.53020005388967,1,0.135622394240555,17.0281238483793
"303",543,"Tegel","Inflow","Coleoptera","Elmidae",3,"2",728,191108.434590873,"kick_net",0.007,2.88,1,0.165656031703537,1.53020005388967,1,0.135622394240555,17.0281238483793
"304",544,"Tegel","Inflow","Coleoptera","Elmidae",3,"2",728,191108.434590873,"kick_net",0.007,2.88,1,0.165656031703537,1.53020005388967,1,0.135622394240555,17.0281238483793
"305",545,"Tegel","Inflow","Coleoptera","Elmidae",3,"2",728,191108.434590873,"kick_net",0.007,2.88,1,0.165656031703537,1.53020005388967,1,0.135622394240555,17.0281238483793
"306",546,"Tegel","Inflow","Coleoptera","Elmidae",3,"2",728,191108.434590873,"kick_net",0.007,2.88,1,0.165656031703537,1.53020005388967,1,0.135622394240555,17.0281238483793
"307",547,"Tegel","Inflow","Coleoptera","Elmidae",3,"2",728,191108.434590873,"kick_net",0.007,2.88,1,0.165656031703537,1.53020005388967,1,0.135622394240555,17.0281238483793
"308",548,"Tegel","Inflow","Coleoptera","Elmidae",3,"2",728,191108.434590873,"kick_net",0.007,2.88,1,0.165656031703537,1.53020005388967,1,0.135622394240555,17.0281238483793
"309",549,"Tegel","Inflow","Coleoptera","Elmidae",3,"2",728,191108.434590873,"kick_net",0.007,2.88,1,0.165656031703537,1.53020005388967,1,0.135622394240555,17.0281238483793
"310",550,"Tegel","Inflow","Coleoptera","Elmidae",3,"2",728,191108.434590873,"kick_net",0.007,2.88,1,0.165656031703537,1.53020005388967,1,0.135622394240555,17.0281238483793
"311",551,"Tegel","Inflow","Coleoptera","Elmidae",4,"2",728,191108.434590873,"kick_net",0.007,2.88,1,0.379341899938412,1.53020005388967,1,0.135622394240555,17.0281238483793
"312",552,"Tegel","Inflow","Coleoptera","Elmidae",4,"2",728,191108.434590873,"kick_net",0.007,2.88,1,0.379341899938412,1.53020005388967,1,0.135622394240555,17.0281238483793
"313",553,"Tegel","Inflow","Coleoptera","Elmidae",4,"2",728,191108.434590873,"kick_net",0.007,2.88,1,0.379341899938412,1.53020005388967,1,0.135622394240555,17.0281238483793
"314",554,"Tegel","Inflow","Coleoptera","Elmidae",4,"2",728,191108.434590873,"kick_net",0.007,2.88,1,0.379341899938412,1.53020005388967,1,0.135622394240555,17.0281238483793
"315",555,"Tegel","Inflow","Coleoptera","Elmidae",4,"2",728,191108.434590873,"kick_net",0.007,2.88,1,0.379341899938412,1.53020005388967,1,0.135622394240555,17.0281238483793
"316",556,"Tegel","Inflow","Coleoptera","Elmidae",4,"2",728,191108.434590873,"kick_net",0.007,2.88,1,0.379341899938412,1.53020005388967,1,0.135622394240555,17.0281238483793
"317",557,"Tegel","Inflow","Coleoptera","Elmidae",4,"2",728,191108.434590873,"kick_net",0.007,2.88,1,0.379341899938412,1.53020005388967,1,0.135622394240555,17.0281238483793
"318",560,"Tegel","Pool","Diptera","Simuliidae",7,"2",728,191108.434590873,"kick_net",0.002,3.01,1,0.699479669405531,1.53020005388967,1,0.197894293315652,17.0281238483793
"319",562,"Tegel","Pool","Diptera","Ceratopogonidae",7,"2",728,191108.434590873,"kick_net",0.003,2.47,1,0.366871025390369,1.53020005388967,1,0.197894293315652,17.0281238483793
"320",563,"Tegel","Pool","Diptera","Ceratopogonidae",8,"2",728,191108.434590873,"kick_net",0.003,2.47,1,0.510215352613061,1.53020005388967,1,0.197894293315652,17.0281238483793
"321",564,"Tegel","Pool","Diptera","Ceratopogonidae",8,"2",728,191108.434590873,"kick_net",0.003,2.47,1,0.510215352613061,1.53020005388967,1,0.197894293315652,17.0281238483793
"322",565,"Tegel","Pool","Isopoda","Asellidae",4,"2",728,191108.434590873,"kick_net",0.0036,3.111,1,0.268726894799263,1.53020005388967,1,0.197894293315652,17.0281238483793
"323",566,"Tegel","Pool","Diptera","Tipulidae",16,"2",728,191108.434590873,"kick_net",0.003,2.68,1,5.06014321009197,1.53020005388967,1,0.197894293315652,17.0281238483793
"324",574,"Tegel","Pool","Diptera","Chironomidae",6,"2",728,191108.434590873,"kick_net",0.002,2.62,1,0.218668523080522,1.53020005388967,1,0.197894293315652,17.0281238483793
"325",605,"Tegel","Pool","Coleoptera","Elmidae",4,"2",728,191108.434590873,"kick_net",0.007,2.88,1,0.379341899938412,1.53020005388967,1,0.197894293315652,17.0281238483793
"326",606,"Tegel","Pool","Coleoptera","Elmidae",4,"2",728,191108.434590873,"kick_net",0.007,2.88,1,0.379341899938412,1.53020005388967,1,0.197894293315652,17.0281238483793
"327",610,"Tegel","Pool","Ephemeroptera","Ephemerellidae",6,"2",728,191108.434590873,"kick_net",0.01,2.676,1,1.20873958772828,1.53020005388967,1,0.197894293315652,17.0281238483793
"328",611,"Tegel","Pool","Ephemeroptera","Ephemerellidae",7,"2",728,191108.434590873,"kick_net",0.01,2.676,1,1.82592256228061,1.53020005388967,1,0.197894293315652,17.0281238483793
"329",612,"Tegel","Pool","Ephemeroptera","Ephemerellidae",8,"2",728,191108.434590873,"kick_net",0.01,2.676,1,2.61017006847537,1.53020005388967,1,0.197894293315652,17.0281238483793
"330",613,"Tegel","Pool","Ephemeroptera","Ephemeridae",15,"2",728,191108.434590873,"kick_net",0.003,2.764,1,5.34364372364597,1.53020005388967,1,0.197894293315652,17.0281238483793
"331",614,"Tegel","Pool","Ephemeroptera","Baetidae",4,"2",728,191108.434590873,"kick_net",0.005,2.875,1,0.269086852881189,1.53020005388967,1,0.197894293315652,17.0281238483793
"332",615,"Tegel","Pool","Ephemeroptera","Baetidae",6,"2",728,191108.434590873,"kick_net",0.005,2.875,1,0.863286300593756,1.53020005388967,1,0.197894293315652,17.0281238483793
"333",616,"Tegel","Pool","Ephemeroptera","Baetidae",6,"2",728,191108.434590873,"kick_net",0.005,2.875,1,0.863286300593756,1.53020005388967,1,0.197894293315652,17.0281238483793
"334",617,"Tegel","Pool","Ephemeroptera","Baetidae",6,"2",728,191108.434590873,"kick_net",0.005,2.875,1,0.863286300593756,1.53020005388967,1,0.197894293315652,17.0281238483793
"335",618,"Tegel","Pool","Ephemeroptera","Baetidae",6,"2",728,191108.434590873,"kick_net",0.005,2.875,1,0.863286300593756,1.53020005388967,1,0.197894293315652,17.0281238483793
"336",619,"Tegel","Pool","Ephemeroptera","Caenidae",4,"2",728,191108.434590873,"kick_net",0.005,2.772,1,0.233281500610653,1.53020005388967,1,0.197894293315652,17.0281238483793
"337",620,"Tegel","Pool","Plecoptera","Leuctridae",5,"2",728,191108.434590873,"kick_net",0.003,2.719,1,0.238572673015956,1.53020005388967,1,0.197894293315652,17.0281238483793
"338",621,"Tegel","Pool","Plecoptera","Leuctridae",5,"2",728,191108.434590873,"kick_net",0.003,2.719,1,0.238572673015956,1.53020005388967,1,0.197894293315652,17.0281238483793
"339",622,"Tegel","Pool","Plecoptera","Leuctridae",6,"2",728,191108.434590873,"kick_net",0.003,2.719,1,0.391664766143652,1.53020005388967,1,0.197894293315652,17.0281238483793
"340",623,"Tegel","Pool","Plecoptera","Leuctridae",6,"2",728,191108.434590873,"kick_net",0.003,2.719,1,0.391664766143652,1.53020005388967,1,0.197894293315652,17.0281238483793
"341",624,"Tegel","Pool","Trichoptera","Rhyacophilidae",4,"2",728,191108.434590873,"kick_net",0.01,2.48,1,0.311249583171931,1.53020005388967,1,0.197894293315652,17.0281238483793
"342",631,"Tegel","Pool","Amphipoda","Gammaridae",3,"2",728,191108.434590873,"kick_net",0.00845,2.8705,1,0.197894293315652,1.53020005388967,1,0.197894293315652,17.0281238483793
"343",632,"Tegel","Pool","Amphipoda","Gammaridae",3,"2",728,191108.434590873,"kick_net",0.00845,2.8705,1,0.197894293315652,1.53020005388967,1,0.197894293315652,17.0281238483793
"344",633,"Tegel","Pool","Amphipoda","Gammaridae",3,"2",728,191108.434590873,"kick_net",0.00845,2.8705,1,0.197894293315652,1.53020005388967,1,0.197894293315652,17.0281238483793
"345",634,"Tegel","Pool","Amphipoda","Gammaridae",4,"2",728,191108.434590873,"kick_net",0.00845,2.8705,1,0.451928691384938,1.53020005388967,1,0.197894293315652,17.0281238483793
"346",635,"Tegel","Pool","Amphipoda","Gammaridae",4,"2",728,191108.434590873,"kick_net",0.00845,2.8705,1,0.451928691384938,1.53020005388967,1,0.197894293315652,17.0281238483793
"347",636,"Tegel","Pool","Amphipoda","Gammaridae",4,"2",728,191108.434590873,"kick_net",0.00845,2.8705,1,0.451928691384938,1.53020005388967,1,0.197894293315652,17.0281238483793
"348",637,"Tegel","Pool","Amphipoda","Gammaridae",4,"2",728,191108.434590873,"kick_net",0.00845,2.8705,1,0.451928691384938,1.53020005388967,1,0.197894293315652,17.0281238483793
"349",638,"Tegel","Pool","Amphipoda","Gammaridae",4,"2",728,191108.434590873,"kick_net",0.00845,2.8705,1,0.451928691384938,1.53020005388967,1,0.197894293315652,17.0281238483793
"350",639,"Tegel","Pool","Amphipoda","Gammaridae",4,"2",728,191108.434590873,"kick_net",0.00845,2.8705,1,0.451928691384938,1.53020005388967,1,0.197894293315652,17.0281238483793
"351",640,"Tegel","Pool","Amphipoda","Gammaridae",4,"2",728,191108.434590873,"kick_net",0.00845,2.8705,1,0.451928691384938,1.53020005388967,1,0.197894293315652,17.0281238483793
"352",641,"Tegel","Pool","Amphipoda","Gammaridae",4,"2",728,191108.434590873,"kick_net",0.00845,2.8705,1,0.451928691384938,1.53020005388967,1,0.197894293315652,17.0281238483793
"353",642,"Tegel","Pool","Amphipoda","Gammaridae",4,"2",728,191108.434590873,"kick_net",0.00845,2.8705,1,0.451928691384938,1.53020005388967,1,0.197894293315652,17.0281238483793
"354",643,"Tegel","Pool","Amphipoda","Gammaridae",4,"2",728,191108.434590873,"kick_net",0.00845,2.8705,1,0.451928691384938,1.53020005388967,1,0.197894293315652,17.0281238483793
"355",644,"Tegel","Pool","Amphipoda","Gammaridae",5,"2",728,191108.434590873,"kick_net",0.00845,2.8705,1,0.857531547980516,1.53020005388967,1,0.197894293315652,17.0281238483793
"356",645,"Tegel","Pool","Amphipoda","Gammaridae",5,"2",728,191108.434590873,"kick_net",0.00845,2.8705,1,0.857531547980516,1.53020005388967,1,0.197894293315652,17.0281238483793
"357",646,"Tegel","Pool","Amphipoda","Gammaridae",5,"2",728,191108.434590873,"kick_net",0.00845,2.8705,1,0.857531547980516,1.53020005388967,1,0.197894293315652,17.0281238483793
"358",647,"Tegel","Pool","Amphipoda","Gammaridae",5,"2",728,191108.434590873,"kick_net",0.00845,2.8705,1,0.857531547980516,1.53020005388967,1,0.197894293315652,17.0281238483793
"359",648,"Tegel","Pool","Amphipoda","Gammaridae",5,"2",728,191108.434590873,"kick_net",0.00845,2.8705,1,0.857531547980516,1.53020005388967,1,0.197894293315652,17.0281238483793
"360",649,"Tegel","Pool","Amphipoda","Gammaridae",5,"2",728,191108.434590873,"kick_net",0.00845,2.8705,1,0.857531547980516,1.53020005388967,1,0.197894293315652,17.0281238483793
"361",650,"Tegel","Pool","Amphipoda","Gammaridae",6,"2",728,191108.434590873,"kick_net",0.00845,2.8705,1,1.44723771988851,1.53020005388967,1,0.197894293315652,17.0281238483793
"362",651,"Tegel","Pool","Amphipoda","Gammaridae",6,"2",728,191108.434590873,"kick_net",0.00845,2.8705,1,1.44723771988851,1.53020005388967,1,0.197894293315652,17.0281238483793
"363",652,"Tegel","Pool","Amphipoda","Gammaridae",6,"2",728,191108.434590873,"kick_net",0.00845,2.8705,1,1.44723771988851,1.53020005388967,1,0.197894293315652,17.0281238483793
"364",653,"Tegel","Pool","Amphipoda","Gammaridae",6,"2",728,191108.434590873,"kick_net",0.00845,2.8705,1,1.44723771988851,1.53020005388967,1,0.197894293315652,17.0281238483793
"365",654,"Tegel","Pool","Amphipoda","Gammaridae",6,"2",728,191108.434590873,"kick_net",0.00845,2.8705,1,1.44723771988851,1.53020005388967,1,0.197894293315652,17.0281238483793
"366",655,"Tegel","Pool","Amphipoda","Gammaridae",7,"2",728,191108.434590873,"kick_net",0.00845,2.8705,1,2.25273772956822,1.53020005388967,1,0.197894293315652,17.0281238483793
"367",656,"Tegel","Pool","Amphipoda","Gammaridae",7,"2",728,191108.434590873,"kick_net",0.00845,2.8705,1,2.25273772956822,1.53020005388967,1,0.197894293315652,17.0281238483793
"368",657,"Tegel","Pool","Amphipoda","Gammaridae",7,"2",728,191108.434590873,"kick_net",0.00845,2.8705,1,2.25273772956822,1.53020005388967,1,0.197894293315652,17.0281238483793
"369",658,"Tegel","Pool","Amphipoda","Gammaridae",9,"2",728,191108.434590873,"kick_net",0.00845,2.8705,1,4.6345741215268,1.53020005388967,1,0.197894293315652,17.0281238483793
"370",659,"Tegel","Pool","Amphipoda","Gammaridae",9,"2",728,191108.434590873,"kick_net",0.00845,2.8705,1,4.6345741215268,1.53020005388967,1,0.197894293315652,17.0281238483793
"371",660,"Tegel","Pool","Amphipoda","Gammaridae",11,"2",728,191108.434590873,"kick_net",0.00845,2.8705,1,8.24469153511625,1.53020005388967,1,0.197894293315652,17.0281238483793
"372",661,"Tegel","Pool","Amphipoda","Gammaridae",12,"2",728,191108.434590873,"kick_net",0.00845,2.8705,1,10.5839182261171,1.53020005388967,1,0.197894293315652,17.0281238483793
"373",718,"Tegel","Pool","Diptera","Chironomidae",6,"2",728,191108.434590873,"kick_net",0.002,2.62,1,0.218668523080522,1.53020005388967,1,0.197894293315652,17.0281238483793
"374",719,"Tegel","Pool","Diptera","Chironomidae",6,"2",728,191108.434590873,"kick_net",0.002,2.62,1,0.218668523080522,1.53020005388967,1,0.197894293315652,17.0281238483793
"375",720,"Tegel","Pool","Diptera","Chironomidae",6,"2",728,191108.434590873,"kick_net",0.002,2.62,1,0.218668523080522,1.53020005388967,1,0.197894293315652,17.0281238483793
"376",721,"Tegel","Pool","Diptera","Chironomidae",6,"2",728,191108.434590873,"kick_net",0.002,2.62,1,0.218668523080522,1.53020005388967,1,0.197894293315652,17.0281238483793
"377",722,"Tegel","Pool","Diptera","Chironomidae",6,"2",728,191108.434590873,"kick_net",0.002,2.62,1,0.218668523080522,1.53020005388967,1,0.197894293315652,17.0281238483793
"378",723,"Tegel","Pool","Diptera","Chironomidae",6,"2",728,191108.434590873,"kick_net",0.002,2.62,1,0.218668523080522,1.53020005388967,1,0.197894293315652,17.0281238483793
"379",724,"Tegel","Pool","Diptera","Chironomidae",6,"2",728,191108.434590873,"kick_net",0.002,2.62,1,0.218668523080522,1.53020005388967,1,0.197894293315652,17.0281238483793
"380",725,"Tegel","Pool","Diptera","Chironomidae",6,"2",728,191108.434590873,"kick_net",0.002,2.62,1,0.218668523080522,1.53020005388967,1,0.197894293315652,17.0281238483793
"381",726,"Tegel","Pool","Diptera","Chironomidae",6,"2",728,191108.434590873,"kick_net",0.002,2.62,1,0.218668523080522,1.53020005388967,1,0.197894293315652,17.0281238483793
"382",727,"Tegel","Pool","Diptera","Chironomidae",6,"2",728,191108.434590873,"kick_net",0.002,2.62,1,0.218668523080522,1.53020005388967,1,0.197894293315652,17.0281238483793
"383",728,"Tegel","Pool","Diptera","Chironomidae",6,"2",728,191108.434590873,"kick_net",0.002,2.62,1,0.218668523080522,1.53020005388967,1,0.197894293315652,17.0281238483793
"384",729,"Tegel","Pool","Diptera","Chironomidae",6,"2",728,191108.434590873,"kick_net",0.002,2.62,1,0.218668523080522,1.53020005388967,1,0.197894293315652,17.0281238483793
"385",730,"Tegel","Pool","Diptera","Chironomidae",7,"2",728,191108.434590873,"kick_net",0.002,2.62,1,0.327481567511863,1.53020005388967,1,0.197894293315652,17.0281238483793
"386",731,"Tegel","Pool","Diptera","Chironomidae",7,"2",728,191108.434590873,"kick_net",0.002,2.62,1,0.327481567511863,1.53020005388967,1,0.197894293315652,17.0281238483793
"387",732,"Tegel","Pool","Diptera","Chironomidae",7,"2",728,191108.434590873,"kick_net",0.002,2.62,1,0.327481567511863,1.53020005388967,1,0.197894293315652,17.0281238483793
"388",733,"Tegel","Pool","Diptera","Chironomidae",7,"2",728,191108.434590873,"kick_net",0.002,2.62,1,0.327481567511863,1.53020005388967,1,0.197894293315652,17.0281238483793
"389",734,"Tegel","Pool","Diptera","Chironomidae",7,"2",728,191108.434590873,"kick_net",0.002,2.62,1,0.327481567511863,1.53020005388967,1,0.197894293315652,17.0281238483793
"390",735,"Tegel","Pool","Diptera","Chironomidae",7,"2",728,191108.434590873,"kick_net",0.002,2.62,1,0.327481567511863,1.53020005388967,1,0.197894293315652,17.0281238483793
"391",736,"Tegel","Pool","Diptera","Chironomidae",7,"2",728,191108.434590873,"kick_net",0.002,2.62,1,0.327481567511863,1.53020005388967,1,0.197894293315652,17.0281238483793
"392",737,"Tegel","Pool","Diptera","Chironomidae",7,"2",728,191108.434590873,"kick_net",0.002,2.62,1,0.327481567511863,1.53020005388967,1,0.197894293315652,17.0281238483793
"393",738,"Tegel","Pool","Diptera","Chironomidae",7,"2",728,191108.434590873,"kick_net",0.002,2.62,1,0.327481567511863,1.53020005388967,1,0.197894293315652,17.0281238483793
"394",739,"Tegel","Pool","Diptera","Chironomidae",7,"2",728,191108.434590873,"kick_net",0.002,2.62,1,0.327481567511863,1.53020005388967,1,0.197894293315652,17.0281238483793
"395",740,"Tegel","Pool","Diptera","Chironomidae",7,"2",728,191108.434590873,"kick_net",0.002,2.62,1,0.327481567511863,1.53020005388967,1,0.197894293315652,17.0281238483793
"396",741,"Tegel","Pool","Diptera","Chironomidae",7,"2",728,191108.434590873,"kick_net",0.002,2.62,1,0.327481567511863,1.53020005388967,1,0.197894293315652,17.0281238483793
"397",742,"Tegel","Pool","Diptera","Chironomidae",8,"2",728,191108.434590873,"kick_net",0.002,2.62,1,0.464649807522386,1.53020005388967,1,0.197894293315652,17.0281238483793
"398",743,"Tegel","Pool","Diptera","Chironomidae",8,"2",728,191108.434590873,"kick_net",0.002,2.62,1,0.464649807522386,1.53020005388967,1,0.197894293315652,17.0281238483793
"399",744,"Tegel","Pool","Diptera","Chironomidae",9,"2",728,191108.434590873,"kick_net",0.002,2.62,1,0.63262357257604,1.53020005388967,1,0.197894293315652,17.0281238483793
"400",745,"Tegel","Pool","Diptera","Chironomidae",10,"2",728,191108.434590873,"kick_net",0.002,2.62,1,0.833738766940671,1.53020005388967,1,0.197894293315652,17.0281238483793
"401",746,"Tegel","Pool","Heteroptera","Corixidae",5,"2",728,191108.434590873,"kick_net",0.003,2.904,1,0.321314368939196,1.53020005388967,1,0.197894293315652,17.0281238483793
"402",747,"Tegel","Pool","Heteroptera","Corixidae",5,"2",728,191108.434590873,"kick_net",0.003,2.904,1,0.321314368939196,1.53020005388967,1,0.197894293315652,17.0281238483793
"403",748,"Tegel","Pool","Heteroptera","Corixidae",5,"2",728,191108.434590873,"kick_net",0.003,2.904,1,0.321314368939196,1.53020005388967,1,0.197894293315652,17.0281238483793
"404",749,"Tegel","Pool","Heteroptera","Corixidae",5,"2",728,191108.434590873,"kick_net",0.003,2.904,1,0.321314368939196,1.53020005388967,1,0.197894293315652,17.0281238483793
"405",750,"Tegel","Pool","Heteroptera","Corixidae",13,"2",728,191108.434590873,"kick_net",0.003,2.904,1,5.15243770650626,1.53020005388967,1,0.197894293315652,17.0281238483793
"406",751,"Tegel","Pool","Odonata","Cordulegastridae",6,"2",728,191108.434590873,"kick_net",0.007,2.782,1,1.0230923058697,1.53020005388967,1,0.197894293315652,17.0281238483793
"407",752,"Tegel","Pool","Odonata","Calopterygidae",11,"2",728,191108.434590873,"kick_net",0.005,2.742,1,3.58483149968745,1.53020005388967,1,0.197894293315652,17.0281238483793
"408",767,"Tegel","Pool","Gastropoda","Hydrobiidae",2,"2",728,191108.434590873,"kick_net",0.182,2.82,1,1.28521556259919,1.53020005388967,1,0.197894293315652,17.0281238483793
"409",768,"Tegel","Pool","Gastropoda","Hydrobiidae",2,"2",728,191108.434590873,"kick_net",0.182,2.82,1,1.28521556259919,1.53020005388967,1,0.197894293315652,17.0281238483793
"410",769,"Tegel","Pool","Gastropoda","Hydrobiidae",2,"2",728,191108.434590873,"kick_net",0.182,2.82,1,1.28521556259919,1.53020005388967,1,0.197894293315652,17.0281238483793
"411",770,"Tegel","Pool","Gastropoda","Hydrobiidae",3,"2",728,191108.434590873,"kick_net",0.182,2.82,1,4.03230455398401,1.53020005388967,1,0.197894293315652,17.0281238483793
"412",771,"Tegel","Pool","Gastropoda","Hydrobiidae",4,"2",728,191108.434590873,"kick_net",0.182,2.82,1,9.0757090238855,1.53020005388967,1,0.197894293315652,17.0281238483793
"413",772,"Tegel","Pool","Gastropoda","Hydrobiidae",4,"2",728,191108.434590873,"kick_net",0.182,2.82,1,9.0757090238855,1.53020005388967,1,0.197894293315652,17.0281238483793
"414",773,"Tegel","Pool","Gastropoda","Hydrobiidae",4,"2",728,191108.434590873,"kick_net",0.182,2.82,1,9.0757090238855,1.53020005388967,1,0.197894293315652,17.0281238483793
"415",774,"Tegel","Pool","Gastropoda","Hydrobiidae",4,"2",728,191108.434590873,"kick_net",0.182,2.82,1,9.0757090238855,1.53020005388967,1,0.197894293315652,17.0281238483793
"416",775,"Tegel","Pool","Gastropoda","Hydrobiidae",5,"2",728,191108.434590873,"kick_net",0.182,2.82,1,17.0281238483793,1.53020005388967,1,0.197894293315652,17.0281238483793
"417",776,"Tegel","Pool","Gastropoda","Hydrobiidae",5,"2",728,191108.434590873,"kick_net",0.182,2.82,1,17.0281238483793,1.53020005388967,1,0.197894293315652,17.0281238483793
"418",777,"Tegel","Pool","Gastropoda","Hydrobiidae",5,"2",728,191108.434590873,"kick_net",0.182,2.82,1,17.0281238483793,1.53020005388967,1,0.197894293315652,17.0281238483793
"419",778,"Tegel","Pool","Gastropoda","Hydrobiidae",5,"2",728,191108.434590873,"kick_net",0.182,2.82,1,17.0281238483793,1.53020005388967,1,0.197894293315652,17.0281238483793
"420",779,"Tegel","Outflow","Ephemeroptera","Ephemeridae",5,"2",728,191108.434590873,"kick_net",0.003,2.764,1,0.256492308712764,1.53020005388967,1,0.129786813413124,17.0281238483793
"421",780,"Tegel","Outflow","Ephemeroptera","Ephemeridae",14,"2",728,191108.434590873,"kick_net",0.003,2.764,1,4.41589913868625,1.53020005388967,1,0.129786813413124,17.0281238483793
"422",781,"Tegel","Outflow","Ephemeroptera","Ephemeridae",15,"2",728,191108.434590873,"kick_net",0.003,2.764,1,5.34364372364597,1.53020005388967,1,0.129786813413124,17.0281238483793
"423",786,"Tegel","Outflow","Ephemeroptera","Baetidae",4,"2",728,191108.434590873,"kick_net",0.005,2.875,1,0.269086852881189,1.53020005388967,1,0.129786813413124,17.0281238483793
"424",787,"Tegel","Outflow","Ephemeroptera","Baetidae",4,"2",728,191108.434590873,"kick_net",0.005,2.875,1,0.269086852881189,1.53020005388967,1,0.129786813413124,17.0281238483793
"425",788,"Tegel","Outflow","Ephemeroptera","Baetidae",4,"2",728,191108.434590873,"kick_net",0.005,2.875,1,0.269086852881189,1.53020005388967,1,0.129786813413124,17.0281238483793
"426",789,"Tegel","Outflow","Ephemeroptera","Baetidae",4,"2",728,191108.434590873,"kick_net",0.005,2.875,1,0.269086852881189,1.53020005388967,1,0.129786813413124,17.0281238483793
"427",790,"Tegel","Outflow","Ephemeroptera","Baetidae",4,"2",728,191108.434590873,"kick_net",0.005,2.875,1,0.269086852881189,1.53020005388967,1,0.129786813413124,17.0281238483793
"428",791,"Tegel","Outflow","Ephemeroptera","Baetidae",4,"2",728,191108.434590873,"kick_net",0.005,2.875,1,0.269086852881189,1.53020005388967,1,0.129786813413124,17.0281238483793
"429",792,"Tegel","Outflow","Ephemeroptera","Baetidae",4,"2",728,191108.434590873,"kick_net",0.005,2.875,1,0.269086852881189,1.53020005388967,1,0.129786813413124,17.0281238483793
"430",793,"Tegel","Outflow","Ephemeroptera","Baetidae",4,"2",728,191108.434590873,"kick_net",0.005,2.875,1,0.269086852881189,1.53020005388967,1,0.129786813413124,17.0281238483793
"431",794,"Tegel","Outflow","Ephemeroptera","Baetidae",4,"2",728,191108.434590873,"kick_net",0.005,2.875,1,0.269086852881189,1.53020005388967,1,0.129786813413124,17.0281238483793
"432",795,"Tegel","Outflow","Ephemeroptera","Baetidae",5,"2",728,191108.434590873,"kick_net",0.005,2.875,1,0.511103396223714,1.53020005388967,1,0.129786813413124,17.0281238483793
"433",796,"Tegel","Outflow","Ephemeroptera","Baetidae",5,"2",728,191108.434590873,"kick_net",0.005,2.875,1,0.511103396223714,1.53020005388967,1,0.129786813413124,17.0281238483793
"434",797,"Tegel","Outflow","Ephemeroptera","Baetidae",5,"2",728,191108.434590873,"kick_net",0.005,2.875,1,0.511103396223714,1.53020005388967,1,0.129786813413124,17.0281238483793
"435",798,"Tegel","Outflow","Ephemeroptera","Baetidae",5,"2",728,191108.434590873,"kick_net",0.005,2.875,1,0.511103396223714,1.53020005388967,1,0.129786813413124,17.0281238483793
"436",799,"Tegel","Outflow","Ephemeroptera","Baetidae",5,"2",728,191108.434590873,"kick_net",0.005,2.875,1,0.511103396223714,1.53020005388967,1,0.129786813413124,17.0281238483793
"437",800,"Tegel","Outflow","Ephemeroptera","Baetidae",5,"2",728,191108.434590873,"kick_net",0.005,2.875,1,0.511103396223714,1.53020005388967,1,0.129786813413124,17.0281238483793
"438",801,"Tegel","Outflow","Ephemeroptera","Baetidae",5,"2",728,191108.434590873,"kick_net",0.005,2.875,1,0.511103396223714,1.53020005388967,1,0.129786813413124,17.0281238483793
"439",802,"Tegel","Outflow","Ephemeroptera","Baetidae",5,"2",728,191108.434590873,"kick_net",0.005,2.875,1,0.511103396223714,1.53020005388967,1,0.129786813413124,17.0281238483793
"440",803,"Tegel","Outflow","Ephemeroptera","Baetidae",5,"2",728,191108.434590873,"kick_net",0.005,2.875,1,0.511103396223714,1.53020005388967,1,0.129786813413124,17.0281238483793
"441",804,"Tegel","Outflow","Ephemeroptera","Baetidae",5,"2",728,191108.434590873,"kick_net",0.005,2.875,1,0.511103396223714,1.53020005388967,1,0.129786813413124,17.0281238483793
"442",805,"Tegel","Outflow","Ephemeroptera","Baetidae",6,"2",728,191108.434590873,"kick_net",0.005,2.875,1,0.863286300593756,1.53020005388967,1,0.129786813413124,17.0281238483793
"443",806,"Tegel","Outflow","Ephemeroptera","Baetidae",7,"2",728,191108.434590873,"kick_net",0.005,2.875,1,1.34470453452202,1.53020005388967,1,0.129786813413124,17.0281238483793
"444",808,"Tegel","Outflow","Ephemeroptera","Ephemerellidae",3,"2",728,191108.434590873,"kick_net",0.01,2.676,1,0.189136991919144,1.53020005388967,1,0.129786813413124,17.0281238483793
"445",809,"Tegel","Outflow","Ephemeroptera","Ephemerellidae",4,"2",728,191108.434590873,"kick_net",0.01,2.676,1,0.408425206025265,1.53020005388967,1,0.129786813413124,17.0281238483793
"446",816,"Tegel","Outflow","Amphipoda","Gammaridae",3,"2",728,191108.434590873,"kick_net",0.00845,2.8705,1,0.197894293315652,1.53020005388967,1,0.129786813413124,17.0281238483793
"447",817,"Tegel","Outflow","Amphipoda","Gammaridae",3,"2",728,191108.434590873,"kick_net",0.00845,2.8705,1,0.197894293315652,1.53020005388967,1,0.129786813413124,17.0281238483793
"448",818,"Tegel","Outflow","Amphipoda","Gammaridae",3,"2",728,191108.434590873,"kick_net",0.00845,2.8705,1,0.197894293315652,1.53020005388967,1,0.129786813413124,17.0281238483793
"449",819,"Tegel","Outflow","Amphipoda","Gammaridae",3,"2",728,191108.434590873,"kick_net",0.00845,2.8705,1,0.197894293315652,1.53020005388967,1,0.129786813413124,17.0281238483793
"450",820,"Tegel","Outflow","Amphipoda","Gammaridae",3,"2",728,191108.434590873,"kick_net",0.00845,2.8705,1,0.197894293315652,1.53020005388967,1,0.129786813413124,17.0281238483793
"451",821,"Tegel","Outflow","Amphipoda","Gammaridae",3,"2",728,191108.434590873,"kick_net",0.00845,2.8705,1,0.197894293315652,1.53020005388967,1,0.129786813413124,17.0281238483793
"452",822,"Tegel","Outflow","Amphipoda","Gammaridae",3,"2",728,191108.434590873,"kick_net",0.00845,2.8705,1,0.197894293315652,1.53020005388967,1,0.129786813413124,17.0281238483793
"453",823,"Tegel","Outflow","Amphipoda","Gammaridae",3,"2",728,191108.434590873,"kick_net",0.00845,2.8705,1,0.197894293315652,1.53020005388967,1,0.129786813413124,17.0281238483793
"454",824,"Tegel","Outflow","Amphipoda","Gammaridae",3,"2",728,191108.434590873,"kick_net",0.00845,2.8705,1,0.197894293315652,1.53020005388967,1,0.129786813413124,17.0281238483793
"455",825,"Tegel","Outflow","Amphipoda","Gammaridae",3,"2",728,191108.434590873,"kick_net",0.00845,2.8705,1,0.197894293315652,1.53020005388967,1,0.129786813413124,17.0281238483793
"456",826,"Tegel","Outflow","Amphipoda","Gammaridae",3,"2",728,191108.434590873,"kick_net",0.00845,2.8705,1,0.197894293315652,1.53020005388967,1,0.129786813413124,17.0281238483793
"457",827,"Tegel","Outflow","Amphipoda","Gammaridae",3,"2",728,191108.434590873,"kick_net",0.00845,2.8705,1,0.197894293315652,1.53020005388967,1,0.129786813413124,17.0281238483793
"458",828,"Tegel","Outflow","Amphipoda","Gammaridae",4,"2",728,191108.434590873,"kick_net",0.00845,2.8705,1,0.451928691384938,1.53020005388967,1,0.129786813413124,17.0281238483793
"459",829,"Tegel","Outflow","Amphipoda","Gammaridae",4,"2",728,191108.434590873,"kick_net",0.00845,2.8705,1,0.451928691384938,1.53020005388967,1,0.129786813413124,17.0281238483793
"460",830,"Tegel","Outflow","Amphipoda","Gammaridae",4,"2",728,191108.434590873,"kick_net",0.00845,2.8705,1,0.451928691384938,1.53020005388967,1,0.129786813413124,17.0281238483793
"461",831,"Tegel","Outflow","Amphipoda","Gammaridae",4,"2",728,191108.434590873,"kick_net",0.00845,2.8705,1,0.451928691384938,1.53020005388967,1,0.129786813413124,17.0281238483793
"462",832,"Tegel","Outflow","Amphipoda","Gammaridae",4,"2",728,191108.434590873,"kick_net",0.00845,2.8705,1,0.451928691384938,1.53020005388967,1,0.129786813413124,17.0281238483793
"463",833,"Tegel","Outflow","Amphipoda","Gammaridae",4,"2",728,191108.434590873,"kick_net",0.00845,2.8705,1,0.451928691384938,1.53020005388967,1,0.129786813413124,17.0281238483793
"464",834,"Tegel","Outflow","Amphipoda","Gammaridae",4,"2",728,191108.434590873,"kick_net",0.00845,2.8705,1,0.451928691384938,1.53020005388967,1,0.129786813413124,17.0281238483793
"465",835,"Tegel","Outflow","Amphipoda","Gammaridae",4,"2",728,191108.434590873,"kick_net",0.00845,2.8705,1,0.451928691384938,1.53020005388967,1,0.129786813413124,17.0281238483793
"466",836,"Tegel","Outflow","Amphipoda","Gammaridae",4,"2",728,191108.434590873,"kick_net",0.00845,2.8705,1,0.451928691384938,1.53020005388967,1,0.129786813413124,17.0281238483793
"467",837,"Tegel","Outflow","Amphipoda","Gammaridae",4,"2",728,191108.434590873,"kick_net",0.00845,2.8705,1,0.451928691384938,1.53020005388967,1,0.129786813413124,17.0281238483793
"468",838,"Tegel","Outflow","Amphipoda","Gammaridae",4,"2",728,191108.434590873,"kick_net",0.00845,2.8705,1,0.451928691384938,1.53020005388967,1,0.129786813413124,17.0281238483793
"469",839,"Tegel","Outflow","Amphipoda","Gammaridae",4,"2",728,191108.434590873,"kick_net",0.00845,2.8705,1,0.451928691384938,1.53020005388967,1,0.129786813413124,17.0281238483793
"470",840,"Tegel","Outflow","Amphipoda","Gammaridae",5,"2",728,191108.434590873,"kick_net",0.00845,2.8705,1,0.857531547980516,1.53020005388967,1,0.129786813413124,17.0281238483793
"471",841,"Tegel","Outflow","Amphipoda","Gammaridae",5,"2",728,191108.434590873,"kick_net",0.00845,2.8705,1,0.857531547980516,1.53020005388967,1,0.129786813413124,17.0281238483793
"472",842,"Tegel","Outflow","Amphipoda","Gammaridae",5,"2",728,191108.434590873,"kick_net",0.00845,2.8705,1,0.857531547980516,1.53020005388967,1,0.129786813413124,17.0281238483793
"473",843,"Tegel","Outflow","Amphipoda","Gammaridae",5,"2",728,191108.434590873,"kick_net",0.00845,2.8705,1,0.857531547980516,1.53020005388967,1,0.129786813413124,17.0281238483793
"474",844,"Tegel","Outflow","Amphipoda","Gammaridae",6,"2",728,191108.434590873,"kick_net",0.00845,2.8705,1,1.44723771988851,1.53020005388967,1,0.129786813413124,17.0281238483793
"475",845,"Tegel","Outflow","Amphipoda","Gammaridae",6,"2",728,191108.434590873,"kick_net",0.00845,2.8705,1,1.44723771988851,1.53020005388967,1,0.129786813413124,17.0281238483793
"476",846,"Tegel","Outflow","Amphipoda","Gammaridae",6,"2",728,191108.434590873,"kick_net",0.00845,2.8705,1,1.44723771988851,1.53020005388967,1,0.129786813413124,17.0281238483793
"477",847,"Tegel","Outflow","Amphipoda","Gammaridae",10,"2",728,191108.434590873,"kick_net",0.00845,2.8705,1,6.27128747089358,1.53020005388967,1,0.129786813413124,17.0281238483793
"478",848,"Tegel","Outflow","Amphipoda","Gammaridae",12,"2",728,191108.434590873,"kick_net",0.00845,2.8705,1,10.5839182261171,1.53020005388967,1,0.129786813413124,17.0281238483793
"479",850,"Tegel","Outflow","Isopoda","Asellidae",5,"2",728,191108.434590873,"kick_net",0.0036,3.111,1,0.538019707775883,1.53020005388967,1,0.129786813413124,17.0281238483793
"480",876,"Tegel","Outflow","Diptera","Chironomidae",5,"2",728,191108.434590873,"kick_net",0.002,2.62,1,0.135622394240555,1.53020005388967,1,0.129786813413124,17.0281238483793
"481",877,"Tegel","Outflow","Diptera","Chironomidae",5,"2",728,191108.434590873,"kick_net",0.002,2.62,1,0.135622394240555,1.53020005388967,1,0.129786813413124,17.0281238483793
"482",878,"Tegel","Outflow","Diptera","Chironomidae",5,"2",728,191108.434590873,"kick_net",0.002,2.62,1,0.135622394240555,1.53020005388967,1,0.129786813413124,17.0281238483793
"483",879,"Tegel","Outflow","Diptera","Chironomidae",5,"2",728,191108.434590873,"kick_net",0.002,2.62,1,0.135622394240555,1.53020005388967,1,0.129786813413124,17.0281238483793
"484",880,"Tegel","Outflow","Diptera","Chironomidae",5,"2",728,191108.434590873,"kick_net",0.002,2.62,1,0.135622394240555,1.53020005388967,1,0.129786813413124,17.0281238483793
"485",881,"Tegel","Outflow","Diptera","Chironomidae",5,"2",728,191108.434590873,"kick_net",0.002,2.62,1,0.135622394240555,1.53020005388967,1,0.129786813413124,17.0281238483793
"486",882,"Tegel","Outflow","Diptera","Chironomidae",5,"2",728,191108.434590873,"kick_net",0.002,2.62,1,0.135622394240555,1.53020005388967,1,0.129786813413124,17.0281238483793
"487",883,"Tegel","Outflow","Diptera","Chironomidae",5,"2",728,191108.434590873,"kick_net",0.002,2.62,1,0.135622394240555,1.53020005388967,1,0.129786813413124,17.0281238483793
"488",884,"Tegel","Outflow","Diptera","Chironomidae",5,"2",728,191108.434590873,"kick_net",0.002,2.62,1,0.135622394240555,1.53020005388967,1,0.129786813413124,17.0281238483793
"489",885,"Tegel","Outflow","Diptera","Chironomidae",5,"2",728,191108.434590873,"kick_net",0.002,2.62,1,0.135622394240555,1.53020005388967,1,0.129786813413124,17.0281238483793
"490",886,"Tegel","Outflow","Diptera","Chironomidae",5,"2",728,191108.434590873,"kick_net",0.002,2.62,1,0.135622394240555,1.53020005388967,1,0.129786813413124,17.0281238483793
"491",887,"Tegel","Outflow","Diptera","Chironomidae",5,"2",728,191108.434590873,"kick_net",0.002,2.62,1,0.135622394240555,1.53020005388967,1,0.129786813413124,17.0281238483793
"492",888,"Tegel","Outflow","Diptera","Chironomidae",5,"2",728,191108.434590873,"kick_net",0.002,2.62,1,0.135622394240555,1.53020005388967,1,0.129786813413124,17.0281238483793
"493",889,"Tegel","Outflow","Diptera","Chironomidae",6,"2",728,191108.434590873,"kick_net",0.002,2.62,1,0.218668523080522,1.53020005388967,1,0.129786813413124,17.0281238483793
"494",890,"Tegel","Outflow","Diptera","Chironomidae",6,"2",728,191108.434590873,"kick_net",0.002,2.62,1,0.218668523080522,1.53020005388967,1,0.129786813413124,17.0281238483793
"495",891,"Tegel","Outflow","Diptera","Chironomidae",6,"2",728,191108.434590873,"kick_net",0.002,2.62,1,0.218668523080522,1.53020005388967,1,0.129786813413124,17.0281238483793
"496",892,"Tegel","Outflow","Diptera","Chironomidae",7,"2",728,191108.434590873,"kick_net",0.002,2.62,1,0.327481567511863,1.53020005388967,1,0.129786813413124,17.0281238483793
"497",893,"Tegel","Outflow","Diptera","Chironomidae",7,"2",728,191108.434590873,"kick_net",0.002,2.62,1,0.327481567511863,1.53020005388967,1,0.129786813413124,17.0281238483793
"498",894,"Tegel","Outflow","Diptera","Chironomidae",7,"2",728,191108.434590873,"kick_net",0.002,2.62,1,0.327481567511863,1.53020005388967,1,0.129786813413124,17.0281238483793
"499",895,"Tegel","Outflow","Diptera","Chironomidae",8,"2",728,191108.434590873,"kick_net",0.002,2.62,1,0.464649807522386,1.53020005388967,1,0.129786813413124,17.0281238483793
"500",896,"Tegel","Outflow","Diptera","Chironomidae",10,"2",728,191108.434590873,"kick_net",0.002,2.62,1,0.833738766940671,1.53020005388967,1,0.129786813413124,17.0281238483793
"501",897,"Tegel","Outflow","Diptera","Chironomidae",12,"2",728,191108.434590873,"kick_net",0.002,2.62,1,1.34426490420543,1.53020005388967,1,0.129786813413124,17.0281238483793
"502",898,"Tegel","Outflow","Diptera","Chironomidae",12,"2",728,191108.434590873,"kick_net",0.002,2.62,1,1.34426490420543,1.53020005388967,1,0.129786813413124,17.0281238483793
"503",899,"Tegel","Outflow","Diptera","Chironomidae",14,"2",728,191108.434590873,"kick_net",0.002,2.62,1,2.01319317375311,1.53020005388967,1,0.129786813413124,17.0281238483793
"504",900,"Tegel","Outflow","Diptera","Ceratopogonidae",5,"2",728,191108.434590873,"kick_net",0.003,2.47,1,0.159800143667961,1.53020005388967,1,0.129786813413124,17.0281238483793
"505",901,"Tegel","Outflow","Diptera","Ceratopogonidae",6,"2",728,191108.434590873,"kick_net",0.003,2.47,1,0.25070029394521,1.53020005388967,1,0.129786813413124,17.0281238483793
"506",903,"Tegel","Outflow","Diptera","Simuliidae",4,"2",728,191108.434590873,"kick_net",0.002,3.01,1,0.129786813413124,1.53020005388967,1,0.129786813413124,17.0281238483793
"507",904,"Tegel","Outflow","Diptera","Simuliidae",6,"2",728,191108.434590873,"kick_net",0.002,3.01,1,0.439810161615349,1.53020005388967,1,0.129786813413124,17.0281238483793
"508",911,"Tegel","Outflow","Coleoptera","Elmidae",3,"2",728,191108.434590873,"kick_net",0.007,2.88,1,0.165656031703537,1.53020005388967,1,0.129786813413124,17.0281238483793
"509",912,"Tegel","Outflow","Coleoptera","Elmidae",3,"2",728,191108.434590873,"kick_net",0.007,2.88,1,0.165656031703537,1.53020005388967,1,0.129786813413124,17.0281238483793
"510",913,"Tegel","Outflow","Coleoptera","Elmidae",3,"2",728,191108.434590873,"kick_net",0.007,2.88,1,0.165656031703537,1.53020005388967,1,0.129786813413124,17.0281238483793
"511",914,"Tegel","Outflow","Coleoptera","Elmidae",3,"2",728,191108.434590873,"kick_net",0.007,2.88,1,0.165656031703537,1.53020005388967,1,0.129786813413124,17.0281238483793
"512",915,"Tegel","Outflow","Coleoptera","Elmidae",3,"2",728,191108.434590873,"kick_net",0.007,2.88,1,0.165656031703537,1.53020005388967,1,0.129786813413124,17.0281238483793
"513",916,"Tegel","Outflow","Coleoptera","Elmidae",4,"2",728,191108.434590873,"kick_net",0.007,2.88,1,0.379341899938412,1.53020005388967,1,0.129786813413124,17.0281238483793
"514",917,"Tegel","Outflow","Coleoptera","Elmidae",4,"2",728,191108.434590873,"kick_net",0.007,2.88,1,0.379341899938412,1.53020005388967,1,0.129786813413124,17.0281238483793
"515",918,"Tegel","Outflow","Coleoptera","Elmidae",4,"2",728,191108.434590873,"kick_net",0.007,2.88,1,0.379341899938412,1.53020005388967,1,0.129786813413124,17.0281238483793
"516",919,"Tegel","Outflow","Coleoptera","Elmidae",4,"2",728,191108.434590873,"kick_net",0.007,2.88,1,0.379341899938412,1.53020005388967,1,0.129786813413124,17.0281238483793
"517",920,"Tegel","Outflow","Gastropoda","Hydrobiidae",1,"2",728,191108.434590873,"kick_net",0.182,2.82,1,0.182,1.53020005388967,1,0.129786813413124,17.0281238483793
"518",921,"Tegel","Outflow","Gastropoda","Hydrobiidae",1,"2",728,191108.434590873,"kick_net",0.182,2.82,1,0.182,1.53020005388967,1,0.129786813413124,17.0281238483793
"519",922,"Tegel","Outflow","Gastropoda","Hydrobiidae",1,"2",728,191108.434590873,"kick_net",0.182,2.82,1,0.182,1.53020005388967,1,0.129786813413124,17.0281238483793
"520",923,"Tegel","Outflow","Gastropoda","Hydrobiidae",3,"2",728,191108.434590873,"kick_net",0.182,2.82,1,4.03230455398401,1.53020005388967,1,0.129786813413124,17.0281238483793
"521",924,"Tegel","Outflow","Gastropoda","Hydrobiidae",3,"2",728,191108.434590873,"kick_net",0.182,2.82,1,4.03230455398401,1.53020005388967,1,0.129786813413124,17.0281238483793
"522",925,"Tegel","Outflow","Gastropoda","Hydrobiidae",4,"2",728,191108.434590873,"kick_net",0.182,2.82,1,9.0757090238855,1.53020005388967,1,0.129786813413124,17.0281238483793
"523",926,"Tegel","Outflow","Gastropoda","Hydrobiidae",4,"2",728,191108.434590873,"kick_net",0.182,2.82,1,9.0757090238855,1.53020005388967,1,0.129786813413124,17.0281238483793
"524",927,"Tegel","Outflow","Gastropoda","Hydrobiidae",4,"2",728,191108.434590873,"kick_net",0.182,2.82,1,9.0757090238855,1.53020005388967,1,0.129786813413124,17.0281238483793
"525",928,"Tegel","Outflow","Gastropoda","Hydrobiidae",4,"2",728,191108.434590873,"kick_net",0.182,2.82,1,9.0757090238855,1.53020005388967,1,0.129786813413124,17.0281238483793
"526",929,"Tegel","Outflow","Gastropoda","Hydrobiidae",4,"2",728,191108.434590873,"kick_net",0.182,2.82,1,9.0757090238855,1.53020005388967,1,0.129786813413124,17.0281238483793
"527",930,"Tegel","Outflow","Gastropoda","Hydrobiidae",4,"2",728,191108.434590873,"kick_net",0.182,2.82,1,9.0757090238855,1.53020005388967,1,0.129786813413124,17.0281238483793
"528",931,"Tegel","Outflow","Gastropoda","Hydrobiidae",4,"2",728,191108.434590873,"kick_net",0.182,2.82,1,9.0757090238855,1.53020005388967,1,0.129786813413124,17.0281238483793
"529",932,"Tegel","Outflow","Gastropoda","Hydrobiidae",4,"2",728,191108.434590873,"kick_net",0.182,2.82,1,9.0757090238855,1.53020005388967,1,0.129786813413124,17.0281238483793
"530",933,"Tegel","Outflow","Gastropoda","Hydrobiidae",5,"2",728,191108.434590873,"kick_net",0.182,2.82,1,17.0281238483793,1.53020005388967,1,0.129786813413124,17.0281238483793
"531",934,"Tegel","Outflow","Gastropoda","Hydrobiidae",5,"2",728,191108.434590873,"kick_net",0.182,2.82,1,17.0281238483793,1.53020005388967,1,0.129786813413124,17.0281238483793
"532",935,"Tegel","Outflow","Gastropoda","Hydrobiidae",5,"2",728,191108.434590873,"kick_net",0.182,2.82,1,17.0281238483793,1.53020005388967,1,0.129786813413124,17.0281238483793
"533",936,"Tegel","Outflow","Gastropoda","Hydrobiidae",5,"2",728,191108.434590873,"kick_net",0.182,2.82,1,17.0281238483793,1.53020005388967,1,0.129786813413124,17.0281238483793
"534",937,"Tegel","Outflow","Gastropoda","Hydrobiidae",5,"2",728,191108.434590873,"kick_net",0.182,2.82,1,17.0281238483793,1.53020005388967,1,0.129786813413124,17.0281238483793
"535",938,"Tegel","Outflow","Gastropoda","Physidae",3,"2",728,191108.434590873,"kick_net",0.0457,3.05,1,1.30357501201927,1.53020005388967,1,0.129786813413124,17.0281238483793
"536",939,"Tegel","Outflow","Gastropoda","Planorbidae",4,"2",728,191108.434590873,"kick_net",-3.319,3.1403,2,2.81336192337384,1.53020005388967,1,0.129786813413124,17.0281238483793
"537",940,"Tegel","Outflow","Plecoptera","Leuctridae",5,"2",728,191108.434590873,"kick_net",0.003,2.719,1,0.238572673015956,1.53020005388967,1,0.129786813413124,17.0281238483793
"538",941,"Tegel","Outflow","Plecoptera","Leuctridae",8,"2",728,191108.434590873,"kick_net",0.003,2.719,1,0.856294055982871,1.53020005388967,1,0.129786813413124,17.0281238483793
"539",942,"Tegel","Outflow","Odonata","Aeshnidae",6,"2",728,191108.434590873,"kick_net",0.008,2.813,1,1.23603125957777,1.53020005388967,1,0.129786813413124,17.0281238483793
"540",947,"Ellikon","Control","Ephemeroptera","Baetidae",4,"3",451,130586.530561878,"kick_net",0.005,2.875,1,0.269086852881189,0.628041398359109,1,0.165656031703537,23.9824194872973
"541",948,"Ellikon","Control","Ephemeroptera","Baetidae",4,"3",451,130586.530561878,"kick_net",0.005,2.875,1,0.269086852881189,0.628041398359109,1,0.165656031703537,23.9824194872973
"542",949,"Ellikon","Control","Ephemeroptera","Baetidae",4,"3",451,130586.530561878,"kick_net",0.005,2.875,1,0.269086852881189,0.628041398359109,1,0.165656031703537,23.9824194872973
"543",950,"Ellikon","Control","Ephemeroptera","Baetidae",4,"3",451,130586.530561878,"kick_net",0.005,2.875,1,0.269086852881189,0.628041398359109,1,0.165656031703537,23.9824194872973
"544",951,"Ellikon","Control","Ephemeroptera","Baetidae",4,"3",451,130586.530561878,"kick_net",0.005,2.875,1,0.269086852881189,0.628041398359109,1,0.165656031703537,23.9824194872973
"545",952,"Ellikon","Control","Ephemeroptera","Baetidae",4,"3",451,130586.530561878,"kick_net",0.005,2.875,1,0.269086852881189,0.628041398359109,1,0.165656031703537,23.9824194872973
"546",953,"Ellikon","Control","Ephemeroptera","Baetidae",4,"3",451,130586.530561878,"kick_net",0.005,2.875,1,0.269086852881189,0.628041398359109,1,0.165656031703537,23.9824194872973
"547",954,"Ellikon","Control","Ephemeroptera","Baetidae",5,"3",451,130586.530561878,"kick_net",0.005,2.875,1,0.511103396223714,0.628041398359109,1,0.165656031703537,23.9824194872973
"548",955,"Ellikon","Control","Ephemeroptera","Baetidae",5,"3",451,130586.530561878,"kick_net",0.005,2.875,1,0.511103396223714,0.628041398359109,1,0.165656031703537,23.9824194872973
"549",956,"Ellikon","Control","Ephemeroptera","Baetidae",5,"3",451,130586.530561878,"kick_net",0.005,2.875,1,0.511103396223714,0.628041398359109,1,0.165656031703537,23.9824194872973
"550",957,"Ellikon","Control","Ephemeroptera","Baetidae",5,"3",451,130586.530561878,"kick_net",0.005,2.875,1,0.511103396223714,0.628041398359109,1,0.165656031703537,23.9824194872973
"551",958,"Ellikon","Control","Ephemeroptera","Baetidae",5,"3",451,130586.530561878,"kick_net",0.005,2.875,1,0.511103396223714,0.628041398359109,1,0.165656031703537,23.9824194872973
"552",959,"Ellikon","Control","Ephemeroptera","Baetidae",6,"3",451,130586.530561878,"kick_net",0.005,2.875,1,0.863286300593756,0.628041398359109,1,0.165656031703537,23.9824194872973
"553",960,"Ellikon","Control","Ephemeroptera","Baetidae",6,"3",451,130586.530561878,"kick_net",0.005,2.875,1,0.863286300593756,0.628041398359109,1,0.165656031703537,23.9824194872973
"554",961,"Ellikon","Control","Ephemeroptera","Baetidae",6,"3",451,130586.530561878,"kick_net",0.005,2.875,1,0.863286300593756,0.628041398359109,1,0.165656031703537,23.9824194872973
"555",962,"Ellikon","Control","Ephemeroptera","Baetidae",6,"3",451,130586.530561878,"kick_net",0.005,2.875,1,0.863286300593756,0.628041398359109,1,0.165656031703537,23.9824194872973
"556",963,"Ellikon","Control","Ephemeroptera","Baetidae",7,"3",451,130586.530561878,"kick_net",0.005,2.875,1,1.34470453452202,0.628041398359109,1,0.165656031703537,23.9824194872973
"557",964,"Ellikon","Control","Ephemeroptera","Baetidae",7,"3",451,130586.530561878,"kick_net",0.005,2.875,1,1.34470453452202,0.628041398359109,1,0.165656031703537,23.9824194872973
"558",966,"Ellikon","Control","Ephemeroptera","Ephemerellidae",4,"3",451,130586.530561878,"kick_net",0.01,2.676,1,0.408425206025265,0.628041398359109,1,0.165656031703537,23.9824194872973
"559",967,"Ellikon","Control","Ephemeroptera","Ephemerellidae",5,"3",451,130586.530561878,"kick_net",0.01,2.676,1,0.742068047117268,0.628041398359109,1,0.165656031703537,23.9824194872973
"560",968,"Ellikon","Control","Ephemeroptera","Ephemerellidae",5,"3",451,130586.530561878,"kick_net",0.01,2.676,1,0.742068047117268,0.628041398359109,1,0.165656031703537,23.9824194872973
"561",969,"Ellikon","Control","Ephemeroptera","Ephemerellidae",6,"3",451,130586.530561878,"kick_net",0.01,2.676,1,1.20873958772828,0.628041398359109,1,0.165656031703537,23.9824194872973
"562",970,"Ellikon","Control","Ephemeroptera","Ephemerellidae",6,"3",451,130586.530561878,"kick_net",0.01,2.676,1,1.20873958772828,0.628041398359109,1,0.165656031703537,23.9824194872973
"563",971,"Ellikon","Control","Ephemeroptera","Ephemerellidae",6,"3",451,130586.530561878,"kick_net",0.01,2.676,1,1.20873958772828,0.628041398359109,1,0.165656031703537,23.9824194872973
"564",972,"Ellikon","Control","Ephemeroptera","Ephemerellidae",6,"3",451,130586.530561878,"kick_net",0.01,2.676,1,1.20873958772828,0.628041398359109,1,0.165656031703537,23.9824194872973
"565",973,"Ellikon","Control","Ephemeroptera","Ephemerellidae",7,"3",451,130586.530561878,"kick_net",0.01,2.676,1,1.82592256228061,0.628041398359109,1,0.165656031703537,23.9824194872973
"566",974,"Ellikon","Control","Ephemeroptera","Ephemerellidae",7,"3",451,130586.530561878,"kick_net",0.01,2.676,1,1.82592256228061,0.628041398359109,1,0.165656031703537,23.9824194872973
"567",975,"Ellikon","Control","Ephemeroptera","Ephemerellidae",7,"3",451,130586.530561878,"kick_net",0.01,2.676,1,1.82592256228061,0.628041398359109,1,0.165656031703537,23.9824194872973
"568",976,"Ellikon","Control","Ephemeroptera","Ephemerellidae",7,"3",451,130586.530561878,"kick_net",0.01,2.676,1,1.82592256228061,0.628041398359109,1,0.165656031703537,23.9824194872973
"569",977,"Ellikon","Control","Ephemeroptera","Ephemerellidae",7,"3",451,130586.530561878,"kick_net",0.01,2.676,1,1.82592256228061,0.628041398359109,1,0.165656031703537,23.9824194872973
"570",978,"Ellikon","Control","Ephemeroptera","Ephemerellidae",8,"3",451,130586.530561878,"kick_net",0.01,2.676,1,2.61017006847537,0.628041398359109,1,0.165656031703537,23.9824194872973
"571",979,"Ellikon","Control","Ephemeroptera","Ephemerellidae",8,"3",451,130586.530561878,"kick_net",0.01,2.676,1,2.61017006847537,0.628041398359109,1,0.165656031703537,23.9824194872973
"572",980,"Ellikon","Control","Ephemeroptera","Ephemerellidae",8,"3",451,130586.530561878,"kick_net",0.01,2.676,1,2.61017006847537,0.628041398359109,1,0.165656031703537,23.9824194872973
"573",981,"Ellikon","Control","Ephemeroptera","Ephemerellidae",9,"3",451,130586.530561878,"kick_net",0.01,2.676,1,3.57728017122225,0.628041398359109,1,0.165656031703537,23.9824194872973
"574",982,"Ellikon","Control","Odonata","Calopterygidae",22,"3",451,130586.530561878,"kick_net",0.005,2.742,1,23.9824194872973,0.628041398359109,1,0.165656031703537,23.9824194872973
"575",993,"Ellikon","Control","Amphipoda","Gammaridae",3,"3",451,130586.530561878,"kick_net",0.00845,2.8705,1,0.197894293315652,0.628041398359109,1,0.165656031703537,23.9824194872973
"576",994,"Ellikon","Control","Amphipoda","Gammaridae",3,"3",451,130586.530561878,"kick_net",0.00845,2.8705,1,0.197894293315652,0.628041398359109,1,0.165656031703537,23.9824194872973
"577",995,"Ellikon","Control","Amphipoda","Gammaridae",3,"3",451,130586.530561878,"kick_net",0.00845,2.8705,1,0.197894293315652,0.628041398359109,1,0.165656031703537,23.9824194872973
"578",996,"Ellikon","Control","Amphipoda","Gammaridae",3,"3",451,130586.530561878,"kick_net",0.00845,2.8705,1,0.197894293315652,0.628041398359109,1,0.165656031703537,23.9824194872973
"579",997,"Ellikon","Control","Amphipoda","Gammaridae",3,"3",451,130586.530561878,"kick_net",0.00845,2.8705,1,0.197894293315652,0.628041398359109,1,0.165656031703537,23.9824194872973
"580",998,"Ellikon","Control","Amphipoda","Gammaridae",3,"3",451,130586.530561878,"kick_net",0.00845,2.8705,1,0.197894293315652,0.628041398359109,1,0.165656031703537,23.9824194872973
"581",999,"Ellikon","Control","Amphipoda","Gammaridae",3,"3",451,130586.530561878,"kick_net",0.00845,2.8705,1,0.197894293315652,0.628041398359109,1,0.165656031703537,23.9824194872973
"582",1000,"Ellikon","Control","Amphipoda","Gammaridae",3,"3",451,130586.530561878,"kick_net",0.00845,2.8705,1,0.197894293315652,0.628041398359109,1,0.165656031703537,23.9824194872973
"583",1001,"Ellikon","Control","Amphipoda","Gammaridae",3,"3",451,130586.530561878,"kick_net",0.00845,2.8705,1,0.197894293315652,0.628041398359109,1,0.165656031703537,23.9824194872973
"584",1002,"Ellikon","Control","Amphipoda","Gammaridae",3,"3",451,130586.530561878,"kick_net",0.00845,2.8705,1,0.197894293315652,0.628041398359109,1,0.165656031703537,23.9824194872973
"585",1003,"Ellikon","Control","Amphipoda","Gammaridae",3,"3",451,130586.530561878,"kick_net",0.00845,2.8705,1,0.197894293315652,0.628041398359109,1,0.165656031703537,23.9824194872973
"586",1004,"Ellikon","Control","Amphipoda","Gammaridae",3,"3",451,130586.530561878,"kick_net",0.00845,2.8705,1,0.197894293315652,0.628041398359109,1,0.165656031703537,23.9824194872973
"587",1005,"Ellikon","Control","Amphipoda","Gammaridae",3,"3",451,130586.530561878,"kick_net",0.00845,2.8705,1,0.197894293315652,0.628041398359109,1,0.165656031703537,23.9824194872973
"588",1006,"Ellikon","Control","Amphipoda","Gammaridae",3,"3",451,130586.530561878,"kick_net",0.00845,2.8705,1,0.197894293315652,0.628041398359109,1,0.165656031703537,23.9824194872973
"589",1007,"Ellikon","Control","Amphipoda","Gammaridae",3,"3",451,130586.530561878,"kick_net",0.00845,2.8705,1,0.197894293315652,0.628041398359109,1,0.165656031703537,23.9824194872973
"590",1008,"Ellikon","Control","Amphipoda","Gammaridae",3,"3",451,130586.530561878,"kick_net",0.00845,2.8705,1,0.197894293315652,0.628041398359109,1,0.165656031703537,23.9824194872973
"591",1009,"Ellikon","Control","Amphipoda","Gammaridae",3,"3",451,130586.530561878,"kick_net",0.00845,2.8705,1,0.197894293315652,0.628041398359109,1,0.165656031703537,23.9824194872973
"592",1010,"Ellikon","Control","Amphipoda","Gammaridae",3,"3",451,130586.530561878,"kick_net",0.00845,2.8705,1,0.197894293315652,0.628041398359109,1,0.165656031703537,23.9824194872973
"593",1011,"Ellikon","Control","Amphipoda","Gammaridae",3,"3",451,130586.530561878,"kick_net",0.00845,2.8705,1,0.197894293315652,0.628041398359109,1,0.165656031703537,23.9824194872973
"594",1012,"Ellikon","Control","Amphipoda","Gammaridae",3,"3",451,130586.530561878,"kick_net",0.00845,2.8705,1,0.197894293315652,0.628041398359109,1,0.165656031703537,23.9824194872973
"595",1013,"Ellikon","Control","Amphipoda","Gammaridae",3,"3",451,130586.530561878,"kick_net",0.00845,2.8705,1,0.197894293315652,0.628041398359109,1,0.165656031703537,23.9824194872973
"596",1014,"Ellikon","Control","Amphipoda","Gammaridae",3,"3",451,130586.530561878,"kick_net",0.00845,2.8705,1,0.197894293315652,0.628041398359109,1,0.165656031703537,23.9824194872973
"597",1015,"Ellikon","Control","Amphipoda","Gammaridae",3,"3",451,130586.530561878,"kick_net",0.00845,2.8705,1,0.197894293315652,0.628041398359109,1,0.165656031703537,23.9824194872973
"598",1016,"Ellikon","Control","Amphipoda","Gammaridae",3,"3",451,130586.530561878,"kick_net",0.00845,2.8705,1,0.197894293315652,0.628041398359109,1,0.165656031703537,23.9824194872973
"599",1017,"Ellikon","Control","Amphipoda","Gammaridae",3,"3",451,130586.530561878,"kick_net",0.00845,2.8705,1,0.197894293315652,0.628041398359109,1,0.165656031703537,23.9824194872973
"600",1018,"Ellikon","Control","Amphipoda","Gammaridae",3,"3",451,130586.530561878,"kick_net",0.00845,2.8705,1,0.197894293315652,0.628041398359109,1,0.165656031703537,23.9824194872973
"601",1019,"Ellikon","Control","Amphipoda","Gammaridae",3,"3",451,130586.530561878,"kick_net",0.00845,2.8705,1,0.197894293315652,0.628041398359109,1,0.165656031703537,23.9824194872973
"602",1020,"Ellikon","Control","Amphipoda","Gammaridae",3,"3",451,130586.530561878,"kick_net",0.00845,2.8705,1,0.197894293315652,0.628041398359109,1,0.165656031703537,23.9824194872973
"603",1021,"Ellikon","Control","Amphipoda","Gammaridae",3,"3",451,130586.530561878,"kick_net",0.00845,2.8705,1,0.197894293315652,0.628041398359109,1,0.165656031703537,23.9824194872973
"604",1022,"Ellikon","Control","Amphipoda","Gammaridae",3,"3",451,130586.530561878,"kick_net",0.00845,2.8705,1,0.197894293315652,0.628041398359109,1,0.165656031703537,23.9824194872973
"605",1023,"Ellikon","Control","Amphipoda","Gammaridae",3,"3",451,130586.530561878,"kick_net",0.00845,2.8705,1,0.197894293315652,0.628041398359109,1,0.165656031703537,23.9824194872973
"606",1024,"Ellikon","Control","Amphipoda","Gammaridae",3,"3",451,130586.530561878,"kick_net",0.00845,2.8705,1,0.197894293315652,0.628041398359109,1,0.165656031703537,23.9824194872973
"607",1025,"Ellikon","Control","Amphipoda","Gammaridae",3,"3",451,130586.530561878,"kick_net",0.00845,2.8705,1,0.197894293315652,0.628041398359109,1,0.165656031703537,23.9824194872973
"608",1026,"Ellikon","Control","Amphipoda","Gammaridae",3,"3",451,130586.530561878,"kick_net",0.00845,2.8705,1,0.197894293315652,0.628041398359109,1,0.165656031703537,23.9824194872973
"609",1027,"Ellikon","Control","Amphipoda","Gammaridae",3,"3",451,130586.530561878,"kick_net",0.00845,2.8705,1,0.197894293315652,0.628041398359109,1,0.165656031703537,23.9824194872973
"610",1028,"Ellikon","Control","Amphipoda","Gammaridae",4,"3",451,130586.530561878,"kick_net",0.00845,2.8705,1,0.451928691384938,0.628041398359109,1,0.165656031703537,23.9824194872973
"611",1029,"Ellikon","Control","Amphipoda","Gammaridae",4,"3",451,130586.530561878,"kick_net",0.00845,2.8705,1,0.451928691384938,0.628041398359109,1,0.165656031703537,23.9824194872973
"612",1030,"Ellikon","Control","Amphipoda","Gammaridae",4,"3",451,130586.530561878,"kick_net",0.00845,2.8705,1,0.451928691384938,0.628041398359109,1,0.165656031703537,23.9824194872973
"613",1031,"Ellikon","Control","Amphipoda","Gammaridae",4,"3",451,130586.530561878,"kick_net",0.00845,2.8705,1,0.451928691384938,0.628041398359109,1,0.165656031703537,23.9824194872973
"614",1032,"Ellikon","Control","Amphipoda","Gammaridae",4,"3",451,130586.530561878,"kick_net",0.00845,2.8705,1,0.451928691384938,0.628041398359109,1,0.165656031703537,23.9824194872973
"615",1033,"Ellikon","Control","Amphipoda","Gammaridae",4,"3",451,130586.530561878,"kick_net",0.00845,2.8705,1,0.451928691384938,0.628041398359109,1,0.165656031703537,23.9824194872973
"616",1034,"Ellikon","Control","Amphipoda","Gammaridae",4,"3",451,130586.530561878,"kick_net",0.00845,2.8705,1,0.451928691384938,0.628041398359109,1,0.165656031703537,23.9824194872973
"617",1035,"Ellikon","Control","Amphipoda","Gammaridae",4,"3",451,130586.530561878,"kick_net",0.00845,2.8705,1,0.451928691384938,0.628041398359109,1,0.165656031703537,23.9824194872973
"618",1036,"Ellikon","Control","Amphipoda","Gammaridae",4,"3",451,130586.530561878,"kick_net",0.00845,2.8705,1,0.451928691384938,0.628041398359109,1,0.165656031703537,23.9824194872973
"619",1037,"Ellikon","Control","Amphipoda","Gammaridae",4,"3",451,130586.530561878,"kick_net",0.00845,2.8705,1,0.451928691384938,0.628041398359109,1,0.165656031703537,23.9824194872973
"620",1038,"Ellikon","Control","Amphipoda","Gammaridae",4,"3",451,130586.530561878,"kick_net",0.00845,2.8705,1,0.451928691384938,0.628041398359109,1,0.165656031703537,23.9824194872973
"621",1039,"Ellikon","Control","Amphipoda","Gammaridae",4,"3",451,130586.530561878,"kick_net",0.00845,2.8705,1,0.451928691384938,0.628041398359109,1,0.165656031703537,23.9824194872973
"622",1040,"Ellikon","Control","Amphipoda","Gammaridae",4,"3",451,130586.530561878,"kick_net",0.00845,2.8705,1,0.451928691384938,0.628041398359109,1,0.165656031703537,23.9824194872973
"623",1041,"Ellikon","Control","Amphipoda","Gammaridae",4,"3",451,130586.530561878,"kick_net",0.00845,2.8705,1,0.451928691384938,0.628041398359109,1,0.165656031703537,23.9824194872973
"624",1042,"Ellikon","Control","Amphipoda","Gammaridae",4,"3",451,130586.530561878,"kick_net",0.00845,2.8705,1,0.451928691384938,0.628041398359109,1,0.165656031703537,23.9824194872973
"625",1043,"Ellikon","Control","Amphipoda","Gammaridae",4,"3",451,130586.530561878,"kick_net",0.00845,2.8705,1,0.451928691384938,0.628041398359109,1,0.165656031703537,23.9824194872973
"626",1044,"Ellikon","Control","Amphipoda","Gammaridae",4,"3",451,130586.530561878,"kick_net",0.00845,2.8705,1,0.451928691384938,0.628041398359109,1,0.165656031703537,23.9824194872973
"627",1045,"Ellikon","Control","Amphipoda","Gammaridae",4,"3",451,130586.530561878,"kick_net",0.00845,2.8705,1,0.451928691384938,0.628041398359109,1,0.165656031703537,23.9824194872973
"628",1046,"Ellikon","Control","Amphipoda","Gammaridae",4,"3",451,130586.530561878,"kick_net",0.00845,2.8705,1,0.451928691384938,0.628041398359109,1,0.165656031703537,23.9824194872973
"629",1047,"Ellikon","Control","Amphipoda","Gammaridae",4,"3",451,130586.530561878,"kick_net",0.00845,2.8705,1,0.451928691384938,0.628041398359109,1,0.165656031703537,23.9824194872973
"630",1048,"Ellikon","Control","Amphipoda","Gammaridae",4,"3",451,130586.530561878,"kick_net",0.00845,2.8705,1,0.451928691384938,0.628041398359109,1,0.165656031703537,23.9824194872973
"631",1049,"Ellikon","Control","Amphipoda","Gammaridae",4,"3",451,130586.530561878,"kick_net",0.00845,2.8705,1,0.451928691384938,0.628041398359109,1,0.165656031703537,23.9824194872973
"632",1050,"Ellikon","Control","Amphipoda","Gammaridae",4,"3",451,130586.530561878,"kick_net",0.00845,2.8705,1,0.451928691384938,0.628041398359109,1,0.165656031703537,23.9824194872973
"633",1051,"Ellikon","Control","Amphipoda","Gammaridae",4,"3",451,130586.530561878,"kick_net",0.00845,2.8705,1,0.451928691384938,0.628041398359109,1,0.165656031703537,23.9824194872973
"634",1052,"Ellikon","Control","Amphipoda","Gammaridae",4,"3",451,130586.530561878,"kick_net",0.00845,2.8705,1,0.451928691384938,0.628041398359109,1,0.165656031703537,23.9824194872973
"635",1053,"Ellikon","Control","Amphipoda","Gammaridae",4,"3",451,130586.530561878,"kick_net",0.00845,2.8705,1,0.451928691384938,0.628041398359109,1,0.165656031703537,23.9824194872973
"636",1054,"Ellikon","Control","Amphipoda","Gammaridae",4,"3",451,130586.530561878,"kick_net",0.00845,2.8705,1,0.451928691384938,0.628041398359109,1,0.165656031703537,23.9824194872973
"637",1055,"Ellikon","Control","Amphipoda","Gammaridae",4,"3",451,130586.530561878,"kick_net",0.00845,2.8705,1,0.451928691384938,0.628041398359109,1,0.165656031703537,23.9824194872973
"638",1056,"Ellikon","Control","Amphipoda","Gammaridae",4,"3",451,130586.530561878,"kick_net",0.00845,2.8705,1,0.451928691384938,0.628041398359109,1,0.165656031703537,23.9824194872973
"639",1057,"Ellikon","Control","Amphipoda","Gammaridae",4,"3",451,130586.530561878,"kick_net",0.00845,2.8705,1,0.451928691384938,0.628041398359109,1,0.165656031703537,23.9824194872973
"640",1058,"Ellikon","Control","Amphipoda","Gammaridae",4,"3",451,130586.530561878,"kick_net",0.00845,2.8705,1,0.451928691384938,0.628041398359109,1,0.165656031703537,23.9824194872973
"641",1059,"Ellikon","Control","Amphipoda","Gammaridae",4,"3",451,130586.530561878,"kick_net",0.00845,2.8705,1,0.451928691384938,0.628041398359109,1,0.165656031703537,23.9824194872973
"642",1060,"Ellikon","Control","Amphipoda","Gammaridae",4,"3",451,130586.530561878,"kick_net",0.00845,2.8705,1,0.451928691384938,0.628041398359109,1,0.165656031703537,23.9824194872973
"643",1061,"Ellikon","Control","Amphipoda","Gammaridae",4,"3",451,130586.530561878,"kick_net",0.00845,2.8705,1,0.451928691384938,0.628041398359109,1,0.165656031703537,23.9824194872973
"644",1062,"Ellikon","Control","Amphipoda","Gammaridae",4,"3",451,130586.530561878,"kick_net",0.00845,2.8705,1,0.451928691384938,0.628041398359109,1,0.165656031703537,23.9824194872973
"645",1063,"Ellikon","Control","Amphipoda","Gammaridae",4,"3",451,130586.530561878,"kick_net",0.00845,2.8705,1,0.451928691384938,0.628041398359109,1,0.165656031703537,23.9824194872973
"646",1064,"Ellikon","Control","Amphipoda","Gammaridae",4,"3",451,130586.530561878,"kick_net",0.00845,2.8705,1,0.451928691384938,0.628041398359109,1,0.165656031703537,23.9824194872973
"647",1065,"Ellikon","Control","Amphipoda","Gammaridae",4,"3",451,130586.530561878,"kick_net",0.00845,2.8705,1,0.451928691384938,0.628041398359109,1,0.165656031703537,23.9824194872973
"648",1066,"Ellikon","Control","Amphipoda","Gammaridae",4,"3",451,130586.530561878,"kick_net",0.00845,2.8705,1,0.451928691384938,0.628041398359109,1,0.165656031703537,23.9824194872973
"649",1067,"Ellikon","Control","Amphipoda","Gammaridae",4,"3",451,130586.530561878,"kick_net",0.00845,2.8705,1,0.451928691384938,0.628041398359109,1,0.165656031703537,23.9824194872973
"650",1068,"Ellikon","Control","Amphipoda","Gammaridae",4,"3",451,130586.530561878,"kick_net",0.00845,2.8705,1,0.451928691384938,0.628041398359109,1,0.165656031703537,23.9824194872973
"651",1069,"Ellikon","Control","Amphipoda","Gammaridae",5,"3",451,130586.530561878,"kick_net",0.00845,2.8705,1,0.857531547980516,0.628041398359109,1,0.165656031703537,23.9824194872973
"652",1070,"Ellikon","Control","Amphipoda","Gammaridae",5,"3",451,130586.530561878,"kick_net",0.00845,2.8705,1,0.857531547980516,0.628041398359109,1,0.165656031703537,23.9824194872973
"653",1071,"Ellikon","Control","Amphipoda","Gammaridae",5,"3",451,130586.530561878,"kick_net",0.00845,2.8705,1,0.857531547980516,0.628041398359109,1,0.165656031703537,23.9824194872973
"654",1072,"Ellikon","Control","Amphipoda","Gammaridae",5,"3",451,130586.530561878,"kick_net",0.00845,2.8705,1,0.857531547980516,0.628041398359109,1,0.165656031703537,23.9824194872973
"655",1073,"Ellikon","Control","Amphipoda","Gammaridae",5,"3",451,130586.530561878,"kick_net",0.00845,2.8705,1,0.857531547980516,0.628041398359109,1,0.165656031703537,23.9824194872973
"656",1074,"Ellikon","Control","Amphipoda","Gammaridae",5,"3",451,130586.530561878,"kick_net",0.00845,2.8705,1,0.857531547980516,0.628041398359109,1,0.165656031703537,23.9824194872973
"657",1075,"Ellikon","Control","Amphipoda","Gammaridae",5,"3",451,130586.530561878,"kick_net",0.00845,2.8705,1,0.857531547980516,0.628041398359109,1,0.165656031703537,23.9824194872973
"658",1076,"Ellikon","Control","Amphipoda","Gammaridae",5,"3",451,130586.530561878,"kick_net",0.00845,2.8705,1,0.857531547980516,0.628041398359109,1,0.165656031703537,23.9824194872973
"659",1077,"Ellikon","Control","Amphipoda","Gammaridae",5,"3",451,130586.530561878,"kick_net",0.00845,2.8705,1,0.857531547980516,0.628041398359109,1,0.165656031703537,23.9824194872973
"660",1078,"Ellikon","Control","Amphipoda","Gammaridae",5,"3",451,130586.530561878,"kick_net",0.00845,2.8705,1,0.857531547980516,0.628041398359109,1,0.165656031703537,23.9824194872973
"661",1079,"Ellikon","Control","Amphipoda","Gammaridae",5,"3",451,130586.530561878,"kick_net",0.00845,2.8705,1,0.857531547980516,0.628041398359109,1,0.165656031703537,23.9824194872973
"662",1080,"Ellikon","Control","Amphipoda","Gammaridae",5,"3",451,130586.530561878,"kick_net",0.00845,2.8705,1,0.857531547980516,0.628041398359109,1,0.165656031703537,23.9824194872973
"663",1081,"Ellikon","Control","Amphipoda","Gammaridae",5,"3",451,130586.530561878,"kick_net",0.00845,2.8705,1,0.857531547980516,0.628041398359109,1,0.165656031703537,23.9824194872973
"664",1082,"Ellikon","Control","Amphipoda","Gammaridae",5,"3",451,130586.530561878,"kick_net",0.00845,2.8705,1,0.857531547980516,0.628041398359109,1,0.165656031703537,23.9824194872973
"665",1083,"Ellikon","Control","Amphipoda","Gammaridae",5,"3",451,130586.530561878,"kick_net",0.00845,2.8705,1,0.857531547980516,0.628041398359109,1,0.165656031703537,23.9824194872973
"666",1084,"Ellikon","Control","Amphipoda","Gammaridae",5,"3",451,130586.530561878,"kick_net",0.00845,2.8705,1,0.857531547980516,0.628041398359109,1,0.165656031703537,23.9824194872973
"667",1085,"Ellikon","Control","Amphipoda","Gammaridae",5,"3",451,130586.530561878,"kick_net",0.00845,2.8705,1,0.857531547980516,0.628041398359109,1,0.165656031703537,23.9824194872973
"668",1086,"Ellikon","Control","Amphipoda","Gammaridae",5,"3",451,130586.530561878,"kick_net",0.00845,2.8705,1,0.857531547980516,0.628041398359109,1,0.165656031703537,23.9824194872973
"669",1087,"Ellikon","Control","Amphipoda","Gammaridae",5,"3",451,130586.530561878,"kick_net",0.00845,2.8705,1,0.857531547980516,0.628041398359109,1,0.165656031703537,23.9824194872973
"670",1088,"Ellikon","Control","Amphipoda","Gammaridae",5,"3",451,130586.530561878,"kick_net",0.00845,2.8705,1,0.857531547980516,0.628041398359109,1,0.165656031703537,23.9824194872973
"671",1089,"Ellikon","Control","Amphipoda","Gammaridae",5,"3",451,130586.530561878,"kick_net",0.00845,2.8705,1,0.857531547980516,0.628041398359109,1,0.165656031703537,23.9824194872973
"672",1090,"Ellikon","Control","Amphipoda","Gammaridae",5,"3",451,130586.530561878,"kick_net",0.00845,2.8705,1,0.857531547980516,0.628041398359109,1,0.165656031703537,23.9824194872973
"673",1091,"Ellikon","Control","Amphipoda","Gammaridae",5,"3",451,130586.530561878,"kick_net",0.00845,2.8705,1,0.857531547980516,0.628041398359109,1,0.165656031703537,23.9824194872973
"674",1092,"Ellikon","Control","Amphipoda","Gammaridae",5,"3",451,130586.530561878,"kick_net",0.00845,2.8705,1,0.857531547980516,0.628041398359109,1,0.165656031703537,23.9824194872973
"675",1093,"Ellikon","Control","Amphipoda","Gammaridae",5,"3",451,130586.530561878,"kick_net",0.00845,2.8705,1,0.857531547980516,0.628041398359109,1,0.165656031703537,23.9824194872973
"676",1094,"Ellikon","Control","Amphipoda","Gammaridae",5,"3",451,130586.530561878,"kick_net",0.00845,2.8705,1,0.857531547980516,0.628041398359109,1,0.165656031703537,23.9824194872973
"677",1095,"Ellikon","Control","Amphipoda","Gammaridae",5,"3",451,130586.530561878,"kick_net",0.00845,2.8705,1,0.857531547980516,0.628041398359109,1,0.165656031703537,23.9824194872973
"678",1096,"Ellikon","Control","Amphipoda","Gammaridae",5,"3",451,130586.530561878,"kick_net",0.00845,2.8705,1,0.857531547980516,0.628041398359109,1,0.165656031703537,23.9824194872973
"679",1097,"Ellikon","Control","Amphipoda","Gammaridae",5,"3",451,130586.530561878,"kick_net",0.00845,2.8705,1,0.857531547980516,0.628041398359109,1,0.165656031703537,23.9824194872973
"680",1098,"Ellikon","Control","Amphipoda","Gammaridae",5,"3",451,130586.530561878,"kick_net",0.00845,2.8705,1,0.857531547980516,0.628041398359109,1,0.165656031703537,23.9824194872973
"681",1099,"Ellikon","Control","Amphipoda","Gammaridae",5,"3",451,130586.530561878,"kick_net",0.00845,2.8705,1,0.857531547980516,0.628041398359109,1,0.165656031703537,23.9824194872973
"682",1100,"Ellikon","Control","Amphipoda","Gammaridae",5,"3",451,130586.530561878,"kick_net",0.00845,2.8705,1,0.857531547980516,0.628041398359109,1,0.165656031703537,23.9824194872973
"683",1101,"Ellikon","Control","Amphipoda","Gammaridae",5,"3",451,130586.530561878,"kick_net",0.00845,2.8705,1,0.857531547980516,0.628041398359109,1,0.165656031703537,23.9824194872973
"684",1102,"Ellikon","Control","Amphipoda","Gammaridae",5,"3",451,130586.530561878,"kick_net",0.00845,2.8705,1,0.857531547980516,0.628041398359109,1,0.165656031703537,23.9824194872973
"685",1103,"Ellikon","Control","Amphipoda","Gammaridae",5,"3",451,130586.530561878,"kick_net",0.00845,2.8705,1,0.857531547980516,0.628041398359109,1,0.165656031703537,23.9824194872973
"686",1104,"Ellikon","Control","Amphipoda","Gammaridae",5,"3",451,130586.530561878,"kick_net",0.00845,2.8705,1,0.857531547980516,0.628041398359109,1,0.165656031703537,23.9824194872973
"687",1105,"Ellikon","Control","Amphipoda","Gammaridae",5,"3",451,130586.530561878,"kick_net",0.00845,2.8705,1,0.857531547980516,0.628041398359109,1,0.165656031703537,23.9824194872973
"688",1106,"Ellikon","Control","Amphipoda","Gammaridae",5,"3",451,130586.530561878,"kick_net",0.00845,2.8705,1,0.857531547980516,0.628041398359109,1,0.165656031703537,23.9824194872973
"689",1107,"Ellikon","Control","Amphipoda","Gammaridae",5,"3",451,130586.530561878,"kick_net",0.00845,2.8705,1,0.857531547980516,0.628041398359109,1,0.165656031703537,23.9824194872973
"690",1108,"Ellikon","Control","Amphipoda","Gammaridae",5,"3",451,130586.530561878,"kick_net",0.00845,2.8705,1,0.857531547980516,0.628041398359109,1,0.165656031703537,23.9824194872973
"691",1109,"Ellikon","Control","Amphipoda","Gammaridae",5,"3",451,130586.530561878,"kick_net",0.00845,2.8705,1,0.857531547980516,0.628041398359109,1,0.165656031703537,23.9824194872973
"692",1110,"Ellikon","Control","Amphipoda","Gammaridae",5,"3",451,130586.530561878,"kick_net",0.00845,2.8705,1,0.857531547980516,0.628041398359109,1,0.165656031703537,23.9824194872973
"693",1111,"Ellikon","Control","Amphipoda","Gammaridae",5,"3",451,130586.530561878,"kick_net",0.00845,2.8705,1,0.857531547980516,0.628041398359109,1,0.165656031703537,23.9824194872973
"694",1112,"Ellikon","Control","Amphipoda","Gammaridae",5,"3",451,130586.530561878,"kick_net",0.00845,2.8705,1,0.857531547980516,0.628041398359109,1,0.165656031703537,23.9824194872973
"695",1113,"Ellikon","Control","Amphipoda","Gammaridae",5,"3",451,130586.530561878,"kick_net",0.00845,2.8705,1,0.857531547980516,0.628041398359109,1,0.165656031703537,23.9824194872973
"696",1114,"Ellikon","Control","Amphipoda","Gammaridae",5,"3",451,130586.530561878,"kick_net",0.00845,2.8705,1,0.857531547980516,0.628041398359109,1,0.165656031703537,23.9824194872973
"697",1115,"Ellikon","Control","Amphipoda","Gammaridae",5,"3",451,130586.530561878,"kick_net",0.00845,2.8705,1,0.857531547980516,0.628041398359109,1,0.165656031703537,23.9824194872973
"698",1116,"Ellikon","Control","Amphipoda","Gammaridae",5,"3",451,130586.530561878,"kick_net",0.00845,2.8705,1,0.857531547980516,0.628041398359109,1,0.165656031703537,23.9824194872973
"699",1117,"Ellikon","Control","Amphipoda","Gammaridae",5,"3",451,130586.530561878,"kick_net",0.00845,2.8705,1,0.857531547980516,0.628041398359109,1,0.165656031703537,23.9824194872973
"700",1118,"Ellikon","Control","Amphipoda","Gammaridae",5,"3",451,130586.530561878,"kick_net",0.00845,2.8705,1,0.857531547980516,0.628041398359109,1,0.165656031703537,23.9824194872973
"701",1119,"Ellikon","Control","Amphipoda","Gammaridae",6,"3",451,130586.530561878,"kick_net",0.00845,2.8705,1,1.44723771988851,0.628041398359109,1,0.165656031703537,23.9824194872973
"702",1120,"Ellikon","Control","Amphipoda","Gammaridae",6,"3",451,130586.530561878,"kick_net",0.00845,2.8705,1,1.44723771988851,0.628041398359109,1,0.165656031703537,23.9824194872973
"703",1121,"Ellikon","Control","Amphipoda","Gammaridae",6,"3",451,130586.530561878,"kick_net",0.00845,2.8705,1,1.44723771988851,0.628041398359109,1,0.165656031703537,23.9824194872973
"704",1122,"Ellikon","Control","Amphipoda","Gammaridae",6,"3",451,130586.530561878,"kick_net",0.00845,2.8705,1,1.44723771988851,0.628041398359109,1,0.165656031703537,23.9824194872973
"705",1123,"Ellikon","Control","Amphipoda","Gammaridae",6,"3",451,130586.530561878,"kick_net",0.00845,2.8705,1,1.44723771988851,0.628041398359109,1,0.165656031703537,23.9824194872973
"706",1124,"Ellikon","Control","Amphipoda","Gammaridae",6,"3",451,130586.530561878,"kick_net",0.00845,2.8705,1,1.44723771988851,0.628041398359109,1,0.165656031703537,23.9824194872973
"707",1125,"Ellikon","Control","Amphipoda","Gammaridae",6,"3",451,130586.530561878,"kick_net",0.00845,2.8705,1,1.44723771988851,0.628041398359109,1,0.165656031703537,23.9824194872973
"708",1126,"Ellikon","Control","Amphipoda","Gammaridae",6,"3",451,130586.530561878,"kick_net",0.00845,2.8705,1,1.44723771988851,0.628041398359109,1,0.165656031703537,23.9824194872973
"709",1127,"Ellikon","Control","Amphipoda","Gammaridae",6,"3",451,130586.530561878,"kick_net",0.00845,2.8705,1,1.44723771988851,0.628041398359109,1,0.165656031703537,23.9824194872973
"710",1128,"Ellikon","Control","Amphipoda","Gammaridae",6,"3",451,130586.530561878,"kick_net",0.00845,2.8705,1,1.44723771988851,0.628041398359109,1,0.165656031703537,23.9824194872973
"711",1129,"Ellikon","Control","Amphipoda","Gammaridae",6,"3",451,130586.530561878,"kick_net",0.00845,2.8705,1,1.44723771988851,0.628041398359109,1,0.165656031703537,23.9824194872973
"712",1130,"Ellikon","Control","Amphipoda","Gammaridae",6,"3",451,130586.530561878,"kick_net",0.00845,2.8705,1,1.44723771988851,0.628041398359109,1,0.165656031703537,23.9824194872973
"713",1131,"Ellikon","Control","Amphipoda","Gammaridae",6,"3",451,130586.530561878,"kick_net",0.00845,2.8705,1,1.44723771988851,0.628041398359109,1,0.165656031703537,23.9824194872973
"714",1132,"Ellikon","Control","Amphipoda","Gammaridae",6,"3",451,130586.530561878,"kick_net",0.00845,2.8705,1,1.44723771988851,0.628041398359109,1,0.165656031703537,23.9824194872973
"715",1133,"Ellikon","Control","Amphipoda","Gammaridae",6,"3",451,130586.530561878,"kick_net",0.00845,2.8705,1,1.44723771988851,0.628041398359109,1,0.165656031703537,23.9824194872973
"716",1134,"Ellikon","Control","Amphipoda","Gammaridae",6,"3",451,130586.530561878,"kick_net",0.00845,2.8705,1,1.44723771988851,0.628041398359109,1,0.165656031703537,23.9824194872973
"717",1135,"Ellikon","Control","Amphipoda","Gammaridae",6,"3",451,130586.530561878,"kick_net",0.00845,2.8705,1,1.44723771988851,0.628041398359109,1,0.165656031703537,23.9824194872973
"718",1136,"Ellikon","Control","Amphipoda","Gammaridae",6,"3",451,130586.530561878,"kick_net",0.00845,2.8705,1,1.44723771988851,0.628041398359109,1,0.165656031703537,23.9824194872973
"719",1137,"Ellikon","Control","Amphipoda","Gammaridae",6,"3",451,130586.530561878,"kick_net",0.00845,2.8705,1,1.44723771988851,0.628041398359109,1,0.165656031703537,23.9824194872973
"720",1138,"Ellikon","Control","Amphipoda","Gammaridae",6,"3",451,130586.530561878,"kick_net",0.00845,2.8705,1,1.44723771988851,0.628041398359109,1,0.165656031703537,23.9824194872973
"721",1139,"Ellikon","Control","Amphipoda","Gammaridae",6,"3",451,130586.530561878,"kick_net",0.00845,2.8705,1,1.44723771988851,0.628041398359109,1,0.165656031703537,23.9824194872973
"722",1140,"Ellikon","Control","Amphipoda","Gammaridae",6,"3",451,130586.530561878,"kick_net",0.00845,2.8705,1,1.44723771988851,0.628041398359109,1,0.165656031703537,23.9824194872973
"723",1141,"Ellikon","Control","Amphipoda","Gammaridae",6,"3",451,130586.530561878,"kick_net",0.00845,2.8705,1,1.44723771988851,0.628041398359109,1,0.165656031703537,23.9824194872973
"724",1142,"Ellikon","Control","Amphipoda","Gammaridae",6,"3",451,130586.530561878,"kick_net",0.00845,2.8705,1,1.44723771988851,0.628041398359109,1,0.165656031703537,23.9824194872973
"725",1143,"Ellikon","Control","Amphipoda","Gammaridae",6,"3",451,130586.530561878,"kick_net",0.00845,2.8705,1,1.44723771988851,0.628041398359109,1,0.165656031703537,23.9824194872973
"726",1144,"Ellikon","Control","Amphipoda","Gammaridae",6,"3",451,130586.530561878,"kick_net",0.00845,2.8705,1,1.44723771988851,0.628041398359109,1,0.165656031703537,23.9824194872973
"727",1145,"Ellikon","Control","Amphipoda","Gammaridae",6,"3",451,130586.530561878,"kick_net",0.00845,2.8705,1,1.44723771988851,0.628041398359109,1,0.165656031703537,23.9824194872973
"728",1146,"Ellikon","Control","Amphipoda","Gammaridae",6,"3",451,130586.530561878,"kick_net",0.00845,2.8705,1,1.44723771988851,0.628041398359109,1,0.165656031703537,23.9824194872973
"729",1147,"Ellikon","Control","Amphipoda","Gammaridae",6,"3",451,130586.530561878,"kick_net",0.00845,2.8705,1,1.44723771988851,0.628041398359109,1,0.165656031703537,23.9824194872973
"730",1148,"Ellikon","Control","Amphipoda","Gammaridae",6,"3",451,130586.530561878,"kick_net",0.00845,2.8705,1,1.44723771988851,0.628041398359109,1,0.165656031703537,23.9824194872973
"731",1149,"Ellikon","Control","Amphipoda","Gammaridae",6,"3",451,130586.530561878,"kick_net",0.00845,2.8705,1,1.44723771988851,0.628041398359109,1,0.165656031703537,23.9824194872973
"732",1150,"Ellikon","Control","Amphipoda","Gammaridae",6,"3",451,130586.530561878,"kick_net",0.00845,2.8705,1,1.44723771988851,0.628041398359109,1,0.165656031703537,23.9824194872973
"733",1151,"Ellikon","Control","Amphipoda","Gammaridae",6,"3",451,130586.530561878,"kick_net",0.00845,2.8705,1,1.44723771988851,0.628041398359109,1,0.165656031703537,23.9824194872973
"734",1152,"Ellikon","Control","Amphipoda","Gammaridae",7,"3",451,130586.530561878,"kick_net",0.00845,2.8705,1,2.25273772956822,0.628041398359109,1,0.165656031703537,23.9824194872973
"735",1153,"Ellikon","Control","Amphipoda","Gammaridae",7,"3",451,130586.530561878,"kick_net",0.00845,2.8705,1,2.25273772956822,0.628041398359109,1,0.165656031703537,23.9824194872973
"736",1154,"Ellikon","Control","Amphipoda","Gammaridae",7,"3",451,130586.530561878,"kick_net",0.00845,2.8705,1,2.25273772956822,0.628041398359109,1,0.165656031703537,23.9824194872973
"737",1155,"Ellikon","Control","Amphipoda","Gammaridae",7,"3",451,130586.530561878,"kick_net",0.00845,2.8705,1,2.25273772956822,0.628041398359109,1,0.165656031703537,23.9824194872973
"738",1156,"Ellikon","Control","Amphipoda","Gammaridae",7,"3",451,130586.530561878,"kick_net",0.00845,2.8705,1,2.25273772956822,0.628041398359109,1,0.165656031703537,23.9824194872973
"739",1157,"Ellikon","Control","Amphipoda","Gammaridae",7,"3",451,130586.530561878,"kick_net",0.00845,2.8705,1,2.25273772956822,0.628041398359109,1,0.165656031703537,23.9824194872973
"740",1158,"Ellikon","Control","Amphipoda","Gammaridae",7,"3",451,130586.530561878,"kick_net",0.00845,2.8705,1,2.25273772956822,0.628041398359109,1,0.165656031703537,23.9824194872973
"741",1159,"Ellikon","Control","Amphipoda","Gammaridae",7,"3",451,130586.530561878,"kick_net",0.00845,2.8705,1,2.25273772956822,0.628041398359109,1,0.165656031703537,23.9824194872973
"742",1160,"Ellikon","Control","Amphipoda","Gammaridae",7,"3",451,130586.530561878,"kick_net",0.00845,2.8705,1,2.25273772956822,0.628041398359109,1,0.165656031703537,23.9824194872973
"743",1161,"Ellikon","Control","Amphipoda","Gammaridae",7,"3",451,130586.530561878,"kick_net",0.00845,2.8705,1,2.25273772956822,0.628041398359109,1,0.165656031703537,23.9824194872973
"744",1162,"Ellikon","Control","Amphipoda","Gammaridae",7,"3",451,130586.530561878,"kick_net",0.00845,2.8705,1,2.25273772956822,0.628041398359109,1,0.165656031703537,23.9824194872973
"745",1163,"Ellikon","Control","Amphipoda","Gammaridae",8,"3",451,130586.530561878,"kick_net",0.00845,2.8705,1,3.30503845216443,0.628041398359109,1,0.165656031703537,23.9824194872973
"746",1164,"Ellikon","Control","Amphipoda","Gammaridae",8,"3",451,130586.530561878,"kick_net",0.00845,2.8705,1,3.30503845216443,0.628041398359109,1,0.165656031703537,23.9824194872973
"747",1165,"Ellikon","Control","Amphipoda","Gammaridae",8,"3",451,130586.530561878,"kick_net",0.00845,2.8705,1,3.30503845216443,0.628041398359109,1,0.165656031703537,23.9824194872973
"748",1166,"Ellikon","Control","Amphipoda","Gammaridae",8,"3",451,130586.530561878,"kick_net",0.00845,2.8705,1,3.30503845216443,0.628041398359109,1,0.165656031703537,23.9824194872973
"749",1167,"Ellikon","Control","Amphipoda","Gammaridae",9,"3",451,130586.530561878,"kick_net",0.00845,2.8705,1,4.6345741215268,0.628041398359109,1,0.165656031703537,23.9824194872973
"750",1168,"Ellikon","Control","Amphipoda","Gammaridae",9,"3",451,130586.530561878,"kick_net",0.00845,2.8705,1,4.6345741215268,0.628041398359109,1,0.165656031703537,23.9824194872973
"751",1169,"Ellikon","Control","Amphipoda","Gammaridae",9,"3",451,130586.530561878,"kick_net",0.00845,2.8705,1,4.6345741215268,0.628041398359109,1,0.165656031703537,23.9824194872973
"752",1170,"Ellikon","Control","Amphipoda","Gammaridae",9,"3",451,130586.530561878,"kick_net",0.00845,2.8705,1,4.6345741215268,0.628041398359109,1,0.165656031703537,23.9824194872973
"753",1171,"Ellikon","Control","Amphipoda","Gammaridae",9,"3",451,130586.530561878,"kick_net",0.00845,2.8705,1,4.6345741215268,0.628041398359109,1,0.165656031703537,23.9824194872973
"754",1172,"Ellikon","Control","Amphipoda","Gammaridae",9,"3",451,130586.530561878,"kick_net",0.00845,2.8705,1,4.6345741215268,0.628041398359109,1,0.165656031703537,23.9824194872973
"755",1173,"Ellikon","Control","Amphipoda","Gammaridae",10,"3",451,130586.530561878,"kick_net",0.00845,2.8705,1,6.27128747089358,0.628041398359109,1,0.165656031703537,23.9824194872973
"756",1174,"Ellikon","Control","Amphipoda","Gammaridae",10,"3",451,130586.530561878,"kick_net",0.00845,2.8705,1,6.27128747089358,0.628041398359109,1,0.165656031703537,23.9824194872973
"757",1175,"Ellikon","Control","Amphipoda","Gammaridae",10,"3",451,130586.530561878,"kick_net",0.00845,2.8705,1,6.27128747089358,0.628041398359109,1,0.165656031703537,23.9824194872973
"758",1176,"Ellikon","Control","Amphipoda","Gammaridae",10,"3",451,130586.530561878,"kick_net",0.00845,2.8705,1,6.27128747089358,0.628041398359109,1,0.165656031703537,23.9824194872973
"759",1177,"Ellikon","Control","Amphipoda","Gammaridae",10,"3",451,130586.530561878,"kick_net",0.00845,2.8705,1,6.27128747089358,0.628041398359109,1,0.165656031703537,23.9824194872973
"760",1178,"Ellikon","Control","Amphipoda","Gammaridae",10,"3",451,130586.530561878,"kick_net",0.00845,2.8705,1,6.27128747089358,0.628041398359109,1,0.165656031703537,23.9824194872973
"761",1179,"Ellikon","Control","Amphipoda","Gammaridae",10,"3",451,130586.530561878,"kick_net",0.00845,2.8705,1,6.27128747089358,0.628041398359109,1,0.165656031703537,23.9824194872973
"762",1180,"Ellikon","Control","Amphipoda","Gammaridae",10,"3",451,130586.530561878,"kick_net",0.00845,2.8705,1,6.27128747089358,0.628041398359109,1,0.165656031703537,23.9824194872973
"763",1181,"Ellikon","Control","Amphipoda","Gammaridae",10,"3",451,130586.530561878,"kick_net",0.00845,2.8705,1,6.27128747089358,0.628041398359109,1,0.165656031703537,23.9824194872973
"764",1182,"Ellikon","Control","Amphipoda","Gammaridae",11,"3",451,130586.530561878,"kick_net",0.00845,2.8705,1,8.24469153511625,0.628041398359109,1,0.165656031703537,23.9824194872973
"765",1183,"Ellikon","Control","Amphipoda","Gammaridae",11,"3",451,130586.530561878,"kick_net",0.00845,2.8705,1,8.24469153511625,0.628041398359109,1,0.165656031703537,23.9824194872973
"766",1184,"Ellikon","Control","Amphipoda","Gammaridae",11,"3",451,130586.530561878,"kick_net",0.00845,2.8705,1,8.24469153511625,0.628041398359109,1,0.165656031703537,23.9824194872973
"767",1185,"Ellikon","Control","Amphipoda","Gammaridae",11,"3",451,130586.530561878,"kick_net",0.00845,2.8705,1,8.24469153511625,0.628041398359109,1,0.165656031703537,23.9824194872973
"768",1186,"Ellikon","Control","Amphipoda","Gammaridae",11,"3",451,130586.530561878,"kick_net",0.00845,2.8705,1,8.24469153511625,0.628041398359109,1,0.165656031703537,23.9824194872973
"769",1187,"Ellikon","Control","Amphipoda","Gammaridae",11,"3",451,130586.530561878,"kick_net",0.00845,2.8705,1,8.24469153511625,0.628041398359109,1,0.165656031703537,23.9824194872973
"770",1188,"Ellikon","Control","Amphipoda","Gammaridae",11,"3",451,130586.530561878,"kick_net",0.00845,2.8705,1,8.24469153511625,0.628041398359109,1,0.165656031703537,23.9824194872973
"771",1189,"Ellikon","Control","Amphipoda","Gammaridae",12,"3",451,130586.530561878,"kick_net",0.00845,2.8705,1,10.5839182261171,0.628041398359109,1,0.165656031703537,23.9824194872973
"772",1190,"Ellikon","Control","Amphipoda","Gammaridae",12,"3",451,130586.530561878,"kick_net",0.00845,2.8705,1,10.5839182261171,0.628041398359109,1,0.165656031703537,23.9824194872973
"773",1191,"Ellikon","Control","Amphipoda","Gammaridae",13,"3",451,130586.530561878,"kick_net",0.00845,2.8705,1,13.3177574719972,0.628041398359109,1,0.165656031703537,23.9824194872973
"774",1201,"Ellikon","Control","Coleoptera","Elmidae",3,"3",451,130586.530561878,"kick_net",0.007,2.88,1,0.165656031703537,0.628041398359109,1,0.165656031703537,23.9824194872973
"775",1202,"Ellikon","Control","Coleoptera","Elmidae",3,"3",451,130586.530561878,"kick_net",0.007,2.88,1,0.165656031703537,0.628041398359109,1,0.165656031703537,23.9824194872973
"776",1203,"Ellikon","Control","Coleoptera","Elmidae",3,"3",451,130586.530561878,"kick_net",0.007,2.88,1,0.165656031703537,0.628041398359109,1,0.165656031703537,23.9824194872973
"777",1204,"Ellikon","Control","Coleoptera","Elmidae",3,"3",451,130586.530561878,"kick_net",0.007,2.88,1,0.165656031703537,0.628041398359109,1,0.165656031703537,23.9824194872973
"778",1222,"Ellikon","Control","Coleoptera","Elmidae",3,"3",451,130586.530561878,"kick_net",0.007,2.88,1,0.165656031703537,0.628041398359109,1,0.165656031703537,23.9824194872973
"779",1223,"Ellikon","Control","Coleoptera","Elmidae",3,"3",451,130586.530561878,"kick_net",0.007,2.88,1,0.165656031703537,0.628041398359109,1,0.165656031703537,23.9824194872973
"780",1224,"Ellikon","Control","Coleoptera","Elmidae",3,"3",451,130586.530561878,"kick_net",0.007,2.88,1,0.165656031703537,0.628041398359109,1,0.165656031703537,23.9824194872973
"781",1225,"Ellikon","Control","Coleoptera","Elmidae",3,"3",451,130586.530561878,"kick_net",0.007,2.88,1,0.165656031703537,0.628041398359109,1,0.165656031703537,23.9824194872973
"782",1226,"Ellikon","Control","Coleoptera","Elmidae",3,"3",451,130586.530561878,"kick_net",0.007,2.88,1,0.165656031703537,0.628041398359109,1,0.165656031703537,23.9824194872973
"783",1227,"Ellikon","Control","Coleoptera","Elmidae",3,"3",451,130586.530561878,"kick_net",0.007,2.88,1,0.165656031703537,0.628041398359109,1,0.165656031703537,23.9824194872973
"784",1228,"Ellikon","Control","Coleoptera","Elmidae",3,"3",451,130586.530561878,"kick_net",0.007,2.88,1,0.165656031703537,0.628041398359109,1,0.165656031703537,23.9824194872973
"785",1229,"Ellikon","Control","Coleoptera","Elmidae",3,"3",451,130586.530561878,"kick_net",0.007,2.88,1,0.165656031703537,0.628041398359109,1,0.165656031703537,23.9824194872973
"786",1230,"Ellikon","Control","Coleoptera","Elmidae",3,"3",451,130586.530561878,"kick_net",0.007,2.88,1,0.165656031703537,0.628041398359109,1,0.165656031703537,23.9824194872973
"787",1231,"Ellikon","Control","Coleoptera","Elmidae",3,"3",451,130586.530561878,"kick_net",0.007,2.88,1,0.165656031703537,0.628041398359109,1,0.165656031703537,23.9824194872973
"788",1232,"Ellikon","Control","Coleoptera","Elmidae",3,"3",451,130586.530561878,"kick_net",0.007,2.88,1,0.165656031703537,0.628041398359109,1,0.165656031703537,23.9824194872973
"789",1233,"Ellikon","Control","Coleoptera","Elmidae",3,"3",451,130586.530561878,"kick_net",0.007,2.88,1,0.165656031703537,0.628041398359109,1,0.165656031703537,23.9824194872973
"790",1234,"Ellikon","Control","Coleoptera","Elmidae",3,"3",451,130586.530561878,"kick_net",0.007,2.88,1,0.165656031703537,0.628041398359109,1,0.165656031703537,23.9824194872973
"791",1235,"Ellikon","Control","Coleoptera","Elmidae",3,"3",451,130586.530561878,"kick_net",0.007,2.88,1,0.165656031703537,0.628041398359109,1,0.165656031703537,23.9824194872973
"792",1236,"Ellikon","Control","Coleoptera","Elmidae",3,"3",451,130586.530561878,"kick_net",0.007,2.88,1,0.165656031703537,0.628041398359109,1,0.165656031703537,23.9824194872973
"793",1237,"Ellikon","Control","Coleoptera","Elmidae",3,"3",451,130586.530561878,"kick_net",0.007,2.88,1,0.165656031703537,0.628041398359109,1,0.165656031703537,23.9824194872973
"794",1238,"Ellikon","Control","Coleoptera","Elmidae",3,"3",451,130586.530561878,"kick_net",0.007,2.88,1,0.165656031703537,0.628041398359109,1,0.165656031703537,23.9824194872973
"795",1239,"Ellikon","Control","Coleoptera","Elmidae",3,"3",451,130586.530561878,"kick_net",0.007,2.88,1,0.165656031703537,0.628041398359109,1,0.165656031703537,23.9824194872973
"796",1240,"Ellikon","Control","Coleoptera","Elmidae",3,"3",451,130586.530561878,"kick_net",0.007,2.88,1,0.165656031703537,0.628041398359109,1,0.165656031703537,23.9824194872973
"797",1241,"Ellikon","Control","Coleoptera","Elmidae",3,"3",451,130586.530561878,"kick_net",0.007,2.88,1,0.165656031703537,0.628041398359109,1,0.165656031703537,23.9824194872973
"798",1242,"Ellikon","Control","Coleoptera","Elmidae",3,"3",451,130586.530561878,"kick_net",0.007,2.88,1,0.165656031703537,0.628041398359109,1,0.165656031703537,23.9824194872973
"799",1243,"Ellikon","Control","Coleoptera","Elmidae",3,"3",451,130586.530561878,"kick_net",0.007,2.88,1,0.165656031703537,0.628041398359109,1,0.165656031703537,23.9824194872973
"800",1244,"Ellikon","Control","Coleoptera","Elmidae",3,"3",451,130586.530561878,"kick_net",0.007,2.88,1,0.165656031703537,0.628041398359109,1,0.165656031703537,23.9824194872973
"801",1245,"Ellikon","Control","Coleoptera","Elmidae",4,"3",451,130586.530561878,"kick_net",0.007,2.88,1,0.379341899938412,0.628041398359109,1,0.165656031703537,23.9824194872973
"802",1246,"Ellikon","Control","Coleoptera","Elmidae",4,"3",451,130586.530561878,"kick_net",0.007,2.88,1,0.379341899938412,0.628041398359109,1,0.165656031703537,23.9824194872973
"803",1247,"Ellikon","Control","Coleoptera","Elmidae",4,"3",451,130586.530561878,"kick_net",0.007,2.88,1,0.379341899938412,0.628041398359109,1,0.165656031703537,23.9824194872973
"804",1248,"Ellikon","Control","Coleoptera","Elmidae",4,"3",451,130586.530561878,"kick_net",0.007,2.88,1,0.379341899938412,0.628041398359109,1,0.165656031703537,23.9824194872973
"805",1249,"Ellikon","Control","Coleoptera","Elmidae",4,"3",451,130586.530561878,"kick_net",0.007,2.88,1,0.379341899938412,0.628041398359109,1,0.165656031703537,23.9824194872973
"806",1250,"Ellikon","Control","Coleoptera","Elmidae",4,"3",451,130586.530561878,"kick_net",0.007,2.88,1,0.379341899938412,0.628041398359109,1,0.165656031703537,23.9824194872973
"807",1251,"Ellikon","Control","Coleoptera","Elmidae",4,"3",451,130586.530561878,"kick_net",0.007,2.88,1,0.379341899938412,0.628041398359109,1,0.165656031703537,23.9824194872973
"808",1252,"Ellikon","Control","Coleoptera","Elmidae",4,"3",451,130586.530561878,"kick_net",0.007,2.88,1,0.379341899938412,0.628041398359109,1,0.165656031703537,23.9824194872973
"809",1253,"Ellikon","Control","Coleoptera","Elmidae",4,"3",451,130586.530561878,"kick_net",0.007,2.88,1,0.379341899938412,0.628041398359109,1,0.165656031703537,23.9824194872973
"810",1254,"Ellikon","Control","Coleoptera","Elmidae",4,"3",451,130586.530561878,"kick_net",0.007,2.88,1,0.379341899938412,0.628041398359109,1,0.165656031703537,23.9824194872973
"811",1255,"Ellikon","Control","Coleoptera","Elmidae",4,"3",451,130586.530561878,"kick_net",0.007,2.88,1,0.379341899938412,0.628041398359109,1,0.165656031703537,23.9824194872973
"812",1256,"Ellikon","Control","Coleoptera","Elmidae",4,"3",451,130586.530561878,"kick_net",0.007,2.88,1,0.379341899938412,0.628041398359109,1,0.165656031703537,23.9824194872973
"813",1257,"Ellikon","Control","Coleoptera","Elmidae",4,"3",451,130586.530561878,"kick_net",0.007,2.88,1,0.379341899938412,0.628041398359109,1,0.165656031703537,23.9824194872973
"814",1258,"Ellikon","Control","Coleoptera","Elmidae",4,"3",451,130586.530561878,"kick_net",0.007,2.88,1,0.379341899938412,0.628041398359109,1,0.165656031703537,23.9824194872973
"815",1259,"Ellikon","Control","Coleoptera","Elmidae",4,"3",451,130586.530561878,"kick_net",0.007,2.88,1,0.379341899938412,0.628041398359109,1,0.165656031703537,23.9824194872973
"816",1260,"Ellikon","Control","Coleoptera","Elmidae",4,"3",451,130586.530561878,"kick_net",0.007,2.88,1,0.379341899938412,0.628041398359109,1,0.165656031703537,23.9824194872973
"817",1261,"Ellikon","Control","Coleoptera","Elmidae",4,"3",451,130586.530561878,"kick_net",0.007,2.88,1,0.379341899938412,0.628041398359109,1,0.165656031703537,23.9824194872973
"818",1262,"Ellikon","Control","Coleoptera","Elmidae",4,"3",451,130586.530561878,"kick_net",0.007,2.88,1,0.379341899938412,0.628041398359109,1,0.165656031703537,23.9824194872973
"819",1263,"Ellikon","Control","Coleoptera","Elmidae",4,"3",451,130586.530561878,"kick_net",0.007,2.88,1,0.379341899938412,0.628041398359109,1,0.165656031703537,23.9824194872973
"820",1264,"Ellikon","Control","Coleoptera","Elmidae",4,"3",451,130586.530561878,"kick_net",0.007,2.88,1,0.379341899938412,0.628041398359109,1,0.165656031703537,23.9824194872973
"821",1265,"Ellikon","Control","Coleoptera","Elmidae",4,"3",451,130586.530561878,"kick_net",0.007,2.88,1,0.379341899938412,0.628041398359109,1,0.165656031703537,23.9824194872973
"822",1266,"Ellikon","Control","Coleoptera","Elmidae",4,"3",451,130586.530561878,"kick_net",0.007,2.88,1,0.379341899938412,0.628041398359109,1,0.165656031703537,23.9824194872973
"823",1267,"Ellikon","Control","Coleoptera","Elmidae",4,"3",451,130586.530561878,"kick_net",0.007,2.88,1,0.379341899938412,0.628041398359109,1,0.165656031703537,23.9824194872973
"824",1268,"Ellikon","Control","Coleoptera","Elmidae",4,"3",451,130586.530561878,"kick_net",0.007,2.88,1,0.379341899938412,0.628041398359109,1,0.165656031703537,23.9824194872973
"825",1269,"Ellikon","Control","Coleoptera","Elmidae",4,"3",451,130586.530561878,"kick_net",0.007,2.88,1,0.379341899938412,0.628041398359109,1,0.165656031703537,23.9824194872973
"826",1270,"Ellikon","Control","Coleoptera","Elmidae",4,"3",451,130586.530561878,"kick_net",0.007,2.88,1,0.379341899938412,0.628041398359109,1,0.165656031703537,23.9824194872973
"827",1271,"Ellikon","Control","Coleoptera","Elmidae",5,"3",451,130586.530561878,"kick_net",0.007,2.88,1,0.721326109625354,0.628041398359109,1,0.165656031703537,23.9824194872973
"828",1272,"Ellikon","Control","Coleoptera","Elmidae",5,"3",451,130586.530561878,"kick_net",0.007,2.88,1,0.721326109625354,0.628041398359109,1,0.165656031703537,23.9824194872973
"829",1273,"Ellikon","Control","Coleoptera","Elmidae",5,"3",451,130586.530561878,"kick_net",0.007,2.88,1,0.721326109625354,0.628041398359109,1,0.165656031703537,23.9824194872973
"830",1274,"Ellikon","Control","Coleoptera","Elmidae",5,"3",451,130586.530561878,"kick_net",0.007,2.88,1,0.721326109625354,0.628041398359109,1,0.165656031703537,23.9824194872973
"831",1275,"Ellikon","Control","Coleoptera","Elmidae",5,"3",451,130586.530561878,"kick_net",0.007,2.88,1,0.721326109625354,0.628041398359109,1,0.165656031703537,23.9824194872973
"832",1276,"Ellikon","Control","Coleoptera","Elmidae",5,"3",451,130586.530561878,"kick_net",0.007,2.88,1,0.721326109625354,0.628041398359109,1,0.165656031703537,23.9824194872973
"833",1277,"Ellikon","Control","Coleoptera","Elmidae",5,"3",451,130586.530561878,"kick_net",0.007,2.88,1,0.721326109625354,0.628041398359109,1,0.165656031703537,23.9824194872973
"834",1278,"Ellikon","Control","Coleoptera","Elmidae",5,"3",451,130586.530561878,"kick_net",0.007,2.88,1,0.721326109625354,0.628041398359109,1,0.165656031703537,23.9824194872973
"835",1279,"Ellikon","Control","Coleoptera","Elmidae",6,"3",451,130586.530561878,"kick_net",0.007,2.88,1,1.21947707700094,0.628041398359109,1,0.165656031703537,23.9824194872973
"836",1280,"Ellikon","Control","Coleoptera","Elmidae",6,"3",451,130586.530561878,"kick_net",0.007,2.88,1,1.21947707700094,0.628041398359109,1,0.165656031703537,23.9824194872973
"837",1334,"Ellikon","Control","Diptera","Chironomidae",6,"3",451,130586.530561878,"kick_net",0.002,2.62,1,0.218668523080522,0.628041398359109,1,0.165656031703537,23.9824194872973
"838",1335,"Ellikon","Control","Diptera","Chironomidae",6,"3",451,130586.530561878,"kick_net",0.002,2.62,1,0.218668523080522,0.628041398359109,1,0.165656031703537,23.9824194872973
"839",1336,"Ellikon","Control","Diptera","Chironomidae",6,"3",451,130586.530561878,"kick_net",0.002,2.62,1,0.218668523080522,0.628041398359109,1,0.165656031703537,23.9824194872973
"840",1337,"Ellikon","Control","Diptera","Chironomidae",6,"3",451,130586.530561878,"kick_net",0.002,2.62,1,0.218668523080522,0.628041398359109,1,0.165656031703537,23.9824194872973
"841",1338,"Ellikon","Control","Diptera","Chironomidae",6,"3",451,130586.530561878,"kick_net",0.002,2.62,1,0.218668523080522,0.628041398359109,1,0.165656031703537,23.9824194872973
"842",1339,"Ellikon","Control","Diptera","Chironomidae",6,"3",451,130586.530561878,"kick_net",0.002,2.62,1,0.218668523080522,0.628041398359109,1,0.165656031703537,23.9824194872973
"843",1340,"Ellikon","Control","Diptera","Chironomidae",6,"3",451,130586.530561878,"kick_net",0.002,2.62,1,0.218668523080522,0.628041398359109,1,0.165656031703537,23.9824194872973
"844",1341,"Ellikon","Control","Diptera","Chironomidae",6,"3",451,130586.530561878,"kick_net",0.002,2.62,1,0.218668523080522,0.628041398359109,1,0.165656031703537,23.9824194872973
"845",1342,"Ellikon","Control","Diptera","Chironomidae",6,"3",451,130586.530561878,"kick_net",0.002,2.62,1,0.218668523080522,0.628041398359109,1,0.165656031703537,23.9824194872973
"846",1343,"Ellikon","Control","Diptera","Chironomidae",6,"3",451,130586.530561878,"kick_net",0.002,2.62,1,0.218668523080522,0.628041398359109,1,0.165656031703537,23.9824194872973
"847",1344,"Ellikon","Control","Diptera","Chironomidae",6,"3",451,130586.530561878,"kick_net",0.002,2.62,1,0.218668523080522,0.628041398359109,1,0.165656031703537,23.9824194872973
"848",1345,"Ellikon","Control","Diptera","Chironomidae",6,"3",451,130586.530561878,"kick_net",0.002,2.62,1,0.218668523080522,0.628041398359109,1,0.165656031703537,23.9824194872973
"849",1346,"Ellikon","Control","Diptera","Chironomidae",6,"3",451,130586.530561878,"kick_net",0.002,2.62,1,0.218668523080522,0.628041398359109,1,0.165656031703537,23.9824194872973
"850",1347,"Ellikon","Control","Diptera","Chironomidae",6,"3",451,130586.530561878,"kick_net",0.002,2.62,1,0.218668523080522,0.628041398359109,1,0.165656031703537,23.9824194872973
"851",1348,"Ellikon","Control","Diptera","Chironomidae",7,"3",451,130586.530561878,"kick_net",0.002,2.62,1,0.327481567511863,0.628041398359109,1,0.165656031703537,23.9824194872973
"852",1349,"Ellikon","Control","Diptera","Chironomidae",7,"3",451,130586.530561878,"kick_net",0.002,2.62,1,0.327481567511863,0.628041398359109,1,0.165656031703537,23.9824194872973
"853",1350,"Ellikon","Control","Diptera","Chironomidae",7,"3",451,130586.530561878,"kick_net",0.002,2.62,1,0.327481567511863,0.628041398359109,1,0.165656031703537,23.9824194872973
"854",1351,"Ellikon","Control","Diptera","Chironomidae",7,"3",451,130586.530561878,"kick_net",0.002,2.62,1,0.327481567511863,0.628041398359109,1,0.165656031703537,23.9824194872973
"855",1352,"Ellikon","Control","Diptera","Chironomidae",7,"3",451,130586.530561878,"kick_net",0.002,2.62,1,0.327481567511863,0.628041398359109,1,0.165656031703537,23.9824194872973
"856",1353,"Ellikon","Control","Diptera","Chironomidae",7,"3",451,130586.530561878,"kick_net",0.002,2.62,1,0.327481567511863,0.628041398359109,1,0.165656031703537,23.9824194872973
"857",1354,"Ellikon","Control","Diptera","Chironomidae",7,"3",451,130586.530561878,"kick_net",0.002,2.62,1,0.327481567511863,0.628041398359109,1,0.165656031703537,23.9824194872973
"858",1355,"Ellikon","Control","Diptera","Ceratopogonidae",7,"3",451,130586.530561878,"kick_net",0.003,2.47,1,0.366871025390369,0.628041398359109,1,0.165656031703537,23.9824194872973
"859",1356,"Ellikon","Control","Diptera","Ceratopogonidae",7,"3",451,130586.530561878,"kick_net",0.003,2.47,1,0.366871025390369,0.628041398359109,1,0.165656031703537,23.9824194872973
"860",1357,"Ellikon","Control","Diptera","Ceratopogonidae",7,"3",451,130586.530561878,"kick_net",0.003,2.47,1,0.366871025390369,0.628041398359109,1,0.165656031703537,23.9824194872973
"861",1358,"Ellikon","Control","Diptera","Ceratopogonidae",7,"3",451,130586.530561878,"kick_net",0.003,2.47,1,0.366871025390369,0.628041398359109,1,0.165656031703537,23.9824194872973
"862",1359,"Ellikon","Control","Diptera","Ceratopogonidae",7,"3",451,130586.530561878,"kick_net",0.003,2.47,1,0.366871025390369,0.628041398359109,1,0.165656031703537,23.9824194872973
"863",1360,"Ellikon","Control","Diptera","Ceratopogonidae",8,"3",451,130586.530561878,"kick_net",0.003,2.47,1,0.510215352613061,0.628041398359109,1,0.165656031703537,23.9824194872973
"864",1361,"Ellikon","Control","Diptera","Ceratopogonidae",8,"3",451,130586.530561878,"kick_net",0.003,2.47,1,0.510215352613061,0.628041398359109,1,0.165656031703537,23.9824194872973
"865",1362,"Ellikon","Control","Diptera","Ceratopogonidae",10,"3",451,130586.530561878,"kick_net",0.003,2.47,1,0.885362767999916,0.628041398359109,1,0.165656031703537,23.9824194872973
"866",1363,"Ellikon","Control","Trichoptera","Hydropsychidae",16,"3",451,130586.530561878,"kick_net",0.005,2.926,1,16.681114891678,0.628041398359109,1,0.165656031703537,23.9824194872973
"867",1364,"Ellikon","Control","Gastropoda","Hydrobiidae",1,"3",451,130586.530561878,"kick_net",0.182,2.82,1,0.182,0.628041398359109,1,0.165656031703537,23.9824194872973
"868",1365,"Ellikon","Control","Gastropoda","Hydrobiidae",1,"3",451,130586.530561878,"kick_net",0.182,2.82,1,0.182,0.628041398359109,1,0.165656031703537,23.9824194872973
"869",1366,"Ellikon","Control","Gastropoda","Hydrobiidae",1,"3",451,130586.530561878,"kick_net",0.182,2.82,1,0.182,0.628041398359109,1,0.165656031703537,23.9824194872973
"870",1367,"Ellikon","Control","Gastropoda","Hydrobiidae",1,"3",451,130586.530561878,"kick_net",0.182,2.82,1,0.182,0.628041398359109,1,0.165656031703537,23.9824194872973
"871",1368,"Ellikon","Control","Gastropoda","Hydrobiidae",1,"3",451,130586.530561878,"kick_net",0.182,2.82,1,0.182,0.628041398359109,1,0.165656031703537,23.9824194872973
"872",1369,"Ellikon","Control","Gastropoda","Hydrobiidae",1,"3",451,130586.530561878,"kick_net",0.182,2.82,1,0.182,0.628041398359109,1,0.165656031703537,23.9824194872973
"873",1370,"Ellikon","Control","Gastropoda","Hydrobiidae",2,"3",451,130586.530561878,"kick_net",0.182,2.82,1,1.28521556259919,0.628041398359109,1,0.165656031703537,23.9824194872973
"874",1371,"Ellikon","Control","Gastropoda","Hydrobiidae",2,"3",451,130586.530561878,"kick_net",0.182,2.82,1,1.28521556259919,0.628041398359109,1,0.165656031703537,23.9824194872973
"875",1372,"Ellikon","Control","Gastropoda","Hydrobiidae",2,"3",451,130586.530561878,"kick_net",0.182,2.82,1,1.28521556259919,0.628041398359109,1,0.165656031703537,23.9824194872973
"876",1373,"Ellikon","Control","Gastropoda","Hydrobiidae",2,"3",451,130586.530561878,"kick_net",0.182,2.82,1,1.28521556259919,0.628041398359109,1,0.165656031703537,23.9824194872973
"877",1374,"Ellikon","Control","Gastropoda","Hydrobiidae",2,"3",451,130586.530561878,"kick_net",0.182,2.82,1,1.28521556259919,0.628041398359109,1,0.165656031703537,23.9824194872973
"878",1375,"Ellikon","Control","Gastropoda","Hydrobiidae",2,"3",451,130586.530561878,"kick_net",0.182,2.82,1,1.28521556259919,0.628041398359109,1,0.165656031703537,23.9824194872973
"879",1376,"Ellikon","Control","Gastropoda","Hydrobiidae",2,"3",451,130586.530561878,"kick_net",0.182,2.82,1,1.28521556259919,0.628041398359109,1,0.165656031703537,23.9824194872973
"880",1377,"Ellikon","Control","Gastropoda","Hydrobiidae",2,"3",451,130586.530561878,"kick_net",0.182,2.82,1,1.28521556259919,0.628041398359109,1,0.165656031703537,23.9824194872973
"881",1378,"Ellikon","Control","Gastropoda","Hydrobiidae",2,"3",451,130586.530561878,"kick_net",0.182,2.82,1,1.28521556259919,0.628041398359109,1,0.165656031703537,23.9824194872973
"882",1379,"Ellikon","Control","Gastropoda","Hydrobiidae",2,"3",451,130586.530561878,"kick_net",0.182,2.82,1,1.28521556259919,0.628041398359109,1,0.165656031703537,23.9824194872973
"883",1380,"Ellikon","Control","Gastropoda","Hydrobiidae",2,"3",451,130586.530561878,"kick_net",0.182,2.82,1,1.28521556259919,0.628041398359109,1,0.165656031703537,23.9824194872973
"884",1381,"Ellikon","Control","Gastropoda","Hydrobiidae",2,"3",451,130586.530561878,"kick_net",0.182,2.82,1,1.28521556259919,0.628041398359109,1,0.165656031703537,23.9824194872973
"885",1382,"Ellikon","Control","Gastropoda","Hydrobiidae",2,"3",451,130586.530561878,"kick_net",0.182,2.82,1,1.28521556259919,0.628041398359109,1,0.165656031703537,23.9824194872973
"886",1383,"Ellikon","Control","Gastropoda","Hydrobiidae",3,"3",451,130586.530561878,"kick_net",0.182,2.82,1,4.03230455398401,0.628041398359109,1,0.165656031703537,23.9824194872973
"887",1384,"Ellikon","Control","Gastropoda","Hydrobiidae",3,"3",451,130586.530561878,"kick_net",0.182,2.82,1,4.03230455398401,0.628041398359109,1,0.165656031703537,23.9824194872973
"888",1385,"Ellikon","Control","Gastropoda","Hydrobiidae",3,"3",451,130586.530561878,"kick_net",0.182,2.82,1,4.03230455398401,0.628041398359109,1,0.165656031703537,23.9824194872973
"889",1386,"Ellikon","Control","Gastropoda","Hydrobiidae",3,"3",451,130586.530561878,"kick_net",0.182,2.82,1,4.03230455398401,0.628041398359109,1,0.165656031703537,23.9824194872973
"890",1387,"Ellikon","Control","Gastropoda","Hydrobiidae",3,"3",451,130586.530561878,"kick_net",0.182,2.82,1,4.03230455398401,0.628041398359109,1,0.165656031703537,23.9824194872973
"891",1388,"Ellikon","Control","Gastropoda","Hydrobiidae",3,"3",451,130586.530561878,"kick_net",0.182,2.82,1,4.03230455398401,0.628041398359109,1,0.165656031703537,23.9824194872973
"892",1389,"Ellikon","Control","Gastropoda","Hydrobiidae",3,"3",451,130586.530561878,"kick_net",0.182,2.82,1,4.03230455398401,0.628041398359109,1,0.165656031703537,23.9824194872973
"893",1390,"Ellikon","Control","Gastropoda","Hydrobiidae",3,"3",451,130586.530561878,"kick_net",0.182,2.82,1,4.03230455398401,0.628041398359109,1,0.165656031703537,23.9824194872973
"894",1391,"Ellikon","Control","Gastropoda","Hydrobiidae",3,"3",451,130586.530561878,"kick_net",0.182,2.82,1,4.03230455398401,0.628041398359109,1,0.165656031703537,23.9824194872973
"895",1392,"Ellikon","Control","Gastropoda","Hydrobiidae",3,"3",451,130586.530561878,"kick_net",0.182,2.82,1,4.03230455398401,0.628041398359109,1,0.165656031703537,23.9824194872973
"896",1393,"Ellikon","Control","Gastropoda","Hydrobiidae",3,"3",451,130586.530561878,"kick_net",0.182,2.82,1,4.03230455398401,0.628041398359109,1,0.165656031703537,23.9824194872973
"897",1394,"Ellikon","Control","Gastropoda","Hydrobiidae",3,"3",451,130586.530561878,"kick_net",0.182,2.82,1,4.03230455398401,0.628041398359109,1,0.165656031703537,23.9824194872973
"898",1395,"Ellikon","Control","Gastropoda","Hydrobiidae",3,"3",451,130586.530561878,"kick_net",0.182,2.82,1,4.03230455398401,0.628041398359109,1,0.165656031703537,23.9824194872973
"899",1396,"Ellikon","Control","Gastropoda","Hydrobiidae",4,"3",451,130586.530561878,"kick_net",0.182,2.82,1,9.0757090238855,0.628041398359109,1,0.165656031703537,23.9824194872973
"900",1397,"Ellikon","Control","Gastropoda","Hydrobiidae",4,"3",451,130586.530561878,"kick_net",0.182,2.82,1,9.0757090238855,0.628041398359109,1,0.165656031703537,23.9824194872973
"901",1398,"Ellikon","Control","Gastropoda","Hydrobiidae",4,"3",451,130586.530561878,"kick_net",0.182,2.82,1,9.0757090238855,0.628041398359109,1,0.165656031703537,23.9824194872973
"902",1399,"Ellikon","Control","Gastropoda","Hydrobiidae",4,"3",451,130586.530561878,"kick_net",0.182,2.82,1,9.0757090238855,0.628041398359109,1,0.165656031703537,23.9824194872973
"903",1400,"Ellikon","Control","Gastropoda","Hydrobiidae",4,"3",451,130586.530561878,"kick_net",0.182,2.82,1,9.0757090238855,0.628041398359109,1,0.165656031703537,23.9824194872973
"904",1401,"Ellikon","Control","Gastropoda","Hydrobiidae",4,"3",451,130586.530561878,"kick_net",0.182,2.82,1,9.0757090238855,0.628041398359109,1,0.165656031703537,23.9824194872973
"905",1402,"Ellikon","Control","Gastropoda","Hydrobiidae",4,"3",451,130586.530561878,"kick_net",0.182,2.82,1,9.0757090238855,0.628041398359109,1,0.165656031703537,23.9824194872973
"906",1403,"Ellikon","Control","Gastropoda","Hydrobiidae",4,"3",451,130586.530561878,"kick_net",0.182,2.82,1,9.0757090238855,0.628041398359109,1,0.165656031703537,23.9824194872973
"907",1404,"Ellikon","Control","Gastropoda","Hydrobiidae",4,"3",451,130586.530561878,"kick_net",0.182,2.82,1,9.0757090238855,0.628041398359109,1,0.165656031703537,23.9824194872973
"908",1405,"Ellikon","Control","Gastropoda","Hydrobiidae",4,"3",451,130586.530561878,"kick_net",0.182,2.82,1,9.0757090238855,0.628041398359109,1,0.165656031703537,23.9824194872973
"909",1406,"Ellikon","Control","Gastropoda","Hydrobiidae",4,"3",451,130586.530561878,"kick_net",0.182,2.82,1,9.0757090238855,0.628041398359109,1,0.165656031703537,23.9824194872973
"910",1407,"Ellikon","Control","Gastropoda","Hydrobiidae",4,"3",451,130586.530561878,"kick_net",0.182,2.82,1,9.0757090238855,0.628041398359109,1,0.165656031703537,23.9824194872973
"911",1408,"Ellikon","Control","Gastropoda","Hydrobiidae",4,"3",451,130586.530561878,"kick_net",0.182,2.82,1,9.0757090238855,0.628041398359109,1,0.165656031703537,23.9824194872973
"912",1409,"Ellikon","Control","Gastropoda","Hydrobiidae",4,"3",451,130586.530561878,"kick_net",0.182,2.82,1,9.0757090238855,0.628041398359109,1,0.165656031703537,23.9824194872973
"913",1410,"Ellikon","Control","Gastropoda","Hydrobiidae",4,"3",451,130586.530561878,"kick_net",0.182,2.82,1,9.0757090238855,0.628041398359109,1,0.165656031703537,23.9824194872973
"914",1411,"Ellikon","Control","Gastropoda","Hydrobiidae",4,"3",451,130586.530561878,"kick_net",0.182,2.82,1,9.0757090238855,0.628041398359109,1,0.165656031703537,23.9824194872973
"915",1412,"Ellikon","Control","Gastropoda","Hydrobiidae",4,"3",451,130586.530561878,"kick_net",0.182,2.82,1,9.0757090238855,0.628041398359109,1,0.165656031703537,23.9824194872973
"916",1413,"Ellikon","Control","Gastropoda","Hydrobiidae",4,"3",451,130586.530561878,"kick_net",0.182,2.82,1,9.0757090238855,0.628041398359109,1,0.165656031703537,23.9824194872973
"917",1414,"Ellikon","Control","Gastropoda","Hydrobiidae",4,"3",451,130586.530561878,"kick_net",0.182,2.82,1,9.0757090238855,0.628041398359109,1,0.165656031703537,23.9824194872973
"918",1415,"Ellikon","Control","Gastropoda","Hydrobiidae",4,"3",451,130586.530561878,"kick_net",0.182,2.82,1,9.0757090238855,0.628041398359109,1,0.165656031703537,23.9824194872973
"919",1416,"Ellikon","Control","Gastropoda","Hydrobiidae",4,"3",451,130586.530561878,"kick_net",0.182,2.82,1,9.0757090238855,0.628041398359109,1,0.165656031703537,23.9824194872973
"920",1417,"Ellikon","Control","Gastropoda","Hydrobiidae",4,"3",451,130586.530561878,"kick_net",0.182,2.82,1,9.0757090238855,0.628041398359109,1,0.165656031703537,23.9824194872973
"921",1418,"Ellikon","Control","Gastropoda","Hydrobiidae",4,"3",451,130586.530561878,"kick_net",0.182,2.82,1,9.0757090238855,0.628041398359109,1,0.165656031703537,23.9824194872973
"922",1419,"Ellikon","Control","Gastropoda","Hydrobiidae",4,"3",451,130586.530561878,"kick_net",0.182,2.82,1,9.0757090238855,0.628041398359109,1,0.165656031703537,23.9824194872973
"923",1420,"Ellikon","Control","Gastropoda","Hydrobiidae",5,"3",451,130586.530561878,"kick_net",0.182,2.82,1,17.0281238483793,0.628041398359109,1,0.165656031703537,23.9824194872973
"924",1421,"Ellikon","Control","Gastropoda","Hydrobiidae",5,"3",451,130586.530561878,"kick_net",0.182,2.82,1,17.0281238483793,0.628041398359109,1,0.165656031703537,23.9824194872973
"925",1422,"Ellikon","Control","Gastropoda","Hydrobiidae",5,"3",451,130586.530561878,"kick_net",0.182,2.82,1,17.0281238483793,0.628041398359109,1,0.165656031703537,23.9824194872973
"926",1423,"Ellikon","Control","Gastropoda","Hydrobiidae",5,"3",451,130586.530561878,"kick_net",0.182,2.82,1,17.0281238483793,0.628041398359109,1,0.165656031703537,23.9824194872973
"927",1424,"Ellikon","Control","Gastropoda","Hydrobiidae",5,"3",451,130586.530561878,"kick_net",0.182,2.82,1,17.0281238483793,0.628041398359109,1,0.165656031703537,23.9824194872973
"928",1425,"Ellikon","Control","Gastropoda","Hydrobiidae",5,"3",451,130586.530561878,"kick_net",0.182,2.82,1,17.0281238483793,0.628041398359109,1,0.165656031703537,23.9824194872973
"929",1426,"Ellikon","Control","Gastropoda","Hydrobiidae",5,"3",451,130586.530561878,"kick_net",0.182,2.82,1,17.0281238483793,0.628041398359109,1,0.165656031703537,23.9824194872973
"930",1427,"Ellikon","Control","Gastropoda","Hydrobiidae",5,"3",451,130586.530561878,"kick_net",0.182,2.82,1,17.0281238483793,0.628041398359109,1,0.165656031703537,23.9824194872973
"931",1428,"Ellikon","Control","Gastropoda","Hydrobiidae",5,"3",451,130586.530561878,"kick_net",0.182,2.82,1,17.0281238483793,0.628041398359109,1,0.165656031703537,23.9824194872973
"932",1429,"Ellikon","Control","Gastropoda","Hydrobiidae",5,"3",451,130586.530561878,"kick_net",0.182,2.82,1,17.0281238483793,0.628041398359109,1,0.165656031703537,23.9824194872973
"933",1430,"Ellikon","Control","Gastropoda","Hydrobiidae",5,"3",451,130586.530561878,"kick_net",0.182,2.82,1,17.0281238483793,0.628041398359109,1,0.165656031703537,23.9824194872973
"934",1431,"Ellikon","Control","Gastropoda","Hydrobiidae",5,"3",451,130586.530561878,"kick_net",0.182,2.82,1,17.0281238483793,0.628041398359109,1,0.165656031703537,23.9824194872973
"935",1432,"Ellikon","Control","Gastropoda","Hydrobiidae",5,"3",451,130586.530561878,"kick_net",0.182,2.82,1,17.0281238483793,0.628041398359109,1,0.165656031703537,23.9824194872973
"936",1433,"Ellikon","Control","Gastropoda","Hydrobiidae",5,"3",451,130586.530561878,"kick_net",0.182,2.82,1,17.0281238483793,0.628041398359109,1,0.165656031703537,23.9824194872973
"937",1434,"Ellikon","Control","Gastropoda","Hydrobiidae",5,"3",451,130586.530561878,"kick_net",0.182,2.82,1,17.0281238483793,0.628041398359109,1,0.165656031703537,23.9824194872973
"938",1435,"Ellikon","Control","Gastropoda","Hydrobiidae",5,"3",451,130586.530561878,"kick_net",0.182,2.82,1,17.0281238483793,0.628041398359109,1,0.165656031703537,23.9824194872973
"939",1436,"Ellikon","Control","Gastropoda","Hydrobiidae",5,"3",451,130586.530561878,"kick_net",0.182,2.82,1,17.0281238483793,0.628041398359109,1,0.165656031703537,23.9824194872973
"940",1437,"Ellikon","Control","Gastropoda","Hydrobiidae",5,"3",451,130586.530561878,"kick_net",0.182,2.82,1,17.0281238483793,0.628041398359109,1,0.165656031703537,23.9824194872973
"941",1438,"Ellikon","Control","Gastropoda","Hydrobiidae",5,"3",451,130586.530561878,"kick_net",0.182,2.82,1,17.0281238483793,0.628041398359109,1,0.165656031703537,23.9824194872973
"942",1439,"Ellikon","Control","Gastropoda","Hydrobiidae",5,"3",451,130586.530561878,"kick_net",0.182,2.82,1,17.0281238483793,0.628041398359109,1,0.165656031703537,23.9824194872973
"943",1440,"Ellikon","Control","Gastropoda","Hydrobiidae",5,"3",451,130586.530561878,"kick_net",0.182,2.82,1,17.0281238483793,0.628041398359109,1,0.165656031703537,23.9824194872973
"944",1441,"Ellikon","Control","Gastropoda","Hydrobiidae",5,"3",451,130586.530561878,"kick_net",0.182,2.82,1,17.0281238483793,0.628041398359109,1,0.165656031703537,23.9824194872973
"945",1442,"Ellikon","Control","Gastropoda","Hydrobiidae",5,"3",451,130586.530561878,"kick_net",0.182,2.82,1,17.0281238483793,0.628041398359109,1,0.165656031703537,23.9824194872973
"946",1443,"Ellikon","Control","Gastropoda","Hydrobiidae",5,"3",451,130586.530561878,"kick_net",0.182,2.82,1,17.0281238483793,0.628041398359109,1,0.165656031703537,23.9824194872973
"947",1444,"Ellikon","Control","Gastropoda","Hydrobiidae",5,"3",451,130586.530561878,"kick_net",0.182,2.82,1,17.0281238483793,0.628041398359109,1,0.165656031703537,23.9824194872973
"948",1445,"Ellikon","Control","Gastropoda","Hydrobiidae",5,"3",451,130586.530561878,"kick_net",0.182,2.82,1,17.0281238483793,0.628041398359109,1,0.165656031703537,23.9824194872973
"949",1446,"Ellikon","Control","Gastropoda","Hydrobiidae",5,"3",451,130586.530561878,"kick_net",0.182,2.82,1,17.0281238483793,0.628041398359109,1,0.165656031703537,23.9824194872973
"950",1447,"Ellikon","Control","Gastropoda","Hydrobiidae",5,"3",451,130586.530561878,"kick_net",0.182,2.82,1,17.0281238483793,0.628041398359109,1,0.165656031703537,23.9824194872973
"951",1448,"Ellikon","Control","Gastropoda","Hydrobiidae",5,"3",451,130586.530561878,"kick_net",0.182,2.82,1,17.0281238483793,0.628041398359109,1,0.165656031703537,23.9824194872973
"952",1449,"Ellikon","Control","Gastropoda","Hydrobiidae",5,"3",451,130586.530561878,"kick_net",0.182,2.82,1,17.0281238483793,0.628041398359109,1,0.165656031703537,23.9824194872973
"953",1456,"Ellikon","Inflow","Amphipoda","Gammaridae",4,"3",451,130586.530561878,"kick_net",0.00845,2.8705,1,0.451928691384938,0.628041398359109,1,0.25070029394521,17.0281238483793
"954",1457,"Ellikon","Inflow","Amphipoda","Gammaridae",4,"3",451,130586.530561878,"kick_net",0.00845,2.8705,1,0.451928691384938,0.628041398359109,1,0.25070029394521,17.0281238483793
"955",1458,"Ellikon","Inflow","Amphipoda","Gammaridae",4,"3",451,130586.530561878,"kick_net",0.00845,2.8705,1,0.451928691384938,0.628041398359109,1,0.25070029394521,17.0281238483793
"956",1459,"Ellikon","Inflow","Amphipoda","Gammaridae",4,"3",451,130586.530561878,"kick_net",0.00845,2.8705,1,0.451928691384938,0.628041398359109,1,0.25070029394521,17.0281238483793
"957",1460,"Ellikon","Inflow","Amphipoda","Gammaridae",4,"3",451,130586.530561878,"kick_net",0.00845,2.8705,1,0.451928691384938,0.628041398359109,1,0.25070029394521,17.0281238483793
"958",1461,"Ellikon","Inflow","Amphipoda","Gammaridae",4,"3",451,130586.530561878,"kick_net",0.00845,2.8705,1,0.451928691384938,0.628041398359109,1,0.25070029394521,17.0281238483793
"959",1462,"Ellikon","Inflow","Amphipoda","Gammaridae",4,"3",451,130586.530561878,"kick_net",0.00845,2.8705,1,0.451928691384938,0.628041398359109,1,0.25070029394521,17.0281238483793
"960",1463,"Ellikon","Inflow","Amphipoda","Gammaridae",4,"3",451,130586.530561878,"kick_net",0.00845,2.8705,1,0.451928691384938,0.628041398359109,1,0.25070029394521,17.0281238483793
"961",1464,"Ellikon","Inflow","Amphipoda","Gammaridae",4,"3",451,130586.530561878,"kick_net",0.00845,2.8705,1,0.451928691384938,0.628041398359109,1,0.25070029394521,17.0281238483793
"962",1465,"Ellikon","Inflow","Amphipoda","Gammaridae",4,"3",451,130586.530561878,"kick_net",0.00845,2.8705,1,0.451928691384938,0.628041398359109,1,0.25070029394521,17.0281238483793
"963",1466,"Ellikon","Inflow","Amphipoda","Gammaridae",4,"3",451,130586.530561878,"kick_net",0.00845,2.8705,1,0.451928691384938,0.628041398359109,1,0.25070029394521,17.0281238483793
"964",1467,"Ellikon","Inflow","Amphipoda","Gammaridae",4,"3",451,130586.530561878,"kick_net",0.00845,2.8705,1,0.451928691384938,0.628041398359109,1,0.25070029394521,17.0281238483793
"965",1468,"Ellikon","Inflow","Amphipoda","Gammaridae",4,"3",451,130586.530561878,"kick_net",0.00845,2.8705,1,0.451928691384938,0.628041398359109,1,0.25070029394521,17.0281238483793
"966",1469,"Ellikon","Inflow","Amphipoda","Gammaridae",4,"3",451,130586.530561878,"kick_net",0.00845,2.8705,1,0.451928691384938,0.628041398359109,1,0.25070029394521,17.0281238483793
"967",1470,"Ellikon","Inflow","Amphipoda","Gammaridae",4,"3",451,130586.530561878,"kick_net",0.00845,2.8705,1,0.451928691384938,0.628041398359109,1,0.25070029394521,17.0281238483793
"968",1471,"Ellikon","Inflow","Amphipoda","Gammaridae",4,"3",451,130586.530561878,"kick_net",0.00845,2.8705,1,0.451928691384938,0.628041398359109,1,0.25070029394521,17.0281238483793
"969",1472,"Ellikon","Inflow","Amphipoda","Gammaridae",5,"3",451,130586.530561878,"kick_net",0.00845,2.8705,1,0.857531547980516,0.628041398359109,1,0.25070029394521,17.0281238483793
"970",1473,"Ellikon","Inflow","Amphipoda","Gammaridae",5,"3",451,130586.530561878,"kick_net",0.00845,2.8705,1,0.857531547980516,0.628041398359109,1,0.25070029394521,17.0281238483793
"971",1474,"Ellikon","Inflow","Amphipoda","Gammaridae",5,"3",451,130586.530561878,"kick_net",0.00845,2.8705,1,0.857531547980516,0.628041398359109,1,0.25070029394521,17.0281238483793
"972",1475,"Ellikon","Inflow","Amphipoda","Gammaridae",5,"3",451,130586.530561878,"kick_net",0.00845,2.8705,1,0.857531547980516,0.628041398359109,1,0.25070029394521,17.0281238483793
"973",1476,"Ellikon","Inflow","Amphipoda","Gammaridae",5,"3",451,130586.530561878,"kick_net",0.00845,2.8705,1,0.857531547980516,0.628041398359109,1,0.25070029394521,17.0281238483793
"974",1477,"Ellikon","Inflow","Amphipoda","Gammaridae",5,"3",451,130586.530561878,"kick_net",0.00845,2.8705,1,0.857531547980516,0.628041398359109,1,0.25070029394521,17.0281238483793
"975",1478,"Ellikon","Inflow","Amphipoda","Gammaridae",5,"3",451,130586.530561878,"kick_net",0.00845,2.8705,1,0.857531547980516,0.628041398359109,1,0.25070029394521,17.0281238483793
"976",1479,"Ellikon","Inflow","Amphipoda","Gammaridae",5,"3",451,130586.530561878,"kick_net",0.00845,2.8705,1,0.857531547980516,0.628041398359109,1,0.25070029394521,17.0281238483793
"977",1480,"Ellikon","Inflow","Amphipoda","Gammaridae",5,"3",451,130586.530561878,"kick_net",0.00845,2.8705,1,0.857531547980516,0.628041398359109,1,0.25070029394521,17.0281238483793
"978",1481,"Ellikon","Inflow","Amphipoda","Gammaridae",5,"3",451,130586.530561878,"kick_net",0.00845,2.8705,1,0.857531547980516,0.628041398359109,1,0.25070029394521,17.0281238483793
"979",1482,"Ellikon","Inflow","Amphipoda","Gammaridae",5,"3",451,130586.530561878,"kick_net",0.00845,2.8705,1,0.857531547980516,0.628041398359109,1,0.25070029394521,17.0281238483793
"980",1483,"Ellikon","Inflow","Amphipoda","Gammaridae",5,"3",451,130586.530561878,"kick_net",0.00845,2.8705,1,0.857531547980516,0.628041398359109,1,0.25070029394521,17.0281238483793
"981",1484,"Ellikon","Inflow","Amphipoda","Gammaridae",5,"3",451,130586.530561878,"kick_net",0.00845,2.8705,1,0.857531547980516,0.628041398359109,1,0.25070029394521,17.0281238483793
"982",1485,"Ellikon","Inflow","Amphipoda","Gammaridae",5,"3",451,130586.530561878,"kick_net",0.00845,2.8705,1,0.857531547980516,0.628041398359109,1,0.25070029394521,17.0281238483793
"983",1486,"Ellikon","Inflow","Amphipoda","Gammaridae",5,"3",451,130586.530561878,"kick_net",0.00845,2.8705,1,0.857531547980516,0.628041398359109,1,0.25070029394521,17.0281238483793
"984",1487,"Ellikon","Inflow","Amphipoda","Gammaridae",5,"3",451,130586.530561878,"kick_net",0.00845,2.8705,1,0.857531547980516,0.628041398359109,1,0.25070029394521,17.0281238483793
"985",1488,"Ellikon","Inflow","Amphipoda","Gammaridae",6,"3",451,130586.530561878,"kick_net",0.00845,2.8705,1,1.44723771988851,0.628041398359109,1,0.25070029394521,17.0281238483793
"986",1489,"Ellikon","Inflow","Amphipoda","Gammaridae",7,"3",451,130586.530561878,"kick_net",0.00845,2.8705,1,2.25273772956822,0.628041398359109,1,0.25070029394521,17.0281238483793
"987",1490,"Ellikon","Inflow","Amphipoda","Gammaridae",7,"3",451,130586.530561878,"kick_net",0.00845,2.8705,1,2.25273772956822,0.628041398359109,1,0.25070029394521,17.0281238483793
"988",1491,"Ellikon","Inflow","Amphipoda","Gammaridae",7,"3",451,130586.530561878,"kick_net",0.00845,2.8705,1,2.25273772956822,0.628041398359109,1,0.25070029394521,17.0281238483793
"989",1492,"Ellikon","Inflow","Amphipoda","Gammaridae",8,"3",451,130586.530561878,"kick_net",0.00845,2.8705,1,3.30503845216443,0.628041398359109,1,0.25070029394521,17.0281238483793
"990",1493,"Ellikon","Inflow","Amphipoda","Gammaridae",10,"3",451,130586.530561878,"kick_net",0.00845,2.8705,1,6.27128747089358,0.628041398359109,1,0.25070029394521,17.0281238483793
"991",1494,"Ellikon","Inflow","Amphipoda","Gammaridae",11,"3",451,130586.530561878,"kick_net",0.00845,2.8705,1,8.24469153511625,0.628041398359109,1,0.25070029394521,17.0281238483793
"992",1495,"Ellikon","Inflow","Amphipoda","Gammaridae",11,"3",451,130586.530561878,"kick_net",0.00845,2.8705,1,8.24469153511625,0.628041398359109,1,0.25070029394521,17.0281238483793
"993",1496,"Ellikon","Inflow","Amphipoda","Gammaridae",12,"3",451,130586.530561878,"kick_net",0.00845,2.8705,1,10.5839182261171,0.628041398359109,1,0.25070029394521,17.0281238483793
"994",1497,"Ellikon","Inflow","Gastropoda","Hydrobiidae",2,"3",451,130586.530561878,"kick_net",0.182,2.82,1,1.28521556259919,0.628041398359109,1,0.25070029394521,17.0281238483793
"995",1498,"Ellikon","Inflow","Gastropoda","Hydrobiidae",2,"3",451,130586.530561878,"kick_net",0.182,2.82,1,1.28521556259919,0.628041398359109,1,0.25070029394521,17.0281238483793
"996",1499,"Ellikon","Inflow","Gastropoda","Hydrobiidae",2,"3",451,130586.530561878,"kick_net",0.182,2.82,1,1.28521556259919,0.628041398359109,1,0.25070029394521,17.0281238483793
"997",1500,"Ellikon","Inflow","Gastropoda","Hydrobiidae",2,"3",451,130586.530561878,"kick_net",0.182,2.82,1,1.28521556259919,0.628041398359109,1,0.25070029394521,17.0281238483793
"998",1501,"Ellikon","Inflow","Gastropoda","Hydrobiidae",3,"3",451,130586.530561878,"kick_net",0.182,2.82,1,4.03230455398401,0.628041398359109,1,0.25070029394521,17.0281238483793
"999",1502,"Ellikon","Inflow","Gastropoda","Hydrobiidae",3,"3",451,130586.530561878,"kick_net",0.182,2.82,1,4.03230455398401,0.628041398359109,1,0.25070029394521,17.0281238483793
"1000",1503,"Ellikon","Inflow","Gastropoda","Hydrobiidae",3,"3",451,130586.530561878,"kick_net",0.182,2.82,1,4.03230455398401,0.628041398359109,1,0.25070029394521,17.0281238483793
"1001",1504,"Ellikon","Inflow","Gastropoda","Hydrobiidae",3,"3",451,130586.530561878,"kick_net",0.182,2.82,1,4.03230455398401,0.628041398359109,1,0.25070029394521,17.0281238483793
"1002",1505,"Ellikon","Inflow","Gastropoda","Hydrobiidae",3,"3",451,130586.530561878,"kick_net",0.182,2.82,1,4.03230455398401,0.628041398359109,1,0.25070029394521,17.0281238483793
"1003",1506,"Ellikon","Inflow","Gastropoda","Hydrobiidae",3,"3",451,130586.530561878,"kick_net",0.182,2.82,1,4.03230455398401,0.628041398359109,1,0.25070029394521,17.0281238483793
"1004",1507,"Ellikon","Inflow","Gastropoda","Hydrobiidae",3,"3",451,130586.530561878,"kick_net",0.182,2.82,1,4.03230455398401,0.628041398359109,1,0.25070029394521,17.0281238483793
"1005",1508,"Ellikon","Inflow","Gastropoda","Hydrobiidae",3,"3",451,130586.530561878,"kick_net",0.182,2.82,1,4.03230455398401,0.628041398359109,1,0.25070029394521,17.0281238483793
"1006",1509,"Ellikon","Inflow","Gastropoda","Hydrobiidae",4,"3",451,130586.530561878,"kick_net",0.182,2.82,1,9.0757090238855,0.628041398359109,1,0.25070029394521,17.0281238483793
"1007",1510,"Ellikon","Inflow","Gastropoda","Hydrobiidae",4,"3",451,130586.530561878,"kick_net",0.182,2.82,1,9.0757090238855,0.628041398359109,1,0.25070029394521,17.0281238483793
"1008",1511,"Ellikon","Inflow","Gastropoda","Hydrobiidae",4,"3",451,130586.530561878,"kick_net",0.182,2.82,1,9.0757090238855,0.628041398359109,1,0.25070029394521,17.0281238483793
"1009",1512,"Ellikon","Inflow","Gastropoda","Hydrobiidae",4,"3",451,130586.530561878,"kick_net",0.182,2.82,1,9.0757090238855,0.628041398359109,1,0.25070029394521,17.0281238483793
"1010",1513,"Ellikon","Inflow","Gastropoda","Hydrobiidae",4,"3",451,130586.530561878,"kick_net",0.182,2.82,1,9.0757090238855,0.628041398359109,1,0.25070029394521,17.0281238483793
"1011",1514,"Ellikon","Inflow","Gastropoda","Hydrobiidae",4,"3",451,130586.530561878,"kick_net",0.182,2.82,1,9.0757090238855,0.628041398359109,1,0.25070029394521,17.0281238483793
"1012",1515,"Ellikon","Inflow","Gastropoda","Hydrobiidae",4,"3",451,130586.530561878,"kick_net",0.182,2.82,1,9.0757090238855,0.628041398359109,1,0.25070029394521,17.0281238483793
"1013",1516,"Ellikon","Inflow","Gastropoda","Hydrobiidae",4,"3",451,130586.530561878,"kick_net",0.182,2.82,1,9.0757090238855,0.628041398359109,1,0.25070029394521,17.0281238483793
"1014",1517,"Ellikon","Inflow","Gastropoda","Hydrobiidae",4,"3",451,130586.530561878,"kick_net",0.182,2.82,1,9.0757090238855,0.628041398359109,1,0.25070029394521,17.0281238483793
"1015",1518,"Ellikon","Inflow","Gastropoda","Hydrobiidae",4,"3",451,130586.530561878,"kick_net",0.182,2.82,1,9.0757090238855,0.628041398359109,1,0.25070029394521,17.0281238483793
"1016",1519,"Ellikon","Inflow","Gastropoda","Hydrobiidae",4,"3",451,130586.530561878,"kick_net",0.182,2.82,1,9.0757090238855,0.628041398359109,1,0.25070029394521,17.0281238483793
"1017",1520,"Ellikon","Inflow","Gastropoda","Hydrobiidae",4,"3",451,130586.530561878,"kick_net",0.182,2.82,1,9.0757090238855,0.628041398359109,1,0.25070029394521,17.0281238483793
"1018",1521,"Ellikon","Inflow","Gastropoda","Hydrobiidae",4,"3",451,130586.530561878,"kick_net",0.182,2.82,1,9.0757090238855,0.628041398359109,1,0.25070029394521,17.0281238483793
"1019",1522,"Ellikon","Inflow","Gastropoda","Hydrobiidae",4,"3",451,130586.530561878,"kick_net",0.182,2.82,1,9.0757090238855,0.628041398359109,1,0.25070029394521,17.0281238483793
"1020",1523,"Ellikon","Inflow","Gastropoda","Hydrobiidae",5,"3",451,130586.530561878,"kick_net",0.182,2.82,1,17.0281238483793,0.628041398359109,1,0.25070029394521,17.0281238483793
"1021",1524,"Ellikon","Inflow","Gastropoda","Hydrobiidae",5,"3",451,130586.530561878,"kick_net",0.182,2.82,1,17.0281238483793,0.628041398359109,1,0.25070029394521,17.0281238483793
"1022",1525,"Ellikon","Inflow","Gastropoda","Hydrobiidae",5,"3",451,130586.530561878,"kick_net",0.182,2.82,1,17.0281238483793,0.628041398359109,1,0.25070029394521,17.0281238483793
"1023",1526,"Ellikon","Inflow","Gastropoda","Hydrobiidae",5,"3",451,130586.530561878,"kick_net",0.182,2.82,1,17.0281238483793,0.628041398359109,1,0.25070029394521,17.0281238483793
"1024",1527,"Ellikon","Inflow","Gastropoda","Hydrobiidae",5,"3",451,130586.530561878,"kick_net",0.182,2.82,1,17.0281238483793,0.628041398359109,1,0.25070029394521,17.0281238483793
"1025",1528,"Ellikon","Inflow","Gastropoda","Hydrobiidae",5,"3",451,130586.530561878,"kick_net",0.182,2.82,1,17.0281238483793,0.628041398359109,1,0.25070029394521,17.0281238483793
"1026",1529,"Ellikon","Inflow","Gastropoda","Hydrobiidae",5,"3",451,130586.530561878,"kick_net",0.182,2.82,1,17.0281238483793,0.628041398359109,1,0.25070029394521,17.0281238483793
"1027",1530,"Ellikon","Inflow","Gastropoda","Hydrobiidae",5,"3",451,130586.530561878,"kick_net",0.182,2.82,1,17.0281238483793,0.628041398359109,1,0.25070029394521,17.0281238483793
"1028",1531,"Ellikon","Inflow","Gastropoda","Hydrobiidae",5,"3",451,130586.530561878,"kick_net",0.182,2.82,1,17.0281238483793,0.628041398359109,1,0.25070029394521,17.0281238483793
"1029",1532,"Ellikon","Inflow","Gastropoda","Hydrobiidae",5,"3",451,130586.530561878,"kick_net",0.182,2.82,1,17.0281238483793,0.628041398359109,1,0.25070029394521,17.0281238483793
"1030",1533,"Ellikon","Inflow","Gastropoda","Hydrobiidae",5,"3",451,130586.530561878,"kick_net",0.182,2.82,1,17.0281238483793,0.628041398359109,1,0.25070029394521,17.0281238483793
"1031",1534,"Ellikon","Inflow","Gastropoda","Hydrobiidae",5,"3",451,130586.530561878,"kick_net",0.182,2.82,1,17.0281238483793,0.628041398359109,1,0.25070029394521,17.0281238483793
"1032",1535,"Ellikon","Inflow","Gastropoda","Hydrobiidae",5,"3",451,130586.530561878,"kick_net",0.182,2.82,1,17.0281238483793,0.628041398359109,1,0.25070029394521,17.0281238483793
"1033",1536,"Ellikon","Inflow","Gastropoda","Hydrobiidae",5,"3",451,130586.530561878,"kick_net",0.182,2.82,1,17.0281238483793,0.628041398359109,1,0.25070029394521,17.0281238483793
"1034",1537,"Ellikon","Inflow","Gastropoda","Hydrobiidae",5,"3",451,130586.530561878,"kick_net",0.182,2.82,1,17.0281238483793,0.628041398359109,1,0.25070029394521,17.0281238483793
"1035",1538,"Ellikon","Inflow","Gastropoda","Hydrobiidae",5,"3",451,130586.530561878,"kick_net",0.182,2.82,1,17.0281238483793,0.628041398359109,1,0.25070029394521,17.0281238483793
"1036",1539,"Ellikon","Inflow","Gastropoda","Hydrobiidae",5,"3",451,130586.530561878,"kick_net",0.182,2.82,1,17.0281238483793,0.628041398359109,1,0.25070029394521,17.0281238483793
"1037",1578,"Ellikon","Inflow","Diptera","Chironomidae",7,"3",451,130586.530561878,"kick_net",0.002,2.62,1,0.327481567511863,0.628041398359109,1,0.25070029394521,17.0281238483793
"1038",1580,"Ellikon","Inflow","Diptera","Ceratopogonidae",6,"3",451,130586.530561878,"kick_net",0.003,2.47,1,0.25070029394521,0.628041398359109,1,0.25070029394521,17.0281238483793
"1039",1581,"Ellikon","Inflow","Diptera","Ceratopogonidae",7,"3",451,130586.530561878,"kick_net",0.003,2.47,1,0.366871025390369,0.628041398359109,1,0.25070029394521,17.0281238483793
"1040",1582,"Ellikon","Inflow","Diptera","Ceratopogonidae",7,"3",451,130586.530561878,"kick_net",0.003,2.47,1,0.366871025390369,0.628041398359109,1,0.25070029394521,17.0281238483793
"1041",1583,"Ellikon","Inflow","Diptera","Ceratopogonidae",8,"3",451,130586.530561878,"kick_net",0.003,2.47,1,0.510215352613061,0.628041398359109,1,0.25070029394521,17.0281238483793
"1042",1584,"Ellikon","Inflow","Diptera","Ceratopogonidae",8,"3",451,130586.530561878,"kick_net",0.003,2.47,1,0.510215352613061,0.628041398359109,1,0.25070029394521,17.0281238483793
"1043",1585,"Ellikon","Inflow","Diptera","Ceratopogonidae",8,"3",451,130586.530561878,"kick_net",0.003,2.47,1,0.510215352613061,0.628041398359109,1,0.25070029394521,17.0281238483793
"1044",1586,"Ellikon","Inflow","Diptera","Ceratopogonidae",8,"3",451,130586.530561878,"kick_net",0.003,2.47,1,0.510215352613061,0.628041398359109,1,0.25070029394521,17.0281238483793
"1045",1587,"Ellikon","Inflow","Diptera","Ceratopogonidae",8,"3",451,130586.530561878,"kick_net",0.003,2.47,1,0.510215352613061,0.628041398359109,1,0.25070029394521,17.0281238483793
"1046",1588,"Ellikon","Inflow","Diptera","Ceratopogonidae",9,"3",451,130586.530561878,"kick_net",0.003,2.47,1,0.682496224167549,0.628041398359109,1,0.25070029394521,17.0281238483793
"1047",1589,"Ellikon","Inflow","Diptera","Ceratopogonidae",9,"3",451,130586.530561878,"kick_net",0.003,2.47,1,0.682496224167549,0.628041398359109,1,0.25070029394521,17.0281238483793
"1048",1605,"Ellikon","Inflow","Coleoptera","Elmidae",4,"3",451,130586.530561878,"kick_net",0.007,2.88,1,0.379341899938412,0.628041398359109,1,0.25070029394521,17.0281238483793
"1049",1606,"Ellikon","Inflow","Coleoptera","Elmidae",4,"3",451,130586.530561878,"kick_net",0.007,2.88,1,0.379341899938412,0.628041398359109,1,0.25070029394521,17.0281238483793
"1050",1607,"Ellikon","Inflow","Coleoptera","Elmidae",4,"3",451,130586.530561878,"kick_net",0.007,2.88,1,0.379341899938412,0.628041398359109,1,0.25070029394521,17.0281238483793
"1051",1608,"Ellikon","Inflow","Coleoptera","Elmidae",4,"3",451,130586.530561878,"kick_net",0.007,2.88,1,0.379341899938412,0.628041398359109,1,0.25070029394521,17.0281238483793
"1052",1609,"Ellikon","Inflow","Coleoptera","Elmidae",4,"3",451,130586.530561878,"kick_net",0.007,2.88,1,0.379341899938412,0.628041398359109,1,0.25070029394521,17.0281238483793
"1053",1610,"Ellikon","Inflow","Coleoptera","Elmidae",4,"3",451,130586.530561878,"kick_net",0.007,2.88,1,0.379341899938412,0.628041398359109,1,0.25070029394521,17.0281238483793
"1054",1611,"Ellikon","Inflow","Coleoptera","Elmidae",4,"3",451,130586.530561878,"kick_net",0.007,2.88,1,0.379341899938412,0.628041398359109,1,0.25070029394521,17.0281238483793
"1055",1612,"Ellikon","Inflow","Coleoptera","Elmidae",5,"3",451,130586.530561878,"kick_net",0.007,2.88,1,0.721326109625354,0.628041398359109,1,0.25070029394521,17.0281238483793
"1056",1632,"Ellikon","Inflow","Ephemeroptera","Baetidae",4,"3",451,130586.530561878,"kick_net",0.005,2.875,1,0.269086852881189,0.628041398359109,1,0.25070029394521,17.0281238483793
"1057",1633,"Ellikon","Inflow","Ephemeroptera","Baetidae",4,"3",451,130586.530561878,"kick_net",0.005,2.875,1,0.269086852881189,0.628041398359109,1,0.25070029394521,17.0281238483793
"1058",1634,"Ellikon","Inflow","Ephemeroptera","Baetidae",4,"3",451,130586.530561878,"kick_net",0.005,2.875,1,0.269086852881189,0.628041398359109,1,0.25070029394521,17.0281238483793
"1059",1635,"Ellikon","Inflow","Ephemeroptera","Baetidae",4,"3",451,130586.530561878,"kick_net",0.005,2.875,1,0.269086852881189,0.628041398359109,1,0.25070029394521,17.0281238483793
"1060",1636,"Ellikon","Inflow","Ephemeroptera","Baetidae",4,"3",451,130586.530561878,"kick_net",0.005,2.875,1,0.269086852881189,0.628041398359109,1,0.25070029394521,17.0281238483793
"1061",1637,"Ellikon","Inflow","Ephemeroptera","Baetidae",4,"3",451,130586.530561878,"kick_net",0.005,2.875,1,0.269086852881189,0.628041398359109,1,0.25070029394521,17.0281238483793
"1062",1638,"Ellikon","Inflow","Ephemeroptera","Baetidae",4,"3",451,130586.530561878,"kick_net",0.005,2.875,1,0.269086852881189,0.628041398359109,1,0.25070029394521,17.0281238483793
"1063",1639,"Ellikon","Inflow","Ephemeroptera","Baetidae",4,"3",451,130586.530561878,"kick_net",0.005,2.875,1,0.269086852881189,0.628041398359109,1,0.25070029394521,17.0281238483793
"1064",1640,"Ellikon","Inflow","Ephemeroptera","Baetidae",4,"3",451,130586.530561878,"kick_net",0.005,2.875,1,0.269086852881189,0.628041398359109,1,0.25070029394521,17.0281238483793
"1065",1641,"Ellikon","Inflow","Ephemeroptera","Baetidae",4,"3",451,130586.530561878,"kick_net",0.005,2.875,1,0.269086852881189,0.628041398359109,1,0.25070029394521,17.0281238483793
"1066",1642,"Ellikon","Inflow","Ephemeroptera","Baetidae",4,"3",451,130586.530561878,"kick_net",0.005,2.875,1,0.269086852881189,0.628041398359109,1,0.25070029394521,17.0281238483793
"1067",1643,"Ellikon","Inflow","Ephemeroptera","Baetidae",4,"3",451,130586.530561878,"kick_net",0.005,2.875,1,0.269086852881189,0.628041398359109,1,0.25070029394521,17.0281238483793
"1068",1644,"Ellikon","Inflow","Ephemeroptera","Baetidae",4,"3",451,130586.530561878,"kick_net",0.005,2.875,1,0.269086852881189,0.628041398359109,1,0.25070029394521,17.0281238483793
"1069",1645,"Ellikon","Inflow","Ephemeroptera","Baetidae",4,"3",451,130586.530561878,"kick_net",0.005,2.875,1,0.269086852881189,0.628041398359109,1,0.25070029394521,17.0281238483793
"1070",1646,"Ellikon","Inflow","Ephemeroptera","Baetidae",4,"3",451,130586.530561878,"kick_net",0.005,2.875,1,0.269086852881189,0.628041398359109,1,0.25070029394521,17.0281238483793
"1071",1647,"Ellikon","Inflow","Ephemeroptera","Baetidae",4,"3",451,130586.530561878,"kick_net",0.005,2.875,1,0.269086852881189,0.628041398359109,1,0.25070029394521,17.0281238483793
"1072",1648,"Ellikon","Inflow","Ephemeroptera","Baetidae",4,"3",451,130586.530561878,"kick_net",0.005,2.875,1,0.269086852881189,0.628041398359109,1,0.25070029394521,17.0281238483793
"1073",1649,"Ellikon","Inflow","Ephemeroptera","Baetidae",4,"3",451,130586.530561878,"kick_net",0.005,2.875,1,0.269086852881189,0.628041398359109,1,0.25070029394521,17.0281238483793
"1074",1650,"Ellikon","Inflow","Ephemeroptera","Baetidae",4,"3",451,130586.530561878,"kick_net",0.005,2.875,1,0.269086852881189,0.628041398359109,1,0.25070029394521,17.0281238483793
"1075",1651,"Ellikon","Inflow","Ephemeroptera","Baetidae",5,"3",451,130586.530561878,"kick_net",0.005,2.875,1,0.511103396223714,0.628041398359109,1,0.25070029394521,17.0281238483793
"1076",1652,"Ellikon","Inflow","Ephemeroptera","Baetidae",5,"3",451,130586.530561878,"kick_net",0.005,2.875,1,0.511103396223714,0.628041398359109,1,0.25070029394521,17.0281238483793
"1077",1653,"Ellikon","Inflow","Ephemeroptera","Baetidae",5,"3",451,130586.530561878,"kick_net",0.005,2.875,1,0.511103396223714,0.628041398359109,1,0.25070029394521,17.0281238483793
"1078",1654,"Ellikon","Inflow","Ephemeroptera","Baetidae",5,"3",451,130586.530561878,"kick_net",0.005,2.875,1,0.511103396223714,0.628041398359109,1,0.25070029394521,17.0281238483793
"1079",1655,"Ellikon","Inflow","Ephemeroptera","Baetidae",5,"3",451,130586.530561878,"kick_net",0.005,2.875,1,0.511103396223714,0.628041398359109,1,0.25070029394521,17.0281238483793
"1080",1656,"Ellikon","Inflow","Ephemeroptera","Baetidae",5,"3",451,130586.530561878,"kick_net",0.005,2.875,1,0.511103396223714,0.628041398359109,1,0.25070029394521,17.0281238483793
"1081",1657,"Ellikon","Inflow","Ephemeroptera","Baetidae",5,"3",451,130586.530561878,"kick_net",0.005,2.875,1,0.511103396223714,0.628041398359109,1,0.25070029394521,17.0281238483793
"1082",1658,"Ellikon","Inflow","Ephemeroptera","Baetidae",5,"3",451,130586.530561878,"kick_net",0.005,2.875,1,0.511103396223714,0.628041398359109,1,0.25070029394521,17.0281238483793
"1083",1659,"Ellikon","Inflow","Ephemeroptera","Baetidae",5,"3",451,130586.530561878,"kick_net",0.005,2.875,1,0.511103396223714,0.628041398359109,1,0.25070029394521,17.0281238483793
"1084",1660,"Ellikon","Inflow","Ephemeroptera","Baetidae",5,"3",451,130586.530561878,"kick_net",0.005,2.875,1,0.511103396223714,0.628041398359109,1,0.25070029394521,17.0281238483793
"1085",1661,"Ellikon","Inflow","Ephemeroptera","Baetidae",5,"3",451,130586.530561878,"kick_net",0.005,2.875,1,0.511103396223714,0.628041398359109,1,0.25070029394521,17.0281238483793
"1086",1662,"Ellikon","Inflow","Ephemeroptera","Baetidae",5,"3",451,130586.530561878,"kick_net",0.005,2.875,1,0.511103396223714,0.628041398359109,1,0.25070029394521,17.0281238483793
"1087",1663,"Ellikon","Inflow","Ephemeroptera","Baetidae",5,"3",451,130586.530561878,"kick_net",0.005,2.875,1,0.511103396223714,0.628041398359109,1,0.25070029394521,17.0281238483793
"1088",1664,"Ellikon","Inflow","Ephemeroptera","Baetidae",5,"3",451,130586.530561878,"kick_net",0.005,2.875,1,0.511103396223714,0.628041398359109,1,0.25070029394521,17.0281238483793
"1089",1665,"Ellikon","Inflow","Ephemeroptera","Baetidae",5,"3",451,130586.530561878,"kick_net",0.005,2.875,1,0.511103396223714,0.628041398359109,1,0.25070029394521,17.0281238483793
"1090",1666,"Ellikon","Inflow","Ephemeroptera","Baetidae",5,"3",451,130586.530561878,"kick_net",0.005,2.875,1,0.511103396223714,0.628041398359109,1,0.25070029394521,17.0281238483793
"1091",1667,"Ellikon","Inflow","Ephemeroptera","Baetidae",5,"3",451,130586.530561878,"kick_net",0.005,2.875,1,0.511103396223714,0.628041398359109,1,0.25070029394521,17.0281238483793
"1092",1668,"Ellikon","Inflow","Ephemeroptera","Baetidae",6,"3",451,130586.530561878,"kick_net",0.005,2.875,1,0.863286300593756,0.628041398359109,1,0.25070029394521,17.0281238483793
"1093",1669,"Ellikon","Inflow","Ephemeroptera","Baetidae",6,"3",451,130586.530561878,"kick_net",0.005,2.875,1,0.863286300593756,0.628041398359109,1,0.25070029394521,17.0281238483793
"1094",1670,"Ellikon","Inflow","Ephemeroptera","Baetidae",6,"3",451,130586.530561878,"kick_net",0.005,2.875,1,0.863286300593756,0.628041398359109,1,0.25070029394521,17.0281238483793
"1095",1671,"Ellikon","Inflow","Ephemeroptera","Baetidae",6,"3",451,130586.530561878,"kick_net",0.005,2.875,1,0.863286300593756,0.628041398359109,1,0.25070029394521,17.0281238483793
"1096",1672,"Ellikon","Inflow","Ephemeroptera","Baetidae",6,"3",451,130586.530561878,"kick_net",0.005,2.875,1,0.863286300593756,0.628041398359109,1,0.25070029394521,17.0281238483793
"1097",1673,"Ellikon","Inflow","Ephemeroptera","Baetidae",7,"3",451,130586.530561878,"kick_net",0.005,2.875,1,1.34470453452202,0.628041398359109,1,0.25070029394521,17.0281238483793
"1098",1674,"Ellikon","Inflow","Ephemeroptera","Baetidae",7,"3",451,130586.530561878,"kick_net",0.005,2.875,1,1.34470453452202,0.628041398359109,1,0.25070029394521,17.0281238483793
"1099",1675,"Ellikon","Inflow","Ephemeroptera","Baetidae",7,"3",451,130586.530561878,"kick_net",0.005,2.875,1,1.34470453452202,0.628041398359109,1,0.25070029394521,17.0281238483793
"1100",1676,"Ellikon","Inflow","Ephemeroptera","Baetidae",7,"3",451,130586.530561878,"kick_net",0.005,2.875,1,1.34470453452202,0.628041398359109,1,0.25070029394521,17.0281238483793
"1101",1677,"Ellikon","Inflow","Ephemeroptera","Baetidae",7,"3",451,130586.530561878,"kick_net",0.005,2.875,1,1.34470453452202,0.628041398359109,1,0.25070029394521,17.0281238483793
"1102",1678,"Ellikon","Inflow","Ephemeroptera","Baetidae",8,"3",451,130586.530561878,"kick_net",0.005,2.875,1,1.97402985652216,0.628041398359109,1,0.25070029394521,17.0281238483793
"1103",1679,"Ellikon","Inflow","Ephemeroptera","Ephemerellidae",6,"3",451,130586.530561878,"kick_net",0.01,2.676,1,1.20873958772828,0.628041398359109,1,0.25070029394521,17.0281238483793
"1104",1680,"Ellikon","Inflow","Gastropoda","Planorbidae",3,"3",451,130586.530561878,"kick_net",-3.319,3.1403,2,1.13993605656917,0.628041398359109,1,0.25070029394521,17.0281238483793
"1105",1681,"Ellikon","Pool","Ephemeroptera","Caenidae",6,"3",451,130586.530561878,"kick_net",0.005,2.772,1,0.717803002147901,0.628041398359109,1,0.117677548287684,17.0281238483793
"1106",1682,"Ellikon","Pool","Ephemeroptera","Baetidae",3,"3",451,130586.530561878,"kick_net",0.005,2.875,1,0.117677548287684,0.628041398359109,1,0.117677548287684,17.0281238483793
"1107",1683,"Ellikon","Pool","Ephemeroptera","Baetidae",3,"3",451,130586.530561878,"kick_net",0.005,2.875,1,0.117677548287684,0.628041398359109,1,0.117677548287684,17.0281238483793
"1108",1684,"Ellikon","Pool","Ephemeroptera","Baetidae",3,"3",451,130586.530561878,"kick_net",0.005,2.875,1,0.117677548287684,0.628041398359109,1,0.117677548287684,17.0281238483793
"1109",1685,"Ellikon","Pool","Ephemeroptera","Baetidae",3,"3",451,130586.530561878,"kick_net",0.005,2.875,1,0.117677548287684,0.628041398359109,1,0.117677548287684,17.0281238483793
"1110",1686,"Ellikon","Pool","Ephemeroptera","Baetidae",3,"3",451,130586.530561878,"kick_net",0.005,2.875,1,0.117677548287684,0.628041398359109,1,0.117677548287684,17.0281238483793
"1111",1687,"Ellikon","Pool","Ephemeroptera","Baetidae",3,"3",451,130586.530561878,"kick_net",0.005,2.875,1,0.117677548287684,0.628041398359109,1,0.117677548287684,17.0281238483793
"1112",1688,"Ellikon","Pool","Ephemeroptera","Baetidae",3,"3",451,130586.530561878,"kick_net",0.005,2.875,1,0.117677548287684,0.628041398359109,1,0.117677548287684,17.0281238483793
"1113",1689,"Ellikon","Pool","Ephemeroptera","Baetidae",3,"3",451,130586.530561878,"kick_net",0.005,2.875,1,0.117677548287684,0.628041398359109,1,0.117677548287684,17.0281238483793
"1114",1690,"Ellikon","Pool","Ephemeroptera","Baetidae",3,"3",451,130586.530561878,"kick_net",0.005,2.875,1,0.117677548287684,0.628041398359109,1,0.117677548287684,17.0281238483793
"1115",1691,"Ellikon","Pool","Ephemeroptera","Baetidae",4,"3",451,130586.530561878,"kick_net",0.005,2.875,1,0.269086852881189,0.628041398359109,1,0.117677548287684,17.0281238483793
"1116",1692,"Ellikon","Pool","Ephemeroptera","Baetidae",4,"3",451,130586.530561878,"kick_net",0.005,2.875,1,0.269086852881189,0.628041398359109,1,0.117677548287684,17.0281238483793
"1117",1693,"Ellikon","Pool","Ephemeroptera","Baetidae",4,"3",451,130586.530561878,"kick_net",0.005,2.875,1,0.269086852881189,0.628041398359109,1,0.117677548287684,17.0281238483793
"1118",1694,"Ellikon","Pool","Ephemeroptera","Baetidae",4,"3",451,130586.530561878,"kick_net",0.005,2.875,1,0.269086852881189,0.628041398359109,1,0.117677548287684,17.0281238483793
"1119",1695,"Ellikon","Pool","Ephemeroptera","Baetidae",4,"3",451,130586.530561878,"kick_net",0.005,2.875,1,0.269086852881189,0.628041398359109,1,0.117677548287684,17.0281238483793
"1120",1696,"Ellikon","Pool","Ephemeroptera","Baetidae",5,"3",451,130586.530561878,"kick_net",0.005,2.875,1,0.511103396223714,0.628041398359109,1,0.117677548287684,17.0281238483793
"1121",1697,"Ellikon","Pool","Ephemeroptera","Baetidae",5,"3",451,130586.530561878,"kick_net",0.005,2.875,1,0.511103396223714,0.628041398359109,1,0.117677548287684,17.0281238483793
"1122",1698,"Ellikon","Pool","Ephemeroptera","Baetidae",5,"3",451,130586.530561878,"kick_net",0.005,2.875,1,0.511103396223714,0.628041398359109,1,0.117677548287684,17.0281238483793
"1123",1699,"Ellikon","Pool","Ephemeroptera","Baetidae",5,"3",451,130586.530561878,"kick_net",0.005,2.875,1,0.511103396223714,0.628041398359109,1,0.117677548287684,17.0281238483793
"1124",1700,"Ellikon","Pool","Ephemeroptera","Baetidae",5,"3",451,130586.530561878,"kick_net",0.005,2.875,1,0.511103396223714,0.628041398359109,1,0.117677548287684,17.0281238483793
"1125",1701,"Ellikon","Pool","Ephemeroptera","Baetidae",5,"3",451,130586.530561878,"kick_net",0.005,2.875,1,0.511103396223714,0.628041398359109,1,0.117677548287684,17.0281238483793
"1126",1702,"Ellikon","Pool","Ephemeroptera","Baetidae",6,"3",451,130586.530561878,"kick_net",0.005,2.875,1,0.863286300593756,0.628041398359109,1,0.117677548287684,17.0281238483793
"1127",1703,"Ellikon","Pool","Ephemeroptera","Baetidae",6,"3",451,130586.530561878,"kick_net",0.005,2.875,1,0.863286300593756,0.628041398359109,1,0.117677548287684,17.0281238483793
"1128",1704,"Ellikon","Pool","Ephemeroptera","Baetidae",6,"3",451,130586.530561878,"kick_net",0.005,2.875,1,0.863286300593756,0.628041398359109,1,0.117677548287684,17.0281238483793
"1129",1705,"Ellikon","Pool","Ephemeroptera","Baetidae",6,"3",451,130586.530561878,"kick_net",0.005,2.875,1,0.863286300593756,0.628041398359109,1,0.117677548287684,17.0281238483793
"1130",1706,"Ellikon","Pool","Ephemeroptera","Baetidae",7,"3",451,130586.530561878,"kick_net",0.005,2.875,1,1.34470453452202,0.628041398359109,1,0.117677548287684,17.0281238483793
"1131",1707,"Ellikon","Pool","Ephemeroptera","Ephemerellidae",5,"3",451,130586.530561878,"kick_net",0.01,2.676,1,0.742068047117268,0.628041398359109,1,0.117677548287684,17.0281238483793
"1132",1708,"Ellikon","Pool","Ephemeroptera","Ephemerellidae",7,"3",451,130586.530561878,"kick_net",0.01,2.676,1,1.82592256228061,0.628041398359109,1,0.117677548287684,17.0281238483793
"1133",1709,"Ellikon","Pool","Ephemeroptera","Ephemerellidae",8,"3",451,130586.530561878,"kick_net",0.01,2.676,1,2.61017006847537,0.628041398359109,1,0.117677548287684,17.0281238483793
"1134",1712,"Ellikon","Pool","Amphipoda","Gammaridae",3,"3",451,130586.530561878,"kick_net",0.00845,2.8705,1,0.197894293315652,0.628041398359109,1,0.117677548287684,17.0281238483793
"1135",1713,"Ellikon","Pool","Amphipoda","Gammaridae",3,"3",451,130586.530561878,"kick_net",0.00845,2.8705,1,0.197894293315652,0.628041398359109,1,0.117677548287684,17.0281238483793
"1136",1714,"Ellikon","Pool","Amphipoda","Gammaridae",3,"3",451,130586.530561878,"kick_net",0.00845,2.8705,1,0.197894293315652,0.628041398359109,1,0.117677548287684,17.0281238483793
"1137",1715,"Ellikon","Pool","Amphipoda","Gammaridae",3,"3",451,130586.530561878,"kick_net",0.00845,2.8705,1,0.197894293315652,0.628041398359109,1,0.117677548287684,17.0281238483793
"1138",1716,"Ellikon","Pool","Amphipoda","Gammaridae",3,"3",451,130586.530561878,"kick_net",0.00845,2.8705,1,0.197894293315652,0.628041398359109,1,0.117677548287684,17.0281238483793
"1139",1717,"Ellikon","Pool","Amphipoda","Gammaridae",3,"3",451,130586.530561878,"kick_net",0.00845,2.8705,1,0.197894293315652,0.628041398359109,1,0.117677548287684,17.0281238483793
"1140",1718,"Ellikon","Pool","Amphipoda","Gammaridae",3,"3",451,130586.530561878,"kick_net",0.00845,2.8705,1,0.197894293315652,0.628041398359109,1,0.117677548287684,17.0281238483793
"1141",1719,"Ellikon","Pool","Amphipoda","Gammaridae",3,"3",451,130586.530561878,"kick_net",0.00845,2.8705,1,0.197894293315652,0.628041398359109,1,0.117677548287684,17.0281238483793
"1142",1720,"Ellikon","Pool","Amphipoda","Gammaridae",3,"3",451,130586.530561878,"kick_net",0.00845,2.8705,1,0.197894293315652,0.628041398359109,1,0.117677548287684,17.0281238483793
"1143",1721,"Ellikon","Pool","Amphipoda","Gammaridae",3,"3",451,130586.530561878,"kick_net",0.00845,2.8705,1,0.197894293315652,0.628041398359109,1,0.117677548287684,17.0281238483793
"1144",1722,"Ellikon","Pool","Amphipoda","Gammaridae",3,"3",451,130586.530561878,"kick_net",0.00845,2.8705,1,0.197894293315652,0.628041398359109,1,0.117677548287684,17.0281238483793
"1145",1723,"Ellikon","Pool","Amphipoda","Gammaridae",3,"3",451,130586.530561878,"kick_net",0.00845,2.8705,1,0.197894293315652,0.628041398359109,1,0.117677548287684,17.0281238483793
"1146",1724,"Ellikon","Pool","Amphipoda","Gammaridae",4,"3",451,130586.530561878,"kick_net",0.00845,2.8705,1,0.451928691384938,0.628041398359109,1,0.117677548287684,17.0281238483793
"1147",1725,"Ellikon","Pool","Amphipoda","Gammaridae",4,"3",451,130586.530561878,"kick_net",0.00845,2.8705,1,0.451928691384938,0.628041398359109,1,0.117677548287684,17.0281238483793
"1148",1726,"Ellikon","Pool","Amphipoda","Gammaridae",4,"3",451,130586.530561878,"kick_net",0.00845,2.8705,1,0.451928691384938,0.628041398359109,1,0.117677548287684,17.0281238483793
"1149",1727,"Ellikon","Pool","Amphipoda","Gammaridae",4,"3",451,130586.530561878,"kick_net",0.00845,2.8705,1,0.451928691384938,0.628041398359109,1,0.117677548287684,17.0281238483793
"1150",1728,"Ellikon","Pool","Amphipoda","Gammaridae",4,"3",451,130586.530561878,"kick_net",0.00845,2.8705,1,0.451928691384938,0.628041398359109,1,0.117677548287684,17.0281238483793
"1151",1729,"Ellikon","Pool","Amphipoda","Gammaridae",4,"3",451,130586.530561878,"kick_net",0.00845,2.8705,1,0.451928691384938,0.628041398359109,1,0.117677548287684,17.0281238483793
"1152",1730,"Ellikon","Pool","Amphipoda","Gammaridae",4,"3",451,130586.530561878,"kick_net",0.00845,2.8705,1,0.451928691384938,0.628041398359109,1,0.117677548287684,17.0281238483793
"1153",1731,"Ellikon","Pool","Amphipoda","Gammaridae",4,"3",451,130586.530561878,"kick_net",0.00845,2.8705,1,0.451928691384938,0.628041398359109,1,0.117677548287684,17.0281238483793
"1154",1732,"Ellikon","Pool","Amphipoda","Gammaridae",4,"3",451,130586.530561878,"kick_net",0.00845,2.8705,1,0.451928691384938,0.628041398359109,1,0.117677548287684,17.0281238483793
"1155",1733,"Ellikon","Pool","Amphipoda","Gammaridae",4,"3",451,130586.530561878,"kick_net",0.00845,2.8705,1,0.451928691384938,0.628041398359109,1,0.117677548287684,17.0281238483793
"1156",1734,"Ellikon","Pool","Amphipoda","Gammaridae",4,"3",451,130586.530561878,"kick_net",0.00845,2.8705,1,0.451928691384938,0.628041398359109,1,0.117677548287684,17.0281238483793
"1157",1735,"Ellikon","Pool","Amphipoda","Gammaridae",4,"3",451,130586.530561878,"kick_net",0.00845,2.8705,1,0.451928691384938,0.628041398359109,1,0.117677548287684,17.0281238483793
"1158",1736,"Ellikon","Pool","Amphipoda","Gammaridae",4,"3",451,130586.530561878,"kick_net",0.00845,2.8705,1,0.451928691384938,0.628041398359109,1,0.117677548287684,17.0281238483793
"1159",1737,"Ellikon","Pool","Amphipoda","Gammaridae",4,"3",451,130586.530561878,"kick_net",0.00845,2.8705,1,0.451928691384938,0.628041398359109,1,0.117677548287684,17.0281238483793
"1160",1738,"Ellikon","Pool","Amphipoda","Gammaridae",4,"3",451,130586.530561878,"kick_net",0.00845,2.8705,1,0.451928691384938,0.628041398359109,1,0.117677548287684,17.0281238483793
"1161",1739,"Ellikon","Pool","Amphipoda","Gammaridae",4,"3",451,130586.530561878,"kick_net",0.00845,2.8705,1,0.451928691384938,0.628041398359109,1,0.117677548287684,17.0281238483793
"1162",1740,"Ellikon","Pool","Amphipoda","Gammaridae",4,"3",451,130586.530561878,"kick_net",0.00845,2.8705,1,0.451928691384938,0.628041398359109,1,0.117677548287684,17.0281238483793
"1163",1741,"Ellikon","Pool","Amphipoda","Gammaridae",4,"3",451,130586.530561878,"kick_net",0.00845,2.8705,1,0.451928691384938,0.628041398359109,1,0.117677548287684,17.0281238483793
"1164",1742,"Ellikon","Pool","Amphipoda","Gammaridae",5,"3",451,130586.530561878,"kick_net",0.00845,2.8705,1,0.857531547980516,0.628041398359109,1,0.117677548287684,17.0281238483793
"1165",1743,"Ellikon","Pool","Amphipoda","Gammaridae",5,"3",451,130586.530561878,"kick_net",0.00845,2.8705,1,0.857531547980516,0.628041398359109,1,0.117677548287684,17.0281238483793
"1166",1744,"Ellikon","Pool","Amphipoda","Gammaridae",5,"3",451,130586.530561878,"kick_net",0.00845,2.8705,1,0.857531547980516,0.628041398359109,1,0.117677548287684,17.0281238483793
"1167",1745,"Ellikon","Pool","Amphipoda","Gammaridae",5,"3",451,130586.530561878,"kick_net",0.00845,2.8705,1,0.857531547980516,0.628041398359109,1,0.117677548287684,17.0281238483793
"1168",1746,"Ellikon","Pool","Amphipoda","Gammaridae",5,"3",451,130586.530561878,"kick_net",0.00845,2.8705,1,0.857531547980516,0.628041398359109,1,0.117677548287684,17.0281238483793
"1169",1747,"Ellikon","Pool","Amphipoda","Gammaridae",5,"3",451,130586.530561878,"kick_net",0.00845,2.8705,1,0.857531547980516,0.628041398359109,1,0.117677548287684,17.0281238483793
"1170",1748,"Ellikon","Pool","Amphipoda","Gammaridae",5,"3",451,130586.530561878,"kick_net",0.00845,2.8705,1,0.857531547980516,0.628041398359109,1,0.117677548287684,17.0281238483793
"1171",1749,"Ellikon","Pool","Amphipoda","Gammaridae",5,"3",451,130586.530561878,"kick_net",0.00845,2.8705,1,0.857531547980516,0.628041398359109,1,0.117677548287684,17.0281238483793
"1172",1750,"Ellikon","Pool","Amphipoda","Gammaridae",5,"3",451,130586.530561878,"kick_net",0.00845,2.8705,1,0.857531547980516,0.628041398359109,1,0.117677548287684,17.0281238483793
"1173",1751,"Ellikon","Pool","Amphipoda","Gammaridae",5,"3",451,130586.530561878,"kick_net",0.00845,2.8705,1,0.857531547980516,0.628041398359109,1,0.117677548287684,17.0281238483793
"1174",1752,"Ellikon","Pool","Amphipoda","Gammaridae",5,"3",451,130586.530561878,"kick_net",0.00845,2.8705,1,0.857531547980516,0.628041398359109,1,0.117677548287684,17.0281238483793
"1175",1753,"Ellikon","Pool","Amphipoda","Gammaridae",5,"3",451,130586.530561878,"kick_net",0.00845,2.8705,1,0.857531547980516,0.628041398359109,1,0.117677548287684,17.0281238483793
"1176",1754,"Ellikon","Pool","Amphipoda","Gammaridae",5,"3",451,130586.530561878,"kick_net",0.00845,2.8705,1,0.857531547980516,0.628041398359109,1,0.117677548287684,17.0281238483793
"1177",1755,"Ellikon","Pool","Amphipoda","Gammaridae",6,"3",451,130586.530561878,"kick_net",0.00845,2.8705,1,1.44723771988851,0.628041398359109,1,0.117677548287684,17.0281238483793
"1178",1756,"Ellikon","Pool","Amphipoda","Gammaridae",6,"3",451,130586.530561878,"kick_net",0.00845,2.8705,1,1.44723771988851,0.628041398359109,1,0.117677548287684,17.0281238483793
"1179",1757,"Ellikon","Pool","Amphipoda","Gammaridae",6,"3",451,130586.530561878,"kick_net",0.00845,2.8705,1,1.44723771988851,0.628041398359109,1,0.117677548287684,17.0281238483793
"1180",1758,"Ellikon","Pool","Amphipoda","Gammaridae",8,"3",451,130586.530561878,"kick_net",0.00845,2.8705,1,3.30503845216443,0.628041398359109,1,0.117677548287684,17.0281238483793
"1181",1759,"Ellikon","Pool","Amphipoda","Gammaridae",9,"3",451,130586.530561878,"kick_net",0.00845,2.8705,1,4.6345741215268,0.628041398359109,1,0.117677548287684,17.0281238483793
"1182",1760,"Ellikon","Pool","Amphipoda","Gammaridae",9,"3",451,130586.530561878,"kick_net",0.00845,2.8705,1,4.6345741215268,0.628041398359109,1,0.117677548287684,17.0281238483793
"1183",1761,"Ellikon","Pool","Amphipoda","Gammaridae",10,"3",451,130586.530561878,"kick_net",0.00845,2.8705,1,6.27128747089358,0.628041398359109,1,0.117677548287684,17.0281238483793
"1184",1762,"Ellikon","Pool","Amphipoda","Gammaridae",11,"3",451,130586.530561878,"kick_net",0.00845,2.8705,1,8.24469153511625,0.628041398359109,1,0.117677548287684,17.0281238483793
"1185",1763,"Ellikon","Pool","Amphipoda","Gammaridae",11,"3",451,130586.530561878,"kick_net",0.00845,2.8705,1,8.24469153511625,0.628041398359109,1,0.117677548287684,17.0281238483793
"1186",1764,"Ellikon","Pool","Amphipoda","Gammaridae",13,"3",451,130586.530561878,"kick_net",0.00845,2.8705,1,13.3177574719972,0.628041398359109,1,0.117677548287684,17.0281238483793
"1187",1765,"Ellikon","Pool","Coleoptera","Elmidae",3,"3",451,130586.530561878,"kick_net",0.007,2.88,1,0.165656031703537,0.628041398359109,1,0.117677548287684,17.0281238483793
"1188",1766,"Ellikon","Pool","Coleoptera","Elmidae",3,"3",451,130586.530561878,"kick_net",0.007,2.88,1,0.165656031703537,0.628041398359109,1,0.117677548287684,17.0281238483793
"1189",1767,"Ellikon","Pool","Coleoptera","Elmidae",3,"3",451,130586.530561878,"kick_net",0.007,2.88,1,0.165656031703537,0.628041398359109,1,0.117677548287684,17.0281238483793
"1190",1768,"Ellikon","Pool","Coleoptera","Elmidae",3,"3",451,130586.530561878,"kick_net",0.007,2.88,1,0.165656031703537,0.628041398359109,1,0.117677548287684,17.0281238483793
"1191",1774,"Ellikon","Pool","Coleoptera","Elmidae",3,"3",451,130586.530561878,"kick_net",0.007,2.88,1,0.165656031703537,0.628041398359109,1,0.117677548287684,17.0281238483793
"1192",1775,"Ellikon","Pool","Coleoptera","Elmidae",3,"3",451,130586.530561878,"kick_net",0.007,2.88,1,0.165656031703537,0.628041398359109,1,0.117677548287684,17.0281238483793
"1193",1776,"Ellikon","Pool","Coleoptera","Elmidae",3,"3",451,130586.530561878,"kick_net",0.007,2.88,1,0.165656031703537,0.628041398359109,1,0.117677548287684,17.0281238483793
"1194",1777,"Ellikon","Pool","Coleoptera","Elmidae",4,"3",451,130586.530561878,"kick_net",0.007,2.88,1,0.379341899938412,0.628041398359109,1,0.117677548287684,17.0281238483793
"1195",1778,"Ellikon","Pool","Coleoptera","Elmidae",4,"3",451,130586.530561878,"kick_net",0.007,2.88,1,0.379341899938412,0.628041398359109,1,0.117677548287684,17.0281238483793
"1196",1779,"Ellikon","Pool","Coleoptera","Elmidae",4,"3",451,130586.530561878,"kick_net",0.007,2.88,1,0.379341899938412,0.628041398359109,1,0.117677548287684,17.0281238483793
"1197",1780,"Ellikon","Pool","Coleoptera","Elmidae",4,"3",451,130586.530561878,"kick_net",0.007,2.88,1,0.379341899938412,0.628041398359109,1,0.117677548287684,17.0281238483793
"1198",1781,"Ellikon","Pool","Coleoptera","Elmidae",4,"3",451,130586.530561878,"kick_net",0.007,2.88,1,0.379341899938412,0.628041398359109,1,0.117677548287684,17.0281238483793
"1199",1782,"Ellikon","Pool","Coleoptera","Elmidae",4,"3",451,130586.530561878,"kick_net",0.007,2.88,1,0.379341899938412,0.628041398359109,1,0.117677548287684,17.0281238483793
"1200",1783,"Ellikon","Pool","Coleoptera","Elmidae",5,"3",451,130586.530561878,"kick_net",0.007,2.88,1,0.721326109625354,0.628041398359109,1,0.117677548287684,17.0281238483793
"1201",1853,"Ellikon","Pool","Diptera","Chironomidae",5,"3",451,130586.530561878,"kick_net",0.002,2.62,1,0.135622394240555,0.628041398359109,1,0.117677548287684,17.0281238483793
"1202",1854,"Ellikon","Pool","Diptera","Chironomidae",5,"3",451,130586.530561878,"kick_net",0.002,2.62,1,0.135622394240555,0.628041398359109,1,0.117677548287684,17.0281238483793
"1203",1855,"Ellikon","Pool","Diptera","Chironomidae",5,"3",451,130586.530561878,"kick_net",0.002,2.62,1,0.135622394240555,0.628041398359109,1,0.117677548287684,17.0281238483793
"1204",1856,"Ellikon","Pool","Diptera","Chironomidae",5,"3",451,130586.530561878,"kick_net",0.002,2.62,1,0.135622394240555,0.628041398359109,1,0.117677548287684,17.0281238483793
"1205",1857,"Ellikon","Pool","Diptera","Chironomidae",5,"3",451,130586.530561878,"kick_net",0.002,2.62,1,0.135622394240555,0.628041398359109,1,0.117677548287684,17.0281238483793
"1206",1858,"Ellikon","Pool","Diptera","Chironomidae",5,"3",451,130586.530561878,"kick_net",0.002,2.62,1,0.135622394240555,0.628041398359109,1,0.117677548287684,17.0281238483793
"1207",1859,"Ellikon","Pool","Diptera","Chironomidae",5,"3",451,130586.530561878,"kick_net",0.002,2.62,1,0.135622394240555,0.628041398359109,1,0.117677548287684,17.0281238483793
"1208",1860,"Ellikon","Pool","Diptera","Chironomidae",5,"3",451,130586.530561878,"kick_net",0.002,2.62,1,0.135622394240555,0.628041398359109,1,0.117677548287684,17.0281238483793
"1209",1861,"Ellikon","Pool","Diptera","Chironomidae",5,"3",451,130586.530561878,"kick_net",0.002,2.62,1,0.135622394240555,0.628041398359109,1,0.117677548287684,17.0281238483793
"1210",1862,"Ellikon","Pool","Diptera","Chironomidae",5,"3",451,130586.530561878,"kick_net",0.002,2.62,1,0.135622394240555,0.628041398359109,1,0.117677548287684,17.0281238483793
"1211",1863,"Ellikon","Pool","Diptera","Chironomidae",5,"3",451,130586.530561878,"kick_net",0.002,2.62,1,0.135622394240555,0.628041398359109,1,0.117677548287684,17.0281238483793
"1212",1864,"Ellikon","Pool","Diptera","Chironomidae",5,"3",451,130586.530561878,"kick_net",0.002,2.62,1,0.135622394240555,0.628041398359109,1,0.117677548287684,17.0281238483793
"1213",1865,"Ellikon","Pool","Diptera","Chironomidae",5,"3",451,130586.530561878,"kick_net",0.002,2.62,1,0.135622394240555,0.628041398359109,1,0.117677548287684,17.0281238483793
"1214",1866,"Ellikon","Pool","Diptera","Chironomidae",5,"3",451,130586.530561878,"kick_net",0.002,2.62,1,0.135622394240555,0.628041398359109,1,0.117677548287684,17.0281238483793
"1215",1867,"Ellikon","Pool","Diptera","Chironomidae",5,"3",451,130586.530561878,"kick_net",0.002,2.62,1,0.135622394240555,0.628041398359109,1,0.117677548287684,17.0281238483793
"1216",1868,"Ellikon","Pool","Diptera","Chironomidae",5,"3",451,130586.530561878,"kick_net",0.002,2.62,1,0.135622394240555,0.628041398359109,1,0.117677548287684,17.0281238483793
"1217",1869,"Ellikon","Pool","Diptera","Chironomidae",5,"3",451,130586.530561878,"kick_net",0.002,2.62,1,0.135622394240555,0.628041398359109,1,0.117677548287684,17.0281238483793
"1218",1870,"Ellikon","Pool","Diptera","Chironomidae",5,"3",451,130586.530561878,"kick_net",0.002,2.62,1,0.135622394240555,0.628041398359109,1,0.117677548287684,17.0281238483793
"1219",1871,"Ellikon","Pool","Diptera","Chironomidae",5,"3",451,130586.530561878,"kick_net",0.002,2.62,1,0.135622394240555,0.628041398359109,1,0.117677548287684,17.0281238483793
"1220",1872,"Ellikon","Pool","Diptera","Chironomidae",5,"3",451,130586.530561878,"kick_net",0.002,2.62,1,0.135622394240555,0.628041398359109,1,0.117677548287684,17.0281238483793
"1221",1873,"Ellikon","Pool","Diptera","Chironomidae",5,"3",451,130586.530561878,"kick_net",0.002,2.62,1,0.135622394240555,0.628041398359109,1,0.117677548287684,17.0281238483793
"1222",1874,"Ellikon","Pool","Diptera","Chironomidae",5,"3",451,130586.530561878,"kick_net",0.002,2.62,1,0.135622394240555,0.628041398359109,1,0.117677548287684,17.0281238483793
"1223",1875,"Ellikon","Pool","Diptera","Chironomidae",5,"3",451,130586.530561878,"kick_net",0.002,2.62,1,0.135622394240555,0.628041398359109,1,0.117677548287684,17.0281238483793
"1224",1876,"Ellikon","Pool","Diptera","Chironomidae",5,"3",451,130586.530561878,"kick_net",0.002,2.62,1,0.135622394240555,0.628041398359109,1,0.117677548287684,17.0281238483793
"1225",1877,"Ellikon","Pool","Diptera","Chironomidae",5,"3",451,130586.530561878,"kick_net",0.002,2.62,1,0.135622394240555,0.628041398359109,1,0.117677548287684,17.0281238483793
"1226",1878,"Ellikon","Pool","Diptera","Chironomidae",5,"3",451,130586.530561878,"kick_net",0.002,2.62,1,0.135622394240555,0.628041398359109,1,0.117677548287684,17.0281238483793
"1227",1879,"Ellikon","Pool","Diptera","Chironomidae",5,"3",451,130586.530561878,"kick_net",0.002,2.62,1,0.135622394240555,0.628041398359109,1,0.117677548287684,17.0281238483793
"1228",1880,"Ellikon","Pool","Diptera","Chironomidae",5,"3",451,130586.530561878,"kick_net",0.002,2.62,1,0.135622394240555,0.628041398359109,1,0.117677548287684,17.0281238483793
"1229",1881,"Ellikon","Pool","Diptera","Chironomidae",5,"3",451,130586.530561878,"kick_net",0.002,2.62,1,0.135622394240555,0.628041398359109,1,0.117677548287684,17.0281238483793
"1230",1882,"Ellikon","Pool","Diptera","Chironomidae",5,"3",451,130586.530561878,"kick_net",0.002,2.62,1,0.135622394240555,0.628041398359109,1,0.117677548287684,17.0281238483793
"1231",1883,"Ellikon","Pool","Diptera","Chironomidae",5,"3",451,130586.530561878,"kick_net",0.002,2.62,1,0.135622394240555,0.628041398359109,1,0.117677548287684,17.0281238483793
"1232",1884,"Ellikon","Pool","Diptera","Chironomidae",5,"3",451,130586.530561878,"kick_net",0.002,2.62,1,0.135622394240555,0.628041398359109,1,0.117677548287684,17.0281238483793
"1233",1885,"Ellikon","Pool","Diptera","Chironomidae",5,"3",451,130586.530561878,"kick_net",0.002,2.62,1,0.135622394240555,0.628041398359109,1,0.117677548287684,17.0281238483793
"1234",1886,"Ellikon","Pool","Diptera","Chironomidae",5,"3",451,130586.530561878,"kick_net",0.002,2.62,1,0.135622394240555,0.628041398359109,1,0.117677548287684,17.0281238483793
"1235",1887,"Ellikon","Pool","Diptera","Chironomidae",5,"3",451,130586.530561878,"kick_net",0.002,2.62,1,0.135622394240555,0.628041398359109,1,0.117677548287684,17.0281238483793
"1236",1888,"Ellikon","Pool","Diptera","Chironomidae",5,"3",451,130586.530561878,"kick_net",0.002,2.62,1,0.135622394240555,0.628041398359109,1,0.117677548287684,17.0281238483793
"1237",1889,"Ellikon","Pool","Diptera","Chironomidae",5,"3",451,130586.530561878,"kick_net",0.002,2.62,1,0.135622394240555,0.628041398359109,1,0.117677548287684,17.0281238483793
"1238",1890,"Ellikon","Pool","Diptera","Chironomidae",5,"3",451,130586.530561878,"kick_net",0.002,2.62,1,0.135622394240555,0.628041398359109,1,0.117677548287684,17.0281238483793
"1239",1891,"Ellikon","Pool","Diptera","Chironomidae",5,"3",451,130586.530561878,"kick_net",0.002,2.62,1,0.135622394240555,0.628041398359109,1,0.117677548287684,17.0281238483793
"1240",1892,"Ellikon","Pool","Diptera","Chironomidae",5,"3",451,130586.530561878,"kick_net",0.002,2.62,1,0.135622394240555,0.628041398359109,1,0.117677548287684,17.0281238483793
"1241",1893,"Ellikon","Pool","Diptera","Chironomidae",5,"3",451,130586.530561878,"kick_net",0.002,2.62,1,0.135622394240555,0.628041398359109,1,0.117677548287684,17.0281238483793
"1242",1894,"Ellikon","Pool","Diptera","Chironomidae",5,"3",451,130586.530561878,"kick_net",0.002,2.62,1,0.135622394240555,0.628041398359109,1,0.117677548287684,17.0281238483793
"1243",1895,"Ellikon","Pool","Diptera","Chironomidae",5,"3",451,130586.530561878,"kick_net",0.002,2.62,1,0.135622394240555,0.628041398359109,1,0.117677548287684,17.0281238483793
"1244",1896,"Ellikon","Pool","Diptera","Chironomidae",5,"3",451,130586.530561878,"kick_net",0.002,2.62,1,0.135622394240555,0.628041398359109,1,0.117677548287684,17.0281238483793
"1245",1897,"Ellikon","Pool","Diptera","Chironomidae",5,"3",451,130586.530561878,"kick_net",0.002,2.62,1,0.135622394240555,0.628041398359109,1,0.117677548287684,17.0281238483793
"1246",1898,"Ellikon","Pool","Diptera","Chironomidae",5,"3",451,130586.530561878,"kick_net",0.002,2.62,1,0.135622394240555,0.628041398359109,1,0.117677548287684,17.0281238483793
"1247",1899,"Ellikon","Pool","Diptera","Chironomidae",5,"3",451,130586.530561878,"kick_net",0.002,2.62,1,0.135622394240555,0.628041398359109,1,0.117677548287684,17.0281238483793
"1248",1900,"Ellikon","Pool","Diptera","Chironomidae",6,"3",451,130586.530561878,"kick_net",0.002,2.62,1,0.218668523080522,0.628041398359109,1,0.117677548287684,17.0281238483793
"1249",1901,"Ellikon","Pool","Diptera","Chironomidae",6,"3",451,130586.530561878,"kick_net",0.002,2.62,1,0.218668523080522,0.628041398359109,1,0.117677548287684,17.0281238483793
"1250",1902,"Ellikon","Pool","Diptera","Chironomidae",6,"3",451,130586.530561878,"kick_net",0.002,2.62,1,0.218668523080522,0.628041398359109,1,0.117677548287684,17.0281238483793
"1251",1903,"Ellikon","Pool","Diptera","Chironomidae",6,"3",451,130586.530561878,"kick_net",0.002,2.62,1,0.218668523080522,0.628041398359109,1,0.117677548287684,17.0281238483793
"1252",1904,"Ellikon","Pool","Diptera","Chironomidae",6,"3",451,130586.530561878,"kick_net",0.002,2.62,1,0.218668523080522,0.628041398359109,1,0.117677548287684,17.0281238483793
"1253",1905,"Ellikon","Pool","Diptera","Chironomidae",6,"3",451,130586.530561878,"kick_net",0.002,2.62,1,0.218668523080522,0.628041398359109,1,0.117677548287684,17.0281238483793
"1254",1906,"Ellikon","Pool","Diptera","Chironomidae",6,"3",451,130586.530561878,"kick_net",0.002,2.62,1,0.218668523080522,0.628041398359109,1,0.117677548287684,17.0281238483793
"1255",1907,"Ellikon","Pool","Diptera","Chironomidae",6,"3",451,130586.530561878,"kick_net",0.002,2.62,1,0.218668523080522,0.628041398359109,1,0.117677548287684,17.0281238483793
"1256",1908,"Ellikon","Pool","Diptera","Chironomidae",6,"3",451,130586.530561878,"kick_net",0.002,2.62,1,0.218668523080522,0.628041398359109,1,0.117677548287684,17.0281238483793
"1257",1909,"Ellikon","Pool","Diptera","Chironomidae",6,"3",451,130586.530561878,"kick_net",0.002,2.62,1,0.218668523080522,0.628041398359109,1,0.117677548287684,17.0281238483793
"1258",1910,"Ellikon","Pool","Diptera","Chironomidae",6,"3",451,130586.530561878,"kick_net",0.002,2.62,1,0.218668523080522,0.628041398359109,1,0.117677548287684,17.0281238483793
"1259",1911,"Ellikon","Pool","Diptera","Chironomidae",6,"3",451,130586.530561878,"kick_net",0.002,2.62,1,0.218668523080522,0.628041398359109,1,0.117677548287684,17.0281238483793
"1260",1912,"Ellikon","Pool","Diptera","Chironomidae",6,"3",451,130586.530561878,"kick_net",0.002,2.62,1,0.218668523080522,0.628041398359109,1,0.117677548287684,17.0281238483793
"1261",1913,"Ellikon","Pool","Diptera","Chironomidae",6,"3",451,130586.530561878,"kick_net",0.002,2.62,1,0.218668523080522,0.628041398359109,1,0.117677548287684,17.0281238483793
"1262",1914,"Ellikon","Pool","Diptera","Chironomidae",6,"3",451,130586.530561878,"kick_net",0.002,2.62,1,0.218668523080522,0.628041398359109,1,0.117677548287684,17.0281238483793
"1263",1915,"Ellikon","Pool","Diptera","Chironomidae",6,"3",451,130586.530561878,"kick_net",0.002,2.62,1,0.218668523080522,0.628041398359109,1,0.117677548287684,17.0281238483793
"1264",1916,"Ellikon","Pool","Diptera","Chironomidae",6,"3",451,130586.530561878,"kick_net",0.002,2.62,1,0.218668523080522,0.628041398359109,1,0.117677548287684,17.0281238483793
"1265",1917,"Ellikon","Pool","Diptera","Chironomidae",6,"3",451,130586.530561878,"kick_net",0.002,2.62,1,0.218668523080522,0.628041398359109,1,0.117677548287684,17.0281238483793
"1266",1918,"Ellikon","Pool","Diptera","Chironomidae",6,"3",451,130586.530561878,"kick_net",0.002,2.62,1,0.218668523080522,0.628041398359109,1,0.117677548287684,17.0281238483793
"1267",1919,"Ellikon","Pool","Diptera","Chironomidae",6,"3",451,130586.530561878,"kick_net",0.002,2.62,1,0.218668523080522,0.628041398359109,1,0.117677548287684,17.0281238483793
"1268",1920,"Ellikon","Pool","Diptera","Chironomidae",6,"3",451,130586.530561878,"kick_net",0.002,2.62,1,0.218668523080522,0.628041398359109,1,0.117677548287684,17.0281238483793
"1269",1921,"Ellikon","Pool","Diptera","Chironomidae",6,"3",451,130586.530561878,"kick_net",0.002,2.62,1,0.218668523080522,0.628041398359109,1,0.117677548287684,17.0281238483793
"1270",1922,"Ellikon","Pool","Diptera","Chironomidae",6,"3",451,130586.530561878,"kick_net",0.002,2.62,1,0.218668523080522,0.628041398359109,1,0.117677548287684,17.0281238483793
"1271",1923,"Ellikon","Pool","Diptera","Chironomidae",6,"3",451,130586.530561878,"kick_net",0.002,2.62,1,0.218668523080522,0.628041398359109,1,0.117677548287684,17.0281238483793
"1272",1924,"Ellikon","Pool","Diptera","Chironomidae",6,"3",451,130586.530561878,"kick_net",0.002,2.62,1,0.218668523080522,0.628041398359109,1,0.117677548287684,17.0281238483793
"1273",1925,"Ellikon","Pool","Diptera","Chironomidae",6,"3",451,130586.530561878,"kick_net",0.002,2.62,1,0.218668523080522,0.628041398359109,1,0.117677548287684,17.0281238483793
"1274",1926,"Ellikon","Pool","Diptera","Chironomidae",6,"3",451,130586.530561878,"kick_net",0.002,2.62,1,0.218668523080522,0.628041398359109,1,0.117677548287684,17.0281238483793
"1275",1927,"Ellikon","Pool","Diptera","Chironomidae",6,"3",451,130586.530561878,"kick_net",0.002,2.62,1,0.218668523080522,0.628041398359109,1,0.117677548287684,17.0281238483793
"1276",1928,"Ellikon","Pool","Diptera","Chironomidae",6,"3",451,130586.530561878,"kick_net",0.002,2.62,1,0.218668523080522,0.628041398359109,1,0.117677548287684,17.0281238483793
"1277",1929,"Ellikon","Pool","Diptera","Chironomidae",6,"3",451,130586.530561878,"kick_net",0.002,2.62,1,0.218668523080522,0.628041398359109,1,0.117677548287684,17.0281238483793
"1278",1930,"Ellikon","Pool","Diptera","Chironomidae",6,"3",451,130586.530561878,"kick_net",0.002,2.62,1,0.218668523080522,0.628041398359109,1,0.117677548287684,17.0281238483793
"1279",1931,"Ellikon","Pool","Diptera","Chironomidae",6,"3",451,130586.530561878,"kick_net",0.002,2.62,1,0.218668523080522,0.628041398359109,1,0.117677548287684,17.0281238483793
"1280",1932,"Ellikon","Pool","Diptera","Chironomidae",6,"3",451,130586.530561878,"kick_net",0.002,2.62,1,0.218668523080522,0.628041398359109,1,0.117677548287684,17.0281238483793
"1281",1933,"Ellikon","Pool","Diptera","Chironomidae",6,"3",451,130586.530561878,"kick_net",0.002,2.62,1,0.218668523080522,0.628041398359109,1,0.117677548287684,17.0281238483793
"1282",1934,"Ellikon","Pool","Diptera","Chironomidae",6,"3",451,130586.530561878,"kick_net",0.002,2.62,1,0.218668523080522,0.628041398359109,1,0.117677548287684,17.0281238483793
"1283",1935,"Ellikon","Pool","Diptera","Chironomidae",6,"3",451,130586.530561878,"kick_net",0.002,2.62,1,0.218668523080522,0.628041398359109,1,0.117677548287684,17.0281238483793
"1284",1936,"Ellikon","Pool","Diptera","Chironomidae",6,"3",451,130586.530561878,"kick_net",0.002,2.62,1,0.218668523080522,0.628041398359109,1,0.117677548287684,17.0281238483793
"1285",1937,"Ellikon","Pool","Diptera","Chironomidae",6,"3",451,130586.530561878,"kick_net",0.002,2.62,1,0.218668523080522,0.628041398359109,1,0.117677548287684,17.0281238483793
"1286",1938,"Ellikon","Pool","Diptera","Chironomidae",6,"3",451,130586.530561878,"kick_net",0.002,2.62,1,0.218668523080522,0.628041398359109,1,0.117677548287684,17.0281238483793
"1287",1939,"Ellikon","Pool","Diptera","Chironomidae",6,"3",451,130586.530561878,"kick_net",0.002,2.62,1,0.218668523080522,0.628041398359109,1,0.117677548287684,17.0281238483793
"1288",1940,"Ellikon","Pool","Diptera","Chironomidae",6,"3",451,130586.530561878,"kick_net",0.002,2.62,1,0.218668523080522,0.628041398359109,1,0.117677548287684,17.0281238483793
"1289",1941,"Ellikon","Pool","Diptera","Chironomidae",6,"3",451,130586.530561878,"kick_net",0.002,2.62,1,0.218668523080522,0.628041398359109,1,0.117677548287684,17.0281238483793
"1290",1942,"Ellikon","Pool","Diptera","Chironomidae",6,"3",451,130586.530561878,"kick_net",0.002,2.62,1,0.218668523080522,0.628041398359109,1,0.117677548287684,17.0281238483793
"1291",1943,"Ellikon","Pool","Diptera","Chironomidae",7,"3",451,130586.530561878,"kick_net",0.002,2.62,1,0.327481567511863,0.628041398359109,1,0.117677548287684,17.0281238483793
"1292",1944,"Ellikon","Pool","Diptera","Chironomidae",7,"3",451,130586.530561878,"kick_net",0.002,2.62,1,0.327481567511863,0.628041398359109,1,0.117677548287684,17.0281238483793
"1293",1945,"Ellikon","Pool","Diptera","Chironomidae",7,"3",451,130586.530561878,"kick_net",0.002,2.62,1,0.327481567511863,0.628041398359109,1,0.117677548287684,17.0281238483793
"1294",1946,"Ellikon","Pool","Diptera","Chironomidae",7,"3",451,130586.530561878,"kick_net",0.002,2.62,1,0.327481567511863,0.628041398359109,1,0.117677548287684,17.0281238483793
"1295",1947,"Ellikon","Pool","Diptera","Chironomidae",7,"3",451,130586.530561878,"kick_net",0.002,2.62,1,0.327481567511863,0.628041398359109,1,0.117677548287684,17.0281238483793
"1296",1948,"Ellikon","Pool","Diptera","Chironomidae",7,"3",451,130586.530561878,"kick_net",0.002,2.62,1,0.327481567511863,0.628041398359109,1,0.117677548287684,17.0281238483793
"1297",1949,"Ellikon","Pool","Diptera","Chironomidae",7,"3",451,130586.530561878,"kick_net",0.002,2.62,1,0.327481567511863,0.628041398359109,1,0.117677548287684,17.0281238483793
"1298",1950,"Ellikon","Pool","Diptera","Chironomidae",7,"3",451,130586.530561878,"kick_net",0.002,2.62,1,0.327481567511863,0.628041398359109,1,0.117677548287684,17.0281238483793
"1299",1951,"Ellikon","Pool","Diptera","Chironomidae",8,"3",451,130586.530561878,"kick_net",0.002,2.62,1,0.464649807522386,0.628041398359109,1,0.117677548287684,17.0281238483793
"1300",1952,"Ellikon","Pool","Diptera","Chironomidae",8,"3",451,130586.530561878,"kick_net",0.002,2.62,1,0.464649807522386,0.628041398359109,1,0.117677548287684,17.0281238483793
"1301",1953,"Ellikon","Pool","Diptera","Chironomidae",8,"3",451,130586.530561878,"kick_net",0.002,2.62,1,0.464649807522386,0.628041398359109,1,0.117677548287684,17.0281238483793
"1302",1954,"Ellikon","Pool","Diptera","Chironomidae",8,"3",451,130586.530561878,"kick_net",0.002,2.62,1,0.464649807522386,0.628041398359109,1,0.117677548287684,17.0281238483793
"1303",1955,"Ellikon","Pool","Diptera","Chironomidae",12,"3",451,130586.530561878,"kick_net",0.002,2.62,1,1.34426490420543,0.628041398359109,1,0.117677548287684,17.0281238483793
"1304",1956,"Ellikon","Pool","Diptera","Chironomidae",12,"3",451,130586.530561878,"kick_net",0.002,2.62,1,1.34426490420543,0.628041398359109,1,0.117677548287684,17.0281238483793
"1305",1957,"Ellikon","Pool","Diptera","Ceratopogonidae",6,"3",451,130586.530561878,"kick_net",0.003,2.47,1,0.25070029394521,0.628041398359109,1,0.117677548287684,17.0281238483793
"1306",1958,"Ellikon","Pool","Diptera","Ceratopogonidae",6,"3",451,130586.530561878,"kick_net",0.003,2.47,1,0.25070029394521,0.628041398359109,1,0.117677548287684,17.0281238483793
"1307",1959,"Ellikon","Pool","Diptera","Ceratopogonidae",7,"3",451,130586.530561878,"kick_net",0.003,2.47,1,0.366871025390369,0.628041398359109,1,0.117677548287684,17.0281238483793
"1308",1960,"Ellikon","Pool","Diptera","Ceratopogonidae",7,"3",451,130586.530561878,"kick_net",0.003,2.47,1,0.366871025390369,0.628041398359109,1,0.117677548287684,17.0281238483793
"1309",1961,"Ellikon","Pool","Diptera","Ceratopogonidae",7,"3",451,130586.530561878,"kick_net",0.003,2.47,1,0.366871025390369,0.628041398359109,1,0.117677548287684,17.0281238483793
"1310",1962,"Ellikon","Pool","Diptera","Ceratopogonidae",8,"3",451,130586.530561878,"kick_net",0.003,2.47,1,0.510215352613061,0.628041398359109,1,0.117677548287684,17.0281238483793
"1311",1963,"Ellikon","Pool","Diptera","Ceratopogonidae",8,"3",451,130586.530561878,"kick_net",0.003,2.47,1,0.510215352613061,0.628041398359109,1,0.117677548287684,17.0281238483793
"1312",1964,"Ellikon","Pool","Diptera","Ceratopogonidae",8,"3",451,130586.530561878,"kick_net",0.003,2.47,1,0.510215352613061,0.628041398359109,1,0.117677548287684,17.0281238483793
"1313",1965,"Ellikon","Pool","Diptera","Ceratopogonidae",9,"3",451,130586.530561878,"kick_net",0.003,2.47,1,0.682496224167549,0.628041398359109,1,0.117677548287684,17.0281238483793
"1314",1966,"Ellikon","Pool","Diptera","Ceratopogonidae",9,"3",451,130586.530561878,"kick_net",0.003,2.47,1,0.682496224167549,0.628041398359109,1,0.117677548287684,17.0281238483793
"1315",1967,"Ellikon","Pool","Diptera","Ceratopogonidae",9,"3",451,130586.530561878,"kick_net",0.003,2.47,1,0.682496224167549,0.628041398359109,1,0.117677548287684,17.0281238483793
"1316",1968,"Ellikon","Pool","Diptera","Ceratopogonidae",9,"3",451,130586.530561878,"kick_net",0.003,2.47,1,0.682496224167549,0.628041398359109,1,0.117677548287684,17.0281238483793
"1317",1969,"Ellikon","Pool","Diptera","Ceratopogonidae",9,"3",451,130586.530561878,"kick_net",0.003,2.47,1,0.682496224167549,0.628041398359109,1,0.117677548287684,17.0281238483793
"1318",1970,"Ellikon","Pool","Diptera","Ceratopogonidae",9,"3",451,130586.530561878,"kick_net",0.003,2.47,1,0.682496224167549,0.628041398359109,1,0.117677548287684,17.0281238483793
"1319",1971,"Ellikon","Pool","Diptera","Ceratopogonidae",9,"3",451,130586.530561878,"kick_net",0.003,2.47,1,0.682496224167549,0.628041398359109,1,0.117677548287684,17.0281238483793
"1320",1972,"Ellikon","Pool","Diptera","Ceratopogonidae",9,"3",451,130586.530561878,"kick_net",0.003,2.47,1,0.682496224167549,0.628041398359109,1,0.117677548287684,17.0281238483793
"1321",1973,"Ellikon","Pool","Diptera","Ceratopogonidae",10,"3",451,130586.530561878,"kick_net",0.003,2.47,1,0.885362767999916,0.628041398359109,1,0.117677548287684,17.0281238483793
"1322",1974,"Ellikon","Pool","Diptera","Ceratopogonidae",10,"3",451,130586.530561878,"kick_net",0.003,2.47,1,0.885362767999916,0.628041398359109,1,0.117677548287684,17.0281238483793
"1323",1975,"Ellikon","Pool","Diptera","Ceratopogonidae",10,"3",451,130586.530561878,"kick_net",0.003,2.47,1,0.885362767999916,0.628041398359109,1,0.117677548287684,17.0281238483793
"1324",1976,"Ellikon","Pool","Diptera","Ceratopogonidae",10,"3",451,130586.530561878,"kick_net",0.003,2.47,1,0.885362767999916,0.628041398359109,1,0.117677548287684,17.0281238483793
"1325",1977,"Ellikon","Pool","Diptera","Ceratopogonidae",10,"3",451,130586.530561878,"kick_net",0.003,2.47,1,0.885362767999916,0.628041398359109,1,0.117677548287684,17.0281238483793
"1326",1978,"Ellikon","Pool","Gastropoda","Hydrobiidae",2,"3",451,130586.530561878,"kick_net",0.182,2.82,1,1.28521556259919,0.628041398359109,1,0.117677548287684,17.0281238483793
"1327",1979,"Ellikon","Pool","Gastropoda","Hydrobiidae",2,"3",451,130586.530561878,"kick_net",0.182,2.82,1,1.28521556259919,0.628041398359109,1,0.117677548287684,17.0281238483793
"1328",1980,"Ellikon","Pool","Gastropoda","Hydrobiidae",2,"3",451,130586.530561878,"kick_net",0.182,2.82,1,1.28521556259919,0.628041398359109,1,0.117677548287684,17.0281238483793
"1329",1981,"Ellikon","Pool","Gastropoda","Hydrobiidae",2,"3",451,130586.530561878,"kick_net",0.182,2.82,1,1.28521556259919,0.628041398359109,1,0.117677548287684,17.0281238483793
"1330",1982,"Ellikon","Pool","Gastropoda","Hydrobiidae",2,"3",451,130586.530561878,"kick_net",0.182,2.82,1,1.28521556259919,0.628041398359109,1,0.117677548287684,17.0281238483793
"1331",1983,"Ellikon","Pool","Gastropoda","Hydrobiidae",2,"3",451,130586.530561878,"kick_net",0.182,2.82,1,1.28521556259919,0.628041398359109,1,0.117677548287684,17.0281238483793
"1332",1984,"Ellikon","Pool","Gastropoda","Hydrobiidae",2,"3",451,130586.530561878,"kick_net",0.182,2.82,1,1.28521556259919,0.628041398359109,1,0.117677548287684,17.0281238483793
"1333",1985,"Ellikon","Pool","Gastropoda","Hydrobiidae",2,"3",451,130586.530561878,"kick_net",0.182,2.82,1,1.28521556259919,0.628041398359109,1,0.117677548287684,17.0281238483793
"1334",1986,"Ellikon","Pool","Gastropoda","Hydrobiidae",2,"3",451,130586.530561878,"kick_net",0.182,2.82,1,1.28521556259919,0.628041398359109,1,0.117677548287684,17.0281238483793
"1335",1987,"Ellikon","Pool","Gastropoda","Hydrobiidae",2,"3",451,130586.530561878,"kick_net",0.182,2.82,1,1.28521556259919,0.628041398359109,1,0.117677548287684,17.0281238483793
"1336",1988,"Ellikon","Pool","Gastropoda","Hydrobiidae",2,"3",451,130586.530561878,"kick_net",0.182,2.82,1,1.28521556259919,0.628041398359109,1,0.117677548287684,17.0281238483793
"1337",1989,"Ellikon","Pool","Gastropoda","Hydrobiidae",2,"3",451,130586.530561878,"kick_net",0.182,2.82,1,1.28521556259919,0.628041398359109,1,0.117677548287684,17.0281238483793
"1338",1990,"Ellikon","Pool","Gastropoda","Hydrobiidae",2,"3",451,130586.530561878,"kick_net",0.182,2.82,1,1.28521556259919,0.628041398359109,1,0.117677548287684,17.0281238483793
"1339",1991,"Ellikon","Pool","Gastropoda","Hydrobiidae",2,"3",451,130586.530561878,"kick_net",0.182,2.82,1,1.28521556259919,0.628041398359109,1,0.117677548287684,17.0281238483793
"1340",1992,"Ellikon","Pool","Gastropoda","Hydrobiidae",3,"3",451,130586.530561878,"kick_net",0.182,2.82,1,4.03230455398401,0.628041398359109,1,0.117677548287684,17.0281238483793
"1341",1993,"Ellikon","Pool","Gastropoda","Hydrobiidae",3,"3",451,130586.530561878,"kick_net",0.182,2.82,1,4.03230455398401,0.628041398359109,1,0.117677548287684,17.0281238483793
"1342",1994,"Ellikon","Pool","Gastropoda","Hydrobiidae",3,"3",451,130586.530561878,"kick_net",0.182,2.82,1,4.03230455398401,0.628041398359109,1,0.117677548287684,17.0281238483793
"1343",1995,"Ellikon","Pool","Gastropoda","Hydrobiidae",3,"3",451,130586.530561878,"kick_net",0.182,2.82,1,4.03230455398401,0.628041398359109,1,0.117677548287684,17.0281238483793
"1344",1996,"Ellikon","Pool","Gastropoda","Hydrobiidae",3,"3",451,130586.530561878,"kick_net",0.182,2.82,1,4.03230455398401,0.628041398359109,1,0.117677548287684,17.0281238483793
"1345",1997,"Ellikon","Pool","Gastropoda","Hydrobiidae",3,"3",451,130586.530561878,"kick_net",0.182,2.82,1,4.03230455398401,0.628041398359109,1,0.117677548287684,17.0281238483793
"1346",1998,"Ellikon","Pool","Gastropoda","Hydrobiidae",3,"3",451,130586.530561878,"kick_net",0.182,2.82,1,4.03230455398401,0.628041398359109,1,0.117677548287684,17.0281238483793
"1347",1999,"Ellikon","Pool","Gastropoda","Hydrobiidae",3,"3",451,130586.530561878,"kick_net",0.182,2.82,1,4.03230455398401,0.628041398359109,1,0.117677548287684,17.0281238483793
"1348",2000,"Ellikon","Pool","Gastropoda","Hydrobiidae",3,"3",451,130586.530561878,"kick_net",0.182,2.82,1,4.03230455398401,0.628041398359109,1,0.117677548287684,17.0281238483793
"1349",2001,"Ellikon","Pool","Gastropoda","Hydrobiidae",3,"3",451,130586.530561878,"kick_net",0.182,2.82,1,4.03230455398401,0.628041398359109,1,0.117677548287684,17.0281238483793
"1350",2002,"Ellikon","Pool","Gastropoda","Hydrobiidae",3,"3",451,130586.530561878,"kick_net",0.182,2.82,1,4.03230455398401,0.628041398359109,1,0.117677548287684,17.0281238483793
"1351",2003,"Ellikon","Pool","Gastropoda","Hydrobiidae",3,"3",451,130586.530561878,"kick_net",0.182,2.82,1,4.03230455398401,0.628041398359109,1,0.117677548287684,17.0281238483793
"1352",2004,"Ellikon","Pool","Gastropoda","Hydrobiidae",3,"3",451,130586.530561878,"kick_net",0.182,2.82,1,4.03230455398401,0.628041398359109,1,0.117677548287684,17.0281238483793
"1353",2005,"Ellikon","Pool","Gastropoda","Hydrobiidae",3,"3",451,130586.530561878,"kick_net",0.182,2.82,1,4.03230455398401,0.628041398359109,1,0.117677548287684,17.0281238483793
"1354",2006,"Ellikon","Pool","Gastropoda","Hydrobiidae",3,"3",451,130586.530561878,"kick_net",0.182,2.82,1,4.03230455398401,0.628041398359109,1,0.117677548287684,17.0281238483793
"1355",2007,"Ellikon","Pool","Gastropoda","Hydrobiidae",3,"3",451,130586.530561878,"kick_net",0.182,2.82,1,4.03230455398401,0.628041398359109,1,0.117677548287684,17.0281238483793
"1356",2008,"Ellikon","Pool","Gastropoda","Hydrobiidae",3,"3",451,130586.530561878,"kick_net",0.182,2.82,1,4.03230455398401,0.628041398359109,1,0.117677548287684,17.0281238483793
"1357",2009,"Ellikon","Pool","Gastropoda","Hydrobiidae",3,"3",451,130586.530561878,"kick_net",0.182,2.82,1,4.03230455398401,0.628041398359109,1,0.117677548287684,17.0281238483793
"1358",2010,"Ellikon","Pool","Gastropoda","Hydrobiidae",3,"3",451,130586.530561878,"kick_net",0.182,2.82,1,4.03230455398401,0.628041398359109,1,0.117677548287684,17.0281238483793
"1359",2011,"Ellikon","Pool","Gastropoda","Hydrobiidae",3,"3",451,130586.530561878,"kick_net",0.182,2.82,1,4.03230455398401,0.628041398359109,1,0.117677548287684,17.0281238483793
"1360",2012,"Ellikon","Pool","Gastropoda","Hydrobiidae",3,"3",451,130586.530561878,"kick_net",0.182,2.82,1,4.03230455398401,0.628041398359109,1,0.117677548287684,17.0281238483793
"1361",2013,"Ellikon","Pool","Gastropoda","Hydrobiidae",4,"3",451,130586.530561878,"kick_net",0.182,2.82,1,9.0757090238855,0.628041398359109,1,0.117677548287684,17.0281238483793
"1362",2014,"Ellikon","Pool","Gastropoda","Hydrobiidae",4,"3",451,130586.530561878,"kick_net",0.182,2.82,1,9.0757090238855,0.628041398359109,1,0.117677548287684,17.0281238483793
"1363",2015,"Ellikon","Pool","Gastropoda","Hydrobiidae",4,"3",451,130586.530561878,"kick_net",0.182,2.82,1,9.0757090238855,0.628041398359109,1,0.117677548287684,17.0281238483793
"1364",2016,"Ellikon","Pool","Gastropoda","Hydrobiidae",4,"3",451,130586.530561878,"kick_net",0.182,2.82,1,9.0757090238855,0.628041398359109,1,0.117677548287684,17.0281238483793
"1365",2017,"Ellikon","Pool","Gastropoda","Hydrobiidae",4,"3",451,130586.530561878,"kick_net",0.182,2.82,1,9.0757090238855,0.628041398359109,1,0.117677548287684,17.0281238483793
"1366",2018,"Ellikon","Pool","Gastropoda","Hydrobiidae",4,"3",451,130586.530561878,"kick_net",0.182,2.82,1,9.0757090238855,0.628041398359109,1,0.117677548287684,17.0281238483793
"1367",2019,"Ellikon","Pool","Gastropoda","Hydrobiidae",4,"3",451,130586.530561878,"kick_net",0.182,2.82,1,9.0757090238855,0.628041398359109,1,0.117677548287684,17.0281238483793
"1368",2020,"Ellikon","Pool","Gastropoda","Hydrobiidae",4,"3",451,130586.530561878,"kick_net",0.182,2.82,1,9.0757090238855,0.628041398359109,1,0.117677548287684,17.0281238483793
"1369",2021,"Ellikon","Pool","Gastropoda","Hydrobiidae",4,"3",451,130586.530561878,"kick_net",0.182,2.82,1,9.0757090238855,0.628041398359109,1,0.117677548287684,17.0281238483793
"1370",2022,"Ellikon","Pool","Gastropoda","Hydrobiidae",4,"3",451,130586.530561878,"kick_net",0.182,2.82,1,9.0757090238855,0.628041398359109,1,0.117677548287684,17.0281238483793
"1371",2023,"Ellikon","Pool","Gastropoda","Hydrobiidae",4,"3",451,130586.530561878,"kick_net",0.182,2.82,1,9.0757090238855,0.628041398359109,1,0.117677548287684,17.0281238483793
"1372",2024,"Ellikon","Pool","Gastropoda","Hydrobiidae",4,"3",451,130586.530561878,"kick_net",0.182,2.82,1,9.0757090238855,0.628041398359109,1,0.117677548287684,17.0281238483793
"1373",2025,"Ellikon","Pool","Gastropoda","Hydrobiidae",4,"3",451,130586.530561878,"kick_net",0.182,2.82,1,9.0757090238855,0.628041398359109,1,0.117677548287684,17.0281238483793
"1374",2026,"Ellikon","Pool","Gastropoda","Hydrobiidae",4,"3",451,130586.530561878,"kick_net",0.182,2.82,1,9.0757090238855,0.628041398359109,1,0.117677548287684,17.0281238483793
"1375",2027,"Ellikon","Pool","Gastropoda","Hydrobiidae",4,"3",451,130586.530561878,"kick_net",0.182,2.82,1,9.0757090238855,0.628041398359109,1,0.117677548287684,17.0281238483793
"1376",2028,"Ellikon","Pool","Gastropoda","Hydrobiidae",4,"3",451,130586.530561878,"kick_net",0.182,2.82,1,9.0757090238855,0.628041398359109,1,0.117677548287684,17.0281238483793
"1377",2029,"Ellikon","Pool","Gastropoda","Hydrobiidae",4,"3",451,130586.530561878,"kick_net",0.182,2.82,1,9.0757090238855,0.628041398359109,1,0.117677548287684,17.0281238483793
"1378",2030,"Ellikon","Pool","Gastropoda","Hydrobiidae",4,"3",451,130586.530561878,"kick_net",0.182,2.82,1,9.0757090238855,0.628041398359109,1,0.117677548287684,17.0281238483793
"1379",2031,"Ellikon","Pool","Gastropoda","Hydrobiidae",4,"3",451,130586.530561878,"kick_net",0.182,2.82,1,9.0757090238855,0.628041398359109,1,0.117677548287684,17.0281238483793
"1380",2032,"Ellikon","Pool","Gastropoda","Hydrobiidae",4,"3",451,130586.530561878,"kick_net",0.182,2.82,1,9.0757090238855,0.628041398359109,1,0.117677548287684,17.0281238483793
"1381",2033,"Ellikon","Pool","Gastropoda","Hydrobiidae",4,"3",451,130586.530561878,"kick_net",0.182,2.82,1,9.0757090238855,0.628041398359109,1,0.117677548287684,17.0281238483793
"1382",2034,"Ellikon","Pool","Gastropoda","Hydrobiidae",4,"3",451,130586.530561878,"kick_net",0.182,2.82,1,9.0757090238855,0.628041398359109,1,0.117677548287684,17.0281238483793
"1383",2035,"Ellikon","Pool","Gastropoda","Hydrobiidae",4,"3",451,130586.530561878,"kick_net",0.182,2.82,1,9.0757090238855,0.628041398359109,1,0.117677548287684,17.0281238483793
"1384",2036,"Ellikon","Pool","Gastropoda","Hydrobiidae",4,"3",451,130586.530561878,"kick_net",0.182,2.82,1,9.0757090238855,0.628041398359109,1,0.117677548287684,17.0281238483793
"1385",2037,"Ellikon","Pool","Gastropoda","Hydrobiidae",4,"3",451,130586.530561878,"kick_net",0.182,2.82,1,9.0757090238855,0.628041398359109,1,0.117677548287684,17.0281238483793
"1386",2038,"Ellikon","Pool","Gastropoda","Hydrobiidae",4,"3",451,130586.530561878,"kick_net",0.182,2.82,1,9.0757090238855,0.628041398359109,1,0.117677548287684,17.0281238483793
"1387",2039,"Ellikon","Pool","Gastropoda","Hydrobiidae",4,"3",451,130586.530561878,"kick_net",0.182,2.82,1,9.0757090238855,0.628041398359109,1,0.117677548287684,17.0281238483793
"1388",2040,"Ellikon","Pool","Gastropoda","Hydrobiidae",4,"3",451,130586.530561878,"kick_net",0.182,2.82,1,9.0757090238855,0.628041398359109,1,0.117677548287684,17.0281238483793
"1389",2041,"Ellikon","Pool","Gastropoda","Hydrobiidae",4,"3",451,130586.530561878,"kick_net",0.182,2.82,1,9.0757090238855,0.628041398359109,1,0.117677548287684,17.0281238483793
"1390",2042,"Ellikon","Pool","Gastropoda","Hydrobiidae",4,"3",451,130586.530561878,"kick_net",0.182,2.82,1,9.0757090238855,0.628041398359109,1,0.117677548287684,17.0281238483793
"1391",2043,"Ellikon","Pool","Gastropoda","Hydrobiidae",4,"3",451,130586.530561878,"kick_net",0.182,2.82,1,9.0757090238855,0.628041398359109,1,0.117677548287684,17.0281238483793
"1392",2044,"Ellikon","Pool","Gastropoda","Hydrobiidae",4,"3",451,130586.530561878,"kick_net",0.182,2.82,1,9.0757090238855,0.628041398359109,1,0.117677548287684,17.0281238483793
"1393",2045,"Ellikon","Pool","Gastropoda","Hydrobiidae",4,"3",451,130586.530561878,"kick_net",0.182,2.82,1,9.0757090238855,0.628041398359109,1,0.117677548287684,17.0281238483793
"1394",2046,"Ellikon","Pool","Gastropoda","Hydrobiidae",4,"3",451,130586.530561878,"kick_net",0.182,2.82,1,9.0757090238855,0.628041398359109,1,0.117677548287684,17.0281238483793
"1395",2047,"Ellikon","Pool","Gastropoda","Hydrobiidae",4,"3",451,130586.530561878,"kick_net",0.182,2.82,1,9.0757090238855,0.628041398359109,1,0.117677548287684,17.0281238483793
"1396",2048,"Ellikon","Pool","Gastropoda","Hydrobiidae",4,"3",451,130586.530561878,"kick_net",0.182,2.82,1,9.0757090238855,0.628041398359109,1,0.117677548287684,17.0281238483793
"1397",2049,"Ellikon","Pool","Gastropoda","Hydrobiidae",4,"3",451,130586.530561878,"kick_net",0.182,2.82,1,9.0757090238855,0.628041398359109,1,0.117677548287684,17.0281238483793
"1398",2050,"Ellikon","Pool","Gastropoda","Hydrobiidae",4,"3",451,130586.530561878,"kick_net",0.182,2.82,1,9.0757090238855,0.628041398359109,1,0.117677548287684,17.0281238483793
"1399",2051,"Ellikon","Pool","Gastropoda","Hydrobiidae",4,"3",451,130586.530561878,"kick_net",0.182,2.82,1,9.0757090238855,0.628041398359109,1,0.117677548287684,17.0281238483793
"1400",2052,"Ellikon","Pool","Gastropoda","Hydrobiidae",4,"3",451,130586.530561878,"kick_net",0.182,2.82,1,9.0757090238855,0.628041398359109,1,0.117677548287684,17.0281238483793
"1401",2053,"Ellikon","Pool","Gastropoda","Hydrobiidae",4,"3",451,130586.530561878,"kick_net",0.182,2.82,1,9.0757090238855,0.628041398359109,1,0.117677548287684,17.0281238483793
"1402",2054,"Ellikon","Pool","Gastropoda","Hydrobiidae",4,"3",451,130586.530561878,"kick_net",0.182,2.82,1,9.0757090238855,0.628041398359109,1,0.117677548287684,17.0281238483793
"1403",2055,"Ellikon","Pool","Gastropoda","Hydrobiidae",4,"3",451,130586.530561878,"kick_net",0.182,2.82,1,9.0757090238855,0.628041398359109,1,0.117677548287684,17.0281238483793
"1404",2056,"Ellikon","Pool","Gastropoda","Hydrobiidae",4,"3",451,130586.530561878,"kick_net",0.182,2.82,1,9.0757090238855,0.628041398359109,1,0.117677548287684,17.0281238483793
"1405",2057,"Ellikon","Pool","Gastropoda","Hydrobiidae",4,"3",451,130586.530561878,"kick_net",0.182,2.82,1,9.0757090238855,0.628041398359109,1,0.117677548287684,17.0281238483793
"1406",2058,"Ellikon","Pool","Gastropoda","Hydrobiidae",4,"3",451,130586.530561878,"kick_net",0.182,2.82,1,9.0757090238855,0.628041398359109,1,0.117677548287684,17.0281238483793
"1407",2059,"Ellikon","Pool","Gastropoda","Hydrobiidae",4,"3",451,130586.530561878,"kick_net",0.182,2.82,1,9.0757090238855,0.628041398359109,1,0.117677548287684,17.0281238483793
"1408",2060,"Ellikon","Pool","Gastropoda","Hydrobiidae",4,"3",451,130586.530561878,"kick_net",0.182,2.82,1,9.0757090238855,0.628041398359109,1,0.117677548287684,17.0281238483793
"1409",2061,"Ellikon","Pool","Gastropoda","Hydrobiidae",4,"3",451,130586.530561878,"kick_net",0.182,2.82,1,9.0757090238855,0.628041398359109,1,0.117677548287684,17.0281238483793
"1410",2062,"Ellikon","Pool","Gastropoda","Hydrobiidae",4,"3",451,130586.530561878,"kick_net",0.182,2.82,1,9.0757090238855,0.628041398359109,1,0.117677548287684,17.0281238483793
"1411",2063,"Ellikon","Pool","Gastropoda","Hydrobiidae",5,"3",451,130586.530561878,"kick_net",0.182,2.82,1,17.0281238483793,0.628041398359109,1,0.117677548287684,17.0281238483793
"1412",2064,"Ellikon","Pool","Gastropoda","Hydrobiidae",5,"3",451,130586.530561878,"kick_net",0.182,2.82,1,17.0281238483793,0.628041398359109,1,0.117677548287684,17.0281238483793
"1413",2065,"Ellikon","Pool","Gastropoda","Hydrobiidae",5,"3",451,130586.530561878,"kick_net",0.182,2.82,1,17.0281238483793,0.628041398359109,1,0.117677548287684,17.0281238483793
"1414",2066,"Ellikon","Pool","Gastropoda","Hydrobiidae",5,"3",451,130586.530561878,"kick_net",0.182,2.82,1,17.0281238483793,0.628041398359109,1,0.117677548287684,17.0281238483793
"1415",2067,"Ellikon","Pool","Gastropoda","Hydrobiidae",5,"3",451,130586.530561878,"kick_net",0.182,2.82,1,17.0281238483793,0.628041398359109,1,0.117677548287684,17.0281238483793
"1416",2068,"Ellikon","Pool","Gastropoda","Hydrobiidae",5,"3",451,130586.530561878,"kick_net",0.182,2.82,1,17.0281238483793,0.628041398359109,1,0.117677548287684,17.0281238483793
"1417",2069,"Ellikon","Pool","Gastropoda","Hydrobiidae",5,"3",451,130586.530561878,"kick_net",0.182,2.82,1,17.0281238483793,0.628041398359109,1,0.117677548287684,17.0281238483793
"1418",2070,"Ellikon","Pool","Gastropoda","Hydrobiidae",5,"3",451,130586.530561878,"kick_net",0.182,2.82,1,17.0281238483793,0.628041398359109,1,0.117677548287684,17.0281238483793
"1419",2071,"Ellikon","Pool","Gastropoda","Hydrobiidae",5,"3",451,130586.530561878,"kick_net",0.182,2.82,1,17.0281238483793,0.628041398359109,1,0.117677548287684,17.0281238483793
"1420",2072,"Ellikon","Pool","Gastropoda","Hydrobiidae",5,"3",451,130586.530561878,"kick_net",0.182,2.82,1,17.0281238483793,0.628041398359109,1,0.117677548287684,17.0281238483793
"1421",2073,"Ellikon","Pool","Gastropoda","Hydrobiidae",5,"3",451,130586.530561878,"kick_net",0.182,2.82,1,17.0281238483793,0.628041398359109,1,0.117677548287684,17.0281238483793
"1422",2074,"Ellikon","Pool","Gastropoda","Hydrobiidae",5,"3",451,130586.530561878,"kick_net",0.182,2.82,1,17.0281238483793,0.628041398359109,1,0.117677548287684,17.0281238483793
"1423",2075,"Ellikon","Pool","Gastropoda","Hydrobiidae",5,"3",451,130586.530561878,"kick_net",0.182,2.82,1,17.0281238483793,0.628041398359109,1,0.117677548287684,17.0281238483793
"1424",2076,"Ellikon","Pool","Gastropoda","Hydrobiidae",5,"3",451,130586.530561878,"kick_net",0.182,2.82,1,17.0281238483793,0.628041398359109,1,0.117677548287684,17.0281238483793
"1425",2077,"Ellikon","Pool","Gastropoda","Hydrobiidae",5,"3",451,130586.530561878,"kick_net",0.182,2.82,1,17.0281238483793,0.628041398359109,1,0.117677548287684,17.0281238483793
"1426",2078,"Ellikon","Pool","Gastropoda","Hydrobiidae",5,"3",451,130586.530561878,"kick_net",0.182,2.82,1,17.0281238483793,0.628041398359109,1,0.117677548287684,17.0281238483793
"1427",2109,"Ellikon","Outflow","Diptera","Chironomidae",6,"3",451,130586.530561878,"kick_net",0.002,2.62,1,0.218668523080522,0.628041398359109,1,0.182,17.27687623396
"1428",2110,"Ellikon","Outflow","Diptera","Chironomidae",6,"3",451,130586.530561878,"kick_net",0.002,2.62,1,0.218668523080522,0.628041398359109,1,0.182,17.27687623396
"1429",2111,"Ellikon","Outflow","Diptera","Chironomidae",6,"3",451,130586.530561878,"kick_net",0.002,2.62,1,0.218668523080522,0.628041398359109,1,0.182,17.27687623396
"1430",2112,"Ellikon","Outflow","Diptera","Chironomidae",6,"3",451,130586.530561878,"kick_net",0.002,2.62,1,0.218668523080522,0.628041398359109,1,0.182,17.27687623396
"1431",2113,"Ellikon","Outflow","Diptera","Chironomidae",6,"3",451,130586.530561878,"kick_net",0.002,2.62,1,0.218668523080522,0.628041398359109,1,0.182,17.27687623396
"1432",2114,"Ellikon","Outflow","Diptera","Chironomidae",6,"3",451,130586.530561878,"kick_net",0.002,2.62,1,0.218668523080522,0.628041398359109,1,0.182,17.27687623396
"1433",2115,"Ellikon","Outflow","Diptera","Chironomidae",6,"3",451,130586.530561878,"kick_net",0.002,2.62,1,0.218668523080522,0.628041398359109,1,0.182,17.27687623396
"1434",2116,"Ellikon","Outflow","Diptera","Chironomidae",6,"3",451,130586.530561878,"kick_net",0.002,2.62,1,0.218668523080522,0.628041398359109,1,0.182,17.27687623396
"1435",2117,"Ellikon","Outflow","Diptera","Chironomidae",6,"3",451,130586.530561878,"kick_net",0.002,2.62,1,0.218668523080522,0.628041398359109,1,0.182,17.27687623396
"1436",2118,"Ellikon","Outflow","Diptera","Chironomidae",6,"3",451,130586.530561878,"kick_net",0.002,2.62,1,0.218668523080522,0.628041398359109,1,0.182,17.27687623396
"1437",2119,"Ellikon","Outflow","Diptera","Chironomidae",6,"3",451,130586.530561878,"kick_net",0.002,2.62,1,0.218668523080522,0.628041398359109,1,0.182,17.27687623396
"1438",2120,"Ellikon","Outflow","Diptera","Chironomidae",6,"3",451,130586.530561878,"kick_net",0.002,2.62,1,0.218668523080522,0.628041398359109,1,0.182,17.27687623396
"1439",2121,"Ellikon","Outflow","Diptera","Chironomidae",6,"3",451,130586.530561878,"kick_net",0.002,2.62,1,0.218668523080522,0.628041398359109,1,0.182,17.27687623396
"1440",2122,"Ellikon","Outflow","Diptera","Chironomidae",6,"3",451,130586.530561878,"kick_net",0.002,2.62,1,0.218668523080522,0.628041398359109,1,0.182,17.27687623396
"1441",2123,"Ellikon","Outflow","Diptera","Chironomidae",6,"3",451,130586.530561878,"kick_net",0.002,2.62,1,0.218668523080522,0.628041398359109,1,0.182,17.27687623396
"1442",2124,"Ellikon","Outflow","Diptera","Chironomidae",6,"3",451,130586.530561878,"kick_net",0.002,2.62,1,0.218668523080522,0.628041398359109,1,0.182,17.27687623396
"1443",2125,"Ellikon","Outflow","Diptera","Chironomidae",6,"3",451,130586.530561878,"kick_net",0.002,2.62,1,0.218668523080522,0.628041398359109,1,0.182,17.27687623396
"1444",2126,"Ellikon","Outflow","Diptera","Chironomidae",6,"3",451,130586.530561878,"kick_net",0.002,2.62,1,0.218668523080522,0.628041398359109,1,0.182,17.27687623396
"1445",2127,"Ellikon","Outflow","Diptera","Chironomidae",7,"3",451,130586.530561878,"kick_net",0.002,2.62,1,0.327481567511863,0.628041398359109,1,0.182,17.27687623396
"1446",2128,"Ellikon","Outflow","Diptera","Chironomidae",7,"3",451,130586.530561878,"kick_net",0.002,2.62,1,0.327481567511863,0.628041398359109,1,0.182,17.27687623396
"1447",2129,"Ellikon","Outflow","Diptera","Chironomidae",7,"3",451,130586.530561878,"kick_net",0.002,2.62,1,0.327481567511863,0.628041398359109,1,0.182,17.27687623396
"1448",2130,"Ellikon","Outflow","Diptera","Chironomidae",7,"3",451,130586.530561878,"kick_net",0.002,2.62,1,0.327481567511863,0.628041398359109,1,0.182,17.27687623396
"1449",2131,"Ellikon","Outflow","Diptera","Chironomidae",7,"3",451,130586.530561878,"kick_net",0.002,2.62,1,0.327481567511863,0.628041398359109,1,0.182,17.27687623396
"1450",2132,"Ellikon","Outflow","Diptera","Chironomidae",7,"3",451,130586.530561878,"kick_net",0.002,2.62,1,0.327481567511863,0.628041398359109,1,0.182,17.27687623396
"1451",2133,"Ellikon","Outflow","Diptera","Chironomidae",7,"3",451,130586.530561878,"kick_net",0.002,2.62,1,0.327481567511863,0.628041398359109,1,0.182,17.27687623396
"1452",2134,"Ellikon","Outflow","Diptera","Chironomidae",7,"3",451,130586.530561878,"kick_net",0.002,2.62,1,0.327481567511863,0.628041398359109,1,0.182,17.27687623396
"1453",2135,"Ellikon","Outflow","Diptera","Chironomidae",7,"3",451,130586.530561878,"kick_net",0.002,2.62,1,0.327481567511863,0.628041398359109,1,0.182,17.27687623396
"1454",2136,"Ellikon","Outflow","Diptera","Chironomidae",7,"3",451,130586.530561878,"kick_net",0.002,2.62,1,0.327481567511863,0.628041398359109,1,0.182,17.27687623396
"1455",2137,"Ellikon","Outflow","Diptera","Chironomidae",7,"3",451,130586.530561878,"kick_net",0.002,2.62,1,0.327481567511863,0.628041398359109,1,0.182,17.27687623396
"1456",2138,"Ellikon","Outflow","Diptera","Chironomidae",7,"3",451,130586.530561878,"kick_net",0.002,2.62,1,0.327481567511863,0.628041398359109,1,0.182,17.27687623396
"1457",2139,"Ellikon","Outflow","Diptera","Chironomidae",7,"3",451,130586.530561878,"kick_net",0.002,2.62,1,0.327481567511863,0.628041398359109,1,0.182,17.27687623396
"1458",2140,"Ellikon","Outflow","Diptera","Chironomidae",7,"3",451,130586.530561878,"kick_net",0.002,2.62,1,0.327481567511863,0.628041398359109,1,0.182,17.27687623396
"1459",2141,"Ellikon","Outflow","Diptera","Chironomidae",7,"3",451,130586.530561878,"kick_net",0.002,2.62,1,0.327481567511863,0.628041398359109,1,0.182,17.27687623396
"1460",2142,"Ellikon","Outflow","Diptera","Chironomidae",7,"3",451,130586.530561878,"kick_net",0.002,2.62,1,0.327481567511863,0.628041398359109,1,0.182,17.27687623396
"1461",2143,"Ellikon","Outflow","Diptera","Chironomidae",8,"3",451,130586.530561878,"kick_net",0.002,2.62,1,0.464649807522386,0.628041398359109,1,0.182,17.27687623396
"1462",2144,"Ellikon","Outflow","Diptera","Chironomidae",8,"3",451,130586.530561878,"kick_net",0.002,2.62,1,0.464649807522386,0.628041398359109,1,0.182,17.27687623396
"1463",2145,"Ellikon","Outflow","Diptera","Chironomidae",8,"3",451,130586.530561878,"kick_net",0.002,2.62,1,0.464649807522386,0.628041398359109,1,0.182,17.27687623396
"1464",2146,"Ellikon","Outflow","Diptera","Chironomidae",8,"3",451,130586.530561878,"kick_net",0.002,2.62,1,0.464649807522386,0.628041398359109,1,0.182,17.27687623396
"1465",2147,"Ellikon","Outflow","Diptera","Chironomidae",8,"3",451,130586.530561878,"kick_net",0.002,2.62,1,0.464649807522386,0.628041398359109,1,0.182,17.27687623396
"1466",2148,"Ellikon","Outflow","Diptera","Chironomidae",8,"3",451,130586.530561878,"kick_net",0.002,2.62,1,0.464649807522386,0.628041398359109,1,0.182,17.27687623396
"1467",2149,"Ellikon","Outflow","Diptera","Chironomidae",8,"3",451,130586.530561878,"kick_net",0.002,2.62,1,0.464649807522386,0.628041398359109,1,0.182,17.27687623396
"1468",2150,"Ellikon","Outflow","Diptera","Chironomidae",8,"3",451,130586.530561878,"kick_net",0.002,2.62,1,0.464649807522386,0.628041398359109,1,0.182,17.27687623396
"1469",2151,"Ellikon","Outflow","Diptera","Chironomidae",9,"3",451,130586.530561878,"kick_net",0.002,2.62,1,0.63262357257604,0.628041398359109,1,0.182,17.27687623396
"1470",2152,"Ellikon","Outflow","Diptera","Chironomidae",9,"3",451,130586.530561878,"kick_net",0.002,2.62,1,0.63262357257604,0.628041398359109,1,0.182,17.27687623396
"1471",2153,"Ellikon","Outflow","Diptera","Chironomidae",9,"3",451,130586.530561878,"kick_net",0.002,2.62,1,0.63262357257604,0.628041398359109,1,0.182,17.27687623396
"1472",2154,"Ellikon","Outflow","Diptera","Chironomidae",9,"3",451,130586.530561878,"kick_net",0.002,2.62,1,0.63262357257604,0.628041398359109,1,0.182,17.27687623396
"1473",2155,"Ellikon","Outflow","Diptera","Chironomidae",9,"3",451,130586.530561878,"kick_net",0.002,2.62,1,0.63262357257604,0.628041398359109,1,0.182,17.27687623396
"1474",2156,"Ellikon","Outflow","Diptera","Chironomidae",10,"3",451,130586.530561878,"kick_net",0.002,2.62,1,0.833738766940671,0.628041398359109,1,0.182,17.27687623396
"1475",2157,"Ellikon","Outflow","Diptera","Chironomidae",10,"3",451,130586.530561878,"kick_net",0.002,2.62,1,0.833738766940671,0.628041398359109,1,0.182,17.27687623396
"1476",2158,"Ellikon","Outflow","Diptera","Chironomidae",10,"3",451,130586.530561878,"kick_net",0.002,2.62,1,0.833738766940671,0.628041398359109,1,0.182,17.27687623396
"1477",2159,"Ellikon","Outflow","Diptera","Chironomidae",10,"3",451,130586.530561878,"kick_net",0.002,2.62,1,0.833738766940671,0.628041398359109,1,0.182,17.27687623396
"1478",2160,"Ellikon","Outflow","Diptera","Chironomidae",10,"3",451,130586.530561878,"kick_net",0.002,2.62,1,0.833738766940671,0.628041398359109,1,0.182,17.27687623396
"1479",2161,"Ellikon","Outflow","Diptera","Chironomidae",11,"3",451,130586.530561878,"kick_net",0.002,2.62,1,1.07023421421427,0.628041398359109,1,0.182,17.27687623396
"1480",2162,"Ellikon","Outflow","Diptera","Chironomidae",11,"3",451,130586.530561878,"kick_net",0.002,2.62,1,1.07023421421427,0.628041398359109,1,0.182,17.27687623396
"1481",2163,"Ellikon","Outflow","Diptera","Chironomidae",11,"3",451,130586.530561878,"kick_net",0.002,2.62,1,1.07023421421427,0.628041398359109,1,0.182,17.27687623396
"1482",2164,"Ellikon","Outflow","Diptera","Chironomidae",11,"3",451,130586.530561878,"kick_net",0.002,2.62,1,1.07023421421427,0.628041398359109,1,0.182,17.27687623396
"1483",2165,"Ellikon","Outflow","Diptera","Chironomidae",11,"3",451,130586.530561878,"kick_net",0.002,2.62,1,1.07023421421427,0.628041398359109,1,0.182,17.27687623396
"1484",2166,"Ellikon","Outflow","Diptera","Chironomidae",11,"3",451,130586.530561878,"kick_net",0.002,2.62,1,1.07023421421427,0.628041398359109,1,0.182,17.27687623396
"1485",2167,"Ellikon","Outflow","Diptera","Chironomidae",11,"3",451,130586.530561878,"kick_net",0.002,2.62,1,1.07023421421427,0.628041398359109,1,0.182,17.27687623396
"1486",2168,"Ellikon","Outflow","Diptera","Chironomidae",11,"3",451,130586.530561878,"kick_net",0.002,2.62,1,1.07023421421427,0.628041398359109,1,0.182,17.27687623396
"1487",2169,"Ellikon","Outflow","Diptera","Chironomidae",11,"3",451,130586.530561878,"kick_net",0.002,2.62,1,1.07023421421427,0.628041398359109,1,0.182,17.27687623396
"1488",2170,"Ellikon","Outflow","Diptera","Chironomidae",11,"3",451,130586.530561878,"kick_net",0.002,2.62,1,1.07023421421427,0.628041398359109,1,0.182,17.27687623396
"1489",2171,"Ellikon","Outflow","Diptera","Chironomidae",11,"3",451,130586.530561878,"kick_net",0.002,2.62,1,1.07023421421427,0.628041398359109,1,0.182,17.27687623396
"1490",2172,"Ellikon","Outflow","Diptera","Chironomidae",11,"3",451,130586.530561878,"kick_net",0.002,2.62,1,1.07023421421427,0.628041398359109,1,0.182,17.27687623396
"1491",2173,"Ellikon","Outflow","Diptera","Chironomidae",11,"3",451,130586.530561878,"kick_net",0.002,2.62,1,1.07023421421427,0.628041398359109,1,0.182,17.27687623396
"1492",2174,"Ellikon","Outflow","Diptera","Chironomidae",11,"3",451,130586.530561878,"kick_net",0.002,2.62,1,1.07023421421427,0.628041398359109,1,0.182,17.27687623396
"1493",2175,"Ellikon","Outflow","Diptera","Chironomidae",11,"3",451,130586.530561878,"kick_net",0.002,2.62,1,1.07023421421427,0.628041398359109,1,0.182,17.27687623396
"1494",2176,"Ellikon","Outflow","Diptera","Chironomidae",12,"3",451,130586.530561878,"kick_net",0.002,2.62,1,1.34426490420543,0.628041398359109,1,0.182,17.27687623396
"1495",2177,"Ellikon","Outflow","Diptera","Chironomidae",12,"3",451,130586.530561878,"kick_net",0.002,2.62,1,1.34426490420543,0.628041398359109,1,0.182,17.27687623396
"1496",2178,"Ellikon","Outflow","Diptera","Chironomidae",12,"3",451,130586.530561878,"kick_net",0.002,2.62,1,1.34426490420543,0.628041398359109,1,0.182,17.27687623396
"1497",2179,"Ellikon","Outflow","Diptera","Chironomidae",12,"3",451,130586.530561878,"kick_net",0.002,2.62,1,1.34426490420543,0.628041398359109,1,0.182,17.27687623396
"1498",2180,"Ellikon","Outflow","Diptera","Chironomidae",12,"3",451,130586.530561878,"kick_net",0.002,2.62,1,1.34426490420543,0.628041398359109,1,0.182,17.27687623396
"1499",2181,"Ellikon","Outflow","Diptera","Chironomidae",12,"3",451,130586.530561878,"kick_net",0.002,2.62,1,1.34426490420543,0.628041398359109,1,0.182,17.27687623396
"1500",2182,"Ellikon","Outflow","Diptera","Chironomidae",12,"3",451,130586.530561878,"kick_net",0.002,2.62,1,1.34426490420543,0.628041398359109,1,0.182,17.27687623396
"1501",2183,"Ellikon","Outflow","Diptera","Chironomidae",12,"3",451,130586.530561878,"kick_net",0.002,2.62,1,1.34426490420543,0.628041398359109,1,0.182,17.27687623396
"1502",2184,"Ellikon","Outflow","Diptera","Chironomidae",13,"3",451,130586.530561878,"kick_net",0.002,2.62,1,1.65791239593876,0.628041398359109,1,0.182,17.27687623396
"1503",2185,"Ellikon","Outflow","Diptera","Chironomidae",13,"3",451,130586.530561878,"kick_net",0.002,2.62,1,1.65791239593876,0.628041398359109,1,0.182,17.27687623396
"1504",2186,"Ellikon","Outflow","Diptera","Chironomidae",13,"3",451,130586.530561878,"kick_net",0.002,2.62,1,1.65791239593876,0.628041398359109,1,0.182,17.27687623396
"1505",2187,"Ellikon","Outflow","Diptera","Chironomidae",13,"3",451,130586.530561878,"kick_net",0.002,2.62,1,1.65791239593876,0.628041398359109,1,0.182,17.27687623396
"1506",2188,"Ellikon","Outflow","Diptera","Chironomidae",13,"3",451,130586.530561878,"kick_net",0.002,2.62,1,1.65791239593876,0.628041398359109,1,0.182,17.27687623396
"1507",2189,"Ellikon","Outflow","Diptera","Chironomidae",13,"3",451,130586.530561878,"kick_net",0.002,2.62,1,1.65791239593876,0.628041398359109,1,0.182,17.27687623396
"1508",2190,"Ellikon","Outflow","Diptera","Chironomidae",14,"3",451,130586.530561878,"kick_net",0.002,2.62,1,2.01319317375311,0.628041398359109,1,0.182,17.27687623396
"1509",2191,"Ellikon","Outflow","Diptera","Chironomidae",14,"3",451,130586.530561878,"kick_net",0.002,2.62,1,2.01319317375311,0.628041398359109,1,0.182,17.27687623396
"1510",2192,"Ellikon","Outflow","Diptera","Chironomidae",14,"3",451,130586.530561878,"kick_net",0.002,2.62,1,2.01319317375311,0.628041398359109,1,0.182,17.27687623396
"1511",2193,"Ellikon","Outflow","Diptera","Chironomidae",14,"3",451,130586.530561878,"kick_net",0.002,2.62,1,2.01319317375311,0.628041398359109,1,0.182,17.27687623396
"1512",2194,"Ellikon","Outflow","Diptera","Chironomidae",14,"3",451,130586.530561878,"kick_net",0.002,2.62,1,2.01319317375311,0.628041398359109,1,0.182,17.27687623396
"1513",2195,"Ellikon","Outflow","Diptera","Chironomidae",14,"3",451,130586.530561878,"kick_net",0.002,2.62,1,2.01319317375311,0.628041398359109,1,0.182,17.27687623396
"1514",2196,"Ellikon","Outflow","Diptera","Chironomidae",14,"3",451,130586.530561878,"kick_net",0.002,2.62,1,2.01319317375311,0.628041398359109,1,0.182,17.27687623396
"1515",2197,"Ellikon","Outflow","Diptera","Ceratopogonidae",6,"3",451,130586.530561878,"kick_net",0.003,2.47,1,0.25070029394521,0.628041398359109,1,0.182,17.27687623396
"1516",2198,"Ellikon","Outflow","Diptera","Ceratopogonidae",7,"3",451,130586.530561878,"kick_net",0.003,2.47,1,0.366871025390369,0.628041398359109,1,0.182,17.27687623396
"1517",2199,"Ellikon","Outflow","Diptera","Ceratopogonidae",8,"3",451,130586.530561878,"kick_net",0.003,2.47,1,0.510215352613061,0.628041398359109,1,0.182,17.27687623396
"1518",2200,"Ellikon","Outflow","Diptera","Ceratopogonidae",8,"3",451,130586.530561878,"kick_net",0.003,2.47,1,0.510215352613061,0.628041398359109,1,0.182,17.27687623396
"1519",2201,"Ellikon","Outflow","Diptera","Ceratopogonidae",9,"3",451,130586.530561878,"kick_net",0.003,2.47,1,0.682496224167549,0.628041398359109,1,0.182,17.27687623396
"1520",2202,"Ellikon","Outflow","Diptera","Ceratopogonidae",9,"3",451,130586.530561878,"kick_net",0.003,2.47,1,0.682496224167549,0.628041398359109,1,0.182,17.27687623396
"1521",2203,"Ellikon","Outflow","Diptera","Ceratopogonidae",10,"3",451,130586.530561878,"kick_net",0.003,2.47,1,0.885362767999916,0.628041398359109,1,0.182,17.27687623396
"1522",2204,"Ellikon","Outflow","Gastropoda","Hydrobiidae",1,"3",451,130586.530561878,"kick_net",0.182,2.82,1,0.182,0.628041398359109,1,0.182,17.27687623396
"1523",2205,"Ellikon","Outflow","Gastropoda","Hydrobiidae",1,"3",451,130586.530561878,"kick_net",0.182,2.82,1,0.182,0.628041398359109,1,0.182,17.27687623396
"1524",2206,"Ellikon","Outflow","Gastropoda","Hydrobiidae",1,"3",451,130586.530561878,"kick_net",0.182,2.82,1,0.182,0.628041398359109,1,0.182,17.27687623396
"1525",2207,"Ellikon","Outflow","Gastropoda","Hydrobiidae",2,"3",451,130586.530561878,"kick_net",0.182,2.82,1,1.28521556259919,0.628041398359109,1,0.182,17.27687623396
"1526",2208,"Ellikon","Outflow","Gastropoda","Hydrobiidae",2,"3",451,130586.530561878,"kick_net",0.182,2.82,1,1.28521556259919,0.628041398359109,1,0.182,17.27687623396
"1527",2209,"Ellikon","Outflow","Gastropoda","Hydrobiidae",2,"3",451,130586.530561878,"kick_net",0.182,2.82,1,1.28521556259919,0.628041398359109,1,0.182,17.27687623396
"1528",2210,"Ellikon","Outflow","Gastropoda","Hydrobiidae",2,"3",451,130586.530561878,"kick_net",0.182,2.82,1,1.28521556259919,0.628041398359109,1,0.182,17.27687623396
"1529",2211,"Ellikon","Outflow","Gastropoda","Hydrobiidae",2,"3",451,130586.530561878,"kick_net",0.182,2.82,1,1.28521556259919,0.628041398359109,1,0.182,17.27687623396
"1530",2212,"Ellikon","Outflow","Gastropoda","Hydrobiidae",2,"3",451,130586.530561878,"kick_net",0.182,2.82,1,1.28521556259919,0.628041398359109,1,0.182,17.27687623396
"1531",2213,"Ellikon","Outflow","Gastropoda","Hydrobiidae",3,"3",451,130586.530561878,"kick_net",0.182,2.82,1,4.03230455398401,0.628041398359109,1,0.182,17.27687623396
"1532",2214,"Ellikon","Outflow","Gastropoda","Hydrobiidae",3,"3",451,130586.530561878,"kick_net",0.182,2.82,1,4.03230455398401,0.628041398359109,1,0.182,17.27687623396
"1533",2215,"Ellikon","Outflow","Gastropoda","Hydrobiidae",3,"3",451,130586.530561878,"kick_net",0.182,2.82,1,4.03230455398401,0.628041398359109,1,0.182,17.27687623396
"1534",2216,"Ellikon","Outflow","Gastropoda","Hydrobiidae",3,"3",451,130586.530561878,"kick_net",0.182,2.82,1,4.03230455398401,0.628041398359109,1,0.182,17.27687623396
"1535",2217,"Ellikon","Outflow","Gastropoda","Hydrobiidae",3,"3",451,130586.530561878,"kick_net",0.182,2.82,1,4.03230455398401,0.628041398359109,1,0.182,17.27687623396
"1536",2218,"Ellikon","Outflow","Gastropoda","Hydrobiidae",3,"3",451,130586.530561878,"kick_net",0.182,2.82,1,4.03230455398401,0.628041398359109,1,0.182,17.27687623396
"1537",2219,"Ellikon","Outflow","Gastropoda","Hydrobiidae",3,"3",451,130586.530561878,"kick_net",0.182,2.82,1,4.03230455398401,0.628041398359109,1,0.182,17.27687623396
"1538",2220,"Ellikon","Outflow","Gastropoda","Hydrobiidae",3,"3",451,130586.530561878,"kick_net",0.182,2.82,1,4.03230455398401,0.628041398359109,1,0.182,17.27687623396
"1539",2221,"Ellikon","Outflow","Gastropoda","Hydrobiidae",3,"3",451,130586.530561878,"kick_net",0.182,2.82,1,4.03230455398401,0.628041398359109,1,0.182,17.27687623396
"1540",2222,"Ellikon","Outflow","Gastropoda","Hydrobiidae",3,"3",451,130586.530561878,"kick_net",0.182,2.82,1,4.03230455398401,0.628041398359109,1,0.182,17.27687623396
"1541",2223,"Ellikon","Outflow","Gastropoda","Hydrobiidae",3,"3",451,130586.530561878,"kick_net",0.182,2.82,1,4.03230455398401,0.628041398359109,1,0.182,17.27687623396
"1542",2224,"Ellikon","Outflow","Gastropoda","Hydrobiidae",3,"3",451,130586.530561878,"kick_net",0.182,2.82,1,4.03230455398401,0.628041398359109,1,0.182,17.27687623396
"1543",2225,"Ellikon","Outflow","Gastropoda","Hydrobiidae",3,"3",451,130586.530561878,"kick_net",0.182,2.82,1,4.03230455398401,0.628041398359109,1,0.182,17.27687623396
"1544",2226,"Ellikon","Outflow","Gastropoda","Hydrobiidae",3,"3",451,130586.530561878,"kick_net",0.182,2.82,1,4.03230455398401,0.628041398359109,1,0.182,17.27687623396
"1545",2227,"Ellikon","Outflow","Gastropoda","Hydrobiidae",3,"3",451,130586.530561878,"kick_net",0.182,2.82,1,4.03230455398401,0.628041398359109,1,0.182,17.27687623396
"1546",2228,"Ellikon","Outflow","Gastropoda","Hydrobiidae",3,"3",451,130586.530561878,"kick_net",0.182,2.82,1,4.03230455398401,0.628041398359109,1,0.182,17.27687623396
"1547",2229,"Ellikon","Outflow","Gastropoda","Hydrobiidae",3,"3",451,130586.530561878,"kick_net",0.182,2.82,1,4.03230455398401,0.628041398359109,1,0.182,17.27687623396
"1548",2230,"Ellikon","Outflow","Gastropoda","Hydrobiidae",3,"3",451,130586.530561878,"kick_net",0.182,2.82,1,4.03230455398401,0.628041398359109,1,0.182,17.27687623396
"1549",2231,"Ellikon","Outflow","Gastropoda","Hydrobiidae",3,"3",451,130586.530561878,"kick_net",0.182,2.82,1,4.03230455398401,0.628041398359109,1,0.182,17.27687623396
"1550",2232,"Ellikon","Outflow","Gastropoda","Hydrobiidae",3,"3",451,130586.530561878,"kick_net",0.182,2.82,1,4.03230455398401,0.628041398359109,1,0.182,17.27687623396
"1551",2233,"Ellikon","Outflow","Gastropoda","Hydrobiidae",4,"3",451,130586.530561878,"kick_net",0.182,2.82,1,9.0757090238855,0.628041398359109,1,0.182,17.27687623396
"1552",2234,"Ellikon","Outflow","Gastropoda","Hydrobiidae",4,"3",451,130586.530561878,"kick_net",0.182,2.82,1,9.0757090238855,0.628041398359109,1,0.182,17.27687623396
"1553",2235,"Ellikon","Outflow","Gastropoda","Hydrobiidae",4,"3",451,130586.530561878,"kick_net",0.182,2.82,1,9.0757090238855,0.628041398359109,1,0.182,17.27687623396
"1554",2236,"Ellikon","Outflow","Gastropoda","Hydrobiidae",4,"3",451,130586.530561878,"kick_net",0.182,2.82,1,9.0757090238855,0.628041398359109,1,0.182,17.27687623396
"1555",2237,"Ellikon","Outflow","Gastropoda","Hydrobiidae",4,"3",451,130586.530561878,"kick_net",0.182,2.82,1,9.0757090238855,0.628041398359109,1,0.182,17.27687623396
"1556",2238,"Ellikon","Outflow","Gastropoda","Hydrobiidae",4,"3",451,130586.530561878,"kick_net",0.182,2.82,1,9.0757090238855,0.628041398359109,1,0.182,17.27687623396
"1557",2239,"Ellikon","Outflow","Gastropoda","Hydrobiidae",4,"3",451,130586.530561878,"kick_net",0.182,2.82,1,9.0757090238855,0.628041398359109,1,0.182,17.27687623396
"1558",2240,"Ellikon","Outflow","Gastropoda","Hydrobiidae",4,"3",451,130586.530561878,"kick_net",0.182,2.82,1,9.0757090238855,0.628041398359109,1,0.182,17.27687623396
"1559",2241,"Ellikon","Outflow","Gastropoda","Hydrobiidae",4,"3",451,130586.530561878,"kick_net",0.182,2.82,1,9.0757090238855,0.628041398359109,1,0.182,17.27687623396
"1560",2242,"Ellikon","Outflow","Gastropoda","Hydrobiidae",4,"3",451,130586.530561878,"kick_net",0.182,2.82,1,9.0757090238855,0.628041398359109,1,0.182,17.27687623396
"1561",2243,"Ellikon","Outflow","Gastropoda","Hydrobiidae",4,"3",451,130586.530561878,"kick_net",0.182,2.82,1,9.0757090238855,0.628041398359109,1,0.182,17.27687623396
"1562",2244,"Ellikon","Outflow","Gastropoda","Hydrobiidae",4,"3",451,130586.530561878,"kick_net",0.182,2.82,1,9.0757090238855,0.628041398359109,1,0.182,17.27687623396
"1563",2245,"Ellikon","Outflow","Gastropoda","Hydrobiidae",4,"3",451,130586.530561878,"kick_net",0.182,2.82,1,9.0757090238855,0.628041398359109,1,0.182,17.27687623396
"1564",2246,"Ellikon","Outflow","Gastropoda","Hydrobiidae",4,"3",451,130586.530561878,"kick_net",0.182,2.82,1,9.0757090238855,0.628041398359109,1,0.182,17.27687623396
"1565",2247,"Ellikon","Outflow","Gastropoda","Hydrobiidae",4,"3",451,130586.530561878,"kick_net",0.182,2.82,1,9.0757090238855,0.628041398359109,1,0.182,17.27687623396
"1566",2248,"Ellikon","Outflow","Gastropoda","Hydrobiidae",4,"3",451,130586.530561878,"kick_net",0.182,2.82,1,9.0757090238855,0.628041398359109,1,0.182,17.27687623396
"1567",2249,"Ellikon","Outflow","Gastropoda","Hydrobiidae",4,"3",451,130586.530561878,"kick_net",0.182,2.82,1,9.0757090238855,0.628041398359109,1,0.182,17.27687623396
"1568",2250,"Ellikon","Outflow","Gastropoda","Hydrobiidae",4,"3",451,130586.530561878,"kick_net",0.182,2.82,1,9.0757090238855,0.628041398359109,1,0.182,17.27687623396
"1569",2251,"Ellikon","Outflow","Gastropoda","Hydrobiidae",4,"3",451,130586.530561878,"kick_net",0.182,2.82,1,9.0757090238855,0.628041398359109,1,0.182,17.27687623396
"1570",2252,"Ellikon","Outflow","Gastropoda","Hydrobiidae",4,"3",451,130586.530561878,"kick_net",0.182,2.82,1,9.0757090238855,0.628041398359109,1,0.182,17.27687623396
"1571",2253,"Ellikon","Outflow","Gastropoda","Hydrobiidae",4,"3",451,130586.530561878,"kick_net",0.182,2.82,1,9.0757090238855,0.628041398359109,1,0.182,17.27687623396
"1572",2254,"Ellikon","Outflow","Gastropoda","Hydrobiidae",4,"3",451,130586.530561878,"kick_net",0.182,2.82,1,9.0757090238855,0.628041398359109,1,0.182,17.27687623396
"1573",2255,"Ellikon","Outflow","Gastropoda","Hydrobiidae",4,"3",451,130586.530561878,"kick_net",0.182,2.82,1,9.0757090238855,0.628041398359109,1,0.182,17.27687623396
"1574",2256,"Ellikon","Outflow","Gastropoda","Hydrobiidae",4,"3",451,130586.530561878,"kick_net",0.182,2.82,1,9.0757090238855,0.628041398359109,1,0.182,17.27687623396
"1575",2257,"Ellikon","Outflow","Gastropoda","Hydrobiidae",4,"3",451,130586.530561878,"kick_net",0.182,2.82,1,9.0757090238855,0.628041398359109,1,0.182,17.27687623396
"1576",2258,"Ellikon","Outflow","Gastropoda","Hydrobiidae",4,"3",451,130586.530561878,"kick_net",0.182,2.82,1,9.0757090238855,0.628041398359109,1,0.182,17.27687623396
"1577",2259,"Ellikon","Outflow","Gastropoda","Hydrobiidae",4,"3",451,130586.530561878,"kick_net",0.182,2.82,1,9.0757090238855,0.628041398359109,1,0.182,17.27687623396
"1578",2260,"Ellikon","Outflow","Gastropoda","Hydrobiidae",4,"3",451,130586.530561878,"kick_net",0.182,2.82,1,9.0757090238855,0.628041398359109,1,0.182,17.27687623396
"1579",2261,"Ellikon","Outflow","Gastropoda","Hydrobiidae",4,"3",451,130586.530561878,"kick_net",0.182,2.82,1,9.0757090238855,0.628041398359109,1,0.182,17.27687623396
"1580",2262,"Ellikon","Outflow","Gastropoda","Hydrobiidae",4,"3",451,130586.530561878,"kick_net",0.182,2.82,1,9.0757090238855,0.628041398359109,1,0.182,17.27687623396
"1581",2263,"Ellikon","Outflow","Gastropoda","Hydrobiidae",4,"3",451,130586.530561878,"kick_net",0.182,2.82,1,9.0757090238855,0.628041398359109,1,0.182,17.27687623396
"1582",2264,"Ellikon","Outflow","Gastropoda","Hydrobiidae",4,"3",451,130586.530561878,"kick_net",0.182,2.82,1,9.0757090238855,0.628041398359109,1,0.182,17.27687623396
"1583",2265,"Ellikon","Outflow","Gastropoda","Hydrobiidae",4,"3",451,130586.530561878,"kick_net",0.182,2.82,1,9.0757090238855,0.628041398359109,1,0.182,17.27687623396
"1584",2266,"Ellikon","Outflow","Gastropoda","Hydrobiidae",4,"3",451,130586.530561878,"kick_net",0.182,2.82,1,9.0757090238855,0.628041398359109,1,0.182,17.27687623396
"1585",2267,"Ellikon","Outflow","Gastropoda","Hydrobiidae",4,"3",451,130586.530561878,"kick_net",0.182,2.82,1,9.0757090238855,0.628041398359109,1,0.182,17.27687623396
"1586",2268,"Ellikon","Outflow","Gastropoda","Hydrobiidae",4,"3",451,130586.530561878,"kick_net",0.182,2.82,1,9.0757090238855,0.628041398359109,1,0.182,17.27687623396
"1587",2269,"Ellikon","Outflow","Gastropoda","Hydrobiidae",4,"3",451,130586.530561878,"kick_net",0.182,2.82,1,9.0757090238855,0.628041398359109,1,0.182,17.27687623396
"1588",2270,"Ellikon","Outflow","Gastropoda","Hydrobiidae",4,"3",451,130586.530561878,"kick_net",0.182,2.82,1,9.0757090238855,0.628041398359109,1,0.182,17.27687623396
"1589",2271,"Ellikon","Outflow","Gastropoda","Hydrobiidae",4,"3",451,130586.530561878,"kick_net",0.182,2.82,1,9.0757090238855,0.628041398359109,1,0.182,17.27687623396
"1590",2272,"Ellikon","Outflow","Gastropoda","Hydrobiidae",4,"3",451,130586.530561878,"kick_net",0.182,2.82,1,9.0757090238855,0.628041398359109,1,0.182,17.27687623396
"1591",2273,"Ellikon","Outflow","Gastropoda","Hydrobiidae",4,"3",451,130586.530561878,"kick_net",0.182,2.82,1,9.0757090238855,0.628041398359109,1,0.182,17.27687623396
"1592",2274,"Ellikon","Outflow","Gastropoda","Hydrobiidae",4,"3",451,130586.530561878,"kick_net",0.182,2.82,1,9.0757090238855,0.628041398359109,1,0.182,17.27687623396
"1593",2275,"Ellikon","Outflow","Gastropoda","Hydrobiidae",4,"3",451,130586.530561878,"kick_net",0.182,2.82,1,9.0757090238855,0.628041398359109,1,0.182,17.27687623396
"1594",2276,"Ellikon","Outflow","Gastropoda","Hydrobiidae",4,"3",451,130586.530561878,"kick_net",0.182,2.82,1,9.0757090238855,0.628041398359109,1,0.182,17.27687623396
"1595",2277,"Ellikon","Outflow","Gastropoda","Hydrobiidae",4,"3",451,130586.530561878,"kick_net",0.182,2.82,1,9.0757090238855,0.628041398359109,1,0.182,17.27687623396
"1596",2278,"Ellikon","Outflow","Gastropoda","Hydrobiidae",4,"3",451,130586.530561878,"kick_net",0.182,2.82,1,9.0757090238855,0.628041398359109,1,0.182,17.27687623396
"1597",2279,"Ellikon","Outflow","Gastropoda","Hydrobiidae",4,"3",451,130586.530561878,"kick_net",0.182,2.82,1,9.0757090238855,0.628041398359109,1,0.182,17.27687623396
"1598",2280,"Ellikon","Outflow","Gastropoda","Hydrobiidae",4,"3",451,130586.530561878,"kick_net",0.182,2.82,1,9.0757090238855,0.628041398359109,1,0.182,17.27687623396
"1599",2281,"Ellikon","Outflow","Gastropoda","Hydrobiidae",4,"3",451,130586.530561878,"kick_net",0.182,2.82,1,9.0757090238855,0.628041398359109,1,0.182,17.27687623396
"1600",2282,"Ellikon","Outflow","Gastropoda","Hydrobiidae",4,"3",451,130586.530561878,"kick_net",0.182,2.82,1,9.0757090238855,0.628041398359109,1,0.182,17.27687623396
"1601",2283,"Ellikon","Outflow","Gastropoda","Hydrobiidae",4,"3",451,130586.530561878,"kick_net",0.182,2.82,1,9.0757090238855,0.628041398359109,1,0.182,17.27687623396
"1602",2284,"Ellikon","Outflow","Gastropoda","Hydrobiidae",4,"3",451,130586.530561878,"kick_net",0.182,2.82,1,9.0757090238855,0.628041398359109,1,0.182,17.27687623396
"1603",2285,"Ellikon","Outflow","Gastropoda","Hydrobiidae",4,"3",451,130586.530561878,"kick_net",0.182,2.82,1,9.0757090238855,0.628041398359109,1,0.182,17.27687623396
"1604",2286,"Ellikon","Outflow","Gastropoda","Hydrobiidae",4,"3",451,130586.530561878,"kick_net",0.182,2.82,1,9.0757090238855,0.628041398359109,1,0.182,17.27687623396
"1605",2287,"Ellikon","Outflow","Gastropoda","Hydrobiidae",4,"3",451,130586.530561878,"kick_net",0.182,2.82,1,9.0757090238855,0.628041398359109,1,0.182,17.27687623396
"1606",2288,"Ellikon","Outflow","Gastropoda","Hydrobiidae",4,"3",451,130586.530561878,"kick_net",0.182,2.82,1,9.0757090238855,0.628041398359109,1,0.182,17.27687623396
"1607",2289,"Ellikon","Outflow","Gastropoda","Hydrobiidae",4,"3",451,130586.530561878,"kick_net",0.182,2.82,1,9.0757090238855,0.628041398359109,1,0.182,17.27687623396
"1608",2290,"Ellikon","Outflow","Gastropoda","Hydrobiidae",4,"3",451,130586.530561878,"kick_net",0.182,2.82,1,9.0757090238855,0.628041398359109,1,0.182,17.27687623396
"1609",2291,"Ellikon","Outflow","Gastropoda","Hydrobiidae",4,"3",451,130586.530561878,"kick_net",0.182,2.82,1,9.0757090238855,0.628041398359109,1,0.182,17.27687623396
"1610",2292,"Ellikon","Outflow","Gastropoda","Hydrobiidae",4,"3",451,130586.530561878,"kick_net",0.182,2.82,1,9.0757090238855,0.628041398359109,1,0.182,17.27687623396
"1611",2293,"Ellikon","Outflow","Gastropoda","Hydrobiidae",4,"3",451,130586.530561878,"kick_net",0.182,2.82,1,9.0757090238855,0.628041398359109,1,0.182,17.27687623396
"1612",2294,"Ellikon","Outflow","Gastropoda","Hydrobiidae",4,"3",451,130586.530561878,"kick_net",0.182,2.82,1,9.0757090238855,0.628041398359109,1,0.182,17.27687623396
"1613",2295,"Ellikon","Outflow","Gastropoda","Hydrobiidae",5,"3",451,130586.530561878,"kick_net",0.182,2.82,1,17.0281238483793,0.628041398359109,1,0.182,17.27687623396
"1614",2296,"Ellikon","Outflow","Gastropoda","Hydrobiidae",5,"3",451,130586.530561878,"kick_net",0.182,2.82,1,17.0281238483793,0.628041398359109,1,0.182,17.27687623396
"1615",2297,"Ellikon","Outflow","Gastropoda","Hydrobiidae",5,"3",451,130586.530561878,"kick_net",0.182,2.82,1,17.0281238483793,0.628041398359109,1,0.182,17.27687623396
"1616",2298,"Ellikon","Outflow","Gastropoda","Hydrobiidae",5,"3",451,130586.530561878,"kick_net",0.182,2.82,1,17.0281238483793,0.628041398359109,1,0.182,17.27687623396
"1617",2299,"Ellikon","Outflow","Gastropoda","Hydrobiidae",5,"3",451,130586.530561878,"kick_net",0.182,2.82,1,17.0281238483793,0.628041398359109,1,0.182,17.27687623396
"1618",2300,"Ellikon","Outflow","Gastropoda","Hydrobiidae",5,"3",451,130586.530561878,"kick_net",0.182,2.82,1,17.0281238483793,0.628041398359109,1,0.182,17.27687623396
"1619",2301,"Ellikon","Outflow","Gastropoda","Hydrobiidae",5,"3",451,130586.530561878,"kick_net",0.182,2.82,1,17.0281238483793,0.628041398359109,1,0.182,17.27687623396
"1620",2302,"Ellikon","Outflow","Gastropoda","Hydrobiidae",5,"3",451,130586.530561878,"kick_net",0.182,2.82,1,17.0281238483793,0.628041398359109,1,0.182,17.27687623396
"1621",2303,"Ellikon","Outflow","Gastropoda","Hydrobiidae",5,"3",451,130586.530561878,"kick_net",0.182,2.82,1,17.0281238483793,0.628041398359109,1,0.182,17.27687623396
"1622",2304,"Ellikon","Outflow","Gastropoda","Hydrobiidae",5,"3",451,130586.530561878,"kick_net",0.182,2.82,1,17.0281238483793,0.628041398359109,1,0.182,17.27687623396
"1623",2305,"Ellikon","Outflow","Gastropoda","Hydrobiidae",5,"3",451,130586.530561878,"kick_net",0.182,2.82,1,17.0281238483793,0.628041398359109,1,0.182,17.27687623396
"1624",2306,"Ellikon","Outflow","Gastropoda","Hydrobiidae",5,"3",451,130586.530561878,"kick_net",0.182,2.82,1,17.0281238483793,0.628041398359109,1,0.182,17.27687623396
"1625",2307,"Ellikon","Outflow","Gastropoda","Hydrobiidae",5,"3",451,130586.530561878,"kick_net",0.182,2.82,1,17.0281238483793,0.628041398359109,1,0.182,17.27687623396
"1626",2308,"Ellikon","Outflow","Gastropoda","Hydrobiidae",5,"3",451,130586.530561878,"kick_net",0.182,2.82,1,17.0281238483793,0.628041398359109,1,0.182,17.27687623396
"1627",2309,"Ellikon","Outflow","Gastropoda","Hydrobiidae",5,"3",451,130586.530561878,"kick_net",0.182,2.82,1,17.0281238483793,0.628041398359109,1,0.182,17.27687623396
"1628",2310,"Ellikon","Outflow","Gastropoda","Hydrobiidae",5,"3",451,130586.530561878,"kick_net",0.182,2.82,1,17.0281238483793,0.628041398359109,1,0.182,17.27687623396
"1629",2311,"Ellikon","Outflow","Gastropoda","Hydrobiidae",5,"3",451,130586.530561878,"kick_net",0.182,2.82,1,17.0281238483793,0.628041398359109,1,0.182,17.27687623396
"1630",2312,"Ellikon","Outflow","Gastropoda","Hydrobiidae",5,"3",451,130586.530561878,"kick_net",0.182,2.82,1,17.0281238483793,0.628041398359109,1,0.182,17.27687623396
"1631",2313,"Ellikon","Outflow","Gastropoda","Hydrobiidae",5,"3",451,130586.530561878,"kick_net",0.182,2.82,1,17.0281238483793,0.628041398359109,1,0.182,17.27687623396
"1632",2314,"Ellikon","Outflow","Gastropoda","Hydrobiidae",5,"3",451,130586.530561878,"kick_net",0.182,2.82,1,17.0281238483793,0.628041398359109,1,0.182,17.27687623396
"1633",2315,"Ellikon","Outflow","Gastropoda","Hydrobiidae",5,"3",451,130586.530561878,"kick_net",0.182,2.82,1,17.0281238483793,0.628041398359109,1,0.182,17.27687623396
"1634",2316,"Ellikon","Outflow","Gastropoda","Hydrobiidae",5,"3",451,130586.530561878,"kick_net",0.182,2.82,1,17.0281238483793,0.628041398359109,1,0.182,17.27687623396
"1635",2317,"Ellikon","Outflow","Gastropoda","Hydrobiidae",5,"3",451,130586.530561878,"kick_net",0.182,2.82,1,17.0281238483793,0.628041398359109,1,0.182,17.27687623396
"1636",2318,"Ellikon","Outflow","Gastropoda","Hydrobiidae",5,"3",451,130586.530561878,"kick_net",0.182,2.82,1,17.0281238483793,0.628041398359109,1,0.182,17.27687623396
"1637",2319,"Ellikon","Outflow","Gastropoda","Hydrobiidae",5,"3",451,130586.530561878,"kick_net",0.182,2.82,1,17.0281238483793,0.628041398359109,1,0.182,17.27687623396
"1638",2320,"Ellikon","Outflow","Gastropoda","Hydrobiidae",5,"3",451,130586.530561878,"kick_net",0.182,2.82,1,17.0281238483793,0.628041398359109,1,0.182,17.27687623396
"1639",2321,"Ellikon","Outflow","Gastropoda","Hydrobiidae",5,"3",451,130586.530561878,"kick_net",0.182,2.82,1,17.0281238483793,0.628041398359109,1,0.182,17.27687623396
"1640",2322,"Ellikon","Outflow","Gastropoda","Hydrobiidae",5,"3",451,130586.530561878,"kick_net",0.182,2.82,1,17.0281238483793,0.628041398359109,1,0.182,17.27687623396
"1641",2324,"Ellikon","Outflow","Coleoptera","Elmidae",4,"3",451,130586.530561878,"kick_net",0.007,2.88,1,0.379341899938412,0.628041398359109,1,0.182,17.27687623396
"1642",2327,"Ellikon","Outflow","Amphipoda","Gammaridae",3,"3",451,130586.530561878,"kick_net",0.00845,2.8705,1,0.197894293315652,0.628041398359109,1,0.182,17.27687623396
"1643",2328,"Ellikon","Outflow","Amphipoda","Gammaridae",4,"3",451,130586.530561878,"kick_net",0.00845,2.8705,1,0.451928691384938,0.628041398359109,1,0.182,17.27687623396
"1644",2329,"Ellikon","Outflow","Amphipoda","Gammaridae",4,"3",451,130586.530561878,"kick_net",0.00845,2.8705,1,0.451928691384938,0.628041398359109,1,0.182,17.27687623396
"1645",2330,"Ellikon","Outflow","Amphipoda","Gammaridae",5,"3",451,130586.530561878,"kick_net",0.00845,2.8705,1,0.857531547980516,0.628041398359109,1,0.182,17.27687623396
"1646",2331,"Ellikon","Outflow","Amphipoda","Gammaridae",7,"3",451,130586.530561878,"kick_net",0.00845,2.8705,1,2.25273772956822,0.628041398359109,1,0.182,17.27687623396
"1647",2332,"Ellikon","Outflow","Diptera","Tipulidae",11,"3",451,130586.530561878,"kick_net",0.003,2.68,1,1.85376061518794,0.628041398359109,1,0.182,17.27687623396
"1648",2333,"Ellikon","Outflow","Gastropoda","Physidae",7,"3",451,130586.530561878,"kick_net",0.0457,3.05,1,17.27687623396,0.628041398359109,1,0.182,17.27687623396
"1649",2334,"Ellikon","Outflow","Gastropoda","Planorbidae",2,"3",451,130586.530561878,"kick_net",-3.319,3.1403,2,0.319081121584637,0.628041398359109,1,0.182,17.27687623396
"1650",2335,"Ellikon","Outflow","Gastropoda","Planorbidae",2,"3",451,130586.530561878,"kick_net",-3.319,3.1403,2,0.319081121584637,0.628041398359109,1,0.182,17.27687623396
"1651",2336,"Ellikon","Outflow","Gastropoda","Planorbidae",3,"3",451,130586.530561878,"kick_net",-3.319,3.1403,2,1.13993605656917,0.628041398359109,1,0.182,17.27687623396
"1652",2337,"Ellikon","Outflow","Gastropoda","Planorbidae",3,"3",451,130586.530561878,"kick_net",-3.319,3.1403,2,1.13993605656917,0.628041398359109,1,0.182,17.27687623396
"1653",2339,"Ellikon","Outflow","Ephemeroptera","Baetidae",9,"3",451,130586.530561878,"kick_net",0.005,2.875,1,2.76960107420006,0.628041398359109,1,0.182,17.27687623396
"1654",2340,"Ellikon","Outflow","Ephemeroptera","Caenidae",5,"3",451,130586.530561878,"kick_net",0.005,2.772,1,0.43302688047797,0.628041398359109,1,0.182,17.27687623396
"1655",2806,"Hemishofen","Control","Trichoptera","Hydropsychidae",20,"2",249,39087.44309631,"kick_net",0.005,2.926,1,32.0467337107104,-0.735872957188317,1,29.9338463360143,74.3176012027841
"1656",2808,"Hemishofen","Control","Trichoptera","Limnephilidae",21,"2",249,39087.44309631,"kick_net",0.004,2.93,1,29.9338463360143,-0.735872957188317,1,29.9338463360143,74.3176012027841
"1657",2809,"Hemishofen","Control","Trichoptera","Limnephilidae",21,"2",249,39087.44309631,"kick_net",0.004,2.93,1,29.9338463360143,-0.735872957188317,1,29.9338463360143,74.3176012027841
"1658",2816,"Hemishofen","Control","Odonata","Cordulegastridae",28,"2",249,39087.44309631,"kick_net",0.007,2.782,1,74.3176012027841,-0.735872957188317,1,29.9338463360143,74.3176012027841
"1659",2894,"Hemishofen","Inflow","Ephemeroptera","Baetidae",8,"2",249,39087.44309631,"kick_net",0.005,2.875,1,1.97402985652216,-0.735872957188317,1,1.97402985652216,44.2668816563567
"1660",2896,"Hemishofen","Inflow","Ephemeroptera","Ephemeridae",15,"2",249,39087.44309631,"kick_net",0.003,2.764,1,5.34364372364597,-0.735872957188317,1,1.97402985652216,44.2668816563567
"1661",2897,"Hemishofen","Inflow","Ephemeroptera","Ephemeridae",15,"2",249,39087.44309631,"kick_net",0.003,2.764,1,5.34364372364597,-0.735872957188317,1,1.97402985652216,44.2668816563567
"1662",2898,"Hemishofen","Inflow","Ephemeroptera","Ephemeridae",17,"2",249,39087.44309631,"kick_net",0.003,2.764,1,7.55234939240654,-0.735872957188317,1,1.97402985652216,44.2668816563567
"1663",2899,"Hemishofen","Inflow","Ephemeroptera","Ephemeridae",18,"2",249,39087.44309631,"kick_net",0.003,2.764,1,8.84493119412125,-0.735872957188317,1,1.97402985652216,44.2668816563567
"1664",2904,"Hemishofen","Inflow","Trichoptera","Sericostomatidae",8,"2",249,39087.44309631,"kick_net",0.007,2.74,1,2.08720258695147,-0.735872957188317,1,1.97402985652216,44.2668816563567
"1665",2905,"Hemishofen","Inflow","Trichoptera","Limnephilidae",20,"2",249,39087.44309631,"kick_net",0.004,2.93,1,25.946445976709,-0.735872957188317,1,1.97402985652216,44.2668816563567
"1666",2906,"Hemishofen","Inflow","Trichoptera","Limnephilidae",20,"2",249,39087.44309631,"kick_net",0.004,2.93,1,25.946445976709,-0.735872957188317,1,1.97402985652216,44.2668816563567
"1667",2907,"Hemishofen","Inflow","Trichoptera","Limnephilidae",21,"2",249,39087.44309631,"kick_net",0.004,2.93,1,29.9338463360143,-0.735872957188317,1,1.97402985652216,44.2668816563567
"1668",2908,"Hemishofen","Inflow","Trichoptera","Limnephilidae",21,"2",249,39087.44309631,"kick_net",0.004,2.93,1,29.9338463360143,-0.735872957188317,1,1.97402985652216,44.2668816563567
"1669",2909,"Hemishofen","Inflow","Trichoptera","Limnephilidae",21,"2",249,39087.44309631,"kick_net",0.004,2.93,1,29.9338463360143,-0.735872957188317,1,1.97402985652216,44.2668816563567
"1670",2910,"Hemishofen","Inflow","Trichoptera","Limnephilidae",22,"2",249,39087.44309631,"kick_net",0.004,2.93,1,34.3050807655492,-0.735872957188317,1,1.97402985652216,44.2668816563567
"1671",2911,"Hemishofen","Inflow","Trichoptera","Limnephilidae",22,"2",249,39087.44309631,"kick_net",0.004,2.93,1,34.3050807655492,-0.735872957188317,1,1.97402985652216,44.2668816563567
"1672",2912,"Hemishofen","Inflow","Trichoptera","Limnephilidae",22,"2",249,39087.44309631,"kick_net",0.004,2.93,1,34.3050807655492,-0.735872957188317,1,1.97402985652216,44.2668816563567
"1673",2913,"Hemishofen","Inflow","Trichoptera","Limnephilidae",24,"2",249,39087.44309631,"kick_net",0.004,2.93,1,44.2668816563567,-0.735872957188317,1,1.97402985652216,44.2668816563567
"1674",2914,"Hemishofen","Inflow","Trichoptera","Hydropsychidae",18,"2",249,39087.44309631,"kick_net",0.005,2.926,1,23.544927325188,-0.735872957188317,1,1.97402985652216,44.2668816563567
"1675",2944,"Hemishofen","Inflow","Amphipoda","Gammaridae",7,"2",249,39087.44309631,"kick_net",0.00845,2.8705,1,2.25273772956822,-0.735872957188317,1,1.97402985652216,44.2668816563567
"1676",2945,"Hemishofen","Inflow","Amphipoda","Gammaridae",7,"2",249,39087.44309631,"kick_net",0.00845,2.8705,1,2.25273772956822,-0.735872957188317,1,1.97402985652216,44.2668816563567
"1677",2946,"Hemishofen","Inflow","Amphipoda","Gammaridae",7,"2",249,39087.44309631,"kick_net",0.00845,2.8705,1,2.25273772956822,-0.735872957188317,1,1.97402985652216,44.2668816563567
"1678",2947,"Hemishofen","Inflow","Amphipoda","Gammaridae",7,"2",249,39087.44309631,"kick_net",0.00845,2.8705,1,2.25273772956822,-0.735872957188317,1,1.97402985652216,44.2668816563567
"1679",2948,"Hemishofen","Inflow","Amphipoda","Gammaridae",7,"2",249,39087.44309631,"kick_net",0.00845,2.8705,1,2.25273772956822,-0.735872957188317,1,1.97402985652216,44.2668816563567
"1680",2949,"Hemishofen","Inflow","Amphipoda","Gammaridae",7,"2",249,39087.44309631,"kick_net",0.00845,2.8705,1,2.25273772956822,-0.735872957188317,1,1.97402985652216,44.2668816563567
"1681",2950,"Hemishofen","Inflow","Amphipoda","Gammaridae",7,"2",249,39087.44309631,"kick_net",0.00845,2.8705,1,2.25273772956822,-0.735872957188317,1,1.97402985652216,44.2668816563567
"1682",2951,"Hemishofen","Inflow","Amphipoda","Gammaridae",7,"2",249,39087.44309631,"kick_net",0.00845,2.8705,1,2.25273772956822,-0.735872957188317,1,1.97402985652216,44.2668816563567
"1683",2952,"Hemishofen","Inflow","Amphipoda","Gammaridae",7,"2",249,39087.44309631,"kick_net",0.00845,2.8705,1,2.25273772956822,-0.735872957188317,1,1.97402985652216,44.2668816563567
"1684",2953,"Hemishofen","Inflow","Amphipoda","Gammaridae",7,"2",249,39087.44309631,"kick_net",0.00845,2.8705,1,2.25273772956822,-0.735872957188317,1,1.97402985652216,44.2668816563567
"1685",2954,"Hemishofen","Inflow","Amphipoda","Gammaridae",7,"2",249,39087.44309631,"kick_net",0.00845,2.8705,1,2.25273772956822,-0.735872957188317,1,1.97402985652216,44.2668816563567
"1686",2955,"Hemishofen","Inflow","Amphipoda","Gammaridae",7,"2",249,39087.44309631,"kick_net",0.00845,2.8705,1,2.25273772956822,-0.735872957188317,1,1.97402985652216,44.2668816563567
"1687",2956,"Hemishofen","Inflow","Amphipoda","Gammaridae",7,"2",249,39087.44309631,"kick_net",0.00845,2.8705,1,2.25273772956822,-0.735872957188317,1,1.97402985652216,44.2668816563567
"1688",2957,"Hemishofen","Inflow","Amphipoda","Gammaridae",7,"2",249,39087.44309631,"kick_net",0.00845,2.8705,1,2.25273772956822,-0.735872957188317,1,1.97402985652216,44.2668816563567
"1689",2958,"Hemishofen","Inflow","Amphipoda","Gammaridae",7,"2",249,39087.44309631,"kick_net",0.00845,2.8705,1,2.25273772956822,-0.735872957188317,1,1.97402985652216,44.2668816563567
"1690",2959,"Hemishofen","Inflow","Amphipoda","Gammaridae",7,"2",249,39087.44309631,"kick_net",0.00845,2.8705,1,2.25273772956822,-0.735872957188317,1,1.97402985652216,44.2668816563567
"1691",2960,"Hemishofen","Inflow","Amphipoda","Gammaridae",7,"2",249,39087.44309631,"kick_net",0.00845,2.8705,1,2.25273772956822,-0.735872957188317,1,1.97402985652216,44.2668816563567
"1692",2961,"Hemishofen","Inflow","Amphipoda","Gammaridae",7,"2",249,39087.44309631,"kick_net",0.00845,2.8705,1,2.25273772956822,-0.735872957188317,1,1.97402985652216,44.2668816563567
"1693",2962,"Hemishofen","Inflow","Amphipoda","Gammaridae",8,"2",249,39087.44309631,"kick_net",0.00845,2.8705,1,3.30503845216443,-0.735872957188317,1,1.97402985652216,44.2668816563567
"1694",2963,"Hemishofen","Inflow","Amphipoda","Gammaridae",8,"2",249,39087.44309631,"kick_net",0.00845,2.8705,1,3.30503845216443,-0.735872957188317,1,1.97402985652216,44.2668816563567
"1695",2964,"Hemishofen","Inflow","Amphipoda","Gammaridae",8,"2",249,39087.44309631,"kick_net",0.00845,2.8705,1,3.30503845216443,-0.735872957188317,1,1.97402985652216,44.2668816563567
"1696",2965,"Hemishofen","Inflow","Amphipoda","Gammaridae",8,"2",249,39087.44309631,"kick_net",0.00845,2.8705,1,3.30503845216443,-0.735872957188317,1,1.97402985652216,44.2668816563567
"1697",2966,"Hemishofen","Inflow","Amphipoda","Gammaridae",8,"2",249,39087.44309631,"kick_net",0.00845,2.8705,1,3.30503845216443,-0.735872957188317,1,1.97402985652216,44.2668816563567
"1698",2967,"Hemishofen","Inflow","Amphipoda","Gammaridae",8,"2",249,39087.44309631,"kick_net",0.00845,2.8705,1,3.30503845216443,-0.735872957188317,1,1.97402985652216,44.2668816563567
"1699",2968,"Hemishofen","Inflow","Amphipoda","Gammaridae",8,"2",249,39087.44309631,"kick_net",0.00845,2.8705,1,3.30503845216443,-0.735872957188317,1,1.97402985652216,44.2668816563567
"1700",2969,"Hemishofen","Inflow","Amphipoda","Gammaridae",8,"2",249,39087.44309631,"kick_net",0.00845,2.8705,1,3.30503845216443,-0.735872957188317,1,1.97402985652216,44.2668816563567
"1701",2970,"Hemishofen","Inflow","Amphipoda","Gammaridae",8,"2",249,39087.44309631,"kick_net",0.00845,2.8705,1,3.30503845216443,-0.735872957188317,1,1.97402985652216,44.2668816563567
"1702",2971,"Hemishofen","Inflow","Amphipoda","Gammaridae",8,"2",249,39087.44309631,"kick_net",0.00845,2.8705,1,3.30503845216443,-0.735872957188317,1,1.97402985652216,44.2668816563567
"1703",2972,"Hemishofen","Inflow","Amphipoda","Gammaridae",8,"2",249,39087.44309631,"kick_net",0.00845,2.8705,1,3.30503845216443,-0.735872957188317,1,1.97402985652216,44.2668816563567
"1704",2973,"Hemishofen","Inflow","Amphipoda","Gammaridae",8,"2",249,39087.44309631,"kick_net",0.00845,2.8705,1,3.30503845216443,-0.735872957188317,1,1.97402985652216,44.2668816563567
"1705",2974,"Hemishofen","Inflow","Amphipoda","Gammaridae",8,"2",249,39087.44309631,"kick_net",0.00845,2.8705,1,3.30503845216443,-0.735872957188317,1,1.97402985652216,44.2668816563567
"1706",2975,"Hemishofen","Inflow","Amphipoda","Gammaridae",8,"2",249,39087.44309631,"kick_net",0.00845,2.8705,1,3.30503845216443,-0.735872957188317,1,1.97402985652216,44.2668816563567
"1707",2976,"Hemishofen","Inflow","Amphipoda","Gammaridae",9,"2",249,39087.44309631,"kick_net",0.00845,2.8705,1,4.6345741215268,-0.735872957188317,1,1.97402985652216,44.2668816563567
"1708",2977,"Hemishofen","Inflow","Amphipoda","Gammaridae",9,"2",249,39087.44309631,"kick_net",0.00845,2.8705,1,4.6345741215268,-0.735872957188317,1,1.97402985652216,44.2668816563567
"1709",2978,"Hemishofen","Inflow","Amphipoda","Gammaridae",9,"2",249,39087.44309631,"kick_net",0.00845,2.8705,1,4.6345741215268,-0.735872957188317,1,1.97402985652216,44.2668816563567
"1710",2979,"Hemishofen","Inflow","Amphipoda","Gammaridae",9,"2",249,39087.44309631,"kick_net",0.00845,2.8705,1,4.6345741215268,-0.735872957188317,1,1.97402985652216,44.2668816563567
"1711",2980,"Hemishofen","Inflow","Amphipoda","Gammaridae",9,"2",249,39087.44309631,"kick_net",0.00845,2.8705,1,4.6345741215268,-0.735872957188317,1,1.97402985652216,44.2668816563567
"1712",2981,"Hemishofen","Inflow","Amphipoda","Gammaridae",9,"2",249,39087.44309631,"kick_net",0.00845,2.8705,1,4.6345741215268,-0.735872957188317,1,1.97402985652216,44.2668816563567
"1713",2982,"Hemishofen","Inflow","Amphipoda","Gammaridae",9,"2",249,39087.44309631,"kick_net",0.00845,2.8705,1,4.6345741215268,-0.735872957188317,1,1.97402985652216,44.2668816563567
"1714",2983,"Hemishofen","Inflow","Amphipoda","Gammaridae",9,"2",249,39087.44309631,"kick_net",0.00845,2.8705,1,4.6345741215268,-0.735872957188317,1,1.97402985652216,44.2668816563567
"1715",2984,"Hemishofen","Inflow","Amphipoda","Gammaridae",9,"2",249,39087.44309631,"kick_net",0.00845,2.8705,1,4.6345741215268,-0.735872957188317,1,1.97402985652216,44.2668816563567
"1716",2985,"Hemishofen","Inflow","Amphipoda","Gammaridae",9,"2",249,39087.44309631,"kick_net",0.00845,2.8705,1,4.6345741215268,-0.735872957188317,1,1.97402985652216,44.2668816563567
"1717",2986,"Hemishofen","Inflow","Amphipoda","Gammaridae",11,"2",249,39087.44309631,"kick_net",0.00845,2.8705,1,8.24469153511625,-0.735872957188317,1,1.97402985652216,44.2668816563567
"1718",2987,"Hemishofen","Inflow","Amphipoda","Gammaridae",11,"2",249,39087.44309631,"kick_net",0.00845,2.8705,1,8.24469153511625,-0.735872957188317,1,1.97402985652216,44.2668816563567
"1719",2988,"Hemishofen","Inflow","Amphipoda","Gammaridae",11,"2",249,39087.44309631,"kick_net",0.00845,2.8705,1,8.24469153511625,-0.735872957188317,1,1.97402985652216,44.2668816563567
"1720",2989,"Hemishofen","Inflow","Amphipoda","Gammaridae",11,"2",249,39087.44309631,"kick_net",0.00845,2.8705,1,8.24469153511625,-0.735872957188317,1,1.97402985652216,44.2668816563567
"1721",2990,"Hemishofen","Inflow","Amphipoda","Gammaridae",11,"2",249,39087.44309631,"kick_net",0.00845,2.8705,1,8.24469153511625,-0.735872957188317,1,1.97402985652216,44.2668816563567
"1722",2991,"Hemishofen","Inflow","Amphipoda","Gammaridae",11,"2",249,39087.44309631,"kick_net",0.00845,2.8705,1,8.24469153511625,-0.735872957188317,1,1.97402985652216,44.2668816563567
"1723",2992,"Hemishofen","Inflow","Amphipoda","Gammaridae",12,"2",249,39087.44309631,"kick_net",0.00845,2.8705,1,10.5839182261171,-0.735872957188317,1,1.97402985652216,44.2668816563567
"1724",2993,"Hemishofen","Inflow","Amphipoda","Gammaridae",12,"2",249,39087.44309631,"kick_net",0.00845,2.8705,1,10.5839182261171,-0.735872957188317,1,1.97402985652216,44.2668816563567
"1725",2994,"Hemishofen","Inflow","Amphipoda","Gammaridae",12,"2",249,39087.44309631,"kick_net",0.00845,2.8705,1,10.5839182261171,-0.735872957188317,1,1.97402985652216,44.2668816563567
"1726",2995,"Hemishofen","Inflow","Amphipoda","Gammaridae",12,"2",249,39087.44309631,"kick_net",0.00845,2.8705,1,10.5839182261171,-0.735872957188317,1,1.97402985652216,44.2668816563567
"1727",2996,"Hemishofen","Inflow","Amphipoda","Gammaridae",13,"2",249,39087.44309631,"kick_net",0.00845,2.8705,1,13.3177574719972,-0.735872957188317,1,1.97402985652216,44.2668816563567
"1728",3045,"Hemishofen","Inflow","Gastropoda","Planorbidae",7,"2",249,39087.44309631,"kick_net",-3.319,3.1403,2,16.3094002017348,-0.735872957188317,1,1.97402985652216,44.2668816563567
"1729",3069,"Hemishofen","Pool","Amphipoda","Gammaridae",12,"2",249,39087.44309631,"kick_net",0.00845,2.8705,1,10.5839182261171,-0.735872957188317,1,10.2706092772113,13.3177574719972
"1730",3070,"Hemishofen","Pool","Amphipoda","Gammaridae",13,"2",249,39087.44309631,"kick_net",0.00845,2.8705,1,13.3177574719972,-0.735872957188317,1,10.2706092772113,13.3177574719972
"1731",3075,"Hemishofen","Pool","Trichoptera","Limnephilidae",15,"2",249,39087.44309631,"kick_net",0.004,2.93,1,11.1688222781476,-0.735872957188317,1,10.2706092772113,13.3177574719972
"1732",3085,"Hemishofen","Pool","Ephemeroptera","Heptageniidae",12,"2",249,39087.44309631,"kick_net",0.011,2.754,1,10.3147293462975,-0.735872957188317,1,10.2706092772113,13.3177574719972
"1733",3088,"Hemishofen","Pool","Ephemeroptera","Ephemeridae",19,"2",249,39087.44309631,"kick_net",0.003,2.764,1,10.2706092772113,-0.735872957188317,1,10.2706092772113,13.3177574719972
"1734",3089,"Hemishofen","Outflow","Ephemeroptera","Ephemeridae",17,"2",249,39087.44309631,"kick_net",0.003,2.764,1,7.55234939240654,-0.735872957188317,1,0.439810161615349,10.5839182261171
"1735",3090,"Hemishofen","Outflow","Trichoptera","Rhyacophilidae",10,"2",249,39087.44309631,"kick_net",0.01,2.48,1,3.01995172040202,-0.735872957188317,1,0.439810161615349,10.5839182261171
"1736",3091,"Hemishofen","Outflow","Trichoptera","Rhyacophilidae",11,"2",249,39087.44309631,"kick_net",0.01,2.48,1,3.82519746411746,-0.735872957188317,1,0.439810161615349,10.5839182261171
"1737",3098,"Hemishofen","Outflow","Amphipoda","Gammaridae",4,"2",249,39087.44309631,"kick_net",0.00845,2.8705,1,0.451928691384938,-0.735872957188317,1,0.439810161615349,10.5839182261171
"1738",3099,"Hemishofen","Outflow","Amphipoda","Gammaridae",4,"2",249,39087.44309631,"kick_net",0.00845,2.8705,1,0.451928691384938,-0.735872957188317,1,0.439810161615349,10.5839182261171
"1739",3100,"Hemishofen","Outflow","Amphipoda","Gammaridae",4,"2",249,39087.44309631,"kick_net",0.00845,2.8705,1,0.451928691384938,-0.735872957188317,1,0.439810161615349,10.5839182261171
"1740",3101,"Hemishofen","Outflow","Amphipoda","Gammaridae",4,"2",249,39087.44309631,"kick_net",0.00845,2.8705,1,0.451928691384938,-0.735872957188317,1,0.439810161615349,10.5839182261171
"1741",3102,"Hemishofen","Outflow","Amphipoda","Gammaridae",5,"2",249,39087.44309631,"kick_net",0.00845,2.8705,1,0.857531547980516,-0.735872957188317,1,0.439810161615349,10.5839182261171
"1742",3103,"Hemishofen","Outflow","Amphipoda","Gammaridae",6,"2",249,39087.44309631,"kick_net",0.00845,2.8705,1,1.44723771988851,-0.735872957188317,1,0.439810161615349,10.5839182261171
"1743",3104,"Hemishofen","Outflow","Amphipoda","Gammaridae",6,"2",249,39087.44309631,"kick_net",0.00845,2.8705,1,1.44723771988851,-0.735872957188317,1,0.439810161615349,10.5839182261171
"1744",3105,"Hemishofen","Outflow","Amphipoda","Gammaridae",8,"2",249,39087.44309631,"kick_net",0.00845,2.8705,1,3.30503845216443,-0.735872957188317,1,0.439810161615349,10.5839182261171
"1745",3106,"Hemishofen","Outflow","Amphipoda","Gammaridae",8,"2",249,39087.44309631,"kick_net",0.00845,2.8705,1,3.30503845216443,-0.735872957188317,1,0.439810161615349,10.5839182261171
"1746",3107,"Hemishofen","Outflow","Amphipoda","Gammaridae",8,"2",249,39087.44309631,"kick_net",0.00845,2.8705,1,3.30503845216443,-0.735872957188317,1,0.439810161615349,10.5839182261171
"1747",3108,"Hemishofen","Outflow","Amphipoda","Gammaridae",8,"2",249,39087.44309631,"kick_net",0.00845,2.8705,1,3.30503845216443,-0.735872957188317,1,0.439810161615349,10.5839182261171
"1748",3109,"Hemishofen","Outflow","Amphipoda","Gammaridae",8,"2",249,39087.44309631,"kick_net",0.00845,2.8705,1,3.30503845216443,-0.735872957188317,1,0.439810161615349,10.5839182261171
"1749",3110,"Hemishofen","Outflow","Amphipoda","Gammaridae",8,"2",249,39087.44309631,"kick_net",0.00845,2.8705,1,3.30503845216443,-0.735872957188317,1,0.439810161615349,10.5839182261171
"1750",3111,"Hemishofen","Outflow","Amphipoda","Gammaridae",8,"2",249,39087.44309631,"kick_net",0.00845,2.8705,1,3.30503845216443,-0.735872957188317,1,0.439810161615349,10.5839182261171
"1751",3112,"Hemishofen","Outflow","Amphipoda","Gammaridae",9,"2",249,39087.44309631,"kick_net",0.00845,2.8705,1,4.6345741215268,-0.735872957188317,1,0.439810161615349,10.5839182261171
"1752",3113,"Hemishofen","Outflow","Amphipoda","Gammaridae",9,"2",249,39087.44309631,"kick_net",0.00845,2.8705,1,4.6345741215268,-0.735872957188317,1,0.439810161615349,10.5839182261171
"1753",3114,"Hemishofen","Outflow","Amphipoda","Gammaridae",12,"2",249,39087.44309631,"kick_net",0.00845,2.8705,1,10.5839182261171,-0.735872957188317,1,0.439810161615349,10.5839182261171
"1754",3115,"Hemishofen","Outflow","Amphipoda","Gammaridae",12,"2",249,39087.44309631,"kick_net",0.00845,2.8705,1,10.5839182261171,-0.735872957188317,1,0.439810161615349,10.5839182261171
"1755",3116,"Hemishofen","Outflow","Diptera","Simuliidae",6,"2",249,39087.44309631,"kick_net",0.002,3.01,1,0.439810161615349,-0.735872957188317,1,0.439810161615349,10.5839182261171
"1756",3117,"Hemishofen","Outflow","Diptera","Simuliidae",6,"2",249,39087.44309631,"kick_net",0.002,3.01,1,0.439810161615349,-0.735872957188317,1,0.439810161615349,10.5839182261171
"1757",3118,"Hemishofen","Outflow","Diptera","Simuliidae",6,"2",249,39087.44309631,"kick_net",0.002,3.01,1,0.439810161615349,-0.735872957188317,1,0.439810161615349,10.5839182261171
"1758",3119,"Hemishofen","Outflow","Diptera","Simuliidae",6,"2",249,39087.44309631,"kick_net",0.002,3.01,1,0.439810161615349,-0.735872957188317,1,0.439810161615349,10.5839182261171
"1759",3120,"Hemishofen","Outflow","Diptera","Simuliidae",7,"2",249,39087.44309631,"kick_net",0.002,3.01,1,0.699479669405531,-0.735872957188317,1,0.439810161615349,10.5839182261171
"1760",3136,"Hemishofen","Outflow","Ephemeroptera","Leptophlebiidae",6,"2",249,39087.44309631,"kick_net",0.005,2.686,1,0.615296242395424,-0.735872957188317,1,0.439810161615349,10.5839182261171
"1761",3137,"Hemishofen","Outflow","Ephemeroptera","Leptophlebiidae",7,"2",249,39087.44309631,"kick_net",0.005,2.686,1,0.930900663428675,-0.735872957188317,1,0.439810161615349,10.5839182261171
"1762",3138,"Hemishofen","Outflow","Ephemeroptera","Leptophlebiidae",7,"2",249,39087.44309631,"kick_net",0.005,2.686,1,0.930900663428675,-0.735872957188317,1,0.439810161615349,10.5839182261171
"1763",3169,"Nider","Control","Trichoptera","Limnephilidae",16,"1",30231,24.2948159790324,"kick_net",0.004,2.93,1,13.4937152269119,-1.31816060822604,1,10.5839182261171,201.077048503557
"1764",3180,"Nider","Control","Gastropoda","Hydrobiidae",12,"1",30231,24.2948159790324,"kick_net",0.182,2.82,1,201.077048503557,-1.31816060822604,1,10.5839182261171,201.077048503557
"1765",3184,"Nider","Control","Amphipoda","Gammaridae",12,"1",30231,24.2948159790324,"kick_net",0.00845,2.8705,1,10.5839182261171,-1.31816060822604,1,10.5839182261171,201.077048503557
"1766",3330,"Nider","Control","Amphipoda","Gammaridae",12,"1",30231,24.2948159790324,"kick_net",0.00845,2.8705,1,10.5839182261171,-1.31816060822604,1,10.5839182261171,201.077048503557
"1767",3331,"Nider","Control","Amphipoda","Gammaridae",12,"1",30231,24.2948159790324,"kick_net",0.00845,2.8705,1,10.5839182261171,-1.31816060822604,1,10.5839182261171,201.077048503557
"1768",3332,"Nider","Control","Amphipoda","Gammaridae",12,"1",30231,24.2948159790324,"kick_net",0.00845,2.8705,1,10.5839182261171,-1.31816060822604,1,10.5839182261171,201.077048503557
"1769",3333,"Nider","Control","Amphipoda","Gammaridae",12,"1",30231,24.2948159790324,"kick_net",0.00845,2.8705,1,10.5839182261171,-1.31816060822604,1,10.5839182261171,201.077048503557
"1770",3334,"Nider","Control","Amphipoda","Gammaridae",12,"1",30231,24.2948159790324,"kick_net",0.00845,2.8705,1,10.5839182261171,-1.31816060822604,1,10.5839182261171,201.077048503557
"1771",3335,"Nider","Control","Amphipoda","Gammaridae",12,"1",30231,24.2948159790324,"kick_net",0.00845,2.8705,1,10.5839182261171,-1.31816060822604,1,10.5839182261171,201.077048503557
"1772",3336,"Nider","Control","Amphipoda","Gammaridae",12,"1",30231,24.2948159790324,"kick_net",0.00845,2.8705,1,10.5839182261171,-1.31816060822604,1,10.5839182261171,201.077048503557
"1773",3337,"Nider","Control","Amphipoda","Gammaridae",13,"1",30231,24.2948159790324,"kick_net",0.00845,2.8705,1,13.3177574719972,-1.31816060822604,1,10.5839182261171,201.077048503557
"1774",3338,"Nider","Control","Amphipoda","Gammaridae",13,"1",30231,24.2948159790324,"kick_net",0.00845,2.8705,1,13.3177574719972,-1.31816060822604,1,10.5839182261171,201.077048503557
"1775",3339,"Nider","Control","Amphipoda","Gammaridae",13,"1",30231,24.2948159790324,"kick_net",0.00845,2.8705,1,13.3177574719972,-1.31816060822604,1,10.5839182261171,201.077048503557
"1776",3340,"Nider","Control","Amphipoda","Gammaridae",14,"1",30231,24.2948159790324,"kick_net",0.00845,2.8705,1,16.4746893941346,-1.31816060822604,1,10.5839182261171,201.077048503557
"1777",3341,"Nider","Control","Amphipoda","Gammaridae",14,"1",30231,24.2948159790324,"kick_net",0.00845,2.8705,1,16.4746893941346,-1.31816060822604,1,10.5839182261171,201.077048503557
"1778",3342,"Nider","Control","Amphipoda","Gammaridae",14,"1",30231,24.2948159790324,"kick_net",0.00845,2.8705,1,16.4746893941346,-1.31816060822604,1,10.5839182261171,201.077048503557
"1779",3343,"Nider","Control","Amphipoda","Gammaridae",14,"1",30231,24.2948159790324,"kick_net",0.00845,2.8705,1,16.4746893941346,-1.31816060822604,1,10.5839182261171,201.077048503557
"1780",3344,"Nider","Control","Amphipoda","Gammaridae",15,"1",30231,24.2948159790324,"kick_net",0.00845,2.8705,1,20.0829112051457,-1.31816060822604,1,10.5839182261171,201.077048503557
"1781",3345,"Nider","Control","Amphipoda","Gammaridae",15,"1",30231,24.2948159790324,"kick_net",0.00845,2.8705,1,20.0829112051457,-1.31816060822604,1,10.5839182261171,201.077048503557
"1782",3346,"Nider","Control","Amphipoda","Gammaridae",17,"1",30231,24.2948159790324,"kick_net",0.00845,2.8705,1,28.7647323770081,-1.31816060822604,1,10.5839182261171,201.077048503557
"1783",3381,"Nider","Control","Amphipoda","Gammaridae",14,"1",30231,24.2948159790324,"kick_net",0.00845,2.8705,1,16.4746893941346,-1.31816060822604,1,10.5839182261171,201.077048503557
"1784",3382,"Nider","Control","Amphipoda","Gammaridae",16,"1",30231,24.2948159790324,"kick_net",0.00845,2.8705,1,24.1703600114678,-1.31816060822604,1,10.5839182261171,201.077048503557
"1785",3394,"Nider","Inflow","Gastropoda","Hydrobiidae",2,"1",30231,24.2948159790324,"kick_net",0.182,2.82,1,1.28521556259919,-1.31816060822604,1,0.189136991919144,10.5839182261171
"1786",3489,"Nider","Inflow","Amphipoda","Gammaridae",3,"1",30231,24.2948159790324,"kick_net",0.00845,2.8705,1,0.197894293315652,-1.31816060822604,1,0.189136991919144,10.5839182261171
"1787",3490,"Nider","Inflow","Amphipoda","Gammaridae",3,"1",30231,24.2948159790324,"kick_net",0.00845,2.8705,1,0.197894293315652,-1.31816060822604,1,0.189136991919144,10.5839182261171
"1788",3491,"Nider","Inflow","Amphipoda","Gammaridae",3,"1",30231,24.2948159790324,"kick_net",0.00845,2.8705,1,0.197894293315652,-1.31816060822604,1,0.189136991919144,10.5839182261171
"1789",3492,"Nider","Inflow","Amphipoda","Gammaridae",3,"1",30231,24.2948159790324,"kick_net",0.00845,2.8705,1,0.197894293315652,-1.31816060822604,1,0.189136991919144,10.5839182261171
"1790",3493,"Nider","Inflow","Amphipoda","Gammaridae",3,"1",30231,24.2948159790324,"kick_net",0.00845,2.8705,1,0.197894293315652,-1.31816060822604,1,0.189136991919144,10.5839182261171
"1791",3494,"Nider","Inflow","Amphipoda","Gammaridae",3,"1",30231,24.2948159790324,"kick_net",0.00845,2.8705,1,0.197894293315652,-1.31816060822604,1,0.189136991919144,10.5839182261171
"1792",3495,"Nider","Inflow","Amphipoda","Gammaridae",3,"1",30231,24.2948159790324,"kick_net",0.00845,2.8705,1,0.197894293315652,-1.31816060822604,1,0.189136991919144,10.5839182261171
"1793",3496,"Nider","Inflow","Amphipoda","Gammaridae",3,"1",30231,24.2948159790324,"kick_net",0.00845,2.8705,1,0.197894293315652,-1.31816060822604,1,0.189136991919144,10.5839182261171
"1794",3497,"Nider","Inflow","Amphipoda","Gammaridae",3,"1",30231,24.2948159790324,"kick_net",0.00845,2.8705,1,0.197894293315652,-1.31816060822604,1,0.189136991919144,10.5839182261171
"1795",3498,"Nider","Inflow","Amphipoda","Gammaridae",3,"1",30231,24.2948159790324,"kick_net",0.00845,2.8705,1,0.197894293315652,-1.31816060822604,1,0.189136991919144,10.5839182261171
"1796",3499,"Nider","Inflow","Amphipoda","Gammaridae",3,"1",30231,24.2948159790324,"kick_net",0.00845,2.8705,1,0.197894293315652,-1.31816060822604,1,0.189136991919144,10.5839182261171
"1797",3500,"Nider","Inflow","Amphipoda","Gammaridae",3,"1",30231,24.2948159790324,"kick_net",0.00845,2.8705,1,0.197894293315652,-1.31816060822604,1,0.189136991919144,10.5839182261171
"1798",3501,"Nider","Inflow","Amphipoda","Gammaridae",3,"1",30231,24.2948159790324,"kick_net",0.00845,2.8705,1,0.197894293315652,-1.31816060822604,1,0.189136991919144,10.5839182261171
"1799",3502,"Nider","Inflow","Amphipoda","Gammaridae",3,"1",30231,24.2948159790324,"kick_net",0.00845,2.8705,1,0.197894293315652,-1.31816060822604,1,0.189136991919144,10.5839182261171
"1800",3503,"Nider","Inflow","Amphipoda","Gammaridae",3,"1",30231,24.2948159790324,"kick_net",0.00845,2.8705,1,0.197894293315652,-1.31816060822604,1,0.189136991919144,10.5839182261171
"1801",3504,"Nider","Inflow","Amphipoda","Gammaridae",3,"1",30231,24.2948159790324,"kick_net",0.00845,2.8705,1,0.197894293315652,-1.31816060822604,1,0.189136991919144,10.5839182261171
"1802",3505,"Nider","Inflow","Amphipoda","Gammaridae",3,"1",30231,24.2948159790324,"kick_net",0.00845,2.8705,1,0.197894293315652,-1.31816060822604,1,0.189136991919144,10.5839182261171
"1803",3506,"Nider","Inflow","Amphipoda","Gammaridae",3,"1",30231,24.2948159790324,"kick_net",0.00845,2.8705,1,0.197894293315652,-1.31816060822604,1,0.189136991919144,10.5839182261171
"1804",3507,"Nider","Inflow","Amphipoda","Gammaridae",3,"1",30231,24.2948159790324,"kick_net",0.00845,2.8705,1,0.197894293315652,-1.31816060822604,1,0.189136991919144,10.5839182261171
"1805",3508,"Nider","Inflow","Amphipoda","Gammaridae",3,"1",30231,24.2948159790324,"kick_net",0.00845,2.8705,1,0.197894293315652,-1.31816060822604,1,0.189136991919144,10.5839182261171
"1806",3509,"Nider","Inflow","Amphipoda","Gammaridae",3,"1",30231,24.2948159790324,"kick_net",0.00845,2.8705,1,0.197894293315652,-1.31816060822604,1,0.189136991919144,10.5839182261171
"1807",3510,"Nider","Inflow","Amphipoda","Gammaridae",3,"1",30231,24.2948159790324,"kick_net",0.00845,2.8705,1,0.197894293315652,-1.31816060822604,1,0.189136991919144,10.5839182261171
"1808",3511,"Nider","Inflow","Amphipoda","Gammaridae",3,"1",30231,24.2948159790324,"kick_net",0.00845,2.8705,1,0.197894293315652,-1.31816060822604,1,0.189136991919144,10.5839182261171
"1809",3512,"Nider","Inflow","Amphipoda","Gammaridae",3,"1",30231,24.2948159790324,"kick_net",0.00845,2.8705,1,0.197894293315652,-1.31816060822604,1,0.189136991919144,10.5839182261171
"1810",3513,"Nider","Inflow","Amphipoda","Gammaridae",3,"1",30231,24.2948159790324,"kick_net",0.00845,2.8705,1,0.197894293315652,-1.31816060822604,1,0.189136991919144,10.5839182261171
"1811",3514,"Nider","Inflow","Amphipoda","Gammaridae",3,"1",30231,24.2948159790324,"kick_net",0.00845,2.8705,1,0.197894293315652,-1.31816060822604,1,0.189136991919144,10.5839182261171
"1812",3515,"Nider","Inflow","Amphipoda","Gammaridae",3,"1",30231,24.2948159790324,"kick_net",0.00845,2.8705,1,0.197894293315652,-1.31816060822604,1,0.189136991919144,10.5839182261171
"1813",3516,"Nider","Inflow","Amphipoda","Gammaridae",3,"1",30231,24.2948159790324,"kick_net",0.00845,2.8705,1,0.197894293315652,-1.31816060822604,1,0.189136991919144,10.5839182261171
"1814",3517,"Nider","Inflow","Amphipoda","Gammaridae",3,"1",30231,24.2948159790324,"kick_net",0.00845,2.8705,1,0.197894293315652,-1.31816060822604,1,0.189136991919144,10.5839182261171
"1815",3518,"Nider","Inflow","Amphipoda","Gammaridae",3,"1",30231,24.2948159790324,"kick_net",0.00845,2.8705,1,0.197894293315652,-1.31816060822604,1,0.189136991919144,10.5839182261171
"1816",3519,"Nider","Inflow","Amphipoda","Gammaridae",3,"1",30231,24.2948159790324,"kick_net",0.00845,2.8705,1,0.197894293315652,-1.31816060822604,1,0.189136991919144,10.5839182261171
"1817",3520,"Nider","Inflow","Amphipoda","Gammaridae",3,"1",30231,24.2948159790324,"kick_net",0.00845,2.8705,1,0.197894293315652,-1.31816060822604,1,0.189136991919144,10.5839182261171
"1818",3521,"Nider","Inflow","Amphipoda","Gammaridae",3,"1",30231,24.2948159790324,"kick_net",0.00845,2.8705,1,0.197894293315652,-1.31816060822604,1,0.189136991919144,10.5839182261171
"1819",3522,"Nider","Inflow","Amphipoda","Gammaridae",3,"1",30231,24.2948159790324,"kick_net",0.00845,2.8705,1,0.197894293315652,-1.31816060822604,1,0.189136991919144,10.5839182261171
"1820",3523,"Nider","Inflow","Amphipoda","Gammaridae",3,"1",30231,24.2948159790324,"kick_net",0.00845,2.8705,1,0.197894293315652,-1.31816060822604,1,0.189136991919144,10.5839182261171
"1821",3524,"Nider","Inflow","Amphipoda","Gammaridae",3,"1",30231,24.2948159790324,"kick_net",0.00845,2.8705,1,0.197894293315652,-1.31816060822604,1,0.189136991919144,10.5839182261171
"1822",3525,"Nider","Inflow","Amphipoda","Gammaridae",3,"1",30231,24.2948159790324,"kick_net",0.00845,2.8705,1,0.197894293315652,-1.31816060822604,1,0.189136991919144,10.5839182261171
"1823",3526,"Nider","Inflow","Amphipoda","Gammaridae",3,"1",30231,24.2948159790324,"kick_net",0.00845,2.8705,1,0.197894293315652,-1.31816060822604,1,0.189136991919144,10.5839182261171
"1824",3527,"Nider","Inflow","Amphipoda","Gammaridae",3,"1",30231,24.2948159790324,"kick_net",0.00845,2.8705,1,0.197894293315652,-1.31816060822604,1,0.189136991919144,10.5839182261171
"1825",3528,"Nider","Inflow","Amphipoda","Gammaridae",3,"1",30231,24.2948159790324,"kick_net",0.00845,2.8705,1,0.197894293315652,-1.31816060822604,1,0.189136991919144,10.5839182261171
"1826",3529,"Nider","Inflow","Amphipoda","Gammaridae",3,"1",30231,24.2948159790324,"kick_net",0.00845,2.8705,1,0.197894293315652,-1.31816060822604,1,0.189136991919144,10.5839182261171
"1827",3530,"Nider","Inflow","Amphipoda","Gammaridae",3,"1",30231,24.2948159790324,"kick_net",0.00845,2.8705,1,0.197894293315652,-1.31816060822604,1,0.189136991919144,10.5839182261171
"1828",3531,"Nider","Inflow","Amphipoda","Gammaridae",3,"1",30231,24.2948159790324,"kick_net",0.00845,2.8705,1,0.197894293315652,-1.31816060822604,1,0.189136991919144,10.5839182261171
"1829",3532,"Nider","Inflow","Amphipoda","Gammaridae",4,"1",30231,24.2948159790324,"kick_net",0.00845,2.8705,1,0.451928691384938,-1.31816060822604,1,0.189136991919144,10.5839182261171
"1830",3533,"Nider","Inflow","Amphipoda","Gammaridae",4,"1",30231,24.2948159790324,"kick_net",0.00845,2.8705,1,0.451928691384938,-1.31816060822604,1,0.189136991919144,10.5839182261171
"1831",3534,"Nider","Inflow","Amphipoda","Gammaridae",4,"1",30231,24.2948159790324,"kick_net",0.00845,2.8705,1,0.451928691384938,-1.31816060822604,1,0.189136991919144,10.5839182261171
"1832",3535,"Nider","Inflow","Amphipoda","Gammaridae",4,"1",30231,24.2948159790324,"kick_net",0.00845,2.8705,1,0.451928691384938,-1.31816060822604,1,0.189136991919144,10.5839182261171
"1833",3536,"Nider","Inflow","Amphipoda","Gammaridae",4,"1",30231,24.2948159790324,"kick_net",0.00845,2.8705,1,0.451928691384938,-1.31816060822604,1,0.189136991919144,10.5839182261171
"1834",3537,"Nider","Inflow","Amphipoda","Gammaridae",4,"1",30231,24.2948159790324,"kick_net",0.00845,2.8705,1,0.451928691384938,-1.31816060822604,1,0.189136991919144,10.5839182261171
"1835",3538,"Nider","Inflow","Amphipoda","Gammaridae",4,"1",30231,24.2948159790324,"kick_net",0.00845,2.8705,1,0.451928691384938,-1.31816060822604,1,0.189136991919144,10.5839182261171
"1836",3539,"Nider","Inflow","Amphipoda","Gammaridae",4,"1",30231,24.2948159790324,"kick_net",0.00845,2.8705,1,0.451928691384938,-1.31816060822604,1,0.189136991919144,10.5839182261171
"1837",3540,"Nider","Inflow","Amphipoda","Gammaridae",4,"1",30231,24.2948159790324,"kick_net",0.00845,2.8705,1,0.451928691384938,-1.31816060822604,1,0.189136991919144,10.5839182261171
"1838",3541,"Nider","Inflow","Amphipoda","Gammaridae",4,"1",30231,24.2948159790324,"kick_net",0.00845,2.8705,1,0.451928691384938,-1.31816060822604,1,0.189136991919144,10.5839182261171
"1839",3542,"Nider","Inflow","Amphipoda","Gammaridae",4,"1",30231,24.2948159790324,"kick_net",0.00845,2.8705,1,0.451928691384938,-1.31816060822604,1,0.189136991919144,10.5839182261171
"1840",3543,"Nider","Inflow","Amphipoda","Gammaridae",4,"1",30231,24.2948159790324,"kick_net",0.00845,2.8705,1,0.451928691384938,-1.31816060822604,1,0.189136991919144,10.5839182261171
"1841",3544,"Nider","Inflow","Amphipoda","Gammaridae",4,"1",30231,24.2948159790324,"kick_net",0.00845,2.8705,1,0.451928691384938,-1.31816060822604,1,0.189136991919144,10.5839182261171
"1842",3545,"Nider","Inflow","Amphipoda","Gammaridae",4,"1",30231,24.2948159790324,"kick_net",0.00845,2.8705,1,0.451928691384938,-1.31816060822604,1,0.189136991919144,10.5839182261171
"1843",3546,"Nider","Inflow","Amphipoda","Gammaridae",4,"1",30231,24.2948159790324,"kick_net",0.00845,2.8705,1,0.451928691384938,-1.31816060822604,1,0.189136991919144,10.5839182261171
"1844",3547,"Nider","Inflow","Amphipoda","Gammaridae",4,"1",30231,24.2948159790324,"kick_net",0.00845,2.8705,1,0.451928691384938,-1.31816060822604,1,0.189136991919144,10.5839182261171
"1845",3548,"Nider","Inflow","Amphipoda","Gammaridae",4,"1",30231,24.2948159790324,"kick_net",0.00845,2.8705,1,0.451928691384938,-1.31816060822604,1,0.189136991919144,10.5839182261171
"1846",3549,"Nider","Inflow","Amphipoda","Gammaridae",4,"1",30231,24.2948159790324,"kick_net",0.00845,2.8705,1,0.451928691384938,-1.31816060822604,1,0.189136991919144,10.5839182261171
"1847",3550,"Nider","Inflow","Amphipoda","Gammaridae",4,"1",30231,24.2948159790324,"kick_net",0.00845,2.8705,1,0.451928691384938,-1.31816060822604,1,0.189136991919144,10.5839182261171
"1848",3551,"Nider","Inflow","Amphipoda","Gammaridae",4,"1",30231,24.2948159790324,"kick_net",0.00845,2.8705,1,0.451928691384938,-1.31816060822604,1,0.189136991919144,10.5839182261171
"1849",3552,"Nider","Inflow","Amphipoda","Gammaridae",4,"1",30231,24.2948159790324,"kick_net",0.00845,2.8705,1,0.451928691384938,-1.31816060822604,1,0.189136991919144,10.5839182261171
"1850",3553,"Nider","Inflow","Amphipoda","Gammaridae",4,"1",30231,24.2948159790324,"kick_net",0.00845,2.8705,1,0.451928691384938,-1.31816060822604,1,0.189136991919144,10.5839182261171
"1851",3554,"Nider","Inflow","Amphipoda","Gammaridae",5,"1",30231,24.2948159790324,"kick_net",0.00845,2.8705,1,0.857531547980516,-1.31816060822604,1,0.189136991919144,10.5839182261171
"1852",3555,"Nider","Inflow","Amphipoda","Gammaridae",5,"1",30231,24.2948159790324,"kick_net",0.00845,2.8705,1,0.857531547980516,-1.31816060822604,1,0.189136991919144,10.5839182261171
"1853",3556,"Nider","Inflow","Amphipoda","Gammaridae",5,"1",30231,24.2948159790324,"kick_net",0.00845,2.8705,1,0.857531547980516,-1.31816060822604,1,0.189136991919144,10.5839182261171
"1854",3557,"Nider","Inflow","Amphipoda","Gammaridae",5,"1",30231,24.2948159790324,"kick_net",0.00845,2.8705,1,0.857531547980516,-1.31816060822604,1,0.189136991919144,10.5839182261171
"1855",3558,"Nider","Inflow","Amphipoda","Gammaridae",5,"1",30231,24.2948159790324,"kick_net",0.00845,2.8705,1,0.857531547980516,-1.31816060822604,1,0.189136991919144,10.5839182261171
"1856",3559,"Nider","Inflow","Amphipoda","Gammaridae",5,"1",30231,24.2948159790324,"kick_net",0.00845,2.8705,1,0.857531547980516,-1.31816060822604,1,0.189136991919144,10.5839182261171
"1857",3560,"Nider","Inflow","Amphipoda","Gammaridae",5,"1",30231,24.2948159790324,"kick_net",0.00845,2.8705,1,0.857531547980516,-1.31816060822604,1,0.189136991919144,10.5839182261171
"1858",3561,"Nider","Inflow","Amphipoda","Gammaridae",5,"1",30231,24.2948159790324,"kick_net",0.00845,2.8705,1,0.857531547980516,-1.31816060822604,1,0.189136991919144,10.5839182261171
"1859",3562,"Nider","Inflow","Amphipoda","Gammaridae",5,"1",30231,24.2948159790324,"kick_net",0.00845,2.8705,1,0.857531547980516,-1.31816060822604,1,0.189136991919144,10.5839182261171
"1860",3563,"Nider","Inflow","Amphipoda","Gammaridae",5,"1",30231,24.2948159790324,"kick_net",0.00845,2.8705,1,0.857531547980516,-1.31816060822604,1,0.189136991919144,10.5839182261171
"1861",3564,"Nider","Inflow","Amphipoda","Gammaridae",5,"1",30231,24.2948159790324,"kick_net",0.00845,2.8705,1,0.857531547980516,-1.31816060822604,1,0.189136991919144,10.5839182261171
"1862",3565,"Nider","Inflow","Amphipoda","Gammaridae",6,"1",30231,24.2948159790324,"kick_net",0.00845,2.8705,1,1.44723771988851,-1.31816060822604,1,0.189136991919144,10.5839182261171
"1863",3566,"Nider","Inflow","Amphipoda","Gammaridae",6,"1",30231,24.2948159790324,"kick_net",0.00845,2.8705,1,1.44723771988851,-1.31816060822604,1,0.189136991919144,10.5839182261171
"1864",3567,"Nider","Inflow","Amphipoda","Gammaridae",6,"1",30231,24.2948159790324,"kick_net",0.00845,2.8705,1,1.44723771988851,-1.31816060822604,1,0.189136991919144,10.5839182261171
"1865",3568,"Nider","Inflow","Amphipoda","Gammaridae",6,"1",30231,24.2948159790324,"kick_net",0.00845,2.8705,1,1.44723771988851,-1.31816060822604,1,0.189136991919144,10.5839182261171
"1866",3569,"Nider","Inflow","Amphipoda","Gammaridae",6,"1",30231,24.2948159790324,"kick_net",0.00845,2.8705,1,1.44723771988851,-1.31816060822604,1,0.189136991919144,10.5839182261171
"1867",3570,"Nider","Inflow","Amphipoda","Gammaridae",6,"1",30231,24.2948159790324,"kick_net",0.00845,2.8705,1,1.44723771988851,-1.31816060822604,1,0.189136991919144,10.5839182261171
"1868",3571,"Nider","Inflow","Amphipoda","Gammaridae",6,"1",30231,24.2948159790324,"kick_net",0.00845,2.8705,1,1.44723771988851,-1.31816060822604,1,0.189136991919144,10.5839182261171
"1869",3572,"Nider","Inflow","Amphipoda","Gammaridae",6,"1",30231,24.2948159790324,"kick_net",0.00845,2.8705,1,1.44723771988851,-1.31816060822604,1,0.189136991919144,10.5839182261171
"1870",3573,"Nider","Inflow","Amphipoda","Gammaridae",6,"1",30231,24.2948159790324,"kick_net",0.00845,2.8705,1,1.44723771988851,-1.31816060822604,1,0.189136991919144,10.5839182261171
"1871",3574,"Nider","Inflow","Amphipoda","Gammaridae",6,"1",30231,24.2948159790324,"kick_net",0.00845,2.8705,1,1.44723771988851,-1.31816060822604,1,0.189136991919144,10.5839182261171
"1872",3575,"Nider","Inflow","Amphipoda","Gammaridae",7,"1",30231,24.2948159790324,"kick_net",0.00845,2.8705,1,2.25273772956822,-1.31816060822604,1,0.189136991919144,10.5839182261171
"1873",3576,"Nider","Inflow","Amphipoda","Gammaridae",7,"1",30231,24.2948159790324,"kick_net",0.00845,2.8705,1,2.25273772956822,-1.31816060822604,1,0.189136991919144,10.5839182261171
"1874",3577,"Nider","Inflow","Amphipoda","Gammaridae",7,"1",30231,24.2948159790324,"kick_net",0.00845,2.8705,1,2.25273772956822,-1.31816060822604,1,0.189136991919144,10.5839182261171
"1875",3578,"Nider","Inflow","Amphipoda","Gammaridae",7,"1",30231,24.2948159790324,"kick_net",0.00845,2.8705,1,2.25273772956822,-1.31816060822604,1,0.189136991919144,10.5839182261171
"1876",3579,"Nider","Inflow","Amphipoda","Gammaridae",7,"1",30231,24.2948159790324,"kick_net",0.00845,2.8705,1,2.25273772956822,-1.31816060822604,1,0.189136991919144,10.5839182261171
"1877",3580,"Nider","Inflow","Amphipoda","Gammaridae",7,"1",30231,24.2948159790324,"kick_net",0.00845,2.8705,1,2.25273772956822,-1.31816060822604,1,0.189136991919144,10.5839182261171
"1878",3581,"Nider","Inflow","Amphipoda","Gammaridae",7,"1",30231,24.2948159790324,"kick_net",0.00845,2.8705,1,2.25273772956822,-1.31816060822604,1,0.189136991919144,10.5839182261171
"1879",3582,"Nider","Inflow","Amphipoda","Gammaridae",9,"1",30231,24.2948159790324,"kick_net",0.00845,2.8705,1,4.6345741215268,-1.31816060822604,1,0.189136991919144,10.5839182261171
"1880",3583,"Nider","Inflow","Amphipoda","Gammaridae",9,"1",30231,24.2948159790324,"kick_net",0.00845,2.8705,1,4.6345741215268,-1.31816060822604,1,0.189136991919144,10.5839182261171
"1881",3584,"Nider","Inflow","Amphipoda","Gammaridae",9,"1",30231,24.2948159790324,"kick_net",0.00845,2.8705,1,4.6345741215268,-1.31816060822604,1,0.189136991919144,10.5839182261171
"1882",3585,"Nider","Inflow","Amphipoda","Gammaridae",9,"1",30231,24.2948159790324,"kick_net",0.00845,2.8705,1,4.6345741215268,-1.31816060822604,1,0.189136991919144,10.5839182261171
"1883",3586,"Nider","Inflow","Amphipoda","Gammaridae",9,"1",30231,24.2948159790324,"kick_net",0.00845,2.8705,1,4.6345741215268,-1.31816060822604,1,0.189136991919144,10.5839182261171
"1884",3587,"Nider","Inflow","Amphipoda","Gammaridae",10,"1",30231,24.2948159790324,"kick_net",0.00845,2.8705,1,6.27128747089358,-1.31816060822604,1,0.189136991919144,10.5839182261171
"1885",3588,"Nider","Inflow","Amphipoda","Gammaridae",11,"1",30231,24.2948159790324,"kick_net",0.00845,2.8705,1,8.24469153511625,-1.31816060822604,1,0.189136991919144,10.5839182261171
"1886",3589,"Nider","Inflow","Amphipoda","Gammaridae",11,"1",30231,24.2948159790324,"kick_net",0.00845,2.8705,1,8.24469153511625,-1.31816060822604,1,0.189136991919144,10.5839182261171
"1887",3590,"Nider","Inflow","Amphipoda","Gammaridae",11,"1",30231,24.2948159790324,"kick_net",0.00845,2.8705,1,8.24469153511625,-1.31816060822604,1,0.189136991919144,10.5839182261171
"1888",3591,"Nider","Inflow","Amphipoda","Gammaridae",12,"1",30231,24.2948159790324,"kick_net",0.00845,2.8705,1,10.5839182261171,-1.31816060822604,1,0.189136991919144,10.5839182261171
"1889",3592,"Nider","Inflow","Amphipoda","Gammaridae",12,"1",30231,24.2948159790324,"kick_net",0.00845,2.8705,1,10.5839182261171,-1.31816060822604,1,0.189136991919144,10.5839182261171
"1890",3599,"Nider","Inflow","Ephemeroptera","Caenidae",4,"1",30231,24.2948159790324,"kick_net",0.005,2.772,1,0.233281500610653,-1.31816060822604,1,0.189136991919144,10.5839182261171
"1891",3600,"Nider","Inflow","Ephemeroptera","Caenidae",4,"1",30231,24.2948159790324,"kick_net",0.005,2.772,1,0.233281500610653,-1.31816060822604,1,0.189136991919144,10.5839182261171
"1892",3601,"Nider","Inflow","Ephemeroptera","Caenidae",4,"1",30231,24.2948159790324,"kick_net",0.005,2.772,1,0.233281500610653,-1.31816060822604,1,0.189136991919144,10.5839182261171
"1893",3602,"Nider","Inflow","Ephemeroptera","Caenidae",4,"1",30231,24.2948159790324,"kick_net",0.005,2.772,1,0.233281500610653,-1.31816060822604,1,0.189136991919144,10.5839182261171
"1894",3603,"Nider","Inflow","Ephemeroptera","Caenidae",4,"1",30231,24.2948159790324,"kick_net",0.005,2.772,1,0.233281500610653,-1.31816060822604,1,0.189136991919144,10.5839182261171
"1895",3604,"Nider","Inflow","Ephemeroptera","Caenidae",4,"1",30231,24.2948159790324,"kick_net",0.005,2.772,1,0.233281500610653,-1.31816060822604,1,0.189136991919144,10.5839182261171
"1896",3605,"Nider","Inflow","Ephemeroptera","Caenidae",4,"1",30231,24.2948159790324,"kick_net",0.005,2.772,1,0.233281500610653,-1.31816060822604,1,0.189136991919144,10.5839182261171
"1897",3606,"Nider","Inflow","Ephemeroptera","Caenidae",4,"1",30231,24.2948159790324,"kick_net",0.005,2.772,1,0.233281500610653,-1.31816060822604,1,0.189136991919144,10.5839182261171
"1898",3607,"Nider","Inflow","Ephemeroptera","Caenidae",4,"1",30231,24.2948159790324,"kick_net",0.005,2.772,1,0.233281500610653,-1.31816060822604,1,0.189136991919144,10.5839182261171
"1899",3608,"Nider","Inflow","Ephemeroptera","Caenidae",4,"1",30231,24.2948159790324,"kick_net",0.005,2.772,1,0.233281500610653,-1.31816060822604,1,0.189136991919144,10.5839182261171
"1900",3609,"Nider","Inflow","Ephemeroptera","Caenidae",4,"1",30231,24.2948159790324,"kick_net",0.005,2.772,1,0.233281500610653,-1.31816060822604,1,0.189136991919144,10.5839182261171
"1901",3610,"Nider","Inflow","Ephemeroptera","Caenidae",5,"1",30231,24.2948159790324,"kick_net",0.005,2.772,1,0.43302688047797,-1.31816060822604,1,0.189136991919144,10.5839182261171
"1902",3611,"Nider","Inflow","Ephemeroptera","Caenidae",5,"1",30231,24.2948159790324,"kick_net",0.005,2.772,1,0.43302688047797,-1.31816060822604,1,0.189136991919144,10.5839182261171
"1903",3612,"Nider","Inflow","Ephemeroptera","Caenidae",5,"1",30231,24.2948159790324,"kick_net",0.005,2.772,1,0.43302688047797,-1.31816060822604,1,0.189136991919144,10.5839182261171
"1904",3613,"Nider","Inflow","Ephemeroptera","Caenidae",5,"1",30231,24.2948159790324,"kick_net",0.005,2.772,1,0.43302688047797,-1.31816060822604,1,0.189136991919144,10.5839182261171
"1905",3614,"Nider","Inflow","Ephemeroptera","Caenidae",5,"1",30231,24.2948159790324,"kick_net",0.005,2.772,1,0.43302688047797,-1.31816060822604,1,0.189136991919144,10.5839182261171
"1906",3615,"Nider","Inflow","Ephemeroptera","Caenidae",5,"1",30231,24.2948159790324,"kick_net",0.005,2.772,1,0.43302688047797,-1.31816060822604,1,0.189136991919144,10.5839182261171
"1907",3616,"Nider","Inflow","Ephemeroptera","Caenidae",5,"1",30231,24.2948159790324,"kick_net",0.005,2.772,1,0.43302688047797,-1.31816060822604,1,0.189136991919144,10.5839182261171
"1908",3617,"Nider","Inflow","Ephemeroptera","Caenidae",5,"1",30231,24.2948159790324,"kick_net",0.005,2.772,1,0.43302688047797,-1.31816060822604,1,0.189136991919144,10.5839182261171
"1909",3618,"Nider","Inflow","Ephemeroptera","Caenidae",5,"1",30231,24.2948159790324,"kick_net",0.005,2.772,1,0.43302688047797,-1.31816060822604,1,0.189136991919144,10.5839182261171
"1910",3619,"Nider","Inflow","Ephemeroptera","Caenidae",5,"1",30231,24.2948159790324,"kick_net",0.005,2.772,1,0.43302688047797,-1.31816060822604,1,0.189136991919144,10.5839182261171
"1911",3620,"Nider","Inflow","Ephemeroptera","Caenidae",5,"1",30231,24.2948159790324,"kick_net",0.005,2.772,1,0.43302688047797,-1.31816060822604,1,0.189136991919144,10.5839182261171
"1912",3621,"Nider","Inflow","Ephemeroptera","Caenidae",6,"1",30231,24.2948159790324,"kick_net",0.005,2.772,1,0.717803002147901,-1.31816060822604,1,0.189136991919144,10.5839182261171
"1913",3622,"Nider","Inflow","Ephemeroptera","Caenidae",6,"1",30231,24.2948159790324,"kick_net",0.005,2.772,1,0.717803002147901,-1.31816060822604,1,0.189136991919144,10.5839182261171
"1914",3623,"Nider","Inflow","Ephemeroptera","Caenidae",6,"1",30231,24.2948159790324,"kick_net",0.005,2.772,1,0.717803002147901,-1.31816060822604,1,0.189136991919144,10.5839182261171
"1915",3624,"Nider","Inflow","Ephemeroptera","Caenidae",6,"1",30231,24.2948159790324,"kick_net",0.005,2.772,1,0.717803002147901,-1.31816060822604,1,0.189136991919144,10.5839182261171
"1916",3625,"Nider","Inflow","Ephemeroptera","Caenidae",7,"1",30231,24.2948159790324,"kick_net",0.005,2.772,1,1.10047902978593,-1.31816060822604,1,0.189136991919144,10.5839182261171
"1917",3626,"Nider","Inflow","Ephemeroptera","Caenidae",7,"1",30231,24.2948159790324,"kick_net",0.005,2.772,1,1.10047902978593,-1.31816060822604,1,0.189136991919144,10.5839182261171
"1918",3627,"Nider","Inflow","Ephemeroptera","Ephemerellidae",7,"1",30231,24.2948159790324,"kick_net",0.01,2.676,1,1.82592256228061,-1.31816060822604,1,0.189136991919144,10.5839182261171
"1919",3797,"Nider","Inflow","Diptera","Chironomidae",6,"1",30231,24.2948159790324,"kick_net",0.002,2.62,1,0.218668523080522,-1.31816060822604,1,0.189136991919144,10.5839182261171
"1920",3798,"Nider","Inflow","Diptera","Chironomidae",6,"1",30231,24.2948159790324,"kick_net",0.002,2.62,1,0.218668523080522,-1.31816060822604,1,0.189136991919144,10.5839182261171
"1921",3799,"Nider","Inflow","Diptera","Chironomidae",6,"1",30231,24.2948159790324,"kick_net",0.002,2.62,1,0.218668523080522,-1.31816060822604,1,0.189136991919144,10.5839182261171
"1922",3800,"Nider","Inflow","Diptera","Chironomidae",6,"1",30231,24.2948159790324,"kick_net",0.002,2.62,1,0.218668523080522,-1.31816060822604,1,0.189136991919144,10.5839182261171
"1923",3801,"Nider","Inflow","Diptera","Chironomidae",6,"1",30231,24.2948159790324,"kick_net",0.002,2.62,1,0.218668523080522,-1.31816060822604,1,0.189136991919144,10.5839182261171
"1924",3802,"Nider","Inflow","Diptera","Chironomidae",6,"1",30231,24.2948159790324,"kick_net",0.002,2.62,1,0.218668523080522,-1.31816060822604,1,0.189136991919144,10.5839182261171
"1925",3803,"Nider","Inflow","Diptera","Chironomidae",6,"1",30231,24.2948159790324,"kick_net",0.002,2.62,1,0.218668523080522,-1.31816060822604,1,0.189136991919144,10.5839182261171
"1926",3804,"Nider","Inflow","Diptera","Chironomidae",6,"1",30231,24.2948159790324,"kick_net",0.002,2.62,1,0.218668523080522,-1.31816060822604,1,0.189136991919144,10.5839182261171
"1927",3805,"Nider","Inflow","Diptera","Chironomidae",6,"1",30231,24.2948159790324,"kick_net",0.002,2.62,1,0.218668523080522,-1.31816060822604,1,0.189136991919144,10.5839182261171
"1928",3806,"Nider","Inflow","Diptera","Chironomidae",6,"1",30231,24.2948159790324,"kick_net",0.002,2.62,1,0.218668523080522,-1.31816060822604,1,0.189136991919144,10.5839182261171
"1929",3807,"Nider","Inflow","Diptera","Chironomidae",6,"1",30231,24.2948159790324,"kick_net",0.002,2.62,1,0.218668523080522,-1.31816060822604,1,0.189136991919144,10.5839182261171
"1930",3808,"Nider","Inflow","Diptera","Chironomidae",6,"1",30231,24.2948159790324,"kick_net",0.002,2.62,1,0.218668523080522,-1.31816060822604,1,0.189136991919144,10.5839182261171
"1931",3809,"Nider","Inflow","Diptera","Chironomidae",6,"1",30231,24.2948159790324,"kick_net",0.002,2.62,1,0.218668523080522,-1.31816060822604,1,0.189136991919144,10.5839182261171
"1932",3810,"Nider","Inflow","Diptera","Chironomidae",6,"1",30231,24.2948159790324,"kick_net",0.002,2.62,1,0.218668523080522,-1.31816060822604,1,0.189136991919144,10.5839182261171
"1933",3811,"Nider","Inflow","Diptera","Chironomidae",6,"1",30231,24.2948159790324,"kick_net",0.002,2.62,1,0.218668523080522,-1.31816060822604,1,0.189136991919144,10.5839182261171
"1934",3812,"Nider","Inflow","Diptera","Chironomidae",6,"1",30231,24.2948159790324,"kick_net",0.002,2.62,1,0.218668523080522,-1.31816060822604,1,0.189136991919144,10.5839182261171
"1935",3813,"Nider","Inflow","Diptera","Chironomidae",6,"1",30231,24.2948159790324,"kick_net",0.002,2.62,1,0.218668523080522,-1.31816060822604,1,0.189136991919144,10.5839182261171
"1936",3814,"Nider","Inflow","Diptera","Chironomidae",6,"1",30231,24.2948159790324,"kick_net",0.002,2.62,1,0.218668523080522,-1.31816060822604,1,0.189136991919144,10.5839182261171
"1937",3815,"Nider","Inflow","Diptera","Chironomidae",6,"1",30231,24.2948159790324,"kick_net",0.002,2.62,1,0.218668523080522,-1.31816060822604,1,0.189136991919144,10.5839182261171
"1938",3816,"Nider","Inflow","Diptera","Chironomidae",7,"1",30231,24.2948159790324,"kick_net",0.002,2.62,1,0.327481567511863,-1.31816060822604,1,0.189136991919144,10.5839182261171
"1939",3817,"Nider","Inflow","Diptera","Chironomidae",7,"1",30231,24.2948159790324,"kick_net",0.002,2.62,1,0.327481567511863,-1.31816060822604,1,0.189136991919144,10.5839182261171
"1940",3818,"Nider","Inflow","Diptera","Chironomidae",7,"1",30231,24.2948159790324,"kick_net",0.002,2.62,1,0.327481567511863,-1.31816060822604,1,0.189136991919144,10.5839182261171
"1941",3819,"Nider","Inflow","Diptera","Chironomidae",7,"1",30231,24.2948159790324,"kick_net",0.002,2.62,1,0.327481567511863,-1.31816060822604,1,0.189136991919144,10.5839182261171
"1942",3820,"Nider","Inflow","Diptera","Chironomidae",7,"1",30231,24.2948159790324,"kick_net",0.002,2.62,1,0.327481567511863,-1.31816060822604,1,0.189136991919144,10.5839182261171
"1943",3821,"Nider","Inflow","Diptera","Chironomidae",7,"1",30231,24.2948159790324,"kick_net",0.002,2.62,1,0.327481567511863,-1.31816060822604,1,0.189136991919144,10.5839182261171
"1944",3822,"Nider","Inflow","Diptera","Chironomidae",7,"1",30231,24.2948159790324,"kick_net",0.002,2.62,1,0.327481567511863,-1.31816060822604,1,0.189136991919144,10.5839182261171
"1945",3823,"Nider","Inflow","Diptera","Chironomidae",7,"1",30231,24.2948159790324,"kick_net",0.002,2.62,1,0.327481567511863,-1.31816060822604,1,0.189136991919144,10.5839182261171
"1946",3824,"Nider","Inflow","Diptera","Chironomidae",7,"1",30231,24.2948159790324,"kick_net",0.002,2.62,1,0.327481567511863,-1.31816060822604,1,0.189136991919144,10.5839182261171
"1947",3825,"Nider","Inflow","Diptera","Chironomidae",7,"1",30231,24.2948159790324,"kick_net",0.002,2.62,1,0.327481567511863,-1.31816060822604,1,0.189136991919144,10.5839182261171
"1948",3826,"Nider","Inflow","Diptera","Chironomidae",7,"1",30231,24.2948159790324,"kick_net",0.002,2.62,1,0.327481567511863,-1.31816060822604,1,0.189136991919144,10.5839182261171
"1949",3827,"Nider","Inflow","Diptera","Chironomidae",7,"1",30231,24.2948159790324,"kick_net",0.002,2.62,1,0.327481567511863,-1.31816060822604,1,0.189136991919144,10.5839182261171
"1950",3828,"Nider","Inflow","Diptera","Chironomidae",7,"1",30231,24.2948159790324,"kick_net",0.002,2.62,1,0.327481567511863,-1.31816060822604,1,0.189136991919144,10.5839182261171
"1951",3829,"Nider","Inflow","Diptera","Chironomidae",7,"1",30231,24.2948159790324,"kick_net",0.002,2.62,1,0.327481567511863,-1.31816060822604,1,0.189136991919144,10.5839182261171
"1952",3830,"Nider","Inflow","Diptera","Chironomidae",7,"1",30231,24.2948159790324,"kick_net",0.002,2.62,1,0.327481567511863,-1.31816060822604,1,0.189136991919144,10.5839182261171
"1953",3831,"Nider","Inflow","Diptera","Chironomidae",7,"1",30231,24.2948159790324,"kick_net",0.002,2.62,1,0.327481567511863,-1.31816060822604,1,0.189136991919144,10.5839182261171
"1954",3832,"Nider","Inflow","Diptera","Chironomidae",7,"1",30231,24.2948159790324,"kick_net",0.002,2.62,1,0.327481567511863,-1.31816060822604,1,0.189136991919144,10.5839182261171
"1955",3833,"Nider","Inflow","Diptera","Chironomidae",8,"1",30231,24.2948159790324,"kick_net",0.002,2.62,1,0.464649807522386,-1.31816060822604,1,0.189136991919144,10.5839182261171
"1956",3834,"Nider","Inflow","Diptera","Chironomidae",8,"1",30231,24.2948159790324,"kick_net",0.002,2.62,1,0.464649807522386,-1.31816060822604,1,0.189136991919144,10.5839182261171
"1957",3835,"Nider","Inflow","Diptera","Chironomidae",8,"1",30231,24.2948159790324,"kick_net",0.002,2.62,1,0.464649807522386,-1.31816060822604,1,0.189136991919144,10.5839182261171
"1958",3836,"Nider","Inflow","Diptera","Chironomidae",8,"1",30231,24.2948159790324,"kick_net",0.002,2.62,1,0.464649807522386,-1.31816060822604,1,0.189136991919144,10.5839182261171
"1959",3837,"Nider","Inflow","Diptera","Chironomidae",8,"1",30231,24.2948159790324,"kick_net",0.002,2.62,1,0.464649807522386,-1.31816060822604,1,0.189136991919144,10.5839182261171
"1960",3838,"Nider","Inflow","Diptera","Chironomidae",8,"1",30231,24.2948159790324,"kick_net",0.002,2.62,1,0.464649807522386,-1.31816060822604,1,0.189136991919144,10.5839182261171
"1961",3839,"Nider","Inflow","Diptera","Chironomidae",8,"1",30231,24.2948159790324,"kick_net",0.002,2.62,1,0.464649807522386,-1.31816060822604,1,0.189136991919144,10.5839182261171
"1962",3840,"Nider","Inflow","Diptera","Chironomidae",8,"1",30231,24.2948159790324,"kick_net",0.002,2.62,1,0.464649807522386,-1.31816060822604,1,0.189136991919144,10.5839182261171
"1963",3841,"Nider","Inflow","Diptera","Chironomidae",8,"1",30231,24.2948159790324,"kick_net",0.002,2.62,1,0.464649807522386,-1.31816060822604,1,0.189136991919144,10.5839182261171
"1964",3842,"Nider","Inflow","Diptera","Chironomidae",8,"1",30231,24.2948159790324,"kick_net",0.002,2.62,1,0.464649807522386,-1.31816060822604,1,0.189136991919144,10.5839182261171
"1965",3843,"Nider","Inflow","Diptera","Chironomidae",8,"1",30231,24.2948159790324,"kick_net",0.002,2.62,1,0.464649807522386,-1.31816060822604,1,0.189136991919144,10.5839182261171
"1966",3844,"Nider","Inflow","Diptera","Chironomidae",8,"1",30231,24.2948159790324,"kick_net",0.002,2.62,1,0.464649807522386,-1.31816060822604,1,0.189136991919144,10.5839182261171
"1967",3845,"Nider","Inflow","Diptera","Chironomidae",8,"1",30231,24.2948159790324,"kick_net",0.002,2.62,1,0.464649807522386,-1.31816060822604,1,0.189136991919144,10.5839182261171
"1968",3846,"Nider","Inflow","Diptera","Chironomidae",8,"1",30231,24.2948159790324,"kick_net",0.002,2.62,1,0.464649807522386,-1.31816060822604,1,0.189136991919144,10.5839182261171
"1969",3847,"Nider","Inflow","Diptera","Chironomidae",9,"1",30231,24.2948159790324,"kick_net",0.002,2.62,1,0.63262357257604,-1.31816060822604,1,0.189136991919144,10.5839182261171
"1970",3848,"Nider","Inflow","Diptera","Chironomidae",9,"1",30231,24.2948159790324,"kick_net",0.002,2.62,1,0.63262357257604,-1.31816060822604,1,0.189136991919144,10.5839182261171
"1971",3849,"Nider","Inflow","Diptera","Chironomidae",9,"1",30231,24.2948159790324,"kick_net",0.002,2.62,1,0.63262357257604,-1.31816060822604,1,0.189136991919144,10.5839182261171
"1972",3850,"Nider","Inflow","Diptera","Chironomidae",9,"1",30231,24.2948159790324,"kick_net",0.002,2.62,1,0.63262357257604,-1.31816060822604,1,0.189136991919144,10.5839182261171
"1973",3851,"Nider","Inflow","Diptera","Chironomidae",9,"1",30231,24.2948159790324,"kick_net",0.002,2.62,1,0.63262357257604,-1.31816060822604,1,0.189136991919144,10.5839182261171
"1974",3852,"Nider","Inflow","Diptera","Chironomidae",9,"1",30231,24.2948159790324,"kick_net",0.002,2.62,1,0.63262357257604,-1.31816060822604,1,0.189136991919144,10.5839182261171
"1975",3853,"Nider","Inflow","Diptera","Chironomidae",9,"1",30231,24.2948159790324,"kick_net",0.002,2.62,1,0.63262357257604,-1.31816060822604,1,0.189136991919144,10.5839182261171
"1976",3854,"Nider","Inflow","Diptera","Chironomidae",9,"1",30231,24.2948159790324,"kick_net",0.002,2.62,1,0.63262357257604,-1.31816060822604,1,0.189136991919144,10.5839182261171
"1977",3855,"Nider","Inflow","Diptera","Chironomidae",9,"1",30231,24.2948159790324,"kick_net",0.002,2.62,1,0.63262357257604,-1.31816060822604,1,0.189136991919144,10.5839182261171
"1978",3856,"Nider","Inflow","Diptera","Chironomidae",9,"1",30231,24.2948159790324,"kick_net",0.002,2.62,1,0.63262357257604,-1.31816060822604,1,0.189136991919144,10.5839182261171
"1979",3857,"Nider","Inflow","Diptera","Chironomidae",9,"1",30231,24.2948159790324,"kick_net",0.002,2.62,1,0.63262357257604,-1.31816060822604,1,0.189136991919144,10.5839182261171
"1980",3858,"Nider","Inflow","Diptera","Chironomidae",10,"1",30231,24.2948159790324,"kick_net",0.002,2.62,1,0.833738766940671,-1.31816060822604,1,0.189136991919144,10.5839182261171
"1981",3859,"Nider","Inflow","Diptera","Chironomidae",10,"1",30231,24.2948159790324,"kick_net",0.002,2.62,1,0.833738766940671,-1.31816060822604,1,0.189136991919144,10.5839182261171
"1982",3860,"Nider","Inflow","Diptera","Chironomidae",10,"1",30231,24.2948159790324,"kick_net",0.002,2.62,1,0.833738766940671,-1.31816060822604,1,0.189136991919144,10.5839182261171
"1983",3861,"Nider","Inflow","Diptera","Chironomidae",10,"1",30231,24.2948159790324,"kick_net",0.002,2.62,1,0.833738766940671,-1.31816060822604,1,0.189136991919144,10.5839182261171
"1984",3862,"Nider","Inflow","Diptera","Chironomidae",10,"1",30231,24.2948159790324,"kick_net",0.002,2.62,1,0.833738766940671,-1.31816060822604,1,0.189136991919144,10.5839182261171
"1985",3863,"Nider","Inflow","Diptera","Chironomidae",10,"1",30231,24.2948159790324,"kick_net",0.002,2.62,1,0.833738766940671,-1.31816060822604,1,0.189136991919144,10.5839182261171
"1986",3864,"Nider","Inflow","Diptera","Chironomidae",10,"1",30231,24.2948159790324,"kick_net",0.002,2.62,1,0.833738766940671,-1.31816060822604,1,0.189136991919144,10.5839182261171
"1987",3865,"Nider","Inflow","Diptera","Chironomidae",10,"1",30231,24.2948159790324,"kick_net",0.002,2.62,1,0.833738766940671,-1.31816060822604,1,0.189136991919144,10.5839182261171
"1988",3866,"Nider","Inflow","Diptera","Chironomidae",11,"1",30231,24.2948159790324,"kick_net",0.002,2.62,1,1.07023421421427,-1.31816060822604,1,0.189136991919144,10.5839182261171
"1989",3867,"Nider","Inflow","Diptera","Chironomidae",11,"1",30231,24.2948159790324,"kick_net",0.002,2.62,1,1.07023421421427,-1.31816060822604,1,0.189136991919144,10.5839182261171
"1990",3868,"Nider","Inflow","Diptera","Chironomidae",11,"1",30231,24.2948159790324,"kick_net",0.002,2.62,1,1.07023421421427,-1.31816060822604,1,0.189136991919144,10.5839182261171
"1991",3869,"Nider","Inflow","Diptera","Chironomidae",11,"1",30231,24.2948159790324,"kick_net",0.002,2.62,1,1.07023421421427,-1.31816060822604,1,0.189136991919144,10.5839182261171
"1992",3870,"Nider","Inflow","Diptera","Chironomidae",11,"1",30231,24.2948159790324,"kick_net",0.002,2.62,1,1.07023421421427,-1.31816060822604,1,0.189136991919144,10.5839182261171
"1993",3871,"Nider","Inflow","Diptera","Chironomidae",12,"1",30231,24.2948159790324,"kick_net",0.002,2.62,1,1.34426490420543,-1.31816060822604,1,0.189136991919144,10.5839182261171
"1994",3872,"Nider","Inflow","Diptera","Chironomidae",12,"1",30231,24.2948159790324,"kick_net",0.002,2.62,1,1.34426490420543,-1.31816060822604,1,0.189136991919144,10.5839182261171
"1995",3873,"Nider","Inflow","Diptera","Chironomidae",13,"1",30231,24.2948159790324,"kick_net",0.002,2.62,1,1.65791239593876,-1.31816060822604,1,0.189136991919144,10.5839182261171
"1996",3874,"Nider","Inflow","Diptera","Chironomidae",13,"1",30231,24.2948159790324,"kick_net",0.002,2.62,1,1.65791239593876,-1.31816060822604,1,0.189136991919144,10.5839182261171
"1997",3875,"Nider","Inflow","Hirudinea","Glossiphoniidae",6,"1",30231,24.2948159790324,"kick_net",-2.12,2,2,4.32113862641244,-1.31816060822604,1,0.189136991919144,10.5839182261171
"1998",3885,"Nider","Inflow","Amphipoda","Gammaridae",3,"1",30231,24.2948159790324,"kick_net",0.00845,2.8705,1,0.197894293315652,-1.31816060822604,1,0.189136991919144,10.5839182261171
"1999",3886,"Nider","Inflow","Amphipoda","Gammaridae",3,"1",30231,24.2948159790324,"kick_net",0.00845,2.8705,1,0.197894293315652,-1.31816060822604,1,0.189136991919144,10.5839182261171
"2000",3887,"Nider","Inflow","Amphipoda","Gammaridae",3,"1",30231,24.2948159790324,"kick_net",0.00845,2.8705,1,0.197894293315652,-1.31816060822604,1,0.189136991919144,10.5839182261171
"2001",3888,"Nider","Inflow","Amphipoda","Gammaridae",3,"1",30231,24.2948159790324,"kick_net",0.00845,2.8705,1,0.197894293315652,-1.31816060822604,1,0.189136991919144,10.5839182261171
"2002",3889,"Nider","Inflow","Amphipoda","Gammaridae",3,"1",30231,24.2948159790324,"kick_net",0.00845,2.8705,1,0.197894293315652,-1.31816060822604,1,0.189136991919144,10.5839182261171
"2003",3890,"Nider","Inflow","Amphipoda","Gammaridae",3,"1",30231,24.2948159790324,"kick_net",0.00845,2.8705,1,0.197894293315652,-1.31816060822604,1,0.189136991919144,10.5839182261171
"2004",3891,"Nider","Inflow","Amphipoda","Gammaridae",3,"1",30231,24.2948159790324,"kick_net",0.00845,2.8705,1,0.197894293315652,-1.31816060822604,1,0.189136991919144,10.5839182261171
"2005",3892,"Nider","Inflow","Amphipoda","Gammaridae",3,"1",30231,24.2948159790324,"kick_net",0.00845,2.8705,1,0.197894293315652,-1.31816060822604,1,0.189136991919144,10.5839182261171
"2006",3893,"Nider","Inflow","Amphipoda","Gammaridae",3,"1",30231,24.2948159790324,"kick_net",0.00845,2.8705,1,0.197894293315652,-1.31816060822604,1,0.189136991919144,10.5839182261171
"2007",3894,"Nider","Inflow","Amphipoda","Gammaridae",3,"1",30231,24.2948159790324,"kick_net",0.00845,2.8705,1,0.197894293315652,-1.31816060822604,1,0.189136991919144,10.5839182261171
"2008",3895,"Nider","Inflow","Amphipoda","Gammaridae",4,"1",30231,24.2948159790324,"kick_net",0.00845,2.8705,1,0.451928691384938,-1.31816060822604,1,0.189136991919144,10.5839182261171
"2009",3896,"Nider","Inflow","Amphipoda","Gammaridae",4,"1",30231,24.2948159790324,"kick_net",0.00845,2.8705,1,0.451928691384938,-1.31816060822604,1,0.189136991919144,10.5839182261171
"2010",3897,"Nider","Inflow","Amphipoda","Gammaridae",4,"1",30231,24.2948159790324,"kick_net",0.00845,2.8705,1,0.451928691384938,-1.31816060822604,1,0.189136991919144,10.5839182261171
"2011",3898,"Nider","Inflow","Amphipoda","Gammaridae",4,"1",30231,24.2948159790324,"kick_net",0.00845,2.8705,1,0.451928691384938,-1.31816060822604,1,0.189136991919144,10.5839182261171
"2012",3899,"Nider","Inflow","Amphipoda","Gammaridae",5,"1",30231,24.2948159790324,"kick_net",0.00845,2.8705,1,0.857531547980516,-1.31816060822604,1,0.189136991919144,10.5839182261171
"2013",3900,"Nider","Inflow","Amphipoda","Gammaridae",5,"1",30231,24.2948159790324,"kick_net",0.00845,2.8705,1,0.857531547980516,-1.31816060822604,1,0.189136991919144,10.5839182261171
"2014",3901,"Nider","Inflow","Amphipoda","Gammaridae",5,"1",30231,24.2948159790324,"kick_net",0.00845,2.8705,1,0.857531547980516,-1.31816060822604,1,0.189136991919144,10.5839182261171
"2015",3902,"Nider","Inflow","Amphipoda","Gammaridae",6,"1",30231,24.2948159790324,"kick_net",0.00845,2.8705,1,1.44723771988851,-1.31816060822604,1,0.189136991919144,10.5839182261171
"2016",3903,"Nider","Inflow","Amphipoda","Gammaridae",6,"1",30231,24.2948159790324,"kick_net",0.00845,2.8705,1,1.44723771988851,-1.31816060822604,1,0.189136991919144,10.5839182261171
"2017",3904,"Nider","Inflow","Amphipoda","Gammaridae",6,"1",30231,24.2948159790324,"kick_net",0.00845,2.8705,1,1.44723771988851,-1.31816060822604,1,0.189136991919144,10.5839182261171
"2018",3905,"Nider","Inflow","Amphipoda","Gammaridae",6,"1",30231,24.2948159790324,"kick_net",0.00845,2.8705,1,1.44723771988851,-1.31816060822604,1,0.189136991919144,10.5839182261171
"2019",3906,"Nider","Inflow","Amphipoda","Gammaridae",6,"1",30231,24.2948159790324,"kick_net",0.00845,2.8705,1,1.44723771988851,-1.31816060822604,1,0.189136991919144,10.5839182261171
"2020",3907,"Nider","Inflow","Amphipoda","Gammaridae",6,"1",30231,24.2948159790324,"kick_net",0.00845,2.8705,1,1.44723771988851,-1.31816060822604,1,0.189136991919144,10.5839182261171
"2021",3908,"Nider","Inflow","Amphipoda","Gammaridae",6,"1",30231,24.2948159790324,"kick_net",0.00845,2.8705,1,1.44723771988851,-1.31816060822604,1,0.189136991919144,10.5839182261171
"2022",3909,"Nider","Inflow","Amphipoda","Gammaridae",7,"1",30231,24.2948159790324,"kick_net",0.00845,2.8705,1,2.25273772956822,-1.31816060822604,1,0.189136991919144,10.5839182261171
"2023",3910,"Nider","Inflow","Amphipoda","Gammaridae",7,"1",30231,24.2948159790324,"kick_net",0.00845,2.8705,1,2.25273772956822,-1.31816060822604,1,0.189136991919144,10.5839182261171
"2024",3911,"Nider","Inflow","Amphipoda","Gammaridae",7,"1",30231,24.2948159790324,"kick_net",0.00845,2.8705,1,2.25273772956822,-1.31816060822604,1,0.189136991919144,10.5839182261171
"2025",3912,"Nider","Inflow","Amphipoda","Gammaridae",7,"1",30231,24.2948159790324,"kick_net",0.00845,2.8705,1,2.25273772956822,-1.31816060822604,1,0.189136991919144,10.5839182261171
"2026",3913,"Nider","Inflow","Amphipoda","Gammaridae",10,"1",30231,24.2948159790324,"kick_net",0.00845,2.8705,1,6.27128747089358,-1.31816060822604,1,0.189136991919144,10.5839182261171
"2027",3915,"Nider","Inflow","Ephemeroptera","Baetidae",4,"1",30231,24.2948159790324,"kick_net",0.005,2.875,1,0.269086852881189,-1.31816060822604,1,0.189136991919144,10.5839182261171
"2028",3918,"Nider","Inflow","Ephemeroptera","Caenidae",4,"1",30231,24.2948159790324,"kick_net",0.005,2.772,1,0.233281500610653,-1.31816060822604,1,0.189136991919144,10.5839182261171
"2029",3919,"Nider","Inflow","Ephemeroptera","Caenidae",4,"1",30231,24.2948159790324,"kick_net",0.005,2.772,1,0.233281500610653,-1.31816060822604,1,0.189136991919144,10.5839182261171
"2030",3920,"Nider","Inflow","Ephemeroptera","Caenidae",5,"1",30231,24.2948159790324,"kick_net",0.005,2.772,1,0.43302688047797,-1.31816060822604,1,0.189136991919144,10.5839182261171
"2031",3921,"Nider","Inflow","Ephemeroptera","Caenidae",5,"1",30231,24.2948159790324,"kick_net",0.005,2.772,1,0.43302688047797,-1.31816060822604,1,0.189136991919144,10.5839182261171
"2032",3922,"Nider","Inflow","Ephemeroptera","Caenidae",6,"1",30231,24.2948159790324,"kick_net",0.005,2.772,1,0.717803002147901,-1.31816060822604,1,0.189136991919144,10.5839182261171
"2033",3923,"Nider","Inflow","Ephemeroptera","Caenidae",6,"1",30231,24.2948159790324,"kick_net",0.005,2.772,1,0.717803002147901,-1.31816060822604,1,0.189136991919144,10.5839182261171
"2034",3924,"Nider","Inflow","Ephemeroptera","Caenidae",7,"1",30231,24.2948159790324,"kick_net",0.005,2.772,1,1.10047902978593,-1.31816060822604,1,0.189136991919144,10.5839182261171
"2035",3926,"Nider","Inflow","Ephemeroptera","Ephemerellidae",3,"1",30231,24.2948159790324,"kick_net",0.01,2.676,1,0.189136991919144,-1.31816060822604,1,0.189136991919144,10.5839182261171
"2036",3927,"Nider","Inflow","Odonata","Gomphidae",8,"1",30231,24.2948159790324,"kick_net",0.009,2.787,1,2.95906362391164,-1.31816060822604,1,0.189136991919144,10.5839182261171
"2037",3929,"Nider","Inflow","Trichoptera","Hydropsychidae",12,"1",30231,24.2948159790324,"kick_net",0.005,2.926,1,7.18876571955492,-1.31816060822604,1,0.189136991919144,10.5839182261171
"2038",3943,"Nider","Inflow","Diptera","Chironomidae",6,"1",30231,24.2948159790324,"kick_net",0.002,2.62,1,0.218668523080522,-1.31816060822604,1,0.189136991919144,10.5839182261171
"2039",3944,"Nider","Inflow","Gastropoda","Hydrobiidae",4,"1",30231,24.2948159790324,"kick_net",0.182,2.82,1,9.0757090238855,-1.31816060822604,1,0.189136991919144,10.5839182261171
"2040",3945,"Nider","Inflow","Amphipoda","Gammaridae",3,"1",30231,24.2948159790324,"kick_net",0.00845,2.8705,1,0.197894293315652,-1.31816060822604,1,0.189136991919144,10.5839182261171
"2041",3946,"Nider","Inflow","Amphipoda","Gammaridae",3,"1",30231,24.2948159790324,"kick_net",0.00845,2.8705,1,0.197894293315652,-1.31816060822604,1,0.189136991919144,10.5839182261171
"2042",3947,"Nider","Inflow","Amphipoda","Gammaridae",3,"1",30231,24.2948159790324,"kick_net",0.00845,2.8705,1,0.197894293315652,-1.31816060822604,1,0.189136991919144,10.5839182261171
"2043",3948,"Nider","Inflow","Amphipoda","Gammaridae",3,"1",30231,24.2948159790324,"kick_net",0.00845,2.8705,1,0.197894293315652,-1.31816060822604,1,0.189136991919144,10.5839182261171
"2044",3949,"Nider","Inflow","Amphipoda","Gammaridae",3,"1",30231,24.2948159790324,"kick_net",0.00845,2.8705,1,0.197894293315652,-1.31816060822604,1,0.189136991919144,10.5839182261171
"2045",3950,"Nider","Inflow","Amphipoda","Gammaridae",3,"1",30231,24.2948159790324,"kick_net",0.00845,2.8705,1,0.197894293315652,-1.31816060822604,1,0.189136991919144,10.5839182261171
"2046",3951,"Nider","Inflow","Amphipoda","Gammaridae",3,"1",30231,24.2948159790324,"kick_net",0.00845,2.8705,1,0.197894293315652,-1.31816060822604,1,0.189136991919144,10.5839182261171
"2047",3952,"Nider","Inflow","Amphipoda","Gammaridae",3,"1",30231,24.2948159790324,"kick_net",0.00845,2.8705,1,0.197894293315652,-1.31816060822604,1,0.189136991919144,10.5839182261171
"2048",3953,"Nider","Inflow","Amphipoda","Gammaridae",3,"1",30231,24.2948159790324,"kick_net",0.00845,2.8705,1,0.197894293315652,-1.31816060822604,1,0.189136991919144,10.5839182261171
"2049",3954,"Nider","Inflow","Amphipoda","Gammaridae",3,"1",30231,24.2948159790324,"kick_net",0.00845,2.8705,1,0.197894293315652,-1.31816060822604,1,0.189136991919144,10.5839182261171
"2050",3955,"Nider","Inflow","Amphipoda","Gammaridae",4,"1",30231,24.2948159790324,"kick_net",0.00845,2.8705,1,0.451928691384938,-1.31816060822604,1,0.189136991919144,10.5839182261171
"2051",3956,"Nider","Inflow","Amphipoda","Gammaridae",4,"1",30231,24.2948159790324,"kick_net",0.00845,2.8705,1,0.451928691384938,-1.31816060822604,1,0.189136991919144,10.5839182261171
"2052",3957,"Nider","Inflow","Amphipoda","Gammaridae",5,"1",30231,24.2948159790324,"kick_net",0.00845,2.8705,1,0.857531547980516,-1.31816060822604,1,0.189136991919144,10.5839182261171
"2053",3958,"Nider","Inflow","Amphipoda","Gammaridae",5,"1",30231,24.2948159790324,"kick_net",0.00845,2.8705,1,0.857531547980516,-1.31816060822604,1,0.189136991919144,10.5839182261171
"2054",3959,"Nider","Inflow","Amphipoda","Gammaridae",5,"1",30231,24.2948159790324,"kick_net",0.00845,2.8705,1,0.857531547980516,-1.31816060822604,1,0.189136991919144,10.5839182261171
"2055",3960,"Nider","Inflow","Amphipoda","Gammaridae",5,"1",30231,24.2948159790324,"kick_net",0.00845,2.8705,1,0.857531547980516,-1.31816060822604,1,0.189136991919144,10.5839182261171
"2056",3961,"Nider","Inflow","Amphipoda","Gammaridae",5,"1",30231,24.2948159790324,"kick_net",0.00845,2.8705,1,0.857531547980516,-1.31816060822604,1,0.189136991919144,10.5839182261171
"2057",3962,"Nider","Inflow","Amphipoda","Gammaridae",6,"1",30231,24.2948159790324,"kick_net",0.00845,2.8705,1,1.44723771988851,-1.31816060822604,1,0.189136991919144,10.5839182261171
"2058",3963,"Nider","Inflow","Amphipoda","Gammaridae",6,"1",30231,24.2948159790324,"kick_net",0.00845,2.8705,1,1.44723771988851,-1.31816060822604,1,0.189136991919144,10.5839182261171
"2059",3964,"Nider","Inflow","Amphipoda","Gammaridae",6,"1",30231,24.2948159790324,"kick_net",0.00845,2.8705,1,1.44723771988851,-1.31816060822604,1,0.189136991919144,10.5839182261171
"2060",3965,"Nider","Inflow","Amphipoda","Gammaridae",6,"1",30231,24.2948159790324,"kick_net",0.00845,2.8705,1,1.44723771988851,-1.31816060822604,1,0.189136991919144,10.5839182261171
"2061",3966,"Nider","Inflow","Amphipoda","Gammaridae",7,"1",30231,24.2948159790324,"kick_net",0.00845,2.8705,1,2.25273772956822,-1.31816060822604,1,0.189136991919144,10.5839182261171
"2062",3967,"Nider","Inflow","Amphipoda","Gammaridae",7,"1",30231,24.2948159790324,"kick_net",0.00845,2.8705,1,2.25273772956822,-1.31816060822604,1,0.189136991919144,10.5839182261171
"2063",3968,"Nider","Inflow","Amphipoda","Gammaridae",7,"1",30231,24.2948159790324,"kick_net",0.00845,2.8705,1,2.25273772956822,-1.31816060822604,1,0.189136991919144,10.5839182261171
"2064",3969,"Nider","Inflow","Amphipoda","Gammaridae",8,"1",30231,24.2948159790324,"kick_net",0.00845,2.8705,1,3.30503845216443,-1.31816060822604,1,0.189136991919144,10.5839182261171
"2065",3970,"Nider","Inflow","Amphipoda","Gammaridae",8,"1",30231,24.2948159790324,"kick_net",0.00845,2.8705,1,3.30503845216443,-1.31816060822604,1,0.189136991919144,10.5839182261171
"2066",3971,"Nider","Inflow","Amphipoda","Gammaridae",11,"1",30231,24.2948159790324,"kick_net",0.00845,2.8705,1,8.24469153511625,-1.31816060822604,1,0.189136991919144,10.5839182261171
"2067",3973,"Nider","Inflow","Ephemeroptera","Caenidae",4,"1",30231,24.2948159790324,"kick_net",0.005,2.772,1,0.233281500610653,-1.31816060822604,1,0.189136991919144,10.5839182261171
"2068",3974,"Nider","Inflow","Ephemeroptera","Ephemerellidae",4,"1",30231,24.2948159790324,"kick_net",0.01,2.676,1,0.408425206025265,-1.31816060822604,1,0.189136991919144,10.5839182261171
"2069",3975,"Nider","Inflow","Ephemeroptera","Ephemerellidae",5,"1",30231,24.2948159790324,"kick_net",0.01,2.676,1,0.742068047117268,-1.31816060822604,1,0.189136991919144,10.5839182261171
"2070",3976,"Nider","Inflow","Ephemeroptera","Ephemerellidae",6,"1",30231,24.2948159790324,"kick_net",0.01,2.676,1,1.20873958772828,-1.31816060822604,1,0.189136991919144,10.5839182261171
"2071",3980,"Nider","Inflow","Diptera","Chironomidae",6,"1",30231,24.2948159790324,"kick_net",0.002,2.62,1,0.218668523080522,-1.31816060822604,1,0.189136991919144,10.5839182261171
"2072",3981,"Nider","Pool","Hirudinea","Glossiphoniidae",4,"1",30231,24.2948159790324,"kick_net",-2.12,2,2,1.92050605618331,-1.31816060822604,1,0.045249184219195,28.7647323770081
"2073",3982,"Nider","Pool","Gastropoda","Hydrobiidae",2,"1",30231,24.2948159790324,"kick_net",0.182,2.82,1,1.28521556259919,-1.31816060822604,1,0.045249184219195,28.7647323770081
"2074",3983,"Nider","Pool","Gastropoda","Hydrobiidae",2,"1",30231,24.2948159790324,"kick_net",0.182,2.82,1,1.28521556259919,-1.31816060822604,1,0.045249184219195,28.7647323770081
"2075",3984,"Nider","Pool","Gastropoda","Hydrobiidae",2,"1",30231,24.2948159790324,"kick_net",0.182,2.82,1,1.28521556259919,-1.31816060822604,1,0.045249184219195,28.7647323770081
"2076",3985,"Nider","Pool","Gastropoda","Hydrobiidae",2,"1",30231,24.2948159790324,"kick_net",0.182,2.82,1,1.28521556259919,-1.31816060822604,1,0.045249184219195,28.7647323770081
"2077",3986,"Nider","Pool","Gastropoda","Hydrobiidae",2,"1",30231,24.2948159790324,"kick_net",0.182,2.82,1,1.28521556259919,-1.31816060822604,1,0.045249184219195,28.7647323770081
"2078",3987,"Nider","Pool","Gastropoda","Hydrobiidae",2,"1",30231,24.2948159790324,"kick_net",0.182,2.82,1,1.28521556259919,-1.31816060822604,1,0.045249184219195,28.7647323770081
"2079",3988,"Nider","Pool","Gastropoda","Hydrobiidae",3,"1",30231,24.2948159790324,"kick_net",0.182,2.82,1,4.03230455398401,-1.31816060822604,1,0.045249184219195,28.7647323770081
"2080",3989,"Nider","Pool","Gastropoda","Hydrobiidae",3,"1",30231,24.2948159790324,"kick_net",0.182,2.82,1,4.03230455398401,-1.31816060822604,1,0.045249184219195,28.7647323770081
"2081",4004,"Nider","Pool","Amphipoda","Gammaridae",2,"1",30231,24.2948159790324,"kick_net",0.00845,2.8705,1,0.0617964193315659,-1.31816060822604,1,0.045249184219195,28.7647323770081
"2082",4005,"Nider","Pool","Amphipoda","Gammaridae",2,"1",30231,24.2948159790324,"kick_net",0.00845,2.8705,1,0.0617964193315659,-1.31816060822604,1,0.045249184219195,28.7647323770081
"2083",4006,"Nider","Pool","Amphipoda","Gammaridae",2,"1",30231,24.2948159790324,"kick_net",0.00845,2.8705,1,0.0617964193315659,-1.31816060822604,1,0.045249184219195,28.7647323770081
"2084",4007,"Nider","Pool","Amphipoda","Gammaridae",2,"1",30231,24.2948159790324,"kick_net",0.00845,2.8705,1,0.0617964193315659,-1.31816060822604,1,0.045249184219195,28.7647323770081
"2085",4008,"Nider","Pool","Amphipoda","Gammaridae",2,"1",30231,24.2948159790324,"kick_net",0.00845,2.8705,1,0.0617964193315659,-1.31816060822604,1,0.045249184219195,28.7647323770081
"2086",4009,"Nider","Pool","Amphipoda","Gammaridae",2,"1",30231,24.2948159790324,"kick_net",0.00845,2.8705,1,0.0617964193315659,-1.31816060822604,1,0.045249184219195,28.7647323770081
"2087",4010,"Nider","Pool","Amphipoda","Gammaridae",2,"1",30231,24.2948159790324,"kick_net",0.00845,2.8705,1,0.0617964193315659,-1.31816060822604,1,0.045249184219195,28.7647323770081
"2088",4011,"Nider","Pool","Amphipoda","Gammaridae",2,"1",30231,24.2948159790324,"kick_net",0.00845,2.8705,1,0.0617964193315659,-1.31816060822604,1,0.045249184219195,28.7647323770081
"2089",4012,"Nider","Pool","Amphipoda","Gammaridae",2,"1",30231,24.2948159790324,"kick_net",0.00845,2.8705,1,0.0617964193315659,-1.31816060822604,1,0.045249184219195,28.7647323770081
"2090",4013,"Nider","Pool","Amphipoda","Gammaridae",2,"1",30231,24.2948159790324,"kick_net",0.00845,2.8705,1,0.0617964193315659,-1.31816060822604,1,0.045249184219195,28.7647323770081
"2091",4014,"Nider","Pool","Amphipoda","Gammaridae",2,"1",30231,24.2948159790324,"kick_net",0.00845,2.8705,1,0.0617964193315659,-1.31816060822604,1,0.045249184219195,28.7647323770081
"2092",4015,"Nider","Pool","Amphipoda","Gammaridae",2,"1",30231,24.2948159790324,"kick_net",0.00845,2.8705,1,0.0617964193315659,-1.31816060822604,1,0.045249184219195,28.7647323770081
"2093",4016,"Nider","Pool","Amphipoda","Gammaridae",2,"1",30231,24.2948159790324,"kick_net",0.00845,2.8705,1,0.0617964193315659,-1.31816060822604,1,0.045249184219195,28.7647323770081
"2094",4017,"Nider","Pool","Amphipoda","Gammaridae",2,"1",30231,24.2948159790324,"kick_net",0.00845,2.8705,1,0.0617964193315659,-1.31816060822604,1,0.045249184219195,28.7647323770081
"2095",4018,"Nider","Pool","Amphipoda","Gammaridae",2,"1",30231,24.2948159790324,"kick_net",0.00845,2.8705,1,0.0617964193315659,-1.31816060822604,1,0.045249184219195,28.7647323770081
"2096",4019,"Nider","Pool","Amphipoda","Gammaridae",2,"1",30231,24.2948159790324,"kick_net",0.00845,2.8705,1,0.0617964193315659,-1.31816060822604,1,0.045249184219195,28.7647323770081
"2097",4020,"Nider","Pool","Amphipoda","Gammaridae",2,"1",30231,24.2948159790324,"kick_net",0.00845,2.8705,1,0.0617964193315659,-1.31816060822604,1,0.045249184219195,28.7647323770081
"2098",4021,"Nider","Pool","Amphipoda","Gammaridae",2,"1",30231,24.2948159790324,"kick_net",0.00845,2.8705,1,0.0617964193315659,-1.31816060822604,1,0.045249184219195,28.7647323770081
"2099",4022,"Nider","Pool","Amphipoda","Gammaridae",2,"1",30231,24.2948159790324,"kick_net",0.00845,2.8705,1,0.0617964193315659,-1.31816060822604,1,0.045249184219195,28.7647323770081
"2100",4023,"Nider","Pool","Amphipoda","Gammaridae",2,"1",30231,24.2948159790324,"kick_net",0.00845,2.8705,1,0.0617964193315659,-1.31816060822604,1,0.045249184219195,28.7647323770081
"2101",4024,"Nider","Pool","Amphipoda","Gammaridae",2,"1",30231,24.2948159790324,"kick_net",0.00845,2.8705,1,0.0617964193315659,-1.31816060822604,1,0.045249184219195,28.7647323770081
"2102",4025,"Nider","Pool","Amphipoda","Gammaridae",2,"1",30231,24.2948159790324,"kick_net",0.00845,2.8705,1,0.0617964193315659,-1.31816060822604,1,0.045249184219195,28.7647323770081
"2103",4026,"Nider","Pool","Amphipoda","Gammaridae",2,"1",30231,24.2948159790324,"kick_net",0.00845,2.8705,1,0.0617964193315659,-1.31816060822604,1,0.045249184219195,28.7647323770081
"2104",4027,"Nider","Pool","Amphipoda","Gammaridae",2,"1",30231,24.2948159790324,"kick_net",0.00845,2.8705,1,0.0617964193315659,-1.31816060822604,1,0.045249184219195,28.7647323770081
"2105",4028,"Nider","Pool","Amphipoda","Gammaridae",3,"1",30231,24.2948159790324,"kick_net",0.00845,2.8705,1,0.197894293315652,-1.31816060822604,1,0.045249184219195,28.7647323770081
"2106",4029,"Nider","Pool","Amphipoda","Gammaridae",3,"1",30231,24.2948159790324,"kick_net",0.00845,2.8705,1,0.197894293315652,-1.31816060822604,1,0.045249184219195,28.7647323770081
"2107",4030,"Nider","Pool","Amphipoda","Gammaridae",6,"1",30231,24.2948159790324,"kick_net",0.00845,2.8705,1,1.44723771988851,-1.31816060822604,1,0.045249184219195,28.7647323770081
"2108",4031,"Nider","Pool","Amphipoda","Gammaridae",7,"1",30231,24.2948159790324,"kick_net",0.00845,2.8705,1,2.25273772956822,-1.31816060822604,1,0.045249184219195,28.7647323770081
"2109",4032,"Nider","Pool","Amphipoda","Gammaridae",8,"1",30231,24.2948159790324,"kick_net",0.00845,2.8705,1,3.30503845216443,-1.31816060822604,1,0.045249184219195,28.7647323770081
"2110",4033,"Nider","Pool","Amphipoda","Gammaridae",8,"1",30231,24.2948159790324,"kick_net",0.00845,2.8705,1,3.30503845216443,-1.31816060822604,1,0.045249184219195,28.7647323770081
"2111",4034,"Nider","Pool","Amphipoda","Gammaridae",9,"1",30231,24.2948159790324,"kick_net",0.00845,2.8705,1,4.6345741215268,-1.31816060822604,1,0.045249184219195,28.7647323770081
"2112",4035,"Nider","Pool","Amphipoda","Gammaridae",9,"1",30231,24.2948159790324,"kick_net",0.00845,2.8705,1,4.6345741215268,-1.31816060822604,1,0.045249184219195,28.7647323770081
"2113",4036,"Nider","Pool","Amphipoda","Gammaridae",10,"1",30231,24.2948159790324,"kick_net",0.00845,2.8705,1,6.27128747089358,-1.31816060822604,1,0.045249184219195,28.7647323770081
"2114",4037,"Nider","Pool","Amphipoda","Gammaridae",10,"1",30231,24.2948159790324,"kick_net",0.00845,2.8705,1,6.27128747089358,-1.31816060822604,1,0.045249184219195,28.7647323770081
"2115",4038,"Nider","Pool","Amphipoda","Gammaridae",10,"1",30231,24.2948159790324,"kick_net",0.00845,2.8705,1,6.27128747089358,-1.31816060822604,1,0.045249184219195,28.7647323770081
"2116",4039,"Nider","Pool","Amphipoda","Gammaridae",11,"1",30231,24.2948159790324,"kick_net",0.00845,2.8705,1,8.24469153511625,-1.31816060822604,1,0.045249184219195,28.7647323770081
"2117",4040,"Nider","Pool","Amphipoda","Gammaridae",11,"1",30231,24.2948159790324,"kick_net",0.00845,2.8705,1,8.24469153511625,-1.31816060822604,1,0.045249184219195,28.7647323770081
"2118",4041,"Nider","Pool","Amphipoda","Gammaridae",11,"1",30231,24.2948159790324,"kick_net",0.00845,2.8705,1,8.24469153511625,-1.31816060822604,1,0.045249184219195,28.7647323770081
"2119",4042,"Nider","Pool","Amphipoda","Gammaridae",11,"1",30231,24.2948159790324,"kick_net",0.00845,2.8705,1,8.24469153511625,-1.31816060822604,1,0.045249184219195,28.7647323770081
"2120",4043,"Nider","Pool","Amphipoda","Gammaridae",11,"1",30231,24.2948159790324,"kick_net",0.00845,2.8705,1,8.24469153511625,-1.31816060822604,1,0.045249184219195,28.7647323770081
"2121",4044,"Nider","Pool","Amphipoda","Gammaridae",12,"1",30231,24.2948159790324,"kick_net",0.00845,2.8705,1,10.5839182261171,-1.31816060822604,1,0.045249184219195,28.7647323770081
"2122",4045,"Nider","Pool","Amphipoda","Gammaridae",12,"1",30231,24.2948159790324,"kick_net",0.00845,2.8705,1,10.5839182261171,-1.31816060822604,1,0.045249184219195,28.7647323770081
"2123",4046,"Nider","Pool","Amphipoda","Gammaridae",12,"1",30231,24.2948159790324,"kick_net",0.00845,2.8705,1,10.5839182261171,-1.31816060822604,1,0.045249184219195,28.7647323770081
"2124",4047,"Nider","Pool","Amphipoda","Gammaridae",13,"1",30231,24.2948159790324,"kick_net",0.00845,2.8705,1,13.3177574719972,-1.31816060822604,1,0.045249184219195,28.7647323770081
"2125",4048,"Nider","Pool","Amphipoda","Gammaridae",13,"1",30231,24.2948159790324,"kick_net",0.00845,2.8705,1,13.3177574719972,-1.31816060822604,1,0.045249184219195,28.7647323770081
"2126",4049,"Nider","Pool","Amphipoda","Gammaridae",13,"1",30231,24.2948159790324,"kick_net",0.00845,2.8705,1,13.3177574719972,-1.31816060822604,1,0.045249184219195,28.7647323770081
"2127",4050,"Nider","Pool","Amphipoda","Gammaridae",13,"1",30231,24.2948159790324,"kick_net",0.00845,2.8705,1,13.3177574719972,-1.31816060822604,1,0.045249184219195,28.7647323770081
"2128",4051,"Nider","Pool","Amphipoda","Gammaridae",13,"1",30231,24.2948159790324,"kick_net",0.00845,2.8705,1,13.3177574719972,-1.31816060822604,1,0.045249184219195,28.7647323770081
"2129",4052,"Nider","Pool","Amphipoda","Gammaridae",14,"1",30231,24.2948159790324,"kick_net",0.00845,2.8705,1,16.4746893941346,-1.31816060822604,1,0.045249184219195,28.7647323770081
"2130",4053,"Nider","Pool","Amphipoda","Gammaridae",14,"1",30231,24.2948159790324,"kick_net",0.00845,2.8705,1,16.4746893941346,-1.31816060822604,1,0.045249184219195,28.7647323770081
"2131",4054,"Nider","Pool","Amphipoda","Gammaridae",14,"1",30231,24.2948159790324,"kick_net",0.00845,2.8705,1,16.4746893941346,-1.31816060822604,1,0.045249184219195,28.7647323770081
"2132",4055,"Nider","Pool","Amphipoda","Gammaridae",14,"1",30231,24.2948159790324,"kick_net",0.00845,2.8705,1,16.4746893941346,-1.31816060822604,1,0.045249184219195,28.7647323770081
"2133",4056,"Nider","Pool","Amphipoda","Gammaridae",14,"1",30231,24.2948159790324,"kick_net",0.00845,2.8705,1,16.4746893941346,-1.31816060822604,1,0.045249184219195,28.7647323770081
"2134",4057,"Nider","Pool","Amphipoda","Gammaridae",14,"1",30231,24.2948159790324,"kick_net",0.00845,2.8705,1,16.4746893941346,-1.31816060822604,1,0.045249184219195,28.7647323770081
"2135",4058,"Nider","Pool","Amphipoda","Gammaridae",15,"1",30231,24.2948159790324,"kick_net",0.00845,2.8705,1,20.0829112051457,-1.31816060822604,1,0.045249184219195,28.7647323770081
"2136",4063,"Nider","Pool","Ephemeroptera","Baetidae",3,"1",30231,24.2948159790324,"kick_net",0.005,2.875,1,0.117677548287684,-1.31816060822604,1,0.045249184219195,28.7647323770081
"2137",4064,"Nider","Pool","Ephemeroptera","Baetidae",3,"1",30231,24.2948159790324,"kick_net",0.005,2.875,1,0.117677548287684,-1.31816060822604,1,0.045249184219195,28.7647323770081
"2138",4065,"Nider","Pool","Ephemeroptera","Baetidae",3,"1",30231,24.2948159790324,"kick_net",0.005,2.875,1,0.117677548287684,-1.31816060822604,1,0.045249184219195,28.7647323770081
"2139",4066,"Nider","Pool","Ephemeroptera","Baetidae",3,"1",30231,24.2948159790324,"kick_net",0.005,2.875,1,0.117677548287684,-1.31816060822604,1,0.045249184219195,28.7647323770081
"2140",4067,"Nider","Pool","Ephemeroptera","Baetidae",3,"1",30231,24.2948159790324,"kick_net",0.005,2.875,1,0.117677548287684,-1.31816060822604,1,0.045249184219195,28.7647323770081
"2141",4068,"Nider","Pool","Ephemeroptera","Baetidae",3,"1",30231,24.2948159790324,"kick_net",0.005,2.875,1,0.117677548287684,-1.31816060822604,1,0.045249184219195,28.7647323770081
"2142",4069,"Nider","Pool","Ephemeroptera","Baetidae",3,"1",30231,24.2948159790324,"kick_net",0.005,2.875,1,0.117677548287684,-1.31816060822604,1,0.045249184219195,28.7647323770081
"2143",4070,"Nider","Pool","Ephemeroptera","Baetidae",4,"1",30231,24.2948159790324,"kick_net",0.005,2.875,1,0.269086852881189,-1.31816060822604,1,0.045249184219195,28.7647323770081
"2144",4071,"Nider","Pool","Ephemeroptera","Baetidae",4,"1",30231,24.2948159790324,"kick_net",0.005,2.875,1,0.269086852881189,-1.31816060822604,1,0.045249184219195,28.7647323770081
"2145",4072,"Nider","Pool","Ephemeroptera","Baetidae",4,"1",30231,24.2948159790324,"kick_net",0.005,2.875,1,0.269086852881189,-1.31816060822604,1,0.045249184219195,28.7647323770081
"2146",4073,"Nider","Pool","Ephemeroptera","Baetidae",4,"1",30231,24.2948159790324,"kick_net",0.005,2.875,1,0.269086852881189,-1.31816060822604,1,0.045249184219195,28.7647323770081
"2147",4074,"Nider","Pool","Ephemeroptera","Baetidae",4,"1",30231,24.2948159790324,"kick_net",0.005,2.875,1,0.269086852881189,-1.31816060822604,1,0.045249184219195,28.7647323770081
"2148",4075,"Nider","Pool","Ephemeroptera","Baetidae",4,"1",30231,24.2948159790324,"kick_net",0.005,2.875,1,0.269086852881189,-1.31816060822604,1,0.045249184219195,28.7647323770081
"2149",4076,"Nider","Pool","Ephemeroptera","Baetidae",4,"1",30231,24.2948159790324,"kick_net",0.005,2.875,1,0.269086852881189,-1.31816060822604,1,0.045249184219195,28.7647323770081
"2150",4077,"Nider","Pool","Ephemeroptera","Baetidae",4,"1",30231,24.2948159790324,"kick_net",0.005,2.875,1,0.269086852881189,-1.31816060822604,1,0.045249184219195,28.7647323770081
"2151",4078,"Nider","Pool","Ephemeroptera","Baetidae",4,"1",30231,24.2948159790324,"kick_net",0.005,2.875,1,0.269086852881189,-1.31816060822604,1,0.045249184219195,28.7647323770081
"2152",4079,"Nider","Pool","Ephemeroptera","Baetidae",5,"1",30231,24.2948159790324,"kick_net",0.005,2.875,1,0.511103396223714,-1.31816060822604,1,0.045249184219195,28.7647323770081
"2153",4080,"Nider","Pool","Ephemeroptera","Baetidae",6,"1",30231,24.2948159790324,"kick_net",0.005,2.875,1,0.863286300593756,-1.31816060822604,1,0.045249184219195,28.7647323770081
"2154",4081,"Nider","Pool","Ephemeroptera","Baetidae",6,"1",30231,24.2948159790324,"kick_net",0.005,2.875,1,0.863286300593756,-1.31816060822604,1,0.045249184219195,28.7647323770081
"2155",4082,"Nider","Pool","Ephemeroptera","Baetidae",6,"1",30231,24.2948159790324,"kick_net",0.005,2.875,1,0.863286300593756,-1.31816060822604,1,0.045249184219195,28.7647323770081
"2156",4083,"Nider","Pool","Ephemeroptera","Baetidae",6,"1",30231,24.2948159790324,"kick_net",0.005,2.875,1,0.863286300593756,-1.31816060822604,1,0.045249184219195,28.7647323770081
"2157",4084,"Nider","Pool","Ephemeroptera","Baetidae",6,"1",30231,24.2948159790324,"kick_net",0.005,2.875,1,0.863286300593756,-1.31816060822604,1,0.045249184219195,28.7647323770081
"2158",4085,"Nider","Pool","Ephemeroptera","Baetidae",7,"1",30231,24.2948159790324,"kick_net",0.005,2.875,1,1.34470453452202,-1.31816060822604,1,0.045249184219195,28.7647323770081
"2159",4086,"Nider","Pool","Ephemeroptera","Baetidae",7,"1",30231,24.2948159790324,"kick_net",0.005,2.875,1,1.34470453452202,-1.31816060822604,1,0.045249184219195,28.7647323770081
"2160",4087,"Nider","Pool","Ephemeroptera","Baetidae",8,"1",30231,24.2948159790324,"kick_net",0.005,2.875,1,1.97402985652216,-1.31816060822604,1,0.045249184219195,28.7647323770081
"2161",4088,"Nider","Pool","Ephemeroptera","Caenidae",3,"1",30231,24.2948159790324,"kick_net",0.005,2.772,1,0.105087273028131,-1.31816060822604,1,0.045249184219195,28.7647323770081
"2162",4089,"Nider","Pool","Ephemeroptera","Caenidae",4,"1",30231,24.2948159790324,"kick_net",0.005,2.772,1,0.233281500610653,-1.31816060822604,1,0.045249184219195,28.7647323770081
"2163",4090,"Nider","Pool","Ephemeroptera","Caenidae",6,"1",30231,24.2948159790324,"kick_net",0.005,2.772,1,0.717803002147901,-1.31816060822604,1,0.045249184219195,28.7647323770081
"2164",4091,"Nider","Pool","Odonata","Cordulegastridae",5,"1",30231,24.2948159790324,"kick_net",0.007,2.782,1,0.616073590470086,-1.31816060822604,1,0.045249184219195,28.7647323770081
"2165",4093,"Nider","Pool","Coleoptera","Elmidae",2,"1",30231,24.2948159790324,"kick_net",0.007,2.88,1,0.051530508434993,-1.31816060822604,1,0.045249184219195,28.7647323770081
"2166",4094,"Nider","Pool","Coleoptera","Elmidae",2,"1",30231,24.2948159790324,"kick_net",0.007,2.88,1,0.051530508434993,-1.31816060822604,1,0.045249184219195,28.7647323770081
"2167",4095,"Nider","Pool","Coleoptera","Elmidae",3,"1",30231,24.2948159790324,"kick_net",0.007,2.88,1,0.165656031703537,-1.31816060822604,1,0.045249184219195,28.7647323770081
"2168",4096,"Nider","Pool","Coleoptera","Elmidae",3,"1",30231,24.2948159790324,"kick_net",0.007,2.88,1,0.165656031703537,-1.31816060822604,1,0.045249184219195,28.7647323770081
"2169",4097,"Nider","Pool","Trichoptera","Hydropsychidae",5,"1",30231,24.2948159790324,"kick_net",0.005,2.926,1,0.554825274920009,-1.31816060822604,1,0.045249184219195,28.7647323770081
"2170",4098,"Nider","Pool","Trichoptera","Hydropsychidae",6,"1",30231,24.2948159790324,"kick_net",0.005,2.926,1,0.94588984503884,-1.31816060822604,1,0.045249184219195,28.7647323770081
"2171",4099,"Nider","Pool","Trichoptera","Limnephilidae",14,"1",30231,24.2948159790324,"kick_net",0.004,2.93,1,9.12462732839269,-1.31816060822604,1,0.045249184219195,28.7647323770081
"2172",4100,"Nider","Pool","Diptera","Ceratopogonidae",3,"1",30231,24.2948159790324,"kick_net",0.003,2.47,1,0.045249184219195,-1.31816060822604,1,0.045249184219195,28.7647323770081
"2173",4111,"Nider","Pool","Diptera","Chironomidae",5,"1",30231,24.2948159790324,"kick_net",0.002,2.62,1,0.135622394240555,-1.31816060822604,1,0.045249184219195,28.7647323770081
"2174",4112,"Nider","Pool","Diptera","Chironomidae",5,"1",30231,24.2948159790324,"kick_net",0.002,2.62,1,0.135622394240555,-1.31816060822604,1,0.045249184219195,28.7647323770081
"2175",4113,"Nider","Pool","Diptera","Chironomidae",5,"1",30231,24.2948159790324,"kick_net",0.002,2.62,1,0.135622394240555,-1.31816060822604,1,0.045249184219195,28.7647323770081
"2176",4114,"Nider","Pool","Diptera","Chironomidae",5,"1",30231,24.2948159790324,"kick_net",0.002,2.62,1,0.135622394240555,-1.31816060822604,1,0.045249184219195,28.7647323770081
"2177",4115,"Nider","Pool","Diptera","Chironomidae",6,"1",30231,24.2948159790324,"kick_net",0.002,2.62,1,0.218668523080522,-1.31816060822604,1,0.045249184219195,28.7647323770081
"2178",4116,"Nider","Pool","Diptera","Chironomidae",7,"1",30231,24.2948159790324,"kick_net",0.002,2.62,1,0.327481567511863,-1.31816060822604,1,0.045249184219195,28.7647323770081
"2179",4117,"Nider","Pool","Diptera","Chironomidae",7,"1",30231,24.2948159790324,"kick_net",0.002,2.62,1,0.327481567511863,-1.31816060822604,1,0.045249184219195,28.7647323770081
"2180",4118,"Nider","Pool","Diptera","Simuliidae",4,"1",30231,24.2948159790324,"kick_net",0.002,3.01,1,0.129786813413124,-1.31816060822604,1,0.045249184219195,28.7647323770081
"2181",4119,"Nider","Pool","Diptera","Simuliidae",5,"1",30231,24.2948159790324,"kick_net",0.002,3.01,1,0.254056147816831,-1.31816060822604,1,0.045249184219195,28.7647323770081
"2182",4120,"Nider","Pool","Diptera","Simuliidae",5,"1",30231,24.2948159790324,"kick_net",0.002,3.01,1,0.254056147816831,-1.31816060822604,1,0.045249184219195,28.7647323770081
"2183",4121,"Nider","Pool","Gastropoda","Hydrobiidae",1,"1",30231,24.2948159790324,"kick_net",0.182,2.82,1,0.182,-1.31816060822604,1,0.045249184219195,28.7647323770081
"2184",4122,"Nider","Pool","Gastropoda","Hydrobiidae",2,"1",30231,24.2948159790324,"kick_net",0.182,2.82,1,1.28521556259919,-1.31816060822604,1,0.045249184219195,28.7647323770081
"2185",4123,"Nider","Pool","Gastropoda","Hydrobiidae",5,"1",30231,24.2948159790324,"kick_net",0.182,2.82,1,17.0281238483793,-1.31816060822604,1,0.045249184219195,28.7647323770081
"2186",4124,"Nider","Pool","Gastropoda","Physidae",5,"1",30231,24.2948159790324,"kick_net",0.0457,3.05,1,6.19119828422008,-1.31816060822604,1,0.045249184219195,28.7647323770081
"2187",4133,"Nider","Pool","Amphipoda","Gammaridae",2,"1",30231,24.2948159790324,"kick_net",0.00845,2.8705,1,0.0617964193315659,-1.31816060822604,1,0.045249184219195,28.7647323770081
"2188",4134,"Nider","Pool","Amphipoda","Gammaridae",2,"1",30231,24.2948159790324,"kick_net",0.00845,2.8705,1,0.0617964193315659,-1.31816060822604,1,0.045249184219195,28.7647323770081
"2189",4135,"Nider","Pool","Amphipoda","Gammaridae",2,"1",30231,24.2948159790324,"kick_net",0.00845,2.8705,1,0.0617964193315659,-1.31816060822604,1,0.045249184219195,28.7647323770081
"2190",4136,"Nider","Pool","Amphipoda","Gammaridae",2,"1",30231,24.2948159790324,"kick_net",0.00845,2.8705,1,0.0617964193315659,-1.31816060822604,1,0.045249184219195,28.7647323770081
"2191",4137,"Nider","Pool","Amphipoda","Gammaridae",2,"1",30231,24.2948159790324,"kick_net",0.00845,2.8705,1,0.0617964193315659,-1.31816060822604,1,0.045249184219195,28.7647323770081
"2192",4138,"Nider","Pool","Amphipoda","Gammaridae",2,"1",30231,24.2948159790324,"kick_net",0.00845,2.8705,1,0.0617964193315659,-1.31816060822604,1,0.045249184219195,28.7647323770081
"2193",4139,"Nider","Pool","Amphipoda","Gammaridae",2,"1",30231,24.2948159790324,"kick_net",0.00845,2.8705,1,0.0617964193315659,-1.31816060822604,1,0.045249184219195,28.7647323770081
"2194",4140,"Nider","Pool","Amphipoda","Gammaridae",2,"1",30231,24.2948159790324,"kick_net",0.00845,2.8705,1,0.0617964193315659,-1.31816060822604,1,0.045249184219195,28.7647323770081
"2195",4141,"Nider","Pool","Amphipoda","Gammaridae",2,"1",30231,24.2948159790324,"kick_net",0.00845,2.8705,1,0.0617964193315659,-1.31816060822604,1,0.045249184219195,28.7647323770081
"2196",4142,"Nider","Pool","Amphipoda","Gammaridae",2,"1",30231,24.2948159790324,"kick_net",0.00845,2.8705,1,0.0617964193315659,-1.31816060822604,1,0.045249184219195,28.7647323770081
"2197",4143,"Nider","Pool","Amphipoda","Gammaridae",2,"1",30231,24.2948159790324,"kick_net",0.00845,2.8705,1,0.0617964193315659,-1.31816060822604,1,0.045249184219195,28.7647323770081
"2198",4144,"Nider","Pool","Amphipoda","Gammaridae",2,"1",30231,24.2948159790324,"kick_net",0.00845,2.8705,1,0.0617964193315659,-1.31816060822604,1,0.045249184219195,28.7647323770081
"2199",4145,"Nider","Pool","Amphipoda","Gammaridae",2,"1",30231,24.2948159790324,"kick_net",0.00845,2.8705,1,0.0617964193315659,-1.31816060822604,1,0.045249184219195,28.7647323770081
"2200",4146,"Nider","Pool","Amphipoda","Gammaridae",2,"1",30231,24.2948159790324,"kick_net",0.00845,2.8705,1,0.0617964193315659,-1.31816060822604,1,0.045249184219195,28.7647323770081
"2201",4147,"Nider","Pool","Amphipoda","Gammaridae",2,"1",30231,24.2948159790324,"kick_net",0.00845,2.8705,1,0.0617964193315659,-1.31816060822604,1,0.045249184219195,28.7647323770081
"2202",4148,"Nider","Pool","Amphipoda","Gammaridae",2,"1",30231,24.2948159790324,"kick_net",0.00845,2.8705,1,0.0617964193315659,-1.31816060822604,1,0.045249184219195,28.7647323770081
"2203",4149,"Nider","Pool","Amphipoda","Gammaridae",2,"1",30231,24.2948159790324,"kick_net",0.00845,2.8705,1,0.0617964193315659,-1.31816060822604,1,0.045249184219195,28.7647323770081
"2204",4150,"Nider","Pool","Amphipoda","Gammaridae",2,"1",30231,24.2948159790324,"kick_net",0.00845,2.8705,1,0.0617964193315659,-1.31816060822604,1,0.045249184219195,28.7647323770081
"2205",4151,"Nider","Pool","Amphipoda","Gammaridae",2,"1",30231,24.2948159790324,"kick_net",0.00845,2.8705,1,0.0617964193315659,-1.31816060822604,1,0.045249184219195,28.7647323770081
"2206",4152,"Nider","Pool","Amphipoda","Gammaridae",2,"1",30231,24.2948159790324,"kick_net",0.00845,2.8705,1,0.0617964193315659,-1.31816060822604,1,0.045249184219195,28.7647323770081
"2207",4153,"Nider","Pool","Amphipoda","Gammaridae",2,"1",30231,24.2948159790324,"kick_net",0.00845,2.8705,1,0.0617964193315659,-1.31816060822604,1,0.045249184219195,28.7647323770081
"2208",4154,"Nider","Pool","Amphipoda","Gammaridae",2,"1",30231,24.2948159790324,"kick_net",0.00845,2.8705,1,0.0617964193315659,-1.31816060822604,1,0.045249184219195,28.7647323770081
"2209",4155,"Nider","Pool","Amphipoda","Gammaridae",2,"1",30231,24.2948159790324,"kick_net",0.00845,2.8705,1,0.0617964193315659,-1.31816060822604,1,0.045249184219195,28.7647323770081
"2210",4156,"Nider","Pool","Amphipoda","Gammaridae",3,"1",30231,24.2948159790324,"kick_net",0.00845,2.8705,1,0.197894293315652,-1.31816060822604,1,0.045249184219195,28.7647323770081
"2211",4157,"Nider","Pool","Amphipoda","Gammaridae",3,"1",30231,24.2948159790324,"kick_net",0.00845,2.8705,1,0.197894293315652,-1.31816060822604,1,0.045249184219195,28.7647323770081
"2212",4158,"Nider","Pool","Amphipoda","Gammaridae",3,"1",30231,24.2948159790324,"kick_net",0.00845,2.8705,1,0.197894293315652,-1.31816060822604,1,0.045249184219195,28.7647323770081
"2213",4159,"Nider","Pool","Amphipoda","Gammaridae",3,"1",30231,24.2948159790324,"kick_net",0.00845,2.8705,1,0.197894293315652,-1.31816060822604,1,0.045249184219195,28.7647323770081
"2214",4160,"Nider","Pool","Amphipoda","Gammaridae",3,"1",30231,24.2948159790324,"kick_net",0.00845,2.8705,1,0.197894293315652,-1.31816060822604,1,0.045249184219195,28.7647323770081
"2215",4161,"Nider","Pool","Amphipoda","Gammaridae",4,"1",30231,24.2948159790324,"kick_net",0.00845,2.8705,1,0.451928691384938,-1.31816060822604,1,0.045249184219195,28.7647323770081
"2216",4162,"Nider","Pool","Amphipoda","Gammaridae",5,"1",30231,24.2948159790324,"kick_net",0.00845,2.8705,1,0.857531547980516,-1.31816060822604,1,0.045249184219195,28.7647323770081
"2217",4163,"Nider","Pool","Amphipoda","Gammaridae",5,"1",30231,24.2948159790324,"kick_net",0.00845,2.8705,1,0.857531547980516,-1.31816060822604,1,0.045249184219195,28.7647323770081
"2218",4164,"Nider","Pool","Amphipoda","Gammaridae",8,"1",30231,24.2948159790324,"kick_net",0.00845,2.8705,1,3.30503845216443,-1.31816060822604,1,0.045249184219195,28.7647323770081
"2219",4165,"Nider","Pool","Amphipoda","Gammaridae",9,"1",30231,24.2948159790324,"kick_net",0.00845,2.8705,1,4.6345741215268,-1.31816060822604,1,0.045249184219195,28.7647323770081
"2220",4166,"Nider","Pool","Amphipoda","Gammaridae",11,"1",30231,24.2948159790324,"kick_net",0.00845,2.8705,1,8.24469153511625,-1.31816060822604,1,0.045249184219195,28.7647323770081
"2221",4167,"Nider","Pool","Amphipoda","Gammaridae",11,"1",30231,24.2948159790324,"kick_net",0.00845,2.8705,1,8.24469153511625,-1.31816060822604,1,0.045249184219195,28.7647323770081
"2222",4169,"Nider","Pool","Ephemeroptera","Baetidae",3,"1",30231,24.2948159790324,"kick_net",0.005,2.875,1,0.117677548287684,-1.31816060822604,1,0.045249184219195,28.7647323770081
"2223",4170,"Nider","Pool","Ephemeroptera","Baetidae",4,"1",30231,24.2948159790324,"kick_net",0.005,2.875,1,0.269086852881189,-1.31816060822604,1,0.045249184219195,28.7647323770081
"2224",4171,"Nider","Pool","Ephemeroptera","Baetidae",4,"1",30231,24.2948159790324,"kick_net",0.005,2.875,1,0.269086852881189,-1.31816060822604,1,0.045249184219195,28.7647323770081
"2225",4172,"Nider","Pool","Ephemeroptera","Caenidae",3,"1",30231,24.2948159790324,"kick_net",0.005,2.772,1,0.105087273028131,-1.31816060822604,1,0.045249184219195,28.7647323770081
"2226",4173,"Nider","Pool","Ephemeroptera","Caenidae",3,"1",30231,24.2948159790324,"kick_net",0.005,2.772,1,0.105087273028131,-1.31816060822604,1,0.045249184219195,28.7647323770081
"2227",4174,"Nider","Pool","Ephemeroptera","Ephemeridae",11,"1",30231,24.2948159790324,"kick_net",0.003,2.764,1,2.26741302194076,-1.31816060822604,1,0.045249184219195,28.7647323770081
"2228",4175,"Nider","Pool","Ephemeroptera","Ephemeridae",13,"1",30231,24.2948159790324,"kick_net",0.003,2.764,1,3.59799603565857,-1.31816060822604,1,0.045249184219195,28.7647323770081
"2229",4176,"Nider","Pool","Ephemeroptera","Ephemeridae",20,"1",30231,24.2948159790324,"kick_net",0.003,2.764,1,11.8349972876935,-1.31816060822604,1,0.045249184219195,28.7647323770081
"2230",4177,"Nider","Pool","Ephemeroptera","Ephemeridae",21,"1",30231,24.2948159790324,"kick_net",0.003,2.764,1,13.5436395003937,-1.31816060822604,1,0.045249184219195,28.7647323770081
"2231",4178,"Nider","Pool","Odonata","Gomphidae",4,"1",30231,24.2948159790324,"kick_net",0.009,2.787,1,0.428729833487963,-1.31816060822604,1,0.045249184219195,28.7647323770081
"2232",4179,"Nider","Pool","Odonata","Gomphidae",8,"1",30231,24.2948159790324,"kick_net",0.009,2.787,1,2.95906362391164,-1.31816060822604,1,0.045249184219195,28.7647323770081
"2233",4180,"Nider","Pool","Odonata","Gomphidae",11,"1",30231,24.2948159790324,"kick_net",0.009,2.787,1,7.18793138886796,-1.31816060822604,1,0.045249184219195,28.7647323770081
"2234",4181,"Nider","Pool","Odonata","Gomphidae",16,"1",30231,24.2948159790324,"kick_net",0.009,2.787,1,20.4232522358463,-1.31816060822604,1,0.045249184219195,28.7647323770081
"2235",4182,"Nider","Pool","Plecoptera","Leuctridae",3,"1",30231,24.2948159790324,"kick_net",0.003,2.719,1,0.0594858876196765,-1.31816060822604,1,0.045249184219195,28.7647323770081
"2236",4184,"Nider","Pool","Coleoptera","Elmidae",2,"1",30231,24.2948159790324,"kick_net",0.007,2.88,1,0.051530508434993,-1.31816060822604,1,0.045249184219195,28.7647323770081
"2237",4185,"Nider","Pool","Coleoptera","Elmidae",2,"1",30231,24.2948159790324,"kick_net",0.007,2.88,1,0.051530508434993,-1.31816060822604,1,0.045249184219195,28.7647323770081
"2238",4186,"Nider","Pool","Coleoptera","Elmidae",2,"1",30231,24.2948159790324,"kick_net",0.007,2.88,1,0.051530508434993,-1.31816060822604,1,0.045249184219195,28.7647323770081
"2239",4187,"Nider","Pool","Coleoptera","Elmidae",3,"1",30231,24.2948159790324,"kick_net",0.007,2.88,1,0.165656031703537,-1.31816060822604,1,0.045249184219195,28.7647323770081
"2240",4188,"Nider","Pool","Coleoptera","Elmidae",3,"1",30231,24.2948159790324,"kick_net",0.007,2.88,1,0.165656031703537,-1.31816060822604,1,0.045249184219195,28.7647323770081
"2241",4189,"Nider","Pool","Coleoptera","Elmidae",3,"1",30231,24.2948159790324,"kick_net",0.007,2.88,1,0.165656031703537,-1.31816060822604,1,0.045249184219195,28.7647323770081
"2242",4190,"Nider","Pool","Coleoptera","Elmidae",3,"1",30231,24.2948159790324,"kick_net",0.007,2.88,1,0.165656031703537,-1.31816060822604,1,0.045249184219195,28.7647323770081
"2243",4191,"Nider","Pool","Coleoptera","Elmidae",3,"1",30231,24.2948159790324,"kick_net",0.007,2.88,1,0.165656031703537,-1.31816060822604,1,0.045249184219195,28.7647323770081
"2244",4192,"Nider","Pool","Coleoptera","Elmidae",4,"1",30231,24.2948159790324,"kick_net",0.007,2.88,1,0.379341899938412,-1.31816060822604,1,0.045249184219195,28.7647323770081
"2245",4193,"Nider","Pool","Coleoptera","Elmidae",4,"1",30231,24.2948159790324,"kick_net",0.007,2.88,1,0.379341899938412,-1.31816060822604,1,0.045249184219195,28.7647323770081
"2246",4194,"Nider","Pool","Coleoptera","Elmidae",4,"1",30231,24.2948159790324,"kick_net",0.007,2.88,1,0.379341899938412,-1.31816060822604,1,0.045249184219195,28.7647323770081
"2247",4195,"Nider","Pool","Coleoptera","Elmidae",5,"1",30231,24.2948159790324,"kick_net",0.007,2.88,1,0.721326109625354,-1.31816060822604,1,0.045249184219195,28.7647323770081
"2248",4196,"Nider","Pool","Coleoptera","Elmidae",7,"1",30231,24.2948159790324,"kick_net",0.007,2.88,1,1.90099246415854,-1.31816060822604,1,0.045249184219195,28.7647323770081
"2249",4197,"Nider","Pool","Trichoptera","Lepidostomatidae",5,"1",30231,24.2948159790324,"kick_net",0.008,2.649,1,0.568409762635096,-1.31816060822604,1,0.045249184219195,28.7647323770081
"2250",4198,"Nider","Pool","Trichoptera","Leptoceridae",6,"1",30231,24.2948159790324,"kick_net",0.003,3.212,1,0.947421139893191,-1.31816060822604,1,0.045249184219195,28.7647323770081
"2251",4199,"Nider","Pool","Trichoptera","Leptoceridae",9,"1",30231,24.2948159790324,"kick_net",0.003,3.212,1,3.48456199048057,-1.31816060822604,1,0.045249184219195,28.7647323770081
"2252",4200,"Nider","Pool","Diptera","Ceratopogonidae",6,"1",30231,24.2948159790324,"kick_net",0.003,2.47,1,0.25070029394521,-1.31816060822604,1,0.045249184219195,28.7647323770081
"2253",4203,"Nider","Pool","Diptera","Chironomidae",4,"1",30231,24.2948159790324,"kick_net",0.002,2.62,1,0.07558353033149,-1.31816060822604,1,0.045249184219195,28.7647323770081
"2254",4204,"Nider","Pool","Diptera","Chironomidae",4,"1",30231,24.2948159790324,"kick_net",0.002,2.62,1,0.07558353033149,-1.31816060822604,1,0.045249184219195,28.7647323770081
"2255",4205,"Nider","Pool","Diptera","Chironomidae",5,"1",30231,24.2948159790324,"kick_net",0.002,2.62,1,0.135622394240555,-1.31816060822604,1,0.045249184219195,28.7647323770081
"2256",4206,"Nider","Pool","Diptera","Chironomidae",6,"1",30231,24.2948159790324,"kick_net",0.002,2.62,1,0.218668523080522,-1.31816060822604,1,0.045249184219195,28.7647323770081
"2257",4207,"Nider","Pool","Diptera","Chironomidae",6,"1",30231,24.2948159790324,"kick_net",0.002,2.62,1,0.218668523080522,-1.31816060822604,1,0.045249184219195,28.7647323770081
"2258",4208,"Nider","Pool","Gastropoda","Hydrobiidae",2,"1",30231,24.2948159790324,"kick_net",0.182,2.82,1,1.28521556259919,-1.31816060822604,1,0.045249184219195,28.7647323770081
"2259",4209,"Nider","Pool","Gastropoda","Hydrobiidae",2,"1",30231,24.2948159790324,"kick_net",0.182,2.82,1,1.28521556259919,-1.31816060822604,1,0.045249184219195,28.7647323770081
"2260",4210,"Nider","Pool","Gastropoda","Hydrobiidae",3,"1",30231,24.2948159790324,"kick_net",0.182,2.82,1,4.03230455398401,-1.31816060822604,1,0.045249184219195,28.7647323770081
"2261",4211,"Nider","Pool","Gastropoda","Hydrobiidae",3,"1",30231,24.2948159790324,"kick_net",0.182,2.82,1,4.03230455398401,-1.31816060822604,1,0.045249184219195,28.7647323770081
"2262",4212,"Nider","Pool","Gastropoda","Hydrobiidae",3,"1",30231,24.2948159790324,"kick_net",0.182,2.82,1,4.03230455398401,-1.31816060822604,1,0.045249184219195,28.7647323770081
"2263",4213,"Nider","Pool","Gastropoda","Hydrobiidae",4,"1",30231,24.2948159790324,"kick_net",0.182,2.82,1,9.0757090238855,-1.31816060822604,1,0.045249184219195,28.7647323770081
"2264",4214,"Nider","Pool","Gastropoda","Physidae",5,"1",30231,24.2948159790324,"kick_net",0.0457,3.05,1,6.19119828422008,-1.31816060822604,1,0.045249184219195,28.7647323770081
"2265",4215,"Nider","Pool","Gastropoda","Physidae",7,"1",30231,24.2948159790324,"kick_net",0.0457,3.05,1,17.27687623396,-1.31816060822604,1,0.045249184219195,28.7647323770081
"2266",4217,"Nider","Pool","Amphipoda","Gammaridae",2,"1",30231,24.2948159790324,"kick_net",0.00845,2.8705,1,0.0617964193315659,-1.31816060822604,1,0.045249184219195,28.7647323770081
"2267",4218,"Nider","Pool","Amphipoda","Gammaridae",2,"1",30231,24.2948159790324,"kick_net",0.00845,2.8705,1,0.0617964193315659,-1.31816060822604,1,0.045249184219195,28.7647323770081
"2268",4219,"Nider","Pool","Amphipoda","Gammaridae",2,"1",30231,24.2948159790324,"kick_net",0.00845,2.8705,1,0.0617964193315659,-1.31816060822604,1,0.045249184219195,28.7647323770081
"2269",4220,"Nider","Pool","Amphipoda","Gammaridae",2,"1",30231,24.2948159790324,"kick_net",0.00845,2.8705,1,0.0617964193315659,-1.31816060822604,1,0.045249184219195,28.7647323770081
"2270",4221,"Nider","Pool","Amphipoda","Gammaridae",2,"1",30231,24.2948159790324,"kick_net",0.00845,2.8705,1,0.0617964193315659,-1.31816060822604,1,0.045249184219195,28.7647323770081
"2271",4222,"Nider","Pool","Amphipoda","Gammaridae",2,"1",30231,24.2948159790324,"kick_net",0.00845,2.8705,1,0.0617964193315659,-1.31816060822604,1,0.045249184219195,28.7647323770081
"2272",4223,"Nider","Pool","Amphipoda","Gammaridae",2,"1",30231,24.2948159790324,"kick_net",0.00845,2.8705,1,0.0617964193315659,-1.31816060822604,1,0.045249184219195,28.7647323770081
"2273",4224,"Nider","Pool","Amphipoda","Gammaridae",3,"1",30231,24.2948159790324,"kick_net",0.00845,2.8705,1,0.197894293315652,-1.31816060822604,1,0.045249184219195,28.7647323770081
"2274",4225,"Nider","Pool","Amphipoda","Gammaridae",4,"1",30231,24.2948159790324,"kick_net",0.00845,2.8705,1,0.451928691384938,-1.31816060822604,1,0.045249184219195,28.7647323770081
"2275",4226,"Nider","Pool","Amphipoda","Gammaridae",8,"1",30231,24.2948159790324,"kick_net",0.00845,2.8705,1,3.30503845216443,-1.31816060822604,1,0.045249184219195,28.7647323770081
"2276",4227,"Nider","Pool","Amphipoda","Gammaridae",8,"1",30231,24.2948159790324,"kick_net",0.00845,2.8705,1,3.30503845216443,-1.31816060822604,1,0.045249184219195,28.7647323770081
"2277",4228,"Nider","Pool","Amphipoda","Gammaridae",10,"1",30231,24.2948159790324,"kick_net",0.00845,2.8705,1,6.27128747089358,-1.31816060822604,1,0.045249184219195,28.7647323770081
"2278",4229,"Nider","Pool","Amphipoda","Gammaridae",12,"1",30231,24.2948159790324,"kick_net",0.00845,2.8705,1,10.5839182261171,-1.31816060822604,1,0.045249184219195,28.7647323770081
"2279",4230,"Nider","Pool","Ephemeroptera","Baetidae",3,"1",30231,24.2948159790324,"kick_net",0.005,2.875,1,0.117677548287684,-1.31816060822604,1,0.045249184219195,28.7647323770081
"2280",4231,"Nider","Pool","Ephemeroptera","Baetidae",3,"1",30231,24.2948159790324,"kick_net",0.005,2.875,1,0.117677548287684,-1.31816060822604,1,0.045249184219195,28.7647323770081
"2281",4232,"Nider","Pool","Plecoptera","Leuctridae",3,"1",30231,24.2948159790324,"kick_net",0.003,2.719,1,0.0594858876196765,-1.31816060822604,1,0.045249184219195,28.7647323770081
"2282",4233,"Nider","Pool","Coleoptera","Elmidae",2,"1",30231,24.2948159790324,"kick_net",0.007,2.88,1,0.051530508434993,-1.31816060822604,1,0.045249184219195,28.7647323770081
"2283",4234,"Nider","Pool","Coleoptera","Elmidae",2,"1",30231,24.2948159790324,"kick_net",0.007,2.88,1,0.051530508434993,-1.31816060822604,1,0.045249184219195,28.7647323770081
"2284",4235,"Nider","Pool","Coleoptera","Elmidae",2,"1",30231,24.2948159790324,"kick_net",0.007,2.88,1,0.051530508434993,-1.31816060822604,1,0.045249184219195,28.7647323770081
"2285",4236,"Nider","Pool","Coleoptera","Elmidae",3,"1",30231,24.2948159790324,"kick_net",0.007,2.88,1,0.165656031703537,-1.31816060822604,1,0.045249184219195,28.7647323770081
"2286",4237,"Nider","Pool","Coleoptera","Elmidae",4,"1",30231,24.2948159790324,"kick_net",0.007,2.88,1,0.379341899938412,-1.31816060822604,1,0.045249184219195,28.7647323770081
"2287",4238,"Nider","Pool","Coleoptera","Elmidae",6,"1",30231,24.2948159790324,"kick_net",0.007,2.88,1,1.21947707700094,-1.31816060822604,1,0.045249184219195,28.7647323770081
"2288",4239,"Nider","Pool","Coleoptera","Elmidae",7,"1",30231,24.2948159790324,"kick_net",0.007,2.88,1,1.90099246415854,-1.31816060822604,1,0.045249184219195,28.7647323770081
"2289",4240,"Nider","Pool","Coleoptera","Elmidae",7,"1",30231,24.2948159790324,"kick_net",0.007,2.88,1,1.90099246415854,-1.31816060822604,1,0.045249184219195,28.7647323770081
"2290",4241,"Nider","Pool","Diptera","Ceratopogonidae",4,"1",30231,24.2948159790324,"kick_net",0.003,2.47,1,0.0920893554552254,-1.31816060822604,1,0.045249184219195,28.7647323770081
"2291",4242,"Nider","Pool","Diptera","Ceratopogonidae",4,"1",30231,24.2948159790324,"kick_net",0.003,2.47,1,0.0920893554552254,-1.31816060822604,1,0.045249184219195,28.7647323770081
"2292",4243,"Nider","Pool","Diptera","Ceratopogonidae",5,"1",30231,24.2948159790324,"kick_net",0.003,2.47,1,0.159800143667961,-1.31816060822604,1,0.045249184219195,28.7647323770081
"2293",4244,"Nider","Pool","Diptera","Ceratopogonidae",6,"1",30231,24.2948159790324,"kick_net",0.003,2.47,1,0.25070029394521,-1.31816060822604,1,0.045249184219195,28.7647323770081
"2294",4245,"Nider","Pool","Diptera","Ceratopogonidae",7,"1",30231,24.2948159790324,"kick_net",0.003,2.47,1,0.366871025390369,-1.31816060822604,1,0.045249184219195,28.7647323770081
"2295",4246,"Nider","Pool","Diptera","Ceratopogonidae",7,"1",30231,24.2948159790324,"kick_net",0.003,2.47,1,0.366871025390369,-1.31816060822604,1,0.045249184219195,28.7647323770081
"2296",4248,"Nider","Pool","Diptera","Chironomidae",4,"1",30231,24.2948159790324,"kick_net",0.002,2.62,1,0.07558353033149,-1.31816060822604,1,0.045249184219195,28.7647323770081
"2297",4249,"Nider","Pool","Diptera","Chironomidae",4,"1",30231,24.2948159790324,"kick_net",0.002,2.62,1,0.07558353033149,-1.31816060822604,1,0.045249184219195,28.7647323770081
"2298",4250,"Nider","Pool","Diptera","Simuliidae",4,"1",30231,24.2948159790324,"kick_net",0.002,3.01,1,0.129786813413124,-1.31816060822604,1,0.045249184219195,28.7647323770081
"2299",4251,"Nider","Pool","Diptera","Tabanidae",14,"1",30231,24.2948159790324,"kick_net",0.005,2.59,1,4.64987862522051,-1.31816060822604,1,0.045249184219195,28.7647323770081
"2300",4278,"Nider","Pool","Amphipoda","Gammaridae",2,"1",30231,24.2948159790324,"kick_net",0.00845,2.8705,1,0.0617964193315659,-1.31816060822604,1,0.045249184219195,28.7647323770081
"2301",4279,"Nider","Pool","Amphipoda","Gammaridae",2,"1",30231,24.2948159790324,"kick_net",0.00845,2.8705,1,0.0617964193315659,-1.31816060822604,1,0.045249184219195,28.7647323770081
"2302",4280,"Nider","Pool","Amphipoda","Gammaridae",2,"1",30231,24.2948159790324,"kick_net",0.00845,2.8705,1,0.0617964193315659,-1.31816060822604,1,0.045249184219195,28.7647323770081
"2303",4281,"Nider","Pool","Amphipoda","Gammaridae",2,"1",30231,24.2948159790324,"kick_net",0.00845,2.8705,1,0.0617964193315659,-1.31816060822604,1,0.045249184219195,28.7647323770081
"2304",4282,"Nider","Pool","Amphipoda","Gammaridae",2,"1",30231,24.2948159790324,"kick_net",0.00845,2.8705,1,0.0617964193315659,-1.31816060822604,1,0.045249184219195,28.7647323770081
"2305",4283,"Nider","Pool","Amphipoda","Gammaridae",2,"1",30231,24.2948159790324,"kick_net",0.00845,2.8705,1,0.0617964193315659,-1.31816060822604,1,0.045249184219195,28.7647323770081
"2306",4284,"Nider","Pool","Amphipoda","Gammaridae",2,"1",30231,24.2948159790324,"kick_net",0.00845,2.8705,1,0.0617964193315659,-1.31816060822604,1,0.045249184219195,28.7647323770081
"2307",4285,"Nider","Pool","Amphipoda","Gammaridae",2,"1",30231,24.2948159790324,"kick_net",0.00845,2.8705,1,0.0617964193315659,-1.31816060822604,1,0.045249184219195,28.7647323770081
"2308",4286,"Nider","Pool","Amphipoda","Gammaridae",2,"1",30231,24.2948159790324,"kick_net",0.00845,2.8705,1,0.0617964193315659,-1.31816060822604,1,0.045249184219195,28.7647323770081
"2309",4287,"Nider","Pool","Amphipoda","Gammaridae",2,"1",30231,24.2948159790324,"kick_net",0.00845,2.8705,1,0.0617964193315659,-1.31816060822604,1,0.045249184219195,28.7647323770081
"2310",4288,"Nider","Pool","Amphipoda","Gammaridae",2,"1",30231,24.2948159790324,"kick_net",0.00845,2.8705,1,0.0617964193315659,-1.31816060822604,1,0.045249184219195,28.7647323770081
"2311",4289,"Nider","Pool","Amphipoda","Gammaridae",2,"1",30231,24.2948159790324,"kick_net",0.00845,2.8705,1,0.0617964193315659,-1.31816060822604,1,0.045249184219195,28.7647323770081
"2312",4290,"Nider","Pool","Amphipoda","Gammaridae",2,"1",30231,24.2948159790324,"kick_net",0.00845,2.8705,1,0.0617964193315659,-1.31816060822604,1,0.045249184219195,28.7647323770081
"2313",4291,"Nider","Pool","Amphipoda","Gammaridae",2,"1",30231,24.2948159790324,"kick_net",0.00845,2.8705,1,0.0617964193315659,-1.31816060822604,1,0.045249184219195,28.7647323770081
"2314",4292,"Nider","Pool","Amphipoda","Gammaridae",2,"1",30231,24.2948159790324,"kick_net",0.00845,2.8705,1,0.0617964193315659,-1.31816060822604,1,0.045249184219195,28.7647323770081
"2315",4293,"Nider","Pool","Amphipoda","Gammaridae",2,"1",30231,24.2948159790324,"kick_net",0.00845,2.8705,1,0.0617964193315659,-1.31816060822604,1,0.045249184219195,28.7647323770081
"2316",4294,"Nider","Pool","Amphipoda","Gammaridae",2,"1",30231,24.2948159790324,"kick_net",0.00845,2.8705,1,0.0617964193315659,-1.31816060822604,1,0.045249184219195,28.7647323770081
"2317",4295,"Nider","Pool","Amphipoda","Gammaridae",2,"1",30231,24.2948159790324,"kick_net",0.00845,2.8705,1,0.0617964193315659,-1.31816060822604,1,0.045249184219195,28.7647323770081
"2318",4296,"Nider","Pool","Amphipoda","Gammaridae",2,"1",30231,24.2948159790324,"kick_net",0.00845,2.8705,1,0.0617964193315659,-1.31816060822604,1,0.045249184219195,28.7647323770081
"2319",4297,"Nider","Pool","Amphipoda","Gammaridae",2,"1",30231,24.2948159790324,"kick_net",0.00845,2.8705,1,0.0617964193315659,-1.31816060822604,1,0.045249184219195,28.7647323770081
"2320",4298,"Nider","Pool","Amphipoda","Gammaridae",2,"1",30231,24.2948159790324,"kick_net",0.00845,2.8705,1,0.0617964193315659,-1.31816060822604,1,0.045249184219195,28.7647323770081
"2321",4299,"Nider","Pool","Amphipoda","Gammaridae",2,"1",30231,24.2948159790324,"kick_net",0.00845,2.8705,1,0.0617964193315659,-1.31816060822604,1,0.045249184219195,28.7647323770081
"2322",4300,"Nider","Pool","Amphipoda","Gammaridae",2,"1",30231,24.2948159790324,"kick_net",0.00845,2.8705,1,0.0617964193315659,-1.31816060822604,1,0.045249184219195,28.7647323770081
"2323",4301,"Nider","Pool","Amphipoda","Gammaridae",2,"1",30231,24.2948159790324,"kick_net",0.00845,2.8705,1,0.0617964193315659,-1.31816060822604,1,0.045249184219195,28.7647323770081
"2324",4302,"Nider","Pool","Amphipoda","Gammaridae",2,"1",30231,24.2948159790324,"kick_net",0.00845,2.8705,1,0.0617964193315659,-1.31816060822604,1,0.045249184219195,28.7647323770081
"2325",4303,"Nider","Pool","Amphipoda","Gammaridae",2,"1",30231,24.2948159790324,"kick_net",0.00845,2.8705,1,0.0617964193315659,-1.31816060822604,1,0.045249184219195,28.7647323770081
"2326",4304,"Nider","Pool","Amphipoda","Gammaridae",2,"1",30231,24.2948159790324,"kick_net",0.00845,2.8705,1,0.0617964193315659,-1.31816060822604,1,0.045249184219195,28.7647323770081
"2327",4305,"Nider","Pool","Amphipoda","Gammaridae",2,"1",30231,24.2948159790324,"kick_net",0.00845,2.8705,1,0.0617964193315659,-1.31816060822604,1,0.045249184219195,28.7647323770081
"2328",4306,"Nider","Pool","Amphipoda","Gammaridae",2,"1",30231,24.2948159790324,"kick_net",0.00845,2.8705,1,0.0617964193315659,-1.31816060822604,1,0.045249184219195,28.7647323770081
"2329",4307,"Nider","Pool","Amphipoda","Gammaridae",2,"1",30231,24.2948159790324,"kick_net",0.00845,2.8705,1,0.0617964193315659,-1.31816060822604,1,0.045249184219195,28.7647323770081
"2330",4308,"Nider","Pool","Amphipoda","Gammaridae",2,"1",30231,24.2948159790324,"kick_net",0.00845,2.8705,1,0.0617964193315659,-1.31816060822604,1,0.045249184219195,28.7647323770081
"2331",4309,"Nider","Pool","Amphipoda","Gammaridae",2,"1",30231,24.2948159790324,"kick_net",0.00845,2.8705,1,0.0617964193315659,-1.31816060822604,1,0.045249184219195,28.7647323770081
"2332",4310,"Nider","Pool","Amphipoda","Gammaridae",3,"1",30231,24.2948159790324,"kick_net",0.00845,2.8705,1,0.197894293315652,-1.31816060822604,1,0.045249184219195,28.7647323770081
"2333",4311,"Nider","Pool","Amphipoda","Gammaridae",3,"1",30231,24.2948159790324,"kick_net",0.00845,2.8705,1,0.197894293315652,-1.31816060822604,1,0.045249184219195,28.7647323770081
"2334",4312,"Nider","Pool","Amphipoda","Gammaridae",4,"1",30231,24.2948159790324,"kick_net",0.00845,2.8705,1,0.451928691384938,-1.31816060822604,1,0.045249184219195,28.7647323770081
"2335",4313,"Nider","Pool","Amphipoda","Gammaridae",5,"1",30231,24.2948159790324,"kick_net",0.00845,2.8705,1,0.857531547980516,-1.31816060822604,1,0.045249184219195,28.7647323770081
"2336",4314,"Nider","Pool","Amphipoda","Gammaridae",6,"1",30231,24.2948159790324,"kick_net",0.00845,2.8705,1,1.44723771988851,-1.31816060822604,1,0.045249184219195,28.7647323770081
"2337",4315,"Nider","Pool","Amphipoda","Gammaridae",8,"1",30231,24.2948159790324,"kick_net",0.00845,2.8705,1,3.30503845216443,-1.31816060822604,1,0.045249184219195,28.7647323770081
"2338",4316,"Nider","Pool","Amphipoda","Gammaridae",8,"1",30231,24.2948159790324,"kick_net",0.00845,2.8705,1,3.30503845216443,-1.31816060822604,1,0.045249184219195,28.7647323770081
"2339",4317,"Nider","Pool","Amphipoda","Gammaridae",8,"1",30231,24.2948159790324,"kick_net",0.00845,2.8705,1,3.30503845216443,-1.31816060822604,1,0.045249184219195,28.7647323770081
"2340",4318,"Nider","Pool","Amphipoda","Gammaridae",9,"1",30231,24.2948159790324,"kick_net",0.00845,2.8705,1,4.6345741215268,-1.31816060822604,1,0.045249184219195,28.7647323770081
"2341",4319,"Nider","Pool","Amphipoda","Gammaridae",10,"1",30231,24.2948159790324,"kick_net",0.00845,2.8705,1,6.27128747089358,-1.31816060822604,1,0.045249184219195,28.7647323770081
"2342",4320,"Nider","Pool","Amphipoda","Gammaridae",10,"1",30231,24.2948159790324,"kick_net",0.00845,2.8705,1,6.27128747089358,-1.31816060822604,1,0.045249184219195,28.7647323770081
"2343",4321,"Nider","Pool","Amphipoda","Gammaridae",11,"1",30231,24.2948159790324,"kick_net",0.00845,2.8705,1,8.24469153511625,-1.31816060822604,1,0.045249184219195,28.7647323770081
"2344",4322,"Nider","Pool","Amphipoda","Gammaridae",11,"1",30231,24.2948159790324,"kick_net",0.00845,2.8705,1,8.24469153511625,-1.31816060822604,1,0.045249184219195,28.7647323770081
"2345",4323,"Nider","Pool","Amphipoda","Gammaridae",11,"1",30231,24.2948159790324,"kick_net",0.00845,2.8705,1,8.24469153511625,-1.31816060822604,1,0.045249184219195,28.7647323770081
"2346",4324,"Nider","Pool","Amphipoda","Gammaridae",11,"1",30231,24.2948159790324,"kick_net",0.00845,2.8705,1,8.24469153511625,-1.31816060822604,1,0.045249184219195,28.7647323770081
"2347",4325,"Nider","Pool","Amphipoda","Gammaridae",11,"1",30231,24.2948159790324,"kick_net",0.00845,2.8705,1,8.24469153511625,-1.31816060822604,1,0.045249184219195,28.7647323770081
"2348",4326,"Nider","Pool","Amphipoda","Gammaridae",11,"1",30231,24.2948159790324,"kick_net",0.00845,2.8705,1,8.24469153511625,-1.31816060822604,1,0.045249184219195,28.7647323770081
"2349",4327,"Nider","Pool","Amphipoda","Gammaridae",11,"1",30231,24.2948159790324,"kick_net",0.00845,2.8705,1,8.24469153511625,-1.31816060822604,1,0.045249184219195,28.7647323770081
"2350",4328,"Nider","Pool","Amphipoda","Gammaridae",12,"1",30231,24.2948159790324,"kick_net",0.00845,2.8705,1,10.5839182261171,-1.31816060822604,1,0.045249184219195,28.7647323770081
"2351",4329,"Nider","Pool","Amphipoda","Gammaridae",16,"1",30231,24.2948159790324,"kick_net",0.00845,2.8705,1,24.1703600114678,-1.31816060822604,1,0.045249184219195,28.7647323770081
"2352",4330,"Nider","Pool","Amphipoda","Gammaridae",17,"1",30231,24.2948159790324,"kick_net",0.00845,2.8705,1,28.7647323770081,-1.31816060822604,1,0.045249184219195,28.7647323770081
"2353",4331,"Nider","Pool","Ephemeroptera","Baetidae",3,"1",30231,24.2948159790324,"kick_net",0.005,2.875,1,0.117677548287684,-1.31816060822604,1,0.045249184219195,28.7647323770081
"2354",4332,"Nider","Pool","Ephemeroptera","Baetidae",3,"1",30231,24.2948159790324,"kick_net",0.005,2.875,1,0.117677548287684,-1.31816060822604,1,0.045249184219195,28.7647323770081
"2355",4333,"Nider","Pool","Ephemeroptera","Baetidae",3,"1",30231,24.2948159790324,"kick_net",0.005,2.875,1,0.117677548287684,-1.31816060822604,1,0.045249184219195,28.7647323770081
"2356",4334,"Nider","Pool","Ephemeroptera","Baetidae",4,"1",30231,24.2948159790324,"kick_net",0.005,2.875,1,0.269086852881189,-1.31816060822604,1,0.045249184219195,28.7647323770081
"2357",4335,"Nider","Pool","Ephemeroptera","Baetidae",4,"1",30231,24.2948159790324,"kick_net",0.005,2.875,1,0.269086852881189,-1.31816060822604,1,0.045249184219195,28.7647323770081
"2358",4336,"Nider","Pool","Ephemeroptera","Baetidae",4,"1",30231,24.2948159790324,"kick_net",0.005,2.875,1,0.269086852881189,-1.31816060822604,1,0.045249184219195,28.7647323770081
"2359",4337,"Nider","Pool","Ephemeroptera","Baetidae",5,"1",30231,24.2948159790324,"kick_net",0.005,2.875,1,0.511103396223714,-1.31816060822604,1,0.045249184219195,28.7647323770081
"2360",4338,"Nider","Pool","Ephemeroptera","Baetidae",5,"1",30231,24.2948159790324,"kick_net",0.005,2.875,1,0.511103396223714,-1.31816060822604,1,0.045249184219195,28.7647323770081
"2361",4339,"Nider","Pool","Ephemeroptera","Baetidae",5,"1",30231,24.2948159790324,"kick_net",0.005,2.875,1,0.511103396223714,-1.31816060822604,1,0.045249184219195,28.7647323770081
"2362",4340,"Nider","Pool","Ephemeroptera","Baetidae",5,"1",30231,24.2948159790324,"kick_net",0.005,2.875,1,0.511103396223714,-1.31816060822604,1,0.045249184219195,28.7647323770081
"2363",4341,"Nider","Pool","Ephemeroptera","Baetidae",5,"1",30231,24.2948159790324,"kick_net",0.005,2.875,1,0.511103396223714,-1.31816060822604,1,0.045249184219195,28.7647323770081
"2364",4342,"Nider","Pool","Ephemeroptera","Baetidae",5,"1",30231,24.2948159790324,"kick_net",0.005,2.875,1,0.511103396223714,-1.31816060822604,1,0.045249184219195,28.7647323770081
"2365",4343,"Nider","Pool","Ephemeroptera","Baetidae",5,"1",30231,24.2948159790324,"kick_net",0.005,2.875,1,0.511103396223714,-1.31816060822604,1,0.045249184219195,28.7647323770081
"2366",4344,"Nider","Pool","Ephemeroptera","Baetidae",5,"1",30231,24.2948159790324,"kick_net",0.005,2.875,1,0.511103396223714,-1.31816060822604,1,0.045249184219195,28.7647323770081
"2367",4345,"Nider","Pool","Ephemeroptera","Baetidae",6,"1",30231,24.2948159790324,"kick_net",0.005,2.875,1,0.863286300593756,-1.31816060822604,1,0.045249184219195,28.7647323770081
"2368",4346,"Nider","Pool","Ephemeroptera","Baetidae",6,"1",30231,24.2948159790324,"kick_net",0.005,2.875,1,0.863286300593756,-1.31816060822604,1,0.045249184219195,28.7647323770081
"2369",4347,"Nider","Pool","Ephemeroptera","Baetidae",6,"1",30231,24.2948159790324,"kick_net",0.005,2.875,1,0.863286300593756,-1.31816060822604,1,0.045249184219195,28.7647323770081
"2370",4348,"Nider","Pool","Ephemeroptera","Baetidae",6,"1",30231,24.2948159790324,"kick_net",0.005,2.875,1,0.863286300593756,-1.31816060822604,1,0.045249184219195,28.7647323770081
"2371",4349,"Nider","Pool","Ephemeroptera","Baetidae",6,"1",30231,24.2948159790324,"kick_net",0.005,2.875,1,0.863286300593756,-1.31816060822604,1,0.045249184219195,28.7647323770081
"2372",4350,"Nider","Pool","Ephemeroptera","Baetidae",6,"1",30231,24.2948159790324,"kick_net",0.005,2.875,1,0.863286300593756,-1.31816060822604,1,0.045249184219195,28.7647323770081
"2373",4351,"Nider","Pool","Ephemeroptera","Baetidae",6,"1",30231,24.2948159790324,"kick_net",0.005,2.875,1,0.863286300593756,-1.31816060822604,1,0.045249184219195,28.7647323770081
"2374",4352,"Nider","Pool","Ephemeroptera","Baetidae",6,"1",30231,24.2948159790324,"kick_net",0.005,2.875,1,0.863286300593756,-1.31816060822604,1,0.045249184219195,28.7647323770081
"2375",4353,"Nider","Pool","Ephemeroptera","Baetidae",7,"1",30231,24.2948159790324,"kick_net",0.005,2.875,1,1.34470453452202,-1.31816060822604,1,0.045249184219195,28.7647323770081
"2376",4354,"Nider","Pool","Ephemeroptera","Baetidae",7,"1",30231,24.2948159790324,"kick_net",0.005,2.875,1,1.34470453452202,-1.31816060822604,1,0.045249184219195,28.7647323770081
"2377",4355,"Nider","Pool","Ephemeroptera","Baetidae",7,"1",30231,24.2948159790324,"kick_net",0.005,2.875,1,1.34470453452202,-1.31816060822604,1,0.045249184219195,28.7647323770081
"2378",4356,"Nider","Pool","Ephemeroptera","Baetidae",7,"1",30231,24.2948159790324,"kick_net",0.005,2.875,1,1.34470453452202,-1.31816060822604,1,0.045249184219195,28.7647323770081
"2379",4357,"Nider","Pool","Ephemeroptera","Baetidae",7,"1",30231,24.2948159790324,"kick_net",0.005,2.875,1,1.34470453452202,-1.31816060822604,1,0.045249184219195,28.7647323770081
"2380",4358,"Nider","Pool","Ephemeroptera","Baetidae",7,"1",30231,24.2948159790324,"kick_net",0.005,2.875,1,1.34470453452202,-1.31816060822604,1,0.045249184219195,28.7647323770081
"2381",4359,"Nider","Pool","Ephemeroptera","Baetidae",7,"1",30231,24.2948159790324,"kick_net",0.005,2.875,1,1.34470453452202,-1.31816060822604,1,0.045249184219195,28.7647323770081
"2382",4360,"Nider","Pool","Ephemeroptera","Baetidae",8,"1",30231,24.2948159790324,"kick_net",0.005,2.875,1,1.97402985652216,-1.31816060822604,1,0.045249184219195,28.7647323770081
"2383",4361,"Nider","Pool","Ephemeroptera","Baetidae",8,"1",30231,24.2948159790324,"kick_net",0.005,2.875,1,1.97402985652216,-1.31816060822604,1,0.045249184219195,28.7647323770081
"2384",4364,"Nider","Pool","Ephemeroptera","Caenidae",4,"1",30231,24.2948159790324,"kick_net",0.005,2.772,1,0.233281500610653,-1.31816060822604,1,0.045249184219195,28.7647323770081
"2385",4365,"Nider","Pool","Ephemeroptera","Caenidae",4,"1",30231,24.2948159790324,"kick_net",0.005,2.772,1,0.233281500610653,-1.31816060822604,1,0.045249184219195,28.7647323770081
"2386",4366,"Nider","Pool","Ephemeroptera","Caenidae",5,"1",30231,24.2948159790324,"kick_net",0.005,2.772,1,0.43302688047797,-1.31816060822604,1,0.045249184219195,28.7647323770081
"2387",4367,"Nider","Pool","Ephemeroptera","Caenidae",5,"1",30231,24.2948159790324,"kick_net",0.005,2.772,1,0.43302688047797,-1.31816060822604,1,0.045249184219195,28.7647323770081
"2388",4368,"Nider","Pool","Ephemeroptera","Caenidae",6,"1",30231,24.2948159790324,"kick_net",0.005,2.772,1,0.717803002147901,-1.31816060822604,1,0.045249184219195,28.7647323770081
"2389",4371,"Nider","Pool","Coleoptera","Elmidae",2,"1",30231,24.2948159790324,"kick_net",0.007,2.88,1,0.051530508434993,-1.31816060822604,1,0.045249184219195,28.7647323770081
"2390",4372,"Nider","Pool","Coleoptera","Elmidae",2,"1",30231,24.2948159790324,"kick_net",0.007,2.88,1,0.051530508434993,-1.31816060822604,1,0.045249184219195,28.7647323770081
"2391",4373,"Nider","Pool","Coleoptera","Elmidae",2,"1",30231,24.2948159790324,"kick_net",0.007,2.88,1,0.051530508434993,-1.31816060822604,1,0.045249184219195,28.7647323770081
"2392",4374,"Nider","Pool","Coleoptera","Elmidae",2,"1",30231,24.2948159790324,"kick_net",0.007,2.88,1,0.051530508434993,-1.31816060822604,1,0.045249184219195,28.7647323770081
"2393",4375,"Nider","Pool","Coleoptera","Elmidae",4,"1",30231,24.2948159790324,"kick_net",0.007,2.88,1,0.379341899938412,-1.31816060822604,1,0.045249184219195,28.7647323770081
"2394",4376,"Nider","Pool","Coleoptera","Elmidae",4,"1",30231,24.2948159790324,"kick_net",0.007,2.88,1,0.379341899938412,-1.31816060822604,1,0.045249184219195,28.7647323770081
"2395",4377,"Nider","Pool","Coleoptera","Elmidae",4,"1",30231,24.2948159790324,"kick_net",0.007,2.88,1,0.379341899938412,-1.31816060822604,1,0.045249184219195,28.7647323770081
"2396",4379,"Nider","Pool","Trichoptera","Hydropsychidae",4,"1",30231,24.2948159790324,"kick_net",0.005,2.926,1,0.288800232787978,-1.31816060822604,1,0.045249184219195,28.7647323770081
"2397",4380,"Nider","Pool","Trichoptera","Hydropsychidae",6,"1",30231,24.2948159790324,"kick_net",0.005,2.926,1,0.94588984503884,-1.31816060822604,1,0.045249184219195,28.7647323770081
"2398",4381,"Nider","Pool","Trichoptera","Hydropsychidae",10,"1",30231,24.2948159790324,"kick_net",0.005,2.926,1,4.21667378882138,-1.31816060822604,1,0.045249184219195,28.7647323770081
"2399",4382,"Nider","Pool","Trichoptera","Limnephilidae",20,"1",30231,24.2948159790324,"kick_net",0.004,2.93,1,25.946445976709,-1.31816060822604,1,0.045249184219195,28.7647323770081
"2400",4383,"Nider","Pool","Diptera","Ceratopogonidae",5,"1",30231,24.2948159790324,"kick_net",0.003,2.47,1,0.159800143667961,-1.31816060822604,1,0.045249184219195,28.7647323770081
"2401",4384,"Nider","Pool","Diptera","Ceratopogonidae",6,"1",30231,24.2948159790324,"kick_net",0.003,2.47,1,0.25070029394521,-1.31816060822604,1,0.045249184219195,28.7647323770081
"2402",4385,"Nider","Pool","Diptera","Ceratopogonidae",10,"1",30231,24.2948159790324,"kick_net",0.003,2.47,1,0.885362767999916,-1.31816060822604,1,0.045249184219195,28.7647323770081
"2403",4400,"Nider","Pool","Diptera","Chironomidae",4,"1",30231,24.2948159790324,"kick_net",0.002,2.62,1,0.07558353033149,-1.31816060822604,1,0.045249184219195,28.7647323770081
"2404",4401,"Nider","Pool","Diptera","Chironomidae",4,"1",30231,24.2948159790324,"kick_net",0.002,2.62,1,0.07558353033149,-1.31816060822604,1,0.045249184219195,28.7647323770081
"2405",4402,"Nider","Pool","Diptera","Chironomidae",4,"1",30231,24.2948159790324,"kick_net",0.002,2.62,1,0.07558353033149,-1.31816060822604,1,0.045249184219195,28.7647323770081
"2406",4403,"Nider","Pool","Diptera","Chironomidae",4,"1",30231,24.2948159790324,"kick_net",0.002,2.62,1,0.07558353033149,-1.31816060822604,1,0.045249184219195,28.7647323770081
"2407",4404,"Nider","Pool","Diptera","Chironomidae",4,"1",30231,24.2948159790324,"kick_net",0.002,2.62,1,0.07558353033149,-1.31816060822604,1,0.045249184219195,28.7647323770081
"2408",4405,"Nider","Pool","Diptera","Chironomidae",4,"1",30231,24.2948159790324,"kick_net",0.002,2.62,1,0.07558353033149,-1.31816060822604,1,0.045249184219195,28.7647323770081
"2409",4406,"Nider","Pool","Diptera","Chironomidae",4,"1",30231,24.2948159790324,"kick_net",0.002,2.62,1,0.07558353033149,-1.31816060822604,1,0.045249184219195,28.7647323770081
"2410",4407,"Nider","Pool","Diptera","Chironomidae",5,"1",30231,24.2948159790324,"kick_net",0.002,2.62,1,0.135622394240555,-1.31816060822604,1,0.045249184219195,28.7647323770081
"2411",4408,"Nider","Pool","Diptera","Chironomidae",5,"1",30231,24.2948159790324,"kick_net",0.002,2.62,1,0.135622394240555,-1.31816060822604,1,0.045249184219195,28.7647323770081
"2412",4409,"Nider","Pool","Diptera","Chironomidae",5,"1",30231,24.2948159790324,"kick_net",0.002,2.62,1,0.135622394240555,-1.31816060822604,1,0.045249184219195,28.7647323770081
"2413",4410,"Nider","Pool","Diptera","Chironomidae",5,"1",30231,24.2948159790324,"kick_net",0.002,2.62,1,0.135622394240555,-1.31816060822604,1,0.045249184219195,28.7647323770081
"2414",4411,"Nider","Pool","Diptera","Chironomidae",5,"1",30231,24.2948159790324,"kick_net",0.002,2.62,1,0.135622394240555,-1.31816060822604,1,0.045249184219195,28.7647323770081
"2415",4412,"Nider","Pool","Diptera","Chironomidae",5,"1",30231,24.2948159790324,"kick_net",0.002,2.62,1,0.135622394240555,-1.31816060822604,1,0.045249184219195,28.7647323770081
"2416",4413,"Nider","Pool","Diptera","Chironomidae",5,"1",30231,24.2948159790324,"kick_net",0.002,2.62,1,0.135622394240555,-1.31816060822604,1,0.045249184219195,28.7647323770081
"2417",4414,"Nider","Pool","Diptera","Chironomidae",5,"1",30231,24.2948159790324,"kick_net",0.002,2.62,1,0.135622394240555,-1.31816060822604,1,0.045249184219195,28.7647323770081
"2418",4415,"Nider","Pool","Diptera","Chironomidae",5,"1",30231,24.2948159790324,"kick_net",0.002,2.62,1,0.135622394240555,-1.31816060822604,1,0.045249184219195,28.7647323770081
"2419",4416,"Nider","Pool","Diptera","Chironomidae",5,"1",30231,24.2948159790324,"kick_net",0.002,2.62,1,0.135622394240555,-1.31816060822604,1,0.045249184219195,28.7647323770081
"2420",4417,"Nider","Pool","Diptera","Chironomidae",5,"1",30231,24.2948159790324,"kick_net",0.002,2.62,1,0.135622394240555,-1.31816060822604,1,0.045249184219195,28.7647323770081
"2421",4418,"Nider","Pool","Diptera","Chironomidae",5,"1",30231,24.2948159790324,"kick_net",0.002,2.62,1,0.135622394240555,-1.31816060822604,1,0.045249184219195,28.7647323770081
"2422",4419,"Nider","Pool","Diptera","Chironomidae",5,"1",30231,24.2948159790324,"kick_net",0.002,2.62,1,0.135622394240555,-1.31816060822604,1,0.045249184219195,28.7647323770081
"2423",4420,"Nider","Pool","Diptera","Chironomidae",6,"1",30231,24.2948159790324,"kick_net",0.002,2.62,1,0.218668523080522,-1.31816060822604,1,0.045249184219195,28.7647323770081
"2424",4421,"Nider","Pool","Diptera","Chironomidae",7,"1",30231,24.2948159790324,"kick_net",0.002,2.62,1,0.327481567511863,-1.31816060822604,1,0.045249184219195,28.7647323770081
"2425",4424,"Nider","Pool","Diptera","Simuliidae",3,"1",30231,24.2948159790324,"kick_net",0.002,3.01,1,0.0545965213646441,-1.31816060822604,1,0.045249184219195,28.7647323770081
"2426",4425,"Nider","Pool","Diptera","Simuliidae",5,"1",30231,24.2948159790324,"kick_net",0.002,3.01,1,0.254056147816831,-1.31816060822604,1,0.045249184219195,28.7647323770081
"2427",4426,"Nider","Pool","Diptera","Simuliidae",5,"1",30231,24.2948159790324,"kick_net",0.002,3.01,1,0.254056147816831,-1.31816060822604,1,0.045249184219195,28.7647323770081
"2428",4427,"Nider","Pool","Diptera","Simuliidae",6,"1",30231,24.2948159790324,"kick_net",0.002,3.01,1,0.439810161615349,-1.31816060822604,1,0.045249184219195,28.7647323770081
"2429",4428,"Nider","Pool","Diptera","Simuliidae",6,"1",30231,24.2948159790324,"kick_net",0.002,3.01,1,0.439810161615349,-1.31816060822604,1,0.045249184219195,28.7647323770081
"2430",4429,"Nider","Pool","Diptera","Simuliidae",7,"1",30231,24.2948159790324,"kick_net",0.002,3.01,1,0.699479669405531,-1.31816060822604,1,0.045249184219195,28.7647323770081
"2431",4430,"Nider","Pool","Diptera","Simuliidae",8,"1",30231,24.2948159790324,"kick_net",0.002,3.01,1,1.04551641672417,-1.31816060822604,1,0.045249184219195,28.7647323770081
"2432",4431,"Nider","Outflow","Hirudinea","Glossiphoniidae",5,"1",30231,24.2948159790324,"kick_net",-2.12,2,2,3.00079071278642,-1.31816060822604,1,0.175115097992932,43.9792542508338
"2433",4432,"Nider","Outflow","Gastropoda","Hydrobiidae",2,"1",30231,24.2948159790324,"kick_net",0.182,2.82,1,1.28521556259919,-1.31816060822604,1,0.175115097992932,43.9792542508338
"2434",4433,"Nider","Outflow","Gastropoda","Hydrobiidae",7,"1",30231,24.2948159790324,"kick_net",0.182,2.82,1,43.9792542508338,-1.31816060822604,1,0.175115097992932,43.9792542508338
"2435",4434,"Nider","Outflow","Gastropoda","Physidae",3,"1",30231,24.2948159790324,"kick_net",0.0457,3.05,1,1.30357501201927,-1.31816060822604,1,0.175115097992932,43.9792542508338
"2436",4435,"Nider","Outflow","Gastropoda","Physidae",4,"1",30231,24.2948159790324,"kick_net",0.0457,3.05,1,3.13472302322615,-1.31816060822604,1,0.175115097992932,43.9792542508338
"2437",4436,"Nider","Outflow","Gastropoda","Physidae",5,"1",30231,24.2948159790324,"kick_net",0.0457,3.05,1,6.19119828422008,-1.31816060822604,1,0.175115097992932,43.9792542508338
"2438",4444,"Nider","Outflow","Amphipoda","Gammaridae",3,"1",30231,24.2948159790324,"kick_net",0.00845,2.8705,1,0.197894293315652,-1.31816060822604,1,0.175115097992932,43.9792542508338
"2439",4445,"Nider","Outflow","Amphipoda","Gammaridae",3,"1",30231,24.2948159790324,"kick_net",0.00845,2.8705,1,0.197894293315652,-1.31816060822604,1,0.175115097992932,43.9792542508338
"2440",4446,"Nider","Outflow","Amphipoda","Gammaridae",3,"1",30231,24.2948159790324,"kick_net",0.00845,2.8705,1,0.197894293315652,-1.31816060822604,1,0.175115097992932,43.9792542508338
"2441",4447,"Nider","Outflow","Amphipoda","Gammaridae",3,"1",30231,24.2948159790324,"kick_net",0.00845,2.8705,1,0.197894293315652,-1.31816060822604,1,0.175115097992932,43.9792542508338
"2442",4448,"Nider","Outflow","Amphipoda","Gammaridae",3,"1",30231,24.2948159790324,"kick_net",0.00845,2.8705,1,0.197894293315652,-1.31816060822604,1,0.175115097992932,43.9792542508338
"2443",4449,"Nider","Outflow","Amphipoda","Gammaridae",4,"1",30231,24.2948159790324,"kick_net",0.00845,2.8705,1,0.451928691384938,-1.31816060822604,1,0.175115097992932,43.9792542508338
"2444",4450,"Nider","Outflow","Amphipoda","Gammaridae",4,"1",30231,24.2948159790324,"kick_net",0.00845,2.8705,1,0.451928691384938,-1.31816060822604,1,0.175115097992932,43.9792542508338
"2445",4451,"Nider","Outflow","Amphipoda","Gammaridae",4,"1",30231,24.2948159790324,"kick_net",0.00845,2.8705,1,0.451928691384938,-1.31816060822604,1,0.175115097992932,43.9792542508338
"2446",4452,"Nider","Outflow","Amphipoda","Gammaridae",4,"1",30231,24.2948159790324,"kick_net",0.00845,2.8705,1,0.451928691384938,-1.31816060822604,1,0.175115097992932,43.9792542508338
"2447",4453,"Nider","Outflow","Amphipoda","Gammaridae",5,"1",30231,24.2948159790324,"kick_net",0.00845,2.8705,1,0.857531547980516,-1.31816060822604,1,0.175115097992932,43.9792542508338
"2448",4454,"Nider","Outflow","Amphipoda","Gammaridae",5,"1",30231,24.2948159790324,"kick_net",0.00845,2.8705,1,0.857531547980516,-1.31816060822604,1,0.175115097992932,43.9792542508338
"2449",4455,"Nider","Outflow","Amphipoda","Gammaridae",5,"1",30231,24.2948159790324,"kick_net",0.00845,2.8705,1,0.857531547980516,-1.31816060822604,1,0.175115097992932,43.9792542508338
"2450",4456,"Nider","Outflow","Amphipoda","Gammaridae",5,"1",30231,24.2948159790324,"kick_net",0.00845,2.8705,1,0.857531547980516,-1.31816060822604,1,0.175115097992932,43.9792542508338
"2451",4457,"Nider","Outflow","Amphipoda","Gammaridae",5,"1",30231,24.2948159790324,"kick_net",0.00845,2.8705,1,0.857531547980516,-1.31816060822604,1,0.175115097992932,43.9792542508338
"2452",4458,"Nider","Outflow","Amphipoda","Gammaridae",6,"1",30231,24.2948159790324,"kick_net",0.00845,2.8705,1,1.44723771988851,-1.31816060822604,1,0.175115097992932,43.9792542508338
"2453",4459,"Nider","Outflow","Amphipoda","Gammaridae",6,"1",30231,24.2948159790324,"kick_net",0.00845,2.8705,1,1.44723771988851,-1.31816060822604,1,0.175115097992932,43.9792542508338
"2454",4460,"Nider","Outflow","Amphipoda","Gammaridae",7,"1",30231,24.2948159790324,"kick_net",0.00845,2.8705,1,2.25273772956822,-1.31816060822604,1,0.175115097992932,43.9792542508338
"2455",4461,"Nider","Outflow","Amphipoda","Gammaridae",7,"1",30231,24.2948159790324,"kick_net",0.00845,2.8705,1,2.25273772956822,-1.31816060822604,1,0.175115097992932,43.9792542508338
"2456",4462,"Nider","Outflow","Amphipoda","Gammaridae",8,"1",30231,24.2948159790324,"kick_net",0.00845,2.8705,1,3.30503845216443,-1.31816060822604,1,0.175115097992932,43.9792542508338
"2457",4463,"Nider","Outflow","Amphipoda","Gammaridae",8,"1",30231,24.2948159790324,"kick_net",0.00845,2.8705,1,3.30503845216443,-1.31816060822604,1,0.175115097992932,43.9792542508338
"2458",4464,"Nider","Outflow","Amphipoda","Gammaridae",8,"1",30231,24.2948159790324,"kick_net",0.00845,2.8705,1,3.30503845216443,-1.31816060822604,1,0.175115097992932,43.9792542508338
"2459",4465,"Nider","Outflow","Amphipoda","Gammaridae",8,"1",30231,24.2948159790324,"kick_net",0.00845,2.8705,1,3.30503845216443,-1.31816060822604,1,0.175115097992932,43.9792542508338
"2460",4466,"Nider","Outflow","Amphipoda","Gammaridae",8,"1",30231,24.2948159790324,"kick_net",0.00845,2.8705,1,3.30503845216443,-1.31816060822604,1,0.175115097992932,43.9792542508338
"2461",4467,"Nider","Outflow","Amphipoda","Gammaridae",8,"1",30231,24.2948159790324,"kick_net",0.00845,2.8705,1,3.30503845216443,-1.31816060822604,1,0.175115097992932,43.9792542508338
"2462",4468,"Nider","Outflow","Amphipoda","Gammaridae",9,"1",30231,24.2948159790324,"kick_net",0.00845,2.8705,1,4.6345741215268,-1.31816060822604,1,0.175115097992932,43.9792542508338
"2463",4469,"Nider","Outflow","Amphipoda","Gammaridae",9,"1",30231,24.2948159790324,"kick_net",0.00845,2.8705,1,4.6345741215268,-1.31816060822604,1,0.175115097992932,43.9792542508338
"2464",4470,"Nider","Outflow","Amphipoda","Gammaridae",9,"1",30231,24.2948159790324,"kick_net",0.00845,2.8705,1,4.6345741215268,-1.31816060822604,1,0.175115097992932,43.9792542508338
"2465",4471,"Nider","Outflow","Amphipoda","Gammaridae",10,"1",30231,24.2948159790324,"kick_net",0.00845,2.8705,1,6.27128747089358,-1.31816060822604,1,0.175115097992932,43.9792542508338
"2466",4472,"Nider","Outflow","Amphipoda","Gammaridae",10,"1",30231,24.2948159790324,"kick_net",0.00845,2.8705,1,6.27128747089358,-1.31816060822604,1,0.175115097992932,43.9792542508338
"2467",4473,"Nider","Outflow","Amphipoda","Gammaridae",10,"1",30231,24.2948159790324,"kick_net",0.00845,2.8705,1,6.27128747089358,-1.31816060822604,1,0.175115097992932,43.9792542508338
"2468",4474,"Nider","Outflow","Amphipoda","Gammaridae",11,"1",30231,24.2948159790324,"kick_net",0.00845,2.8705,1,8.24469153511625,-1.31816060822604,1,0.175115097992932,43.9792542508338
"2469",4475,"Nider","Outflow","Amphipoda","Gammaridae",11,"1",30231,24.2948159790324,"kick_net",0.00845,2.8705,1,8.24469153511625,-1.31816060822604,1,0.175115097992932,43.9792542508338
"2470",4476,"Nider","Outflow","Amphipoda","Gammaridae",11,"1",30231,24.2948159790324,"kick_net",0.00845,2.8705,1,8.24469153511625,-1.31816060822604,1,0.175115097992932,43.9792542508338
"2471",4477,"Nider","Outflow","Amphipoda","Gammaridae",14,"1",30231,24.2948159790324,"kick_net",0.00845,2.8705,1,16.4746893941346,-1.31816060822604,1,0.175115097992932,43.9792542508338
"2472",4479,"Nider","Outflow","Ephemeroptera","Baetidae",6,"1",30231,24.2948159790324,"kick_net",0.005,2.875,1,0.863286300593756,-1.31816060822604,1,0.175115097992932,43.9792542508338
"2473",4480,"Nider","Outflow","Ephemeroptera","Baetidae",6,"1",30231,24.2948159790324,"kick_net",0.005,2.875,1,0.863286300593756,-1.31816060822604,1,0.175115097992932,43.9792542508338
"2474",4481,"Nider","Outflow","Ephemeroptera","Baetidae",7,"1",30231,24.2948159790324,"kick_net",0.005,2.875,1,1.34470453452202,-1.31816060822604,1,0.175115097992932,43.9792542508338
"2475",4482,"Nider","Outflow","Ephemeroptera","Baetidae",8,"1",30231,24.2948159790324,"kick_net",0.005,2.875,1,1.97402985652216,-1.31816060822604,1,0.175115097992932,43.9792542508338
"2476",4483,"Nider","Outflow","Ephemeroptera","Baetidae",8,"1",30231,24.2948159790324,"kick_net",0.005,2.875,1,1.97402985652216,-1.31816060822604,1,0.175115097992932,43.9792542508338
"2477",4484,"Nider","Outflow","Ephemeroptera","Baetidae",8,"1",30231,24.2948159790324,"kick_net",0.005,2.875,1,1.97402985652216,-1.31816060822604,1,0.175115097992932,43.9792542508338
"2478",4485,"Nider","Outflow","Ephemeroptera","Baetidae",9,"1",30231,24.2948159790324,"kick_net",0.005,2.875,1,2.76960107420006,-1.31816060822604,1,0.175115097992932,43.9792542508338
"2479",4486,"Nider","Outflow","Ephemeroptera","Baetidae",9,"1",30231,24.2948159790324,"kick_net",0.005,2.875,1,2.76960107420006,-1.31816060822604,1,0.175115097992932,43.9792542508338
"2480",4487,"Nider","Outflow","Ephemeroptera","Caenidae",4,"1",30231,24.2948159790324,"kick_net",0.005,2.772,1,0.233281500610653,-1.31816060822604,1,0.175115097992932,43.9792542508338
"2481",4488,"Nider","Outflow","Odonata","Libellulidae",7,"1",30231,24.2948159790324,"kick_net",0.008,2.809,1,1.89221456641199,-1.31816060822604,1,0.175115097992932,43.9792542508338
"2482",4489,"Nider","Outflow","Odonata","Libellulidae",7,"1",30231,24.2948159790324,"kick_net",0.008,2.809,1,1.89221456641199,-1.31816060822604,1,0.175115097992932,43.9792542508338
"2483",4490,"Nider","Outflow","Odonata","Libellulidae",7,"1",30231,24.2948159790324,"kick_net",0.008,2.809,1,1.89221456641199,-1.31816060822604,1,0.175115097992932,43.9792542508338
"2484",4491,"Nider","Outflow","Odonata","Libellulidae",8,"1",30231,24.2948159790324,"kick_net",0.008,2.809,1,2.75340286802458,-1.31816060822604,1,0.175115097992932,43.9792542508338
"2485",4492,"Nider","Outflow","Odonata","Libellulidae",8,"1",30231,24.2948159790324,"kick_net",0.008,2.809,1,2.75340286802458,-1.31816060822604,1,0.175115097992932,43.9792542508338
"2486",4493,"Nider","Outflow","Odonata","Libellulidae",8,"1",30231,24.2948159790324,"kick_net",0.008,2.809,1,2.75340286802458,-1.31816060822604,1,0.175115097992932,43.9792542508338
"2487",4494,"Nider","Outflow","Odonata","Libellulidae",8,"1",30231,24.2948159790324,"kick_net",0.008,2.809,1,2.75340286802458,-1.31816060822604,1,0.175115097992932,43.9792542508338
"2488",4495,"Nider","Outflow","Odonata","Libellulidae",9,"1",30231,24.2948159790324,"kick_net",0.008,2.809,1,3.83316219313425,-1.31816060822604,1,0.175115097992932,43.9792542508338
"2489",4496,"Nider","Outflow","Odonata","Libellulidae",9,"1",30231,24.2948159790324,"kick_net",0.008,2.809,1,3.83316219313425,-1.31816060822604,1,0.175115097992932,43.9792542508338
"2490",4497,"Nider","Outflow","Odonata","Libellulidae",9,"1",30231,24.2948159790324,"kick_net",0.008,2.809,1,3.83316219313425,-1.31816060822604,1,0.175115097992932,43.9792542508338
"2491",4498,"Nider","Outflow","Odonata","Libellulidae",9,"1",30231,24.2948159790324,"kick_net",0.008,2.809,1,3.83316219313425,-1.31816060822604,1,0.175115097992932,43.9792542508338
"2492",4499,"Nider","Outflow","Odonata","Libellulidae",10,"1",30231,24.2948159790324,"kick_net",0.008,2.809,1,5.15335412412142,-1.31816060822604,1,0.175115097992932,43.9792542508338
"2493",4500,"Nider","Outflow","Odonata","Libellulidae",10,"1",30231,24.2948159790324,"kick_net",0.008,2.809,1,5.15335412412142,-1.31816060822604,1,0.175115097992932,43.9792542508338
"2494",4501,"Nider","Outflow","Odonata","Libellulidae",10,"1",30231,24.2948159790324,"kick_net",0.008,2.809,1,5.15335412412142,-1.31816060822604,1,0.175115097992932,43.9792542508338
"2495",4502,"Nider","Outflow","Odonata","Libellulidae",11,"1",30231,24.2948159790324,"kick_net",0.008,2.809,1,6.7353790169029,-1.31816060822604,1,0.175115097992932,43.9792542508338
"2496",4503,"Nider","Outflow","Odonata","Libellulidae",11,"1",30231,24.2948159790324,"kick_net",0.008,2.809,1,6.7353790169029,-1.31816060822604,1,0.175115097992932,43.9792542508338
"2497",4504,"Nider","Outflow","Odonata","Libellulidae",14,"1",30231,24.2948159790324,"kick_net",0.008,2.809,1,13.260614175379,-1.31816060822604,1,0.175115097992932,43.9792542508338
"2498",4505,"Nider","Outflow","Odonata","Libellulidae",14,"1",30231,24.2948159790324,"kick_net",0.008,2.809,1,13.260614175379,-1.31816060822604,1,0.175115097992932,43.9792542508338
"2499",4506,"Nider","Outflow","Odonata","Libellulidae",15,"1",30231,24.2948159790324,"kick_net",0.008,2.809,1,16.0964584797862,-1.31816060822604,1,0.175115097992932,43.9792542508338
"2500",4507,"Nider","Outflow","Odonata","Libellulidae",16,"1",30231,24.2948159790324,"kick_net",0.008,2.809,1,19.2958101847242,-1.31816060822604,1,0.175115097992932,43.9792542508338
"2501",4508,"Nider","Outflow","Odonata","Libellulidae",17,"1",30231,24.2948159790324,"kick_net",0.008,2.809,1,22.8781554805174,-1.31816060822604,1,0.175115097992932,43.9792542508338
"2502",4509,"Nider","Outflow","Odonata","Coenagrionidae",5,"1",30231,24.2948159790324,"kick_net",0.005,2.785,1,0.442182414117482,-1.31816060822604,1,0.175115097992932,43.9792542508338
"2503",4510,"Nider","Outflow","Odonata","Coenagrionidae",6,"1",30231,24.2948159790324,"kick_net",0.005,2.785,1,0.734718941991576,-1.31816060822604,1,0.175115097992932,43.9792542508338
"2504",4511,"Nider","Outflow","Odonata","Coenagrionidae",7,"1",30231,24.2948159790324,"kick_net",0.005,2.785,1,1.12867276546528,-1.31816060822604,1,0.175115097992932,43.9792542508338
"2505",4512,"Nider","Outflow","Odonata","Coenagrionidae",7,"1",30231,24.2948159790324,"kick_net",0.005,2.785,1,1.12867276546528,-1.31816060822604,1,0.175115097992932,43.9792542508338
"2506",4513,"Nider","Outflow","Odonata","Coenagrionidae",7,"1",30231,24.2948159790324,"kick_net",0.005,2.785,1,1.12867276546528,-1.31816060822604,1,0.175115097992932,43.9792542508338
"2507",4514,"Nider","Outflow","Odonata","Coenagrionidae",7,"1",30231,24.2948159790324,"kick_net",0.005,2.785,1,1.12867276546528,-1.31816060822604,1,0.175115097992932,43.9792542508338
"2508",4515,"Nider","Outflow","Odonata","Coenagrionidae",8,"1",30231,24.2948159790324,"kick_net",0.005,2.785,1,1.63710154403511,-1.31816060822604,1,0.175115097992932,43.9792542508338
"2509",4516,"Nider","Outflow","Odonata","Coenagrionidae",8,"1",30231,24.2948159790324,"kick_net",0.005,2.785,1,1.63710154403511,-1.31816060822604,1,0.175115097992932,43.9792542508338
"2510",4517,"Nider","Outflow","Odonata","Coenagrionidae",8,"1",30231,24.2948159790324,"kick_net",0.005,2.785,1,1.63710154403511,-1.31816060822604,1,0.175115097992932,43.9792542508338
"2511",4518,"Nider","Outflow","Odonata","Coenagrionidae",8,"1",30231,24.2948159790324,"kick_net",0.005,2.785,1,1.63710154403511,-1.31816060822604,1,0.175115097992932,43.9792542508338
"2512",4519,"Nider","Outflow","Odonata","Coenagrionidae",9,"1",30231,24.2948159790324,"kick_net",0.005,2.785,1,2.27266484009278,-1.31816060822604,1,0.175115097992932,43.9792542508338
"2513",4520,"Nider","Outflow","Odonata","Coenagrionidae",9,"1",30231,24.2948159790324,"kick_net",0.005,2.785,1,2.27266484009278,-1.31816060822604,1,0.175115097992932,43.9792542508338
"2514",4521,"Nider","Outflow","Odonata","Coenagrionidae",10,"1",30231,24.2948159790324,"kick_net",0.005,2.785,1,3.04768448620085,-1.31816060822604,1,0.175115097992932,43.9792542508338
"2515",4522,"Nider","Outflow","Odonata","Coenagrionidae",10,"1",30231,24.2948159790324,"kick_net",0.005,2.785,1,3.04768448620085,-1.31816060822604,1,0.175115097992932,43.9792542508338
"2516",4523,"Nider","Outflow","Odonata","Coenagrionidae",10,"1",30231,24.2948159790324,"kick_net",0.005,2.785,1,3.04768448620085,-1.31816060822604,1,0.175115097992932,43.9792542508338
"2517",4524,"Nider","Outflow","Odonata","Coenagrionidae",11,"1",30231,24.2948159790324,"kick_net",0.005,2.785,1,3.97419005738211,-1.31816060822604,1,0.175115097992932,43.9792542508338
"2518",4525,"Nider","Outflow","Odonata","Coenagrionidae",11,"1",30231,24.2948159790324,"kick_net",0.005,2.785,1,3.97419005738211,-1.31816060822604,1,0.175115097992932,43.9792542508338
"2519",4526,"Nider","Outflow","Odonata","Coenagrionidae",11,"1",30231,24.2948159790324,"kick_net",0.005,2.785,1,3.97419005738211,-1.31816060822604,1,0.175115097992932,43.9792542508338
"2520",4527,"Nider","Outflow","Odonata","Coenagrionidae",11,"1",30231,24.2948159790324,"kick_net",0.005,2.785,1,3.97419005738211,-1.31816060822604,1,0.175115097992932,43.9792542508338
"2521",4528,"Nider","Outflow","Odonata","Coenagrionidae",12,"1",30231,24.2948159790324,"kick_net",0.005,2.785,1,5.06395426352415,-1.31816060822604,1,0.175115097992932,43.9792542508338
"2522",4529,"Nider","Outflow","Odonata","Coenagrionidae",12,"1",30231,24.2948159790324,"kick_net",0.005,2.785,1,5.06395426352415,-1.31816060822604,1,0.175115097992932,43.9792542508338
"2523",4530,"Nider","Outflow","Odonata","Coenagrionidae",13,"1",30231,24.2948159790324,"kick_net",0.005,2.785,1,6.32852121779989,-1.31816060822604,1,0.175115097992932,43.9792542508338
"2524",4531,"Nider","Outflow","Odonata","Coenagrionidae",13,"1",30231,24.2948159790324,"kick_net",0.005,2.785,1,6.32852121779989,-1.31816060822604,1,0.175115097992932,43.9792542508338
"2525",4532,"Nider","Outflow","Odonata","Coenagrionidae",15,"1",30231,24.2948159790324,"kick_net",0.005,2.785,1,9.42723125758789,-1.31816060822604,1,0.175115097992932,43.9792542508338
"2526",4533,"Nider","Outflow","Odonata","Coenagrionidae",15,"1",30231,24.2948159790324,"kick_net",0.005,2.785,1,9.42723125758789,-1.31816060822604,1,0.175115097992932,43.9792542508338
"2527",4534,"Nider","Outflow","Odonata","Coenagrionidae",17,"1",30231,24.2948159790324,"kick_net",0.005,2.785,1,13.3588862037248,-1.31816060822604,1,0.175115097992932,43.9792542508338
"2528",4535,"Nider","Outflow","Odonata","Coenagrionidae",18,"1",30231,24.2948159790324,"kick_net",0.005,2.785,1,15.6640453223557,-1.31816060822604,1,0.175115097992932,43.9792542508338
"2529",4543,"Nider","Outflow","Heteroptera","Corixidae",5,"1",30231,24.2948159790324,"kick_net",0.003,2.904,1,0.321314368939196,-1.31816060822604,1,0.175115097992932,43.9792542508338
"2530",4544,"Nider","Outflow","Heteroptera","Corixidae",5,"1",30231,24.2948159790324,"kick_net",0.003,2.904,1,0.321314368939196,-1.31816060822604,1,0.175115097992932,43.9792542508338
"2531",4545,"Nider","Outflow","Heteroptera","Corixidae",6,"1",30231,24.2948159790324,"kick_net",0.003,2.904,1,0.545597643437091,-1.31816060822604,1,0.175115097992932,43.9792542508338
"2532",4546,"Nider","Outflow","Heteroptera","Corixidae",6,"1",30231,24.2948159790324,"kick_net",0.003,2.904,1,0.545597643437091,-1.31816060822604,1,0.175115097992932,43.9792542508338
"2533",4547,"Nider","Outflow","Heteroptera","Corixidae",6,"1",30231,24.2948159790324,"kick_net",0.003,2.904,1,0.545597643437091,-1.31816060822604,1,0.175115097992932,43.9792542508338
"2534",4548,"Nider","Outflow","Heteroptera","Corixidae",6,"1",30231,24.2948159790324,"kick_net",0.003,2.904,1,0.545597643437091,-1.31816060822604,1,0.175115097992932,43.9792542508338
"2535",4549,"Nider","Outflow","Heteroptera","Corixidae",8,"1",30231,24.2948159790324,"kick_net",0.003,2.904,1,1.2580403679127,-1.31816060822604,1,0.175115097992932,43.9792542508338
"2536",4550,"Nider","Outflow","Heteroptera","Corixidae",11,"1",30231,24.2948159790324,"kick_net",0.003,2.904,1,3.17194473827751,-1.31816060822604,1,0.175115097992932,43.9792542508338
"2537",4551,"Nider","Outflow","Megaloptera","Sialidae",4,"1",30231,24.2948159790324,"kick_net",0.004,2.753,1,0.181773741893559,-1.31816060822604,1,0.175115097992932,43.9792542508338
"2538",4552,"Nider","Outflow","Megaloptera","Sialidae",4,"1",30231,24.2948159790324,"kick_net",0.004,2.753,1,0.181773741893559,-1.31816060822604,1,0.175115097992932,43.9792542508338
"2539",4553,"Nider","Outflow","Megaloptera","Sialidae",4,"1",30231,24.2948159790324,"kick_net",0.004,2.753,1,0.181773741893559,-1.31816060822604,1,0.175115097992932,43.9792542508338
"2540",4554,"Nider","Outflow","Megaloptera","Sialidae",4,"1",30231,24.2948159790324,"kick_net",0.004,2.753,1,0.181773741893559,-1.31816060822604,1,0.175115097992932,43.9792542508338
"2541",4555,"Nider","Outflow","Megaloptera","Sialidae",4,"1",30231,24.2948159790324,"kick_net",0.004,2.753,1,0.181773741893559,-1.31816060822604,1,0.175115097992932,43.9792542508338
"2542",4556,"Nider","Outflow","Megaloptera","Sialidae",5,"1",30231,24.2948159790324,"kick_net",0.004,2.753,1,0.335988500290284,-1.31816060822604,1,0.175115097992932,43.9792542508338
"2543",4753,"Nider","Outflow","Diptera","Chironomidae",6,"1",30231,24.2948159790324,"kick_net",0.002,2.62,1,0.218668523080522,-1.31816060822604,1,0.175115097992932,43.9792542508338
"2544",4754,"Nider","Outflow","Diptera","Chironomidae",6,"1",30231,24.2948159790324,"kick_net",0.002,2.62,1,0.218668523080522,-1.31816060822604,1,0.175115097992932,43.9792542508338
"2545",4755,"Nider","Outflow","Diptera","Chironomidae",6,"1",30231,24.2948159790324,"kick_net",0.002,2.62,1,0.218668523080522,-1.31816060822604,1,0.175115097992932,43.9792542508338
"2546",4756,"Nider","Outflow","Diptera","Chironomidae",6,"1",30231,24.2948159790324,"kick_net",0.002,2.62,1,0.218668523080522,-1.31816060822604,1,0.175115097992932,43.9792542508338
"2547",4757,"Nider","Outflow","Diptera","Chironomidae",6,"1",30231,24.2948159790324,"kick_net",0.002,2.62,1,0.218668523080522,-1.31816060822604,1,0.175115097992932,43.9792542508338
"2548",4758,"Nider","Outflow","Diptera","Chironomidae",6,"1",30231,24.2948159790324,"kick_net",0.002,2.62,1,0.218668523080522,-1.31816060822604,1,0.175115097992932,43.9792542508338
"2549",4759,"Nider","Outflow","Diptera","Chironomidae",6,"1",30231,24.2948159790324,"kick_net",0.002,2.62,1,0.218668523080522,-1.31816060822604,1,0.175115097992932,43.9792542508338
"2550",4760,"Nider","Outflow","Diptera","Chironomidae",6,"1",30231,24.2948159790324,"kick_net",0.002,2.62,1,0.218668523080522,-1.31816060822604,1,0.175115097992932,43.9792542508338
"2551",4761,"Nider","Outflow","Diptera","Chironomidae",6,"1",30231,24.2948159790324,"kick_net",0.002,2.62,1,0.218668523080522,-1.31816060822604,1,0.175115097992932,43.9792542508338
"2552",4762,"Nider","Outflow","Diptera","Chironomidae",6,"1",30231,24.2948159790324,"kick_net",0.002,2.62,1,0.218668523080522,-1.31816060822604,1,0.175115097992932,43.9792542508338
"2553",4763,"Nider","Outflow","Diptera","Chironomidae",6,"1",30231,24.2948159790324,"kick_net",0.002,2.62,1,0.218668523080522,-1.31816060822604,1,0.175115097992932,43.9792542508338
"2554",4764,"Nider","Outflow","Diptera","Chironomidae",6,"1",30231,24.2948159790324,"kick_net",0.002,2.62,1,0.218668523080522,-1.31816060822604,1,0.175115097992932,43.9792542508338
"2555",4765,"Nider","Outflow","Diptera","Chironomidae",6,"1",30231,24.2948159790324,"kick_net",0.002,2.62,1,0.218668523080522,-1.31816060822604,1,0.175115097992932,43.9792542508338
"2556",4766,"Nider","Outflow","Diptera","Chironomidae",6,"1",30231,24.2948159790324,"kick_net",0.002,2.62,1,0.218668523080522,-1.31816060822604,1,0.175115097992932,43.9792542508338
"2557",4767,"Nider","Outflow","Diptera","Chironomidae",6,"1",30231,24.2948159790324,"kick_net",0.002,2.62,1,0.218668523080522,-1.31816060822604,1,0.175115097992932,43.9792542508338
"2558",4768,"Nider","Outflow","Diptera","Chironomidae",6,"1",30231,24.2948159790324,"kick_net",0.002,2.62,1,0.218668523080522,-1.31816060822604,1,0.175115097992932,43.9792542508338
"2559",4769,"Nider","Outflow","Diptera","Chironomidae",6,"1",30231,24.2948159790324,"kick_net",0.002,2.62,1,0.218668523080522,-1.31816060822604,1,0.175115097992932,43.9792542508338
"2560",4770,"Nider","Outflow","Diptera","Chironomidae",6,"1",30231,24.2948159790324,"kick_net",0.002,2.62,1,0.218668523080522,-1.31816060822604,1,0.175115097992932,43.9792542508338
"2561",4771,"Nider","Outflow","Diptera","Chironomidae",7,"1",30231,24.2948159790324,"kick_net",0.002,2.62,1,0.327481567511863,-1.31816060822604,1,0.175115097992932,43.9792542508338
"2562",4772,"Nider","Outflow","Diptera","Chironomidae",7,"1",30231,24.2948159790324,"kick_net",0.002,2.62,1,0.327481567511863,-1.31816060822604,1,0.175115097992932,43.9792542508338
"2563",4773,"Nider","Outflow","Diptera","Chironomidae",7,"1",30231,24.2948159790324,"kick_net",0.002,2.62,1,0.327481567511863,-1.31816060822604,1,0.175115097992932,43.9792542508338
"2564",4774,"Nider","Outflow","Diptera","Chironomidae",7,"1",30231,24.2948159790324,"kick_net",0.002,2.62,1,0.327481567511863,-1.31816060822604,1,0.175115097992932,43.9792542508338
"2565",4775,"Nider","Outflow","Diptera","Chironomidae",7,"1",30231,24.2948159790324,"kick_net",0.002,2.62,1,0.327481567511863,-1.31816060822604,1,0.175115097992932,43.9792542508338
"2566",4776,"Nider","Outflow","Diptera","Chironomidae",7,"1",30231,24.2948159790324,"kick_net",0.002,2.62,1,0.327481567511863,-1.31816060822604,1,0.175115097992932,43.9792542508338
"2567",4777,"Nider","Outflow","Diptera","Chironomidae",7,"1",30231,24.2948159790324,"kick_net",0.002,2.62,1,0.327481567511863,-1.31816060822604,1,0.175115097992932,43.9792542508338
"2568",4778,"Nider","Outflow","Diptera","Chironomidae",7,"1",30231,24.2948159790324,"kick_net",0.002,2.62,1,0.327481567511863,-1.31816060822604,1,0.175115097992932,43.9792542508338
"2569",4779,"Nider","Outflow","Diptera","Chironomidae",7,"1",30231,24.2948159790324,"kick_net",0.002,2.62,1,0.327481567511863,-1.31816060822604,1,0.175115097992932,43.9792542508338
"2570",4780,"Nider","Outflow","Diptera","Chironomidae",7,"1",30231,24.2948159790324,"kick_net",0.002,2.62,1,0.327481567511863,-1.31816060822604,1,0.175115097992932,43.9792542508338
"2571",4781,"Nider","Outflow","Diptera","Chironomidae",8,"1",30231,24.2948159790324,"kick_net",0.002,2.62,1,0.464649807522386,-1.31816060822604,1,0.175115097992932,43.9792542508338
"2572",4782,"Nider","Outflow","Diptera","Chironomidae",8,"1",30231,24.2948159790324,"kick_net",0.002,2.62,1,0.464649807522386,-1.31816060822604,1,0.175115097992932,43.9792542508338
"2573",4783,"Nider","Outflow","Diptera","Chironomidae",8,"1",30231,24.2948159790324,"kick_net",0.002,2.62,1,0.464649807522386,-1.31816060822604,1,0.175115097992932,43.9792542508338
"2574",4784,"Nider","Outflow","Diptera","Chironomidae",9,"1",30231,24.2948159790324,"kick_net",0.002,2.62,1,0.63262357257604,-1.31816060822604,1,0.175115097992932,43.9792542508338
"2575",4785,"Nider","Outflow","Amphipoda","Gammaridae",3,"1",30231,24.2948159790324,"kick_net",0.00845,2.8705,1,0.197894293315652,-1.31816060822604,1,0.175115097992932,43.9792542508338
"2576",4786,"Nider","Outflow","Amphipoda","Gammaridae",3,"1",30231,24.2948159790324,"kick_net",0.00845,2.8705,1,0.197894293315652,-1.31816060822604,1,0.175115097992932,43.9792542508338
"2577",4787,"Nider","Outflow","Amphipoda","Gammaridae",6,"1",30231,24.2948159790324,"kick_net",0.00845,2.8705,1,1.44723771988851,-1.31816060822604,1,0.175115097992932,43.9792542508338
"2578",4788,"Nider","Outflow","Amphipoda","Gammaridae",7,"1",30231,24.2948159790324,"kick_net",0.00845,2.8705,1,2.25273772956822,-1.31816060822604,1,0.175115097992932,43.9792542508338
"2579",4789,"Nider","Outflow","Ephemeroptera","Caenidae",5,"1",30231,24.2948159790324,"kick_net",0.005,2.772,1,0.43302688047797,-1.31816060822604,1,0.175115097992932,43.9792542508338
"2580",4790,"Nider","Outflow","Ephemeroptera","Caenidae",5,"1",30231,24.2948159790324,"kick_net",0.005,2.772,1,0.43302688047797,-1.31816060822604,1,0.175115097992932,43.9792542508338
"2581",4791,"Nider","Outflow","Ephemeroptera","Caenidae",6,"1",30231,24.2948159790324,"kick_net",0.005,2.772,1,0.717803002147901,-1.31816060822604,1,0.175115097992932,43.9792542508338
"2582",4792,"Nider","Outflow","Odonata","Libellulidae",3,"1",30231,24.2948159790324,"kick_net",0.008,2.809,1,0.175115097992932,-1.31816060822604,1,0.175115097992932,43.9792542508338
"2583",4793,"Nider","Outflow","Odonata","Libellulidae",4,"1",30231,24.2948159790324,"kick_net",0.008,2.809,1,0.392895000576227,-1.31816060822604,1,0.175115097992932,43.9792542508338
"2584",4794,"Nider","Outflow","Odonata","Libellulidae",4,"1",30231,24.2948159790324,"kick_net",0.008,2.809,1,0.392895000576227,-1.31816060822604,1,0.175115097992932,43.9792542508338
"2585",4795,"Nider","Outflow","Odonata","Libellulidae",6,"1",30231,24.2948159790324,"kick_net",0.008,2.809,1,1.22720424627698,-1.31816060822604,1,0.175115097992932,43.9792542508338
"2586",4796,"Nider","Outflow","Odonata","Libellulidae",8,"1",30231,24.2948159790324,"kick_net",0.008,2.809,1,2.75340286802458,-1.31816060822604,1,0.175115097992932,43.9792542508338
"2587",4797,"Nider","Outflow","Odonata","Libellulidae",10,"1",30231,24.2948159790324,"kick_net",0.008,2.809,1,5.15335412412142,-1.31816060822604,1,0.175115097992932,43.9792542508338
"2588",4798,"Nider","Outflow","Odonata","Libellulidae",10,"1",30231,24.2948159790324,"kick_net",0.008,2.809,1,5.15335412412142,-1.31816060822604,1,0.175115097992932,43.9792542508338
"2589",4799,"Nider","Outflow","Odonata","Libellulidae",10,"1",30231,24.2948159790324,"kick_net",0.008,2.809,1,5.15335412412142,-1.31816060822604,1,0.175115097992932,43.9792542508338
"2590",4800,"Nider","Outflow","Odonata","Libellulidae",10,"1",30231,24.2948159790324,"kick_net",0.008,2.809,1,5.15335412412142,-1.31816060822604,1,0.175115097992932,43.9792542508338
"2591",4801,"Nider","Outflow","Odonata","Libellulidae",12,"1",30231,24.2948159790324,"kick_net",0.008,2.809,1,8.60023081585486,-1.31816060822604,1,0.175115097992932,43.9792542508338
"2592",4802,"Nider","Outflow","Odonata","Libellulidae",12,"1",30231,24.2948159790324,"kick_net",0.008,2.809,1,8.60023081585486,-1.31816060822604,1,0.175115097992932,43.9792542508338
"2593",4803,"Nider","Outflow","Odonata","Libellulidae",13,"1",30231,24.2948159790324,"kick_net",0.008,2.809,1,10.7685409430417,-1.31816060822604,1,0.175115097992932,43.9792542508338
"2594",4804,"Nider","Outflow","Odonata","Libellulidae",16,"1",30231,24.2948159790324,"kick_net",0.008,2.809,1,19.2958101847242,-1.31816060822604,1,0.175115097992932,43.9792542508338
"2595",4808,"Nider","Outflow","Megaloptera","Sialidae",4,"1",30231,24.2948159790324,"kick_net",0.004,2.753,1,0.181773741893559,-1.31816060822604,1,0.175115097992932,43.9792542508338
"2596",4809,"Nider","Outflow","Megaloptera","Sialidae",4,"1",30231,24.2948159790324,"kick_net",0.004,2.753,1,0.181773741893559,-1.31816060822604,1,0.175115097992932,43.9792542508338
"2597",4810,"Nider","Outflow","Megaloptera","Sialidae",4,"1",30231,24.2948159790324,"kick_net",0.004,2.753,1,0.181773741893559,-1.31816060822604,1,0.175115097992932,43.9792542508338
"2598",4811,"Nider","Outflow","Megaloptera","Sialidae",5,"1",30231,24.2948159790324,"kick_net",0.004,2.753,1,0.335988500290284,-1.31816060822604,1,0.175115097992932,43.9792542508338
"2599",4812,"Nider","Outflow","Megaloptera","Sialidae",5,"1",30231,24.2948159790324,"kick_net",0.004,2.753,1,0.335988500290284,-1.31816060822604,1,0.175115097992932,43.9792542508338
"2600",4813,"Nider","Outflow","Megaloptera","Sialidae",5,"1",30231,24.2948159790324,"kick_net",0.004,2.753,1,0.335988500290284,-1.31816060822604,1,0.175115097992932,43.9792542508338
"2601",4814,"Nider","Outflow","Megaloptera","Sialidae",6,"1",30231,24.2948159790324,"kick_net",0.004,2.753,1,0.555022237163328,-1.31816060822604,1,0.175115097992932,43.9792542508338
"2602",4815,"Nider","Outflow","Megaloptera","Sialidae",6,"1",30231,24.2948159790324,"kick_net",0.004,2.753,1,0.555022237163328,-1.31816060822604,1,0.175115097992932,43.9792542508338
"2603",4816,"Nider","Outflow","Megaloptera","Sialidae",6,"1",30231,24.2948159790324,"kick_net",0.004,2.753,1,0.555022237163328,-1.31816060822604,1,0.175115097992932,43.9792542508338
"2604",4817,"Nider","Outflow","Megaloptera","Sialidae",6,"1",30231,24.2948159790324,"kick_net",0.004,2.753,1,0.555022237163328,-1.31816060822604,1,0.175115097992932,43.9792542508338
"2605",4818,"Nider","Outflow","Megaloptera","Sialidae",7,"1",30231,24.2948159790324,"kick_net",0.004,2.753,1,0.848427809971585,-1.31816060822604,1,0.175115097992932,43.9792542508338
"2606",4819,"Nider","Outflow","Megaloptera","Sialidae",7,"1",30231,24.2948159790324,"kick_net",0.004,2.753,1,0.848427809971585,-1.31816060822604,1,0.175115097992932,43.9792542508338
"2607",4820,"Nider","Outflow","Megaloptera","Sialidae",8,"1",30231,24.2948159790324,"kick_net",0.004,2.753,1,1.22536853834825,-1.31816060822604,1,0.175115097992932,43.9792542508338
"2608",4821,"Nider","Outflow","Diptera","Ceratopogonidae",7,"1",30231,24.2948159790324,"kick_net",0.003,2.47,1,0.366871025390369,-1.31816060822604,1,0.175115097992932,43.9792542508338
"2609",4858,"Nider","Outflow","Diptera","Chironomidae",6,"1",30231,24.2948159790324,"kick_net",0.002,2.62,1,0.218668523080522,-1.31816060822604,1,0.175115097992932,43.9792542508338
"2610",4859,"Nider","Outflow","Diptera","Chironomidae",6,"1",30231,24.2948159790324,"kick_net",0.002,2.62,1,0.218668523080522,-1.31816060822604,1,0.175115097992932,43.9792542508338
"2611",4860,"Nider","Outflow","Diptera","Chironomidae",6,"1",30231,24.2948159790324,"kick_net",0.002,2.62,1,0.218668523080522,-1.31816060822604,1,0.175115097992932,43.9792542508338
"2612",4861,"Nider","Outflow","Diptera","Chironomidae",6,"1",30231,24.2948159790324,"kick_net",0.002,2.62,1,0.218668523080522,-1.31816060822604,1,0.175115097992932,43.9792542508338
"2613",4862,"Nider","Outflow","Diptera","Chironomidae",6,"1",30231,24.2948159790324,"kick_net",0.002,2.62,1,0.218668523080522,-1.31816060822604,1,0.175115097992932,43.9792542508338
"2614",4863,"Nider","Outflow","Diptera","Chironomidae",6,"1",30231,24.2948159790324,"kick_net",0.002,2.62,1,0.218668523080522,-1.31816060822604,1,0.175115097992932,43.9792542508338
"2615",4864,"Nider","Outflow","Diptera","Chironomidae",6,"1",30231,24.2948159790324,"kick_net",0.002,2.62,1,0.218668523080522,-1.31816060822604,1,0.175115097992932,43.9792542508338
"2616",4865,"Nider","Outflow","Diptera","Chironomidae",7,"1",30231,24.2948159790324,"kick_net",0.002,2.62,1,0.327481567511863,-1.31816060822604,1,0.175115097992932,43.9792542508338
"2617",4866,"Nider","Outflow","Diptera","Chironomidae",7,"1",30231,24.2948159790324,"kick_net",0.002,2.62,1,0.327481567511863,-1.31816060822604,1,0.175115097992932,43.9792542508338
"2618",4867,"Nider","Outflow","Diptera","Chironomidae",7,"1",30231,24.2948159790324,"kick_net",0.002,2.62,1,0.327481567511863,-1.31816060822604,1,0.175115097992932,43.9792542508338
"2619",4868,"Nider","Outflow","Diptera","Chironomidae",7,"1",30231,24.2948159790324,"kick_net",0.002,2.62,1,0.327481567511863,-1.31816060822604,1,0.175115097992932,43.9792542508338
"2620",4869,"Nider","Outflow","Diptera","Chironomidae",7,"1",30231,24.2948159790324,"kick_net",0.002,2.62,1,0.327481567511863,-1.31816060822604,1,0.175115097992932,43.9792542508338
"2621",4870,"Nider","Outflow","Diptera","Chironomidae",7,"1",30231,24.2948159790324,"kick_net",0.002,2.62,1,0.327481567511863,-1.31816060822604,1,0.175115097992932,43.9792542508338
"2622",4871,"Nider","Outflow","Diptera","Chironomidae",7,"1",30231,24.2948159790324,"kick_net",0.002,2.62,1,0.327481567511863,-1.31816060822604,1,0.175115097992932,43.9792542508338
"2623",4872,"Nider","Outflow","Ephemeroptera","Caenidae",4,"1",30231,24.2948159790324,"kick_net",0.005,2.772,1,0.233281500610653,-1.31816060822604,1,0.175115097992932,43.9792542508338
"2624",4873,"Nider","Outflow","Ephemeroptera","Caenidae",5,"1",30231,24.2948159790324,"kick_net",0.005,2.772,1,0.43302688047797,-1.31816060822604,1,0.175115097992932,43.9792542508338
"2625",4874,"Nider","Outflow","Ephemeroptera","Caenidae",5,"1",30231,24.2948159790324,"kick_net",0.005,2.772,1,0.43302688047797,-1.31816060822604,1,0.175115097992932,43.9792542508338
"2626",4875,"Nider","Outflow","Odonata","Coenagrionidae",12,"1",30231,24.2948159790324,"kick_net",0.005,2.785,1,5.06395426352415,-1.31816060822604,1,0.175115097992932,43.9792542508338
"2627",4876,"Nider","Outflow","Heteroptera","Corixidae",6,"1",30231,24.2948159790324,"kick_net",0.003,2.904,1,0.545597643437091,-1.31816060822604,1,0.175115097992932,43.9792542508338
"2628",4877,"Nider","Outflow","Megaloptera","Sialidae",5,"1",30231,24.2948159790324,"kick_net",0.004,2.753,1,0.335988500290284,-1.31816060822604,1,0.175115097992932,43.9792542508338
"2629",4878,"Nider","Outflow","Megaloptera","Sialidae",5,"1",30231,24.2948159790324,"kick_net",0.004,2.753,1,0.335988500290284,-1.31816060822604,1,0.175115097992932,43.9792542508338
"2630",4879,"Nider","Outflow","Megaloptera","Sialidae",6,"1",30231,24.2948159790324,"kick_net",0.004,2.753,1,0.555022237163328,-1.31816060822604,1,0.175115097992932,43.9792542508338
"2631",4880,"Nider","Outflow","Megaloptera","Sialidae",6,"1",30231,24.2948159790324,"kick_net",0.004,2.753,1,0.555022237163328,-1.31816060822604,1,0.175115097992932,43.9792542508338
"2632",4881,"Nider","Outflow","Megaloptera","Sialidae",7,"1",30231,24.2948159790324,"kick_net",0.004,2.753,1,0.848427809971585,-1.31816060822604,1,0.175115097992932,43.9792542508338
"2633",4882,"Nider","Outflow","Megaloptera","Sialidae",14,"1",30231,24.2948159790324,"kick_net",0.004,2.753,1,5.71940003307887,-1.31816060822604,1,0.175115097992932,43.9792542508338
"2634",4903,"Nider","Outflow","Diptera","Chironomidae",6,"1",30231,24.2948159790324,"kick_net",0.002,2.62,1,0.218668523080522,-1.31816060822604,1,0.175115097992932,43.9792542508338
"2635",4904,"Nider","Outflow","Diptera","Chironomidae",6,"1",30231,24.2948159790324,"kick_net",0.002,2.62,1,0.218668523080522,-1.31816060822604,1,0.175115097992932,43.9792542508338
"2636",4905,"Nider","Outflow","Diptera","Chironomidae",6,"1",30231,24.2948159790324,"kick_net",0.002,2.62,1,0.218668523080522,-1.31816060822604,1,0.175115097992932,43.9792542508338
"2637",4906,"Nider","Outflow","Diptera","Chironomidae",6,"1",30231,24.2948159790324,"kick_net",0.002,2.62,1,0.218668523080522,-1.31816060822604,1,0.175115097992932,43.9792542508338
"2638",4907,"Nider","Outflow","Diptera","Chironomidae",6,"1",30231,24.2948159790324,"kick_net",0.002,2.62,1,0.218668523080522,-1.31816060822604,1,0.175115097992932,43.9792542508338
"2639",4908,"Nider","Outflow","Diptera","Chironomidae",6,"1",30231,24.2948159790324,"kick_net",0.002,2.62,1,0.218668523080522,-1.31816060822604,1,0.175115097992932,43.9792542508338
"2640",4909,"Nider","Outflow","Diptera","Chironomidae",7,"1",30231,24.2948159790324,"kick_net",0.002,2.62,1,0.327481567511863,-1.31816060822604,1,0.175115097992932,43.9792542508338
"2641",4910,"Nider","Outflow","Diptera","Chironomidae",7,"1",30231,24.2948159790324,"kick_net",0.002,2.62,1,0.327481567511863,-1.31816060822604,1,0.175115097992932,43.9792542508338
"2642",4911,"Nider","Outflow","Diptera","Chironomidae",8,"1",30231,24.2948159790324,"kick_net",0.002,2.62,1,0.464649807522386,-1.31816060822604,1,0.175115097992932,43.9792542508338
"2643",4912,"Nider","Outflow","Diptera","Chironomidae",8,"1",30231,24.2948159790324,"kick_net",0.002,2.62,1,0.464649807522386,-1.31816060822604,1,0.175115097992932,43.9792542508338
"2644",4913,"Nider","Outflow","Diptera","Chironomidae",8,"1",30231,24.2948159790324,"kick_net",0.002,2.62,1,0.464649807522386,-1.31816060822604,1,0.175115097992932,43.9792542508338
"2645",4914,"Nider","Outflow","Diptera","Chironomidae",9,"1",30231,24.2948159790324,"kick_net",0.002,2.62,1,0.63262357257604,-1.31816060822604,1,0.175115097992932,43.9792542508338
"2646",4915,"Nider","Outflow","Diptera","Chironomidae",9,"1",30231,24.2948159790324,"kick_net",0.002,2.62,1,0.63262357257604,-1.31816060822604,1,0.175115097992932,43.9792542508338
"2647",4916,"Nider","Outflow","Diptera","Chironomidae",9,"1",30231,24.2948159790324,"kick_net",0.002,2.62,1,0.63262357257604,-1.31816060822604,1,0.175115097992932,43.9792542508338
"2648",4917,"Nider","Outflow","Diptera","Chironomidae",14,"1",30231,24.2948159790324,"kick_net",0.002,2.62,1,2.01319317375311,-1.31816060822604,1,0.175115097992932,43.9792542508338
"2649",4918,"Logge","Control","Trichoptera","Polycentropodidae",10,"3",5781,34514.8034714792,"kick_net",0.005,2.71,1,2.56430691995682,-0.804034170592753,1,2.32174997903905,21.7237836708869
"2650",4919,"Logge","Control","Trichoptera","Polycentropodidae",10,"3",5781,34514.8034714792,"kick_net",0.005,2.71,1,2.56430691995682,-0.804034170592753,1,2.32174997903905,21.7237836708869
"2651",4920,"Logge","Control","Trichoptera","Polycentropodidae",11,"3",5781,34514.8034714792,"kick_net",0.005,2.71,1,3.32004661248695,-0.804034170592753,1,2.32174997903905,21.7237836708869
"2652",4921,"Logge","Control","Trichoptera","Polycentropodidae",13,"3",5781,34514.8034714792,"kick_net",0.005,2.71,1,5.22103361157125,-0.804034170592753,1,2.32174997903905,21.7237836708869
"2653",4922,"Logge","Control","Trichoptera","Polycentropodidae",18,"3",5781,34514.8034714792,"kick_net",0.005,2.71,1,12.6112603993686,-0.804034170592753,1,2.32174997903905,21.7237836708869
"2654",4923,"Logge","Control","Trichoptera","Polycentropodidae",22,"3",5781,34514.8034714792,"kick_net",0.005,2.71,1,21.7237836708869,-0.804034170592753,1,2.32174997903905,21.7237836708869
"2655",4933,"Logge","Control","Isopoda","Asellidae",8,"3",5781,34514.8034714792,"kick_net",0.0036,3.111,1,2.32174997903905,-0.804034170592753,1,2.32174997903905,21.7237836708869
"2656",4934,"Logge","Control","Isopoda","Asellidae",9,"3",5781,34514.8034714792,"kick_net",0.0036,3.111,1,3.34927607869486,-0.804034170592753,1,2.32174997903905,21.7237836708869
"2657",4935,"Logge","Control","Isopoda","Asellidae",10,"3",5781,34514.8034714792,"kick_net",0.0036,3.111,1,4.64838938500873,-0.804034170592753,1,2.32174997903905,21.7237836708869
"2658",4936,"Logge","Control","Amphipoda","Gammaridae",11,"3",5781,34514.8034714792,"kick_net",0.00845,2.8705,1,8.24469153511625,-0.804034170592753,1,2.32174997903905,21.7237836708869
"2659",5060,"Logge","Control","Gastropoda","Planorbidae",4,"3",5781,34514.8034714792,"kick_net",-3.319,3.1403,2,2.81336192337384,-0.804034170592753,1,2.32174997903905,21.7237836708869
"2660",5061,"Logge","Control","Gastropoda","Planorbidae",5,"3",5781,34514.8034714792,"kick_net",-3.319,3.1403,2,5.66959607608761,-0.804034170592753,1,2.32174997903905,21.7237836708869
"2661",5146,"Logge","Inflow","Diptera","Chironomidae",12,"3",5781,34514.8034714792,"kick_net",0.002,2.62,1,1.34426490420543,-0.804034170592753,1,1.34426490420543,19.0549771044345
"2662",5147,"Logge","Inflow","Diptera","Chironomidae",13,"3",5781,34514.8034714792,"kick_net",0.002,2.62,1,1.65791239593876,-0.804034170592753,1,1.34426490420543,19.0549771044345
"2663",5148,"Logge","Inflow","Diptera","Chironomidae",13,"3",5781,34514.8034714792,"kick_net",0.002,2.62,1,1.65791239593876,-0.804034170592753,1,1.34426490420543,19.0549771044345
"2664",5149,"Logge","Inflow","Diptera","Chironomidae",13,"3",5781,34514.8034714792,"kick_net",0.002,2.62,1,1.65791239593876,-0.804034170592753,1,1.34426490420543,19.0549771044345
"2665",5150,"Logge","Inflow","Diptera","Chironomidae",14,"3",5781,34514.8034714792,"kick_net",0.002,2.62,1,2.01319317375311,-0.804034170592753,1,1.34426490420543,19.0549771044345
"2666",5151,"Logge","Inflow","Diptera","Chironomidae",15,"3",5781,34514.8034714792,"kick_net",0.002,2.62,1,2.41206548572574,-0.804034170592753,1,1.34426490420543,19.0549771044345
"2667",5157,"Logge","Inflow","Isopoda","Asellidae",7,"3",5781,34514.8034714792,"kick_net",0.0036,3.111,1,1.53250712823004,-0.804034170592753,1,1.34426490420543,19.0549771044345
"2668",5158,"Logge","Inflow","Isopoda","Asellidae",8,"3",5781,34514.8034714792,"kick_net",0.0036,3.111,1,2.32174997903905,-0.804034170592753,1,1.34426490420543,19.0549771044345
"2669",5168,"Logge","Inflow","Ephemeroptera","Baetidae",7,"3",5781,34514.8034714792,"kick_net",0.005,2.875,1,1.34470453452202,-0.804034170592753,1,1.34426490420543,19.0549771044345
"2670",5169,"Logge","Inflow","Trichoptera","Limnephilidae",10,"3",5781,34514.8034714792,"kick_net",0.004,2.93,1,3.40455215280951,-0.804034170592753,1,1.34426490420543,19.0549771044345
"2671",5170,"Logge","Inflow","Trichoptera","Limnephilidae",18,"3",5781,34514.8034714792,"kick_net",0.004,2.93,1,19.0549771044345,-0.804034170592753,1,1.34426490420543,19.0549771044345
"2672",5173,"Logge","Pool","Gastropoda","Planorbidae",2,"3",5781,34514.8034714792,"kick_net",-3.319,3.1403,2,0.319081121584637,-0.804034170592753,1,0.0823331640449215,10.0509007888201
"2673",5174,"Logge","Pool","Gastropoda","Planorbidae",2,"3",5781,34514.8034714792,"kick_net",-3.319,3.1403,2,0.319081121584637,-0.804034170592753,1,0.0823331640449215,10.0509007888201
"2674",5175,"Logge","Pool","Gastropoda","Planorbidae",2,"3",5781,34514.8034714792,"kick_net",-3.319,3.1403,2,0.319081121584637,-0.804034170592753,1,0.0823331640449215,10.0509007888201
"2675",5176,"Logge","Pool","Gastropoda","Planorbidae",2,"3",5781,34514.8034714792,"kick_net",-3.319,3.1403,2,0.319081121584637,-0.804034170592753,1,0.0823331640449215,10.0509007888201
"2676",5177,"Logge","Pool","Gastropoda","Planorbidae",2,"3",5781,34514.8034714792,"kick_net",-3.319,3.1403,2,0.319081121584637,-0.804034170592753,1,0.0823331640449215,10.0509007888201
"2677",5178,"Logge","Pool","Gastropoda","Planorbidae",2,"3",5781,34514.8034714792,"kick_net",-3.319,3.1403,2,0.319081121584637,-0.804034170592753,1,0.0823331640449215,10.0509007888201
"2678",5179,"Logge","Pool","Gastropoda","Planorbidae",3,"3",5781,34514.8034714792,"kick_net",-3.319,3.1403,2,1.13993605656917,-0.804034170592753,1,0.0823331640449215,10.0509007888201
"2679",5180,"Logge","Pool","Gastropoda","Planorbidae",3,"3",5781,34514.8034714792,"kick_net",-3.319,3.1403,2,1.13993605656917,-0.804034170592753,1,0.0823331640449215,10.0509007888201
"2680",5181,"Logge","Pool","Gastropoda","Planorbidae",3,"3",5781,34514.8034714792,"kick_net",-3.319,3.1403,2,1.13993605656917,-0.804034170592753,1,0.0823331640449215,10.0509007888201
"2681",5182,"Logge","Pool","Gastropoda","Planorbidae",3,"3",5781,34514.8034714792,"kick_net",-3.319,3.1403,2,1.13993605656917,-0.804034170592753,1,0.0823331640449215,10.0509007888201
"2682",5183,"Logge","Pool","Gastropoda","Planorbidae",3,"3",5781,34514.8034714792,"kick_net",-3.319,3.1403,2,1.13993605656917,-0.804034170592753,1,0.0823331640449215,10.0509007888201
"2683",5184,"Logge","Pool","Gastropoda","Planorbidae",3,"3",5781,34514.8034714792,"kick_net",-3.319,3.1403,2,1.13993605656917,-0.804034170592753,1,0.0823331640449215,10.0509007888201
"2684",5185,"Logge","Pool","Gastropoda","Planorbidae",3,"3",5781,34514.8034714792,"kick_net",-3.319,3.1403,2,1.13993605656917,-0.804034170592753,1,0.0823331640449215,10.0509007888201
"2685",5186,"Logge","Pool","Gastropoda","Planorbidae",3,"3",5781,34514.8034714792,"kick_net",-3.319,3.1403,2,1.13993605656917,-0.804034170592753,1,0.0823331640449215,10.0509007888201
"2686",5187,"Logge","Pool","Gastropoda","Planorbidae",3,"3",5781,34514.8034714792,"kick_net",-3.319,3.1403,2,1.13993605656917,-0.804034170592753,1,0.0823331640449215,10.0509007888201
"2687",5188,"Logge","Pool","Gastropoda","Planorbidae",3,"3",5781,34514.8034714792,"kick_net",-3.319,3.1403,2,1.13993605656917,-0.804034170592753,1,0.0823331640449215,10.0509007888201
"2688",5189,"Logge","Pool","Gastropoda","Planorbidae",3,"3",5781,34514.8034714792,"kick_net",-3.319,3.1403,2,1.13993605656917,-0.804034170592753,1,0.0823331640449215,10.0509007888201
"2689",5190,"Logge","Pool","Gastropoda","Planorbidae",3,"3",5781,34514.8034714792,"kick_net",-3.319,3.1403,2,1.13993605656917,-0.804034170592753,1,0.0823331640449215,10.0509007888201
"2690",5191,"Logge","Pool","Gastropoda","Planorbidae",3,"3",5781,34514.8034714792,"kick_net",-3.319,3.1403,2,1.13993605656917,-0.804034170592753,1,0.0823331640449215,10.0509007888201
"2691",5192,"Logge","Pool","Gastropoda","Planorbidae",4,"3",5781,34514.8034714792,"kick_net",-3.319,3.1403,2,2.81336192337384,-0.804034170592753,1,0.0823331640449215,10.0509007888201
"2692",5193,"Logge","Pool","Gastropoda","Planorbidae",4,"3",5781,34514.8034714792,"kick_net",-3.319,3.1403,2,2.81336192337384,-0.804034170592753,1,0.0823331640449215,10.0509007888201
"2693",5194,"Logge","Pool","Gastropoda","Planorbidae",4,"3",5781,34514.8034714792,"kick_net",-3.319,3.1403,2,2.81336192337384,-0.804034170592753,1,0.0823331640449215,10.0509007888201
"2694",5195,"Logge","Pool","Gastropoda","Planorbidae",4,"3",5781,34514.8034714792,"kick_net",-3.319,3.1403,2,2.81336192337384,-0.804034170592753,1,0.0823331640449215,10.0509007888201
"2695",5196,"Logge","Pool","Gastropoda","Planorbidae",4,"3",5781,34514.8034714792,"kick_net",-3.319,3.1403,2,2.81336192337384,-0.804034170592753,1,0.0823331640449215,10.0509007888201
"2696",5197,"Logge","Pool","Gastropoda","Planorbidae",5,"3",5781,34514.8034714792,"kick_net",-3.319,3.1403,2,5.66959607608761,-0.804034170592753,1,0.0823331640449215,10.0509007888201
"2697",5198,"Logge","Pool","Gastropoda","Planorbidae",5,"3",5781,34514.8034714792,"kick_net",-3.319,3.1403,2,5.66959607608761,-0.804034170592753,1,0.0823331640449215,10.0509007888201
"2698",5199,"Logge","Pool","Gastropoda","Planorbidae",5,"3",5781,34514.8034714792,"kick_net",-3.319,3.1403,2,5.66959607608761,-0.804034170592753,1,0.0823331640449215,10.0509007888201
"2699",5200,"Logge","Pool","Gastropoda","Planorbidae",5,"3",5781,34514.8034714792,"kick_net",-3.319,3.1403,2,5.66959607608761,-0.804034170592753,1,0.0823331640449215,10.0509007888201
"2700",5201,"Logge","Pool","Gastropoda","Planorbidae",5,"3",5781,34514.8034714792,"kick_net",-3.319,3.1403,2,5.66959607608761,-0.804034170592753,1,0.0823331640449215,10.0509007888201
"2701",5202,"Logge","Pool","Gastropoda","Planorbidae",5,"3",5781,34514.8034714792,"kick_net",-3.319,3.1403,2,5.66959607608761,-0.804034170592753,1,0.0823331640449215,10.0509007888201
"2702",5203,"Logge","Pool","Gastropoda","Planorbidae",5,"3",5781,34514.8034714792,"kick_net",-3.319,3.1403,2,5.66959607608761,-0.804034170592753,1,0.0823331640449215,10.0509007888201
"2703",5204,"Logge","Pool","Gastropoda","Planorbidae",6,"3",5781,34514.8034714792,"kick_net",-3.319,3.1403,2,10.0509007888201,-0.804034170592753,1,0.0823331640449215,10.0509007888201
"2704",5221,"Logge","Pool","Isopoda","Asellidae",3,"3",5781,34514.8034714792,"kick_net",0.0036,3.111,1,0.109806165051428,-0.804034170592753,1,0.0823331640449215,10.0509007888201
"2705",5222,"Logge","Pool","Isopoda","Asellidae",3,"3",5781,34514.8034714792,"kick_net",0.0036,3.111,1,0.109806165051428,-0.804034170592753,1,0.0823331640449215,10.0509007888201
"2706",5223,"Logge","Pool","Isopoda","Asellidae",3,"3",5781,34514.8034714792,"kick_net",0.0036,3.111,1,0.109806165051428,-0.804034170592753,1,0.0823331640449215,10.0509007888201
"2707",5224,"Logge","Pool","Isopoda","Asellidae",3,"3",5781,34514.8034714792,"kick_net",0.0036,3.111,1,0.109806165051428,-0.804034170592753,1,0.0823331640449215,10.0509007888201
"2708",5225,"Logge","Pool","Isopoda","Asellidae",3,"3",5781,34514.8034714792,"kick_net",0.0036,3.111,1,0.109806165051428,-0.804034170592753,1,0.0823331640449215,10.0509007888201
"2709",5226,"Logge","Pool","Isopoda","Asellidae",3,"3",5781,34514.8034714792,"kick_net",0.0036,3.111,1,0.109806165051428,-0.804034170592753,1,0.0823331640449215,10.0509007888201
"2710",5227,"Logge","Pool","Isopoda","Asellidae",3,"3",5781,34514.8034714792,"kick_net",0.0036,3.111,1,0.109806165051428,-0.804034170592753,1,0.0823331640449215,10.0509007888201
"2711",5228,"Logge","Pool","Isopoda","Asellidae",3,"3",5781,34514.8034714792,"kick_net",0.0036,3.111,1,0.109806165051428,-0.804034170592753,1,0.0823331640449215,10.0509007888201
"2712",5229,"Logge","Pool","Isopoda","Asellidae",3,"3",5781,34514.8034714792,"kick_net",0.0036,3.111,1,0.109806165051428,-0.804034170592753,1,0.0823331640449215,10.0509007888201
"2713",5230,"Logge","Pool","Isopoda","Asellidae",3,"3",5781,34514.8034714792,"kick_net",0.0036,3.111,1,0.109806165051428,-0.804034170592753,1,0.0823331640449215,10.0509007888201
"2714",5231,"Logge","Pool","Isopoda","Asellidae",3,"3",5781,34514.8034714792,"kick_net",0.0036,3.111,1,0.109806165051428,-0.804034170592753,1,0.0823331640449215,10.0509007888201
"2715",5232,"Logge","Pool","Isopoda","Asellidae",3,"3",5781,34514.8034714792,"kick_net",0.0036,3.111,1,0.109806165051428,-0.804034170592753,1,0.0823331640449215,10.0509007888201
"2716",5233,"Logge","Pool","Isopoda","Asellidae",3,"3",5781,34514.8034714792,"kick_net",0.0036,3.111,1,0.109806165051428,-0.804034170592753,1,0.0823331640449215,10.0509007888201
"2717",5234,"Logge","Pool","Isopoda","Asellidae",3,"3",5781,34514.8034714792,"kick_net",0.0036,3.111,1,0.109806165051428,-0.804034170592753,1,0.0823331640449215,10.0509007888201
"2718",5235,"Logge","Pool","Isopoda","Asellidae",3,"3",5781,34514.8034714792,"kick_net",0.0036,3.111,1,0.109806165051428,-0.804034170592753,1,0.0823331640449215,10.0509007888201
"2719",5236,"Logge","Pool","Isopoda","Asellidae",3,"3",5781,34514.8034714792,"kick_net",0.0036,3.111,1,0.109806165051428,-0.804034170592753,1,0.0823331640449215,10.0509007888201
"2720",5237,"Logge","Pool","Isopoda","Asellidae",3,"3",5781,34514.8034714792,"kick_net",0.0036,3.111,1,0.109806165051428,-0.804034170592753,1,0.0823331640449215,10.0509007888201
"2721",5238,"Logge","Pool","Isopoda","Asellidae",3,"3",5781,34514.8034714792,"kick_net",0.0036,3.111,1,0.109806165051428,-0.804034170592753,1,0.0823331640449215,10.0509007888201
"2722",5239,"Logge","Pool","Isopoda","Asellidae",3,"3",5781,34514.8034714792,"kick_net",0.0036,3.111,1,0.109806165051428,-0.804034170592753,1,0.0823331640449215,10.0509007888201
"2723",5240,"Logge","Pool","Isopoda","Asellidae",4,"3",5781,34514.8034714792,"kick_net",0.0036,3.111,1,0.268726894799263,-0.804034170592753,1,0.0823331640449215,10.0509007888201
"2724",5241,"Logge","Pool","Isopoda","Asellidae",4,"3",5781,34514.8034714792,"kick_net",0.0036,3.111,1,0.268726894799263,-0.804034170592753,1,0.0823331640449215,10.0509007888201
"2725",5242,"Logge","Pool","Isopoda","Asellidae",4,"3",5781,34514.8034714792,"kick_net",0.0036,3.111,1,0.268726894799263,-0.804034170592753,1,0.0823331640449215,10.0509007888201
"2726",5243,"Logge","Pool","Isopoda","Asellidae",4,"3",5781,34514.8034714792,"kick_net",0.0036,3.111,1,0.268726894799263,-0.804034170592753,1,0.0823331640449215,10.0509007888201
"2727",5244,"Logge","Pool","Isopoda","Asellidae",4,"3",5781,34514.8034714792,"kick_net",0.0036,3.111,1,0.268726894799263,-0.804034170592753,1,0.0823331640449215,10.0509007888201
"2728",5245,"Logge","Pool","Isopoda","Asellidae",4,"3",5781,34514.8034714792,"kick_net",0.0036,3.111,1,0.268726894799263,-0.804034170592753,1,0.0823331640449215,10.0509007888201
"2729",5246,"Logge","Pool","Isopoda","Asellidae",4,"3",5781,34514.8034714792,"kick_net",0.0036,3.111,1,0.268726894799263,-0.804034170592753,1,0.0823331640449215,10.0509007888201
"2730",5247,"Logge","Pool","Isopoda","Asellidae",4,"3",5781,34514.8034714792,"kick_net",0.0036,3.111,1,0.268726894799263,-0.804034170592753,1,0.0823331640449215,10.0509007888201
"2731",5248,"Logge","Pool","Isopoda","Asellidae",4,"3",5781,34514.8034714792,"kick_net",0.0036,3.111,1,0.268726894799263,-0.804034170592753,1,0.0823331640449215,10.0509007888201
"2732",5249,"Logge","Pool","Isopoda","Asellidae",5,"3",5781,34514.8034714792,"kick_net",0.0036,3.111,1,0.538019707775883,-0.804034170592753,1,0.0823331640449215,10.0509007888201
"2733",5250,"Logge","Pool","Isopoda","Asellidae",5,"3",5781,34514.8034714792,"kick_net",0.0036,3.111,1,0.538019707775883,-0.804034170592753,1,0.0823331640449215,10.0509007888201
"2734",5251,"Logge","Pool","Isopoda","Asellidae",7,"3",5781,34514.8034714792,"kick_net",0.0036,3.111,1,1.53250712823004,-0.804034170592753,1,0.0823331640449215,10.0509007888201
"2735",5252,"Logge","Pool","Isopoda","Asellidae",7,"3",5781,34514.8034714792,"kick_net",0.0036,3.111,1,1.53250712823004,-0.804034170592753,1,0.0823331640449215,10.0509007888201
"2736",5253,"Logge","Pool","Isopoda","Asellidae",8,"3",5781,34514.8034714792,"kick_net",0.0036,3.111,1,2.32174997903905,-0.804034170592753,1,0.0823331640449215,10.0509007888201
"2737",5254,"Logge","Pool","Isopoda","Asellidae",8,"3",5781,34514.8034714792,"kick_net",0.0036,3.111,1,2.32174997903905,-0.804034170592753,1,0.0823331640449215,10.0509007888201
"2738",5255,"Logge","Pool","Isopoda","Asellidae",10,"3",5781,34514.8034714792,"kick_net",0.0036,3.111,1,4.64838938500873,-0.804034170592753,1,0.0823331640449215,10.0509007888201
"2739",5291,"Logge","Pool","Diptera","Chironomidae",5,"3",5781,34514.8034714792,"kick_net",0.002,2.62,1,0.135622394240555,-0.804034170592753,1,0.0823331640449215,10.0509007888201
"2740",5292,"Logge","Pool","Diptera","Chironomidae",5,"3",5781,34514.8034714792,"kick_net",0.002,2.62,1,0.135622394240555,-0.804034170592753,1,0.0823331640449215,10.0509007888201
"2741",5293,"Logge","Pool","Diptera","Chironomidae",5,"3",5781,34514.8034714792,"kick_net",0.002,2.62,1,0.135622394240555,-0.804034170592753,1,0.0823331640449215,10.0509007888201
"2742",5294,"Logge","Pool","Diptera","Chironomidae",5,"3",5781,34514.8034714792,"kick_net",0.002,2.62,1,0.135622394240555,-0.804034170592753,1,0.0823331640449215,10.0509007888201
"2743",5295,"Logge","Pool","Diptera","Chironomidae",5,"3",5781,34514.8034714792,"kick_net",0.002,2.62,1,0.135622394240555,-0.804034170592753,1,0.0823331640449215,10.0509007888201
"2744",5296,"Logge","Pool","Diptera","Chironomidae",5,"3",5781,34514.8034714792,"kick_net",0.002,2.62,1,0.135622394240555,-0.804034170592753,1,0.0823331640449215,10.0509007888201
"2745",5297,"Logge","Pool","Diptera","Chironomidae",5,"3",5781,34514.8034714792,"kick_net",0.002,2.62,1,0.135622394240555,-0.804034170592753,1,0.0823331640449215,10.0509007888201
"2746",5298,"Logge","Pool","Diptera","Chironomidae",5,"3",5781,34514.8034714792,"kick_net",0.002,2.62,1,0.135622394240555,-0.804034170592753,1,0.0823331640449215,10.0509007888201
"2747",5299,"Logge","Pool","Diptera","Chironomidae",5,"3",5781,34514.8034714792,"kick_net",0.002,2.62,1,0.135622394240555,-0.804034170592753,1,0.0823331640449215,10.0509007888201
"2748",5300,"Logge","Pool","Diptera","Chironomidae",5,"3",5781,34514.8034714792,"kick_net",0.002,2.62,1,0.135622394240555,-0.804034170592753,1,0.0823331640449215,10.0509007888201
"2749",5301,"Logge","Pool","Diptera","Chironomidae",5,"3",5781,34514.8034714792,"kick_net",0.002,2.62,1,0.135622394240555,-0.804034170592753,1,0.0823331640449215,10.0509007888201
"2750",5302,"Logge","Pool","Diptera","Chironomidae",5,"3",5781,34514.8034714792,"kick_net",0.002,2.62,1,0.135622394240555,-0.804034170592753,1,0.0823331640449215,10.0509007888201
"2751",5303,"Logge","Pool","Diptera","Chironomidae",5,"3",5781,34514.8034714792,"kick_net",0.002,2.62,1,0.135622394240555,-0.804034170592753,1,0.0823331640449215,10.0509007888201
"2752",5304,"Logge","Pool","Diptera","Chironomidae",5,"3",5781,34514.8034714792,"kick_net",0.002,2.62,1,0.135622394240555,-0.804034170592753,1,0.0823331640449215,10.0509007888201
"2753",5305,"Logge","Pool","Diptera","Chironomidae",5,"3",5781,34514.8034714792,"kick_net",0.002,2.62,1,0.135622394240555,-0.804034170592753,1,0.0823331640449215,10.0509007888201
"2754",5306,"Logge","Pool","Diptera","Chironomidae",5,"3",5781,34514.8034714792,"kick_net",0.002,2.62,1,0.135622394240555,-0.804034170592753,1,0.0823331640449215,10.0509007888201
"2755",5307,"Logge","Pool","Diptera","Chironomidae",5,"3",5781,34514.8034714792,"kick_net",0.002,2.62,1,0.135622394240555,-0.804034170592753,1,0.0823331640449215,10.0509007888201
"2756",5308,"Logge","Pool","Diptera","Chironomidae",5,"3",5781,34514.8034714792,"kick_net",0.002,2.62,1,0.135622394240555,-0.804034170592753,1,0.0823331640449215,10.0509007888201
"2757",5309,"Logge","Pool","Diptera","Chironomidae",5,"3",5781,34514.8034714792,"kick_net",0.002,2.62,1,0.135622394240555,-0.804034170592753,1,0.0823331640449215,10.0509007888201
"2758",5310,"Logge","Pool","Diptera","Chironomidae",5,"3",5781,34514.8034714792,"kick_net",0.002,2.62,1,0.135622394240555,-0.804034170592753,1,0.0823331640449215,10.0509007888201
"2759",5311,"Logge","Pool","Diptera","Chironomidae",5,"3",5781,34514.8034714792,"kick_net",0.002,2.62,1,0.135622394240555,-0.804034170592753,1,0.0823331640449215,10.0509007888201
"2760",5312,"Logge","Pool","Diptera","Chironomidae",5,"3",5781,34514.8034714792,"kick_net",0.002,2.62,1,0.135622394240555,-0.804034170592753,1,0.0823331640449215,10.0509007888201
"2761",5313,"Logge","Pool","Diptera","Chironomidae",5,"3",5781,34514.8034714792,"kick_net",0.002,2.62,1,0.135622394240555,-0.804034170592753,1,0.0823331640449215,10.0509007888201
"2762",5314,"Logge","Pool","Diptera","Chironomidae",5,"3",5781,34514.8034714792,"kick_net",0.002,2.62,1,0.135622394240555,-0.804034170592753,1,0.0823331640449215,10.0509007888201
"2763",5315,"Logge","Pool","Diptera","Chironomidae",6,"3",5781,34514.8034714792,"kick_net",0.002,2.62,1,0.218668523080522,-0.804034170592753,1,0.0823331640449215,10.0509007888201
"2764",5316,"Logge","Pool","Diptera","Chironomidae",6,"3",5781,34514.8034714792,"kick_net",0.002,2.62,1,0.218668523080522,-0.804034170592753,1,0.0823331640449215,10.0509007888201
"2765",5317,"Logge","Pool","Diptera","Chironomidae",6,"3",5781,34514.8034714792,"kick_net",0.002,2.62,1,0.218668523080522,-0.804034170592753,1,0.0823331640449215,10.0509007888201
"2766",5318,"Logge","Pool","Diptera","Chironomidae",6,"3",5781,34514.8034714792,"kick_net",0.002,2.62,1,0.218668523080522,-0.804034170592753,1,0.0823331640449215,10.0509007888201
"2767",5319,"Logge","Pool","Diptera","Chironomidae",6,"3",5781,34514.8034714792,"kick_net",0.002,2.62,1,0.218668523080522,-0.804034170592753,1,0.0823331640449215,10.0509007888201
"2768",5320,"Logge","Pool","Diptera","Chironomidae",6,"3",5781,34514.8034714792,"kick_net",0.002,2.62,1,0.218668523080522,-0.804034170592753,1,0.0823331640449215,10.0509007888201
"2769",5321,"Logge","Pool","Diptera","Chironomidae",6,"3",5781,34514.8034714792,"kick_net",0.002,2.62,1,0.218668523080522,-0.804034170592753,1,0.0823331640449215,10.0509007888201
"2770",5322,"Logge","Pool","Diptera","Chironomidae",6,"3",5781,34514.8034714792,"kick_net",0.002,2.62,1,0.218668523080522,-0.804034170592753,1,0.0823331640449215,10.0509007888201
"2771",5323,"Logge","Pool","Diptera","Chironomidae",6,"3",5781,34514.8034714792,"kick_net",0.002,2.62,1,0.218668523080522,-0.804034170592753,1,0.0823331640449215,10.0509007888201
"2772",5324,"Logge","Pool","Diptera","Chironomidae",6,"3",5781,34514.8034714792,"kick_net",0.002,2.62,1,0.218668523080522,-0.804034170592753,1,0.0823331640449215,10.0509007888201
"2773",5325,"Logge","Pool","Diptera","Chironomidae",6,"3",5781,34514.8034714792,"kick_net",0.002,2.62,1,0.218668523080522,-0.804034170592753,1,0.0823331640449215,10.0509007888201
"2774",5326,"Logge","Pool","Diptera","Chironomidae",6,"3",5781,34514.8034714792,"kick_net",0.002,2.62,1,0.218668523080522,-0.804034170592753,1,0.0823331640449215,10.0509007888201
"2775",5327,"Logge","Pool","Diptera","Chironomidae",6,"3",5781,34514.8034714792,"kick_net",0.002,2.62,1,0.218668523080522,-0.804034170592753,1,0.0823331640449215,10.0509007888201
"2776",5328,"Logge","Pool","Diptera","Chironomidae",6,"3",5781,34514.8034714792,"kick_net",0.002,2.62,1,0.218668523080522,-0.804034170592753,1,0.0823331640449215,10.0509007888201
"2777",5329,"Logge","Pool","Diptera","Chironomidae",6,"3",5781,34514.8034714792,"kick_net",0.002,2.62,1,0.218668523080522,-0.804034170592753,1,0.0823331640449215,10.0509007888201
"2778",5330,"Logge","Pool","Diptera","Chironomidae",6,"3",5781,34514.8034714792,"kick_net",0.002,2.62,1,0.218668523080522,-0.804034170592753,1,0.0823331640449215,10.0509007888201
"2779",5331,"Logge","Pool","Diptera","Chironomidae",7,"3",5781,34514.8034714792,"kick_net",0.002,2.62,1,0.327481567511863,-0.804034170592753,1,0.0823331640449215,10.0509007888201
"2780",5332,"Logge","Pool","Diptera","Chironomidae",7,"3",5781,34514.8034714792,"kick_net",0.002,2.62,1,0.327481567511863,-0.804034170592753,1,0.0823331640449215,10.0509007888201
"2781",5333,"Logge","Pool","Diptera","Chironomidae",7,"3",5781,34514.8034714792,"kick_net",0.002,2.62,1,0.327481567511863,-0.804034170592753,1,0.0823331640449215,10.0509007888201
"2782",5334,"Logge","Pool","Diptera","Chironomidae",7,"3",5781,34514.8034714792,"kick_net",0.002,2.62,1,0.327481567511863,-0.804034170592753,1,0.0823331640449215,10.0509007888201
"2783",5335,"Logge","Pool","Diptera","Chironomidae",7,"3",5781,34514.8034714792,"kick_net",0.002,2.62,1,0.327481567511863,-0.804034170592753,1,0.0823331640449215,10.0509007888201
"2784",5336,"Logge","Pool","Diptera","Chironomidae",7,"3",5781,34514.8034714792,"kick_net",0.002,2.62,1,0.327481567511863,-0.804034170592753,1,0.0823331640449215,10.0509007888201
"2785",5337,"Logge","Pool","Diptera","Chironomidae",8,"3",5781,34514.8034714792,"kick_net",0.002,2.62,1,0.464649807522386,-0.804034170592753,1,0.0823331640449215,10.0509007888201
"2786",5338,"Logge","Pool","Diptera","Chironomidae",8,"3",5781,34514.8034714792,"kick_net",0.002,2.62,1,0.464649807522386,-0.804034170592753,1,0.0823331640449215,10.0509007888201
"2787",5339,"Logge","Pool","Diptera","Chironomidae",9,"3",5781,34514.8034714792,"kick_net",0.002,2.62,1,0.63262357257604,-0.804034170592753,1,0.0823331640449215,10.0509007888201
"2788",5340,"Logge","Pool","Diptera","Chironomidae",9,"3",5781,34514.8034714792,"kick_net",0.002,2.62,1,0.63262357257604,-0.804034170592753,1,0.0823331640449215,10.0509007888201
"2789",5341,"Logge","Pool","Diptera","Chironomidae",12,"3",5781,34514.8034714792,"kick_net",0.002,2.62,1,1.34426490420543,-0.804034170592753,1,0.0823331640449215,10.0509007888201
"2790",5342,"Logge","Pool","Diptera","Ceratopogonidae",7,"3",5781,34514.8034714792,"kick_net",0.003,2.47,1,0.366871025390369,-0.804034170592753,1,0.0823331640449215,10.0509007888201
"2791",5343,"Logge","Pool","Diptera","Ceratopogonidae",8,"3",5781,34514.8034714792,"kick_net",0.003,2.47,1,0.510215352613061,-0.804034170592753,1,0.0823331640449215,10.0509007888201
"2792",5344,"Logge","Pool","Diptera","Ceratopogonidae",9,"3",5781,34514.8034714792,"kick_net",0.003,2.47,1,0.682496224167549,-0.804034170592753,1,0.0823331640449215,10.0509007888201
"2793",5346,"Logge","Pool","Megaloptera","Sialidae",3,"3",5781,34514.8034714792,"kick_net",0.004,2.753,1,0.0823331640449215,-0.804034170592753,1,0.0823331640449215,10.0509007888201
"2794",5347,"Logge","Pool","Megaloptera","Sialidae",3,"3",5781,34514.8034714792,"kick_net",0.004,2.753,1,0.0823331640449215,-0.804034170592753,1,0.0823331640449215,10.0509007888201
"2795",5348,"Logge","Pool","Megaloptera","Sialidae",3,"3",5781,34514.8034714792,"kick_net",0.004,2.753,1,0.0823331640449215,-0.804034170592753,1,0.0823331640449215,10.0509007888201
"2796",5349,"Logge","Pool","Megaloptera","Sialidae",3,"3",5781,34514.8034714792,"kick_net",0.004,2.753,1,0.0823331640449215,-0.804034170592753,1,0.0823331640449215,10.0509007888201
"2797",5350,"Logge","Pool","Megaloptera","Sialidae",3,"3",5781,34514.8034714792,"kick_net",0.004,2.753,1,0.0823331640449215,-0.804034170592753,1,0.0823331640449215,10.0509007888201
"2798",5351,"Logge","Pool","Megaloptera","Sialidae",4,"3",5781,34514.8034714792,"kick_net",0.004,2.753,1,0.181773741893559,-0.804034170592753,1,0.0823331640449215,10.0509007888201
"2799",5352,"Logge","Pool","Megaloptera","Sialidae",4,"3",5781,34514.8034714792,"kick_net",0.004,2.753,1,0.181773741893559,-0.804034170592753,1,0.0823331640449215,10.0509007888201
"2800",5353,"Logge","Pool","Megaloptera","Sialidae",4,"3",5781,34514.8034714792,"kick_net",0.004,2.753,1,0.181773741893559,-0.804034170592753,1,0.0823331640449215,10.0509007888201
"2801",5354,"Logge","Pool","Megaloptera","Sialidae",4,"3",5781,34514.8034714792,"kick_net",0.004,2.753,1,0.181773741893559,-0.804034170592753,1,0.0823331640449215,10.0509007888201
"2802",5355,"Logge","Pool","Megaloptera","Sialidae",5,"3",5781,34514.8034714792,"kick_net",0.004,2.753,1,0.335988500290284,-0.804034170592753,1,0.0823331640449215,10.0509007888201
"2803",5356,"Logge","Pool","Ephemeroptera","Baetidae",5,"3",5781,34514.8034714792,"kick_net",0.005,2.875,1,0.511103396223714,-0.804034170592753,1,0.0823331640449215,10.0509007888201
"2804",5357,"Logge","Pool","Ephemeroptera","Baetidae",6,"3",5781,34514.8034714792,"kick_net",0.005,2.875,1,0.863286300593756,-0.804034170592753,1,0.0823331640449215,10.0509007888201
"2805",5358,"Logge","Pool","Ephemeroptera","Baetidae",6,"3",5781,34514.8034714792,"kick_net",0.005,2.875,1,0.863286300593756,-0.804034170592753,1,0.0823331640449215,10.0509007888201
"2806",5359,"Logge","Pool","Ephemeroptera","Baetidae",6,"3",5781,34514.8034714792,"kick_net",0.005,2.875,1,0.863286300593756,-0.804034170592753,1,0.0823331640449215,10.0509007888201
"2807",5360,"Logge","Pool","Ephemeroptera","Baetidae",6,"3",5781,34514.8034714792,"kick_net",0.005,2.875,1,0.863286300593756,-0.804034170592753,1,0.0823331640449215,10.0509007888201
"2808",5361,"Logge","Pool","Ephemeroptera","Baetidae",6,"3",5781,34514.8034714792,"kick_net",0.005,2.875,1,0.863286300593756,-0.804034170592753,1,0.0823331640449215,10.0509007888201
"2809",5362,"Logge","Pool","Hirudinea","Glossiphoniidae",2,"3",5781,34514.8034714792,"kick_net",-2.12,2,2,0.480126514045827,-0.804034170592753,1,0.0823331640449215,10.0509007888201
"2810",5363,"Logge","Pool","Hirudinea","Glossiphoniidae",3,"3",5781,34514.8034714792,"kick_net",-2.12,2,2,1.08028465660311,-0.804034170592753,1,0.0823331640449215,10.0509007888201
"2811",5364,"Logge","Pool","Hirudinea","Glossiphoniidae",3,"3",5781,34514.8034714792,"kick_net",-2.12,2,2,1.08028465660311,-0.804034170592753,1,0.0823331640449215,10.0509007888201
"2812",5365,"Logge","Pool","Hirudinea","Glossiphoniidae",3,"3",5781,34514.8034714792,"kick_net",-2.12,2,2,1.08028465660311,-0.804034170592753,1,0.0823331640449215,10.0509007888201
"2813",5366,"Logge","Pool","Hirudinea","Glossiphoniidae",3,"3",5781,34514.8034714792,"kick_net",-2.12,2,2,1.08028465660311,-0.804034170592753,1,0.0823331640449215,10.0509007888201
"2814",5368,"Logge","Pool","Gastropoda","Physidae",2,"3",5781,34514.8034714792,"kick_net",0.0457,3.05,1,0.378492856156408,-0.804034170592753,1,0.0823331640449215,10.0509007888201
"2815",5369,"Logge","Pool","Gastropoda","Hydrobiidae",1,"3",5781,34514.8034714792,"kick_net",0.182,2.82,1,0.182,-0.804034170592753,1,0.0823331640449215,10.0509007888201
"2816",5370,"Logge","Pool","Gastropoda","Hydrobiidae",1,"3",5781,34514.8034714792,"kick_net",0.182,2.82,1,0.182,-0.804034170592753,1,0.0823331640449215,10.0509007888201
"2817",5371,"Logge","Pool","Gastropoda","Hydrobiidae",2,"3",5781,34514.8034714792,"kick_net",0.182,2.82,1,1.28521556259919,-0.804034170592753,1,0.0823331640449215,10.0509007888201
"2818",5372,"Logge","Pool","Gastropoda","Hydrobiidae",3,"3",5781,34514.8034714792,"kick_net",0.182,2.82,1,4.03230455398401,-0.804034170592753,1,0.0823331640449215,10.0509007888201
"2819",5375,"Logge","Outflow","Ephemeroptera","Baetidae",8,"3",5781,34514.8034714792,"kick_net",0.005,2.875,1,1.97402985652216,-0.804034170592753,1,0.25070029394521,6.19119828422008
"2820",5376,"Logge","Outflow","Ephemeroptera","Baetidae",8,"3",5781,34514.8034714792,"kick_net",0.005,2.875,1,1.97402985652216,-0.804034170592753,1,0.25070029394521,6.19119828422008
"2821",5377,"Logge","Outflow","Ephemeroptera","Baetidae",8,"3",5781,34514.8034714792,"kick_net",0.005,2.875,1,1.97402985652216,-0.804034170592753,1,0.25070029394521,6.19119828422008
"2822",5378,"Logge","Outflow","Ephemeroptera","Baetidae",9,"3",5781,34514.8034714792,"kick_net",0.005,2.875,1,2.76960107420006,-0.804034170592753,1,0.25070029394521,6.19119828422008
"2823",5379,"Logge","Outflow","Ephemeroptera","Baetidae",9,"3",5781,34514.8034714792,"kick_net",0.005,2.875,1,2.76960107420006,-0.804034170592753,1,0.25070029394521,6.19119828422008
"2824",5380,"Logge","Outflow","Ephemeroptera","Baetidae",9,"3",5781,34514.8034714792,"kick_net",0.005,2.875,1,2.76960107420006,-0.804034170592753,1,0.25070029394521,6.19119828422008
"2825",5381,"Logge","Outflow","Ephemeroptera","Baetidae",9,"3",5781,34514.8034714792,"kick_net",0.005,2.875,1,2.76960107420006,-0.804034170592753,1,0.25070029394521,6.19119828422008
"2826",5382,"Logge","Outflow","Ephemeroptera","Baetidae",9,"3",5781,34514.8034714792,"kick_net",0.005,2.875,1,2.76960107420006,-0.804034170592753,1,0.25070029394521,6.19119828422008
"2827",5383,"Logge","Outflow","Ephemeroptera","Baetidae",9,"3",5781,34514.8034714792,"kick_net",0.005,2.875,1,2.76960107420006,-0.804034170592753,1,0.25070029394521,6.19119828422008
"2828",5384,"Logge","Outflow","Odonata","Aeshnidae",6,"3",5781,34514.8034714792,"kick_net",0.008,2.813,1,1.23603125957777,-0.804034170592753,1,0.25070029394521,6.19119828422008
"2829",5385,"Logge","Outflow","Odonata","Aeshnidae",8,"3",5781,34514.8034714792,"kick_net",0.008,2.813,1,2.7764005412864,-0.804034170592753,1,0.25070029394521,6.19119828422008
"2830",5386,"Logge","Outflow","Odonata","Aeshnidae",9,"3",5781,34514.8034714792,"kick_net",0.008,2.813,1,3.86699994632343,-0.804034170592753,1,0.25070029394521,6.19119828422008
"2831",5387,"Logge","Outflow","Odonata","Aeshnidae",10,"3",5781,34514.8034714792,"kick_net",0.008,2.813,1,5.20103752274473,-0.804034170592753,1,0.25070029394521,6.19119828422008
"2832",5388,"Logge","Outflow","Odonata","Aeshnidae",10,"3",5781,34514.8034714792,"kick_net",0.008,2.813,1,5.20103752274473,-0.804034170592753,1,0.25070029394521,6.19119828422008
"2833",5389,"Logge","Outflow","Odonata","Aeshnidae",10,"3",5781,34514.8034714792,"kick_net",0.008,2.813,1,5.20103752274473,-0.804034170592753,1,0.25070029394521,6.19119828422008
"2834",5425,"Logge","Outflow","Diptera","Chironomidae",7,"3",5781,34514.8034714792,"kick_net",0.002,2.62,1,0.327481567511863,-0.804034170592753,1,0.25070029394521,6.19119828422008
"2835",5426,"Logge","Outflow","Diptera","Chironomidae",7,"3",5781,34514.8034714792,"kick_net",0.002,2.62,1,0.327481567511863,-0.804034170592753,1,0.25070029394521,6.19119828422008
"2836",5427,"Logge","Outflow","Diptera","Chironomidae",7,"3",5781,34514.8034714792,"kick_net",0.002,2.62,1,0.327481567511863,-0.804034170592753,1,0.25070029394521,6.19119828422008
"2837",5428,"Logge","Outflow","Diptera","Chironomidae",7,"3",5781,34514.8034714792,"kick_net",0.002,2.62,1,0.327481567511863,-0.804034170592753,1,0.25070029394521,6.19119828422008
"2838",5429,"Logge","Outflow","Diptera","Chironomidae",7,"3",5781,34514.8034714792,"kick_net",0.002,2.62,1,0.327481567511863,-0.804034170592753,1,0.25070029394521,6.19119828422008
"2839",5430,"Logge","Outflow","Diptera","Chironomidae",7,"3",5781,34514.8034714792,"kick_net",0.002,2.62,1,0.327481567511863,-0.804034170592753,1,0.25070029394521,6.19119828422008
"2840",5431,"Logge","Outflow","Diptera","Chironomidae",7,"3",5781,34514.8034714792,"kick_net",0.002,2.62,1,0.327481567511863,-0.804034170592753,1,0.25070029394521,6.19119828422008
"2841",5432,"Logge","Outflow","Diptera","Chironomidae",7,"3",5781,34514.8034714792,"kick_net",0.002,2.62,1,0.327481567511863,-0.804034170592753,1,0.25070029394521,6.19119828422008
"2842",5433,"Logge","Outflow","Diptera","Chironomidae",7,"3",5781,34514.8034714792,"kick_net",0.002,2.62,1,0.327481567511863,-0.804034170592753,1,0.25070029394521,6.19119828422008
"2843",5434,"Logge","Outflow","Diptera","Chironomidae",7,"3",5781,34514.8034714792,"kick_net",0.002,2.62,1,0.327481567511863,-0.804034170592753,1,0.25070029394521,6.19119828422008
"2844",5435,"Logge","Outflow","Diptera","Chironomidae",7,"3",5781,34514.8034714792,"kick_net",0.002,2.62,1,0.327481567511863,-0.804034170592753,1,0.25070029394521,6.19119828422008
"2845",5436,"Logge","Outflow","Diptera","Chironomidae",7,"3",5781,34514.8034714792,"kick_net",0.002,2.62,1,0.327481567511863,-0.804034170592753,1,0.25070029394521,6.19119828422008
"2846",5437,"Logge","Outflow","Diptera","Chironomidae",7,"3",5781,34514.8034714792,"kick_net",0.002,2.62,1,0.327481567511863,-0.804034170592753,1,0.25070029394521,6.19119828422008
"2847",5438,"Logge","Outflow","Diptera","Chironomidae",8,"3",5781,34514.8034714792,"kick_net",0.002,2.62,1,0.464649807522386,-0.804034170592753,1,0.25070029394521,6.19119828422008
"2848",5439,"Logge","Outflow","Diptera","Chironomidae",8,"3",5781,34514.8034714792,"kick_net",0.002,2.62,1,0.464649807522386,-0.804034170592753,1,0.25070029394521,6.19119828422008
"2849",5440,"Logge","Outflow","Diptera","Chironomidae",9,"3",5781,34514.8034714792,"kick_net",0.002,2.62,1,0.63262357257604,-0.804034170592753,1,0.25070029394521,6.19119828422008
"2850",5441,"Logge","Outflow","Diptera","Chironomidae",9,"3",5781,34514.8034714792,"kick_net",0.002,2.62,1,0.63262357257604,-0.804034170592753,1,0.25070029394521,6.19119828422008
"2851",5442,"Logge","Outflow","Diptera","Chironomidae",9,"3",5781,34514.8034714792,"kick_net",0.002,2.62,1,0.63262357257604,-0.804034170592753,1,0.25070029394521,6.19119828422008
"2852",5443,"Logge","Outflow","Diptera","Chironomidae",9,"3",5781,34514.8034714792,"kick_net",0.002,2.62,1,0.63262357257604,-0.804034170592753,1,0.25070029394521,6.19119828422008
"2853",5444,"Logge","Outflow","Diptera","Chironomidae",9,"3",5781,34514.8034714792,"kick_net",0.002,2.62,1,0.63262357257604,-0.804034170592753,1,0.25070029394521,6.19119828422008
"2854",5445,"Logge","Outflow","Diptera","Chironomidae",10,"3",5781,34514.8034714792,"kick_net",0.002,2.62,1,0.833738766940671,-0.804034170592753,1,0.25070029394521,6.19119828422008
"2855",5446,"Logge","Outflow","Diptera","Chironomidae",10,"3",5781,34514.8034714792,"kick_net",0.002,2.62,1,0.833738766940671,-0.804034170592753,1,0.25070029394521,6.19119828422008
"2856",5447,"Logge","Outflow","Diptera","Chironomidae",10,"3",5781,34514.8034714792,"kick_net",0.002,2.62,1,0.833738766940671,-0.804034170592753,1,0.25070029394521,6.19119828422008
"2857",5448,"Logge","Outflow","Diptera","Chironomidae",10,"3",5781,34514.8034714792,"kick_net",0.002,2.62,1,0.833738766940671,-0.804034170592753,1,0.25070029394521,6.19119828422008
"2858",5449,"Logge","Outflow","Diptera","Chironomidae",10,"3",5781,34514.8034714792,"kick_net",0.002,2.62,1,0.833738766940671,-0.804034170592753,1,0.25070029394521,6.19119828422008
"2859",5450,"Logge","Outflow","Diptera","Chironomidae",10,"3",5781,34514.8034714792,"kick_net",0.002,2.62,1,0.833738766940671,-0.804034170592753,1,0.25070029394521,6.19119828422008
"2860",5451,"Logge","Outflow","Diptera","Chironomidae",10,"3",5781,34514.8034714792,"kick_net",0.002,2.62,1,0.833738766940671,-0.804034170592753,1,0.25070029394521,6.19119828422008
"2861",5452,"Logge","Outflow","Diptera","Chironomidae",10,"3",5781,34514.8034714792,"kick_net",0.002,2.62,1,0.833738766940671,-0.804034170592753,1,0.25070029394521,6.19119828422008
"2862",5453,"Logge","Outflow","Diptera","Chironomidae",11,"3",5781,34514.8034714792,"kick_net",0.002,2.62,1,1.07023421421427,-0.804034170592753,1,0.25070029394521,6.19119828422008
"2863",5454,"Logge","Outflow","Diptera","Chironomidae",11,"3",5781,34514.8034714792,"kick_net",0.002,2.62,1,1.07023421421427,-0.804034170592753,1,0.25070029394521,6.19119828422008
"2864",5455,"Logge","Outflow","Diptera","Chironomidae",11,"3",5781,34514.8034714792,"kick_net",0.002,2.62,1,1.07023421421427,-0.804034170592753,1,0.25070029394521,6.19119828422008
"2865",5456,"Logge","Outflow","Diptera","Chironomidae",11,"3",5781,34514.8034714792,"kick_net",0.002,2.62,1,1.07023421421427,-0.804034170592753,1,0.25070029394521,6.19119828422008
"2866",5457,"Logge","Outflow","Diptera","Chironomidae",13,"3",5781,34514.8034714792,"kick_net",0.002,2.62,1,1.65791239593876,-0.804034170592753,1,0.25070029394521,6.19119828422008
"2867",5505,"Logge","Outflow","Diptera","Ceratopogonidae",6,"3",5781,34514.8034714792,"kick_net",0.003,2.47,1,0.25070029394521,-0.804034170592753,1,0.25070029394521,6.19119828422008
"2868",5506,"Logge","Outflow","Diptera","Ceratopogonidae",6,"3",5781,34514.8034714792,"kick_net",0.003,2.47,1,0.25070029394521,-0.804034170592753,1,0.25070029394521,6.19119828422008
"2869",5507,"Logge","Outflow","Diptera","Ceratopogonidae",6,"3",5781,34514.8034714792,"kick_net",0.003,2.47,1,0.25070029394521,-0.804034170592753,1,0.25070029394521,6.19119828422008
"2870",5508,"Logge","Outflow","Diptera","Ceratopogonidae",6,"3",5781,34514.8034714792,"kick_net",0.003,2.47,1,0.25070029394521,-0.804034170592753,1,0.25070029394521,6.19119828422008
"2871",5509,"Logge","Outflow","Diptera","Ceratopogonidae",6,"3",5781,34514.8034714792,"kick_net",0.003,2.47,1,0.25070029394521,-0.804034170592753,1,0.25070029394521,6.19119828422008
"2872",5510,"Logge","Outflow","Diptera","Ceratopogonidae",6,"3",5781,34514.8034714792,"kick_net",0.003,2.47,1,0.25070029394521,-0.804034170592753,1,0.25070029394521,6.19119828422008
"2873",5511,"Logge","Outflow","Diptera","Ceratopogonidae",6,"3",5781,34514.8034714792,"kick_net",0.003,2.47,1,0.25070029394521,-0.804034170592753,1,0.25070029394521,6.19119828422008
"2874",5512,"Logge","Outflow","Diptera","Ceratopogonidae",6,"3",5781,34514.8034714792,"kick_net",0.003,2.47,1,0.25070029394521,-0.804034170592753,1,0.25070029394521,6.19119828422008
"2875",5513,"Logge","Outflow","Diptera","Ceratopogonidae",6,"3",5781,34514.8034714792,"kick_net",0.003,2.47,1,0.25070029394521,-0.804034170592753,1,0.25070029394521,6.19119828422008
"2876",5514,"Logge","Outflow","Diptera","Ceratopogonidae",6,"3",5781,34514.8034714792,"kick_net",0.003,2.47,1,0.25070029394521,-0.804034170592753,1,0.25070029394521,6.19119828422008
"2877",5515,"Logge","Outflow","Diptera","Ceratopogonidae",6,"3",5781,34514.8034714792,"kick_net",0.003,2.47,1,0.25070029394521,-0.804034170592753,1,0.25070029394521,6.19119828422008
"2878",5516,"Logge","Outflow","Diptera","Ceratopogonidae",7,"3",5781,34514.8034714792,"kick_net",0.003,2.47,1,0.366871025390369,-0.804034170592753,1,0.25070029394521,6.19119828422008
"2879",5517,"Logge","Outflow","Diptera","Ceratopogonidae",10,"3",5781,34514.8034714792,"kick_net",0.003,2.47,1,0.885362767999916,-0.804034170592753,1,0.25070029394521,6.19119828422008
"2880",5518,"Logge","Outflow","Diptera","Ceratopogonidae",10,"3",5781,34514.8034714792,"kick_net",0.003,2.47,1,0.885362767999916,-0.804034170592753,1,0.25070029394521,6.19119828422008
"2881",5520,"Logge","Outflow","Isopoda","Asellidae",4,"3",5781,34514.8034714792,"kick_net",0.0036,3.111,1,0.268726894799263,-0.804034170592753,1,0.25070029394521,6.19119828422008
"2882",5521,"Logge","Outflow","Isopoda","Asellidae",4,"3",5781,34514.8034714792,"kick_net",0.0036,3.111,1,0.268726894799263,-0.804034170592753,1,0.25070029394521,6.19119828422008
"2883",5522,"Logge","Outflow","Isopoda","Asellidae",4,"3",5781,34514.8034714792,"kick_net",0.0036,3.111,1,0.268726894799263,-0.804034170592753,1,0.25070029394521,6.19119828422008
"2884",5523,"Logge","Outflow","Isopoda","Asellidae",4,"3",5781,34514.8034714792,"kick_net",0.0036,3.111,1,0.268726894799263,-0.804034170592753,1,0.25070029394521,6.19119828422008
"2885",5524,"Logge","Outflow","Isopoda","Asellidae",4,"3",5781,34514.8034714792,"kick_net",0.0036,3.111,1,0.268726894799263,-0.804034170592753,1,0.25070029394521,6.19119828422008
"2886",5525,"Logge","Outflow","Isopoda","Asellidae",5,"3",5781,34514.8034714792,"kick_net",0.0036,3.111,1,0.538019707775883,-0.804034170592753,1,0.25070029394521,6.19119828422008
"2887",5526,"Logge","Outflow","Isopoda","Asellidae",5,"3",5781,34514.8034714792,"kick_net",0.0036,3.111,1,0.538019707775883,-0.804034170592753,1,0.25070029394521,6.19119828422008
"2888",5527,"Logge","Outflow","Isopoda","Asellidae",5,"3",5781,34514.8034714792,"kick_net",0.0036,3.111,1,0.538019707775883,-0.804034170592753,1,0.25070029394521,6.19119828422008
"2889",5528,"Logge","Outflow","Isopoda","Asellidae",5,"3",5781,34514.8034714792,"kick_net",0.0036,3.111,1,0.538019707775883,-0.804034170592753,1,0.25070029394521,6.19119828422008
"2890",5529,"Logge","Outflow","Isopoda","Asellidae",5,"3",5781,34514.8034714792,"kick_net",0.0036,3.111,1,0.538019707775883,-0.804034170592753,1,0.25070029394521,6.19119828422008
"2891",5530,"Logge","Outflow","Isopoda","Asellidae",5,"3",5781,34514.8034714792,"kick_net",0.0036,3.111,1,0.538019707775883,-0.804034170592753,1,0.25070029394521,6.19119828422008
"2892",5531,"Logge","Outflow","Isopoda","Asellidae",5,"3",5781,34514.8034714792,"kick_net",0.0036,3.111,1,0.538019707775883,-0.804034170592753,1,0.25070029394521,6.19119828422008
"2893",5532,"Logge","Outflow","Isopoda","Asellidae",5,"3",5781,34514.8034714792,"kick_net",0.0036,3.111,1,0.538019707775883,-0.804034170592753,1,0.25070029394521,6.19119828422008
"2894",5533,"Logge","Outflow","Isopoda","Asellidae",5,"3",5781,34514.8034714792,"kick_net",0.0036,3.111,1,0.538019707775883,-0.804034170592753,1,0.25070029394521,6.19119828422008
"2895",5534,"Logge","Outflow","Isopoda","Asellidae",5,"3",5781,34514.8034714792,"kick_net",0.0036,3.111,1,0.538019707775883,-0.804034170592753,1,0.25070029394521,6.19119828422008
"2896",5535,"Logge","Outflow","Isopoda","Asellidae",5,"3",5781,34514.8034714792,"kick_net",0.0036,3.111,1,0.538019707775883,-0.804034170592753,1,0.25070029394521,6.19119828422008
"2897",5536,"Logge","Outflow","Isopoda","Asellidae",5,"3",5781,34514.8034714792,"kick_net",0.0036,3.111,1,0.538019707775883,-0.804034170592753,1,0.25070029394521,6.19119828422008
"2898",5537,"Logge","Outflow","Isopoda","Asellidae",5,"3",5781,34514.8034714792,"kick_net",0.0036,3.111,1,0.538019707775883,-0.804034170592753,1,0.25070029394521,6.19119828422008
"2899",5538,"Logge","Outflow","Isopoda","Asellidae",5,"3",5781,34514.8034714792,"kick_net",0.0036,3.111,1,0.538019707775883,-0.804034170592753,1,0.25070029394521,6.19119828422008
"2900",5539,"Logge","Outflow","Isopoda","Asellidae",5,"3",5781,34514.8034714792,"kick_net",0.0036,3.111,1,0.538019707775883,-0.804034170592753,1,0.25070029394521,6.19119828422008
"2901",5540,"Logge","Outflow","Isopoda","Asellidae",5,"3",5781,34514.8034714792,"kick_net",0.0036,3.111,1,0.538019707775883,-0.804034170592753,1,0.25070029394521,6.19119828422008
"2902",5541,"Logge","Outflow","Isopoda","Asellidae",5,"3",5781,34514.8034714792,"kick_net",0.0036,3.111,1,0.538019707775883,-0.804034170592753,1,0.25070029394521,6.19119828422008
"2903",5542,"Logge","Outflow","Isopoda","Asellidae",6,"3",5781,34514.8034714792,"kick_net",0.0036,3.111,1,0.948704675045465,-0.804034170592753,1,0.25070029394521,6.19119828422008
"2904",5543,"Logge","Outflow","Isopoda","Asellidae",6,"3",5781,34514.8034714792,"kick_net",0.0036,3.111,1,0.948704675045465,-0.804034170592753,1,0.25070029394521,6.19119828422008
"2905",5544,"Logge","Outflow","Isopoda","Asellidae",6,"3",5781,34514.8034714792,"kick_net",0.0036,3.111,1,0.948704675045465,-0.804034170592753,1,0.25070029394521,6.19119828422008
"2906",5545,"Logge","Outflow","Isopoda","Asellidae",6,"3",5781,34514.8034714792,"kick_net",0.0036,3.111,1,0.948704675045465,-0.804034170592753,1,0.25070029394521,6.19119828422008
"2907",5546,"Logge","Outflow","Isopoda","Asellidae",6,"3",5781,34514.8034714792,"kick_net",0.0036,3.111,1,0.948704675045465,-0.804034170592753,1,0.25070029394521,6.19119828422008
"2908",5547,"Logge","Outflow","Isopoda","Asellidae",6,"3",5781,34514.8034714792,"kick_net",0.0036,3.111,1,0.948704675045465,-0.804034170592753,1,0.25070029394521,6.19119828422008
"2909",5548,"Logge","Outflow","Isopoda","Asellidae",6,"3",5781,34514.8034714792,"kick_net",0.0036,3.111,1,0.948704675045465,-0.804034170592753,1,0.25070029394521,6.19119828422008
"2910",5549,"Logge","Outflow","Isopoda","Asellidae",6,"3",5781,34514.8034714792,"kick_net",0.0036,3.111,1,0.948704675045465,-0.804034170592753,1,0.25070029394521,6.19119828422008
"2911",5550,"Logge","Outflow","Isopoda","Asellidae",6,"3",5781,34514.8034714792,"kick_net",0.0036,3.111,1,0.948704675045465,-0.804034170592753,1,0.25070029394521,6.19119828422008
"2912",5551,"Logge","Outflow","Isopoda","Asellidae",6,"3",5781,34514.8034714792,"kick_net",0.0036,3.111,1,0.948704675045465,-0.804034170592753,1,0.25070029394521,6.19119828422008
"2913",5552,"Logge","Outflow","Isopoda","Asellidae",6,"3",5781,34514.8034714792,"kick_net",0.0036,3.111,1,0.948704675045465,-0.804034170592753,1,0.25070029394521,6.19119828422008
"2914",5553,"Logge","Outflow","Isopoda","Asellidae",6,"3",5781,34514.8034714792,"kick_net",0.0036,3.111,1,0.948704675045465,-0.804034170592753,1,0.25070029394521,6.19119828422008
"2915",5554,"Logge","Outflow","Isopoda","Asellidae",6,"3",5781,34514.8034714792,"kick_net",0.0036,3.111,1,0.948704675045465,-0.804034170592753,1,0.25070029394521,6.19119828422008
"2916",5555,"Logge","Outflow","Isopoda","Asellidae",7,"3",5781,34514.8034714792,"kick_net",0.0036,3.111,1,1.53250712823004,-0.804034170592753,1,0.25070029394521,6.19119828422008
"2917",5556,"Logge","Outflow","Isopoda","Asellidae",7,"3",5781,34514.8034714792,"kick_net",0.0036,3.111,1,1.53250712823004,-0.804034170592753,1,0.25070029394521,6.19119828422008
"2918",5557,"Logge","Outflow","Isopoda","Asellidae",7,"3",5781,34514.8034714792,"kick_net",0.0036,3.111,1,1.53250712823004,-0.804034170592753,1,0.25070029394521,6.19119828422008
"2919",5558,"Logge","Outflow","Isopoda","Asellidae",7,"3",5781,34514.8034714792,"kick_net",0.0036,3.111,1,1.53250712823004,-0.804034170592753,1,0.25070029394521,6.19119828422008
"2920",5559,"Logge","Outflow","Isopoda","Asellidae",7,"3",5781,34514.8034714792,"kick_net",0.0036,3.111,1,1.53250712823004,-0.804034170592753,1,0.25070029394521,6.19119828422008
"2921",5560,"Logge","Outflow","Isopoda","Asellidae",7,"3",5781,34514.8034714792,"kick_net",0.0036,3.111,1,1.53250712823004,-0.804034170592753,1,0.25070029394521,6.19119828422008
"2922",5561,"Logge","Outflow","Isopoda","Asellidae",7,"3",5781,34514.8034714792,"kick_net",0.0036,3.111,1,1.53250712823004,-0.804034170592753,1,0.25070029394521,6.19119828422008
"2923",5562,"Logge","Outflow","Isopoda","Asellidae",7,"3",5781,34514.8034714792,"kick_net",0.0036,3.111,1,1.53250712823004,-0.804034170592753,1,0.25070029394521,6.19119828422008
"2924",5563,"Logge","Outflow","Isopoda","Asellidae",7,"3",5781,34514.8034714792,"kick_net",0.0036,3.111,1,1.53250712823004,-0.804034170592753,1,0.25070029394521,6.19119828422008
"2925",5565,"Logge","Outflow","Hirudinea","Glossiphoniidae",2,"3",5781,34514.8034714792,"kick_net",-2.12,2,2,0.480126514045827,-0.804034170592753,1,0.25070029394521,6.19119828422008
"2926",5566,"Logge","Outflow","Hirudinea","Glossiphoniidae",2,"3",5781,34514.8034714792,"kick_net",-2.12,2,2,0.480126514045827,-0.804034170592753,1,0.25070029394521,6.19119828422008
"2927",5567,"Logge","Outflow","Hirudinea","Glossiphoniidae",5,"3",5781,34514.8034714792,"kick_net",-2.12,2,2,3.00079071278642,-0.804034170592753,1,0.25070029394521,6.19119828422008
"2928",5568,"Logge","Outflow","Hirudinea","Glossiphoniidae",6,"3",5781,34514.8034714792,"kick_net",-2.12,2,2,4.32113862641244,-0.804034170592753,1,0.25070029394521,6.19119828422008
"2929",5569,"Logge","Outflow","Hirudinea","Glossiphoniidae",6,"3",5781,34514.8034714792,"kick_net",-2.12,2,2,4.32113862641244,-0.804034170592753,1,0.25070029394521,6.19119828422008
"2930",5570,"Logge","Outflow","Hirudinea","Glossiphoniidae",7,"3",5781,34514.8034714792,"kick_net",-2.12,2,2,5.88154979706138,-0.804034170592753,1,0.25070029394521,6.19119828422008
"2931",5571,"Logge","Outflow","Hirudinea","Glossiphoniidae",7,"3",5781,34514.8034714792,"kick_net",-2.12,2,2,5.88154979706138,-0.804034170592753,1,0.25070029394521,6.19119828422008
"2932",5572,"Logge","Outflow","Megaloptera","Sialidae",5,"3",5781,34514.8034714792,"kick_net",0.004,2.753,1,0.335988500290284,-0.804034170592753,1,0.25070029394521,6.19119828422008
"2933",5585,"Logge","Outflow","Gastropoda","Planorbidae",2,"3",5781,34514.8034714792,"kick_net",-3.319,3.1403,2,0.319081121584637,-0.804034170592753,1,0.25070029394521,6.19119828422008
"2934",5586,"Logge","Outflow","Gastropoda","Planorbidae",2,"3",5781,34514.8034714792,"kick_net",-3.319,3.1403,2,0.319081121584637,-0.804034170592753,1,0.25070029394521,6.19119828422008
"2935",5587,"Logge","Outflow","Gastropoda","Planorbidae",2,"3",5781,34514.8034714792,"kick_net",-3.319,3.1403,2,0.319081121584637,-0.804034170592753,1,0.25070029394521,6.19119828422008
"2936",5588,"Logge","Outflow","Gastropoda","Planorbidae",2,"3",5781,34514.8034714792,"kick_net",-3.319,3.1403,2,0.319081121584637,-0.804034170592753,1,0.25070029394521,6.19119828422008
"2937",5589,"Logge","Outflow","Gastropoda","Planorbidae",2,"3",5781,34514.8034714792,"kick_net",-3.319,3.1403,2,0.319081121584637,-0.804034170592753,1,0.25070029394521,6.19119828422008
"2938",5590,"Logge","Outflow","Gastropoda","Planorbidae",2,"3",5781,34514.8034714792,"kick_net",-3.319,3.1403,2,0.319081121584637,-0.804034170592753,1,0.25070029394521,6.19119828422008
"2939",5591,"Logge","Outflow","Gastropoda","Planorbidae",2,"3",5781,34514.8034714792,"kick_net",-3.319,3.1403,2,0.319081121584637,-0.804034170592753,1,0.25070029394521,6.19119828422008
"2940",5592,"Logge","Outflow","Gastropoda","Planorbidae",2,"3",5781,34514.8034714792,"kick_net",-3.319,3.1403,2,0.319081121584637,-0.804034170592753,1,0.25070029394521,6.19119828422008
"2941",5593,"Logge","Outflow","Gastropoda","Planorbidae",2,"3",5781,34514.8034714792,"kick_net",-3.319,3.1403,2,0.319081121584637,-0.804034170592753,1,0.25070029394521,6.19119828422008
"2942",5594,"Logge","Outflow","Gastropoda","Planorbidae",2,"3",5781,34514.8034714792,"kick_net",-3.319,3.1403,2,0.319081121584637,-0.804034170592753,1,0.25070029394521,6.19119828422008
"2943",5595,"Logge","Outflow","Gastropoda","Planorbidae",2,"3",5781,34514.8034714792,"kick_net",-3.319,3.1403,2,0.319081121584637,-0.804034170592753,1,0.25070029394521,6.19119828422008
"2944",5596,"Logge","Outflow","Gastropoda","Planorbidae",2,"3",5781,34514.8034714792,"kick_net",-3.319,3.1403,2,0.319081121584637,-0.804034170592753,1,0.25070029394521,6.19119828422008
"2945",5597,"Logge","Outflow","Gastropoda","Planorbidae",2,"3",5781,34514.8034714792,"kick_net",-3.319,3.1403,2,0.319081121584637,-0.804034170592753,1,0.25070029394521,6.19119828422008
"2946",5598,"Logge","Outflow","Gastropoda","Planorbidae",2,"3",5781,34514.8034714792,"kick_net",-3.319,3.1403,2,0.319081121584637,-0.804034170592753,1,0.25070029394521,6.19119828422008
"2947",5599,"Logge","Outflow","Gastropoda","Planorbidae",2,"3",5781,34514.8034714792,"kick_net",-3.319,3.1403,2,0.319081121584637,-0.804034170592753,1,0.25070029394521,6.19119828422008
"2948",5600,"Logge","Outflow","Gastropoda","Planorbidae",2,"3",5781,34514.8034714792,"kick_net",-3.319,3.1403,2,0.319081121584637,-0.804034170592753,1,0.25070029394521,6.19119828422008
"2949",5601,"Logge","Outflow","Gastropoda","Planorbidae",2,"3",5781,34514.8034714792,"kick_net",-3.319,3.1403,2,0.319081121584637,-0.804034170592753,1,0.25070029394521,6.19119828422008
"2950",5602,"Logge","Outflow","Gastropoda","Planorbidae",2,"3",5781,34514.8034714792,"kick_net",-3.319,3.1403,2,0.319081121584637,-0.804034170592753,1,0.25070029394521,6.19119828422008
"2951",5603,"Logge","Outflow","Gastropoda","Planorbidae",2,"3",5781,34514.8034714792,"kick_net",-3.319,3.1403,2,0.319081121584637,-0.804034170592753,1,0.25070029394521,6.19119828422008
"2952",5604,"Logge","Outflow","Gastropoda","Planorbidae",2,"3",5781,34514.8034714792,"kick_net",-3.319,3.1403,2,0.319081121584637,-0.804034170592753,1,0.25070029394521,6.19119828422008
"2953",5605,"Logge","Outflow","Gastropoda","Planorbidae",2,"3",5781,34514.8034714792,"kick_net",-3.319,3.1403,2,0.319081121584637,-0.804034170592753,1,0.25070029394521,6.19119828422008
"2954",5606,"Logge","Outflow","Gastropoda","Planorbidae",2,"3",5781,34514.8034714792,"kick_net",-3.319,3.1403,2,0.319081121584637,-0.804034170592753,1,0.25070029394521,6.19119828422008
"2955",5607,"Logge","Outflow","Gastropoda","Planorbidae",2,"3",5781,34514.8034714792,"kick_net",-3.319,3.1403,2,0.319081121584637,-0.804034170592753,1,0.25070029394521,6.19119828422008
"2956",5608,"Logge","Outflow","Gastropoda","Planorbidae",2,"3",5781,34514.8034714792,"kick_net",-3.319,3.1403,2,0.319081121584637,-0.804034170592753,1,0.25070029394521,6.19119828422008
"2957",5609,"Logge","Outflow","Gastropoda","Planorbidae",2,"3",5781,34514.8034714792,"kick_net",-3.319,3.1403,2,0.319081121584637,-0.804034170592753,1,0.25070029394521,6.19119828422008
"2958",5610,"Logge","Outflow","Gastropoda","Planorbidae",2,"3",5781,34514.8034714792,"kick_net",-3.319,3.1403,2,0.319081121584637,-0.804034170592753,1,0.25070029394521,6.19119828422008
"2959",5611,"Logge","Outflow","Gastropoda","Planorbidae",2,"3",5781,34514.8034714792,"kick_net",-3.319,3.1403,2,0.319081121584637,-0.804034170592753,1,0.25070029394521,6.19119828422008
"2960",5612,"Logge","Outflow","Gastropoda","Planorbidae",2,"3",5781,34514.8034714792,"kick_net",-3.319,3.1403,2,0.319081121584637,-0.804034170592753,1,0.25070029394521,6.19119828422008
"2961",5613,"Logge","Outflow","Gastropoda","Planorbidae",2,"3",5781,34514.8034714792,"kick_net",-3.319,3.1403,2,0.319081121584637,-0.804034170592753,1,0.25070029394521,6.19119828422008
"2962",5614,"Logge","Outflow","Gastropoda","Planorbidae",2,"3",5781,34514.8034714792,"kick_net",-3.319,3.1403,2,0.319081121584637,-0.804034170592753,1,0.25070029394521,6.19119828422008
"2963",5615,"Logge","Outflow","Gastropoda","Planorbidae",2,"3",5781,34514.8034714792,"kick_net",-3.319,3.1403,2,0.319081121584637,-0.804034170592753,1,0.25070029394521,6.19119828422008
"2964",5616,"Logge","Outflow","Gastropoda","Planorbidae",2,"3",5781,34514.8034714792,"kick_net",-3.319,3.1403,2,0.319081121584637,-0.804034170592753,1,0.25070029394521,6.19119828422008
"2965",5617,"Logge","Outflow","Gastropoda","Planorbidae",2,"3",5781,34514.8034714792,"kick_net",-3.319,3.1403,2,0.319081121584637,-0.804034170592753,1,0.25070029394521,6.19119828422008
"2966",5618,"Logge","Outflow","Gastropoda","Planorbidae",2,"3",5781,34514.8034714792,"kick_net",-3.319,3.1403,2,0.319081121584637,-0.804034170592753,1,0.25070029394521,6.19119828422008
"2967",5619,"Logge","Outflow","Gastropoda","Planorbidae",2,"3",5781,34514.8034714792,"kick_net",-3.319,3.1403,2,0.319081121584637,-0.804034170592753,1,0.25070029394521,6.19119828422008
"2968",5620,"Logge","Outflow","Gastropoda","Planorbidae",2,"3",5781,34514.8034714792,"kick_net",-3.319,3.1403,2,0.319081121584637,-0.804034170592753,1,0.25070029394521,6.19119828422008
"2969",5621,"Logge","Outflow","Gastropoda","Planorbidae",2,"3",5781,34514.8034714792,"kick_net",-3.319,3.1403,2,0.319081121584637,-0.804034170592753,1,0.25070029394521,6.19119828422008
"2970",5622,"Logge","Outflow","Gastropoda","Planorbidae",2,"3",5781,34514.8034714792,"kick_net",-3.319,3.1403,2,0.319081121584637,-0.804034170592753,1,0.25070029394521,6.19119828422008
"2971",5623,"Logge","Outflow","Gastropoda","Planorbidae",2,"3",5781,34514.8034714792,"kick_net",-3.319,3.1403,2,0.319081121584637,-0.804034170592753,1,0.25070029394521,6.19119828422008
"2972",5624,"Logge","Outflow","Gastropoda","Planorbidae",2,"3",5781,34514.8034714792,"kick_net",-3.319,3.1403,2,0.319081121584637,-0.804034170592753,1,0.25070029394521,6.19119828422008
"2973",5625,"Logge","Outflow","Gastropoda","Planorbidae",2,"3",5781,34514.8034714792,"kick_net",-3.319,3.1403,2,0.319081121584637,-0.804034170592753,1,0.25070029394521,6.19119828422008
"2974",5626,"Logge","Outflow","Gastropoda","Planorbidae",2,"3",5781,34514.8034714792,"kick_net",-3.319,3.1403,2,0.319081121584637,-0.804034170592753,1,0.25070029394521,6.19119828422008
"2975",5627,"Logge","Outflow","Gastropoda","Planorbidae",2,"3",5781,34514.8034714792,"kick_net",-3.319,3.1403,2,0.319081121584637,-0.804034170592753,1,0.25070029394521,6.19119828422008
"2976",5628,"Logge","Outflow","Gastropoda","Planorbidae",2,"3",5781,34514.8034714792,"kick_net",-3.319,3.1403,2,0.319081121584637,-0.804034170592753,1,0.25070029394521,6.19119828422008
"2977",5629,"Logge","Outflow","Gastropoda","Planorbidae",2,"3",5781,34514.8034714792,"kick_net",-3.319,3.1403,2,0.319081121584637,-0.804034170592753,1,0.25070029394521,6.19119828422008
"2978",5630,"Logge","Outflow","Gastropoda","Planorbidae",2,"3",5781,34514.8034714792,"kick_net",-3.319,3.1403,2,0.319081121584637,-0.804034170592753,1,0.25070029394521,6.19119828422008
"2979",5631,"Logge","Outflow","Gastropoda","Planorbidae",2,"3",5781,34514.8034714792,"kick_net",-3.319,3.1403,2,0.319081121584637,-0.804034170592753,1,0.25070029394521,6.19119828422008
"2980",5632,"Logge","Outflow","Gastropoda","Planorbidae",2,"3",5781,34514.8034714792,"kick_net",-3.319,3.1403,2,0.319081121584637,-0.804034170592753,1,0.25070029394521,6.19119828422008
"2981",5633,"Logge","Outflow","Gastropoda","Planorbidae",2,"3",5781,34514.8034714792,"kick_net",-3.319,3.1403,2,0.319081121584637,-0.804034170592753,1,0.25070029394521,6.19119828422008
"2982",5634,"Logge","Outflow","Gastropoda","Planorbidae",2,"3",5781,34514.8034714792,"kick_net",-3.319,3.1403,2,0.319081121584637,-0.804034170592753,1,0.25070029394521,6.19119828422008
"2983",5635,"Logge","Outflow","Gastropoda","Planorbidae",2,"3",5781,34514.8034714792,"kick_net",-3.319,3.1403,2,0.319081121584637,-0.804034170592753,1,0.25070029394521,6.19119828422008
"2984",5636,"Logge","Outflow","Gastropoda","Planorbidae",2,"3",5781,34514.8034714792,"kick_net",-3.319,3.1403,2,0.319081121584637,-0.804034170592753,1,0.25070029394521,6.19119828422008
"2985",5637,"Logge","Outflow","Gastropoda","Planorbidae",2,"3",5781,34514.8034714792,"kick_net",-3.319,3.1403,2,0.319081121584637,-0.804034170592753,1,0.25070029394521,6.19119828422008
"2986",5638,"Logge","Outflow","Gastropoda","Planorbidae",2,"3",5781,34514.8034714792,"kick_net",-3.319,3.1403,2,0.319081121584637,-0.804034170592753,1,0.25070029394521,6.19119828422008
"2987",5639,"Logge","Outflow","Gastropoda","Planorbidae",2,"3",5781,34514.8034714792,"kick_net",-3.319,3.1403,2,0.319081121584637,-0.804034170592753,1,0.25070029394521,6.19119828422008
"2988",5640,"Logge","Outflow","Gastropoda","Planorbidae",2,"3",5781,34514.8034714792,"kick_net",-3.319,3.1403,2,0.319081121584637,-0.804034170592753,1,0.25070029394521,6.19119828422008
"2989",5641,"Logge","Outflow","Gastropoda","Planorbidae",2,"3",5781,34514.8034714792,"kick_net",-3.319,3.1403,2,0.319081121584637,-0.804034170592753,1,0.25070029394521,6.19119828422008
"2990",5642,"Logge","Outflow","Gastropoda","Planorbidae",2,"3",5781,34514.8034714792,"kick_net",-3.319,3.1403,2,0.319081121584637,-0.804034170592753,1,0.25070029394521,6.19119828422008
"2991",5643,"Logge","Outflow","Gastropoda","Planorbidae",2,"3",5781,34514.8034714792,"kick_net",-3.319,3.1403,2,0.319081121584637,-0.804034170592753,1,0.25070029394521,6.19119828422008
"2992",5644,"Logge","Outflow","Gastropoda","Planorbidae",2,"3",5781,34514.8034714792,"kick_net",-3.319,3.1403,2,0.319081121584637,-0.804034170592753,1,0.25070029394521,6.19119828422008
"2993",5645,"Logge","Outflow","Gastropoda","Planorbidae",2,"3",5781,34514.8034714792,"kick_net",-3.319,3.1403,2,0.319081121584637,-0.804034170592753,1,0.25070029394521,6.19119828422008
"2994",5646,"Logge","Outflow","Gastropoda","Planorbidae",2,"3",5781,34514.8034714792,"kick_net",-3.319,3.1403,2,0.319081121584637,-0.804034170592753,1,0.25070029394521,6.19119828422008
"2995",5647,"Logge","Outflow","Gastropoda","Planorbidae",2,"3",5781,34514.8034714792,"kick_net",-3.319,3.1403,2,0.319081121584637,-0.804034170592753,1,0.25070029394521,6.19119828422008
"2996",5648,"Logge","Outflow","Gastropoda","Planorbidae",2,"3",5781,34514.8034714792,"kick_net",-3.319,3.1403,2,0.319081121584637,-0.804034170592753,1,0.25070029394521,6.19119828422008
"2997",5649,"Logge","Outflow","Gastropoda","Planorbidae",2,"3",5781,34514.8034714792,"kick_net",-3.319,3.1403,2,0.319081121584637,-0.804034170592753,1,0.25070029394521,6.19119828422008
"2998",5650,"Logge","Outflow","Gastropoda","Planorbidae",2,"3",5781,34514.8034714792,"kick_net",-3.319,3.1403,2,0.319081121584637,-0.804034170592753,1,0.25070029394521,6.19119828422008
"2999",5651,"Logge","Outflow","Gastropoda","Planorbidae",2,"3",5781,34514.8034714792,"kick_net",-3.319,3.1403,2,0.319081121584637,-0.804034170592753,1,0.25070029394521,6.19119828422008
"3000",5652,"Logge","Outflow","Gastropoda","Planorbidae",2,"3",5781,34514.8034714792,"kick_net",-3.319,3.1403,2,0.319081121584637,-0.804034170592753,1,0.25070029394521,6.19119828422008
"3001",5653,"Logge","Outflow","Gastropoda","Planorbidae",3,"3",5781,34514.8034714792,"kick_net",-3.319,3.1403,2,1.13993605656917,-0.804034170592753,1,0.25070029394521,6.19119828422008
"3002",5654,"Logge","Outflow","Gastropoda","Planorbidae",3,"3",5781,34514.8034714792,"kick_net",-3.319,3.1403,2,1.13993605656917,-0.804034170592753,1,0.25070029394521,6.19119828422008
"3003",5655,"Logge","Outflow","Gastropoda","Planorbidae",3,"3",5781,34514.8034714792,"kick_net",-3.319,3.1403,2,1.13993605656917,-0.804034170592753,1,0.25070029394521,6.19119828422008
"3004",5656,"Logge","Outflow","Gastropoda","Planorbidae",3,"3",5781,34514.8034714792,"kick_net",-3.319,3.1403,2,1.13993605656917,-0.804034170592753,1,0.25070029394521,6.19119828422008
"3005",5657,"Logge","Outflow","Gastropoda","Planorbidae",3,"3",5781,34514.8034714792,"kick_net",-3.319,3.1403,2,1.13993605656917,-0.804034170592753,1,0.25070029394521,6.19119828422008
"3006",5658,"Logge","Outflow","Gastropoda","Planorbidae",3,"3",5781,34514.8034714792,"kick_net",-3.319,3.1403,2,1.13993605656917,-0.804034170592753,1,0.25070029394521,6.19119828422008
"3007",5659,"Logge","Outflow","Gastropoda","Planorbidae",3,"3",5781,34514.8034714792,"kick_net",-3.319,3.1403,2,1.13993605656917,-0.804034170592753,1,0.25070029394521,6.19119828422008
"3008",5660,"Logge","Outflow","Gastropoda","Planorbidae",3,"3",5781,34514.8034714792,"kick_net",-3.319,3.1403,2,1.13993605656917,-0.804034170592753,1,0.25070029394521,6.19119828422008
"3009",5661,"Logge","Outflow","Gastropoda","Planorbidae",3,"3",5781,34514.8034714792,"kick_net",-3.319,3.1403,2,1.13993605656917,-0.804034170592753,1,0.25070029394521,6.19119828422008
"3010",5662,"Logge","Outflow","Gastropoda","Planorbidae",3,"3",5781,34514.8034714792,"kick_net",-3.319,3.1403,2,1.13993605656917,-0.804034170592753,1,0.25070029394521,6.19119828422008
"3011",5663,"Logge","Outflow","Gastropoda","Planorbidae",3,"3",5781,34514.8034714792,"kick_net",-3.319,3.1403,2,1.13993605656917,-0.804034170592753,1,0.25070029394521,6.19119828422008
"3012",5664,"Logge","Outflow","Gastropoda","Planorbidae",3,"3",5781,34514.8034714792,"kick_net",-3.319,3.1403,2,1.13993605656917,-0.804034170592753,1,0.25070029394521,6.19119828422008
"3013",5665,"Logge","Outflow","Gastropoda","Planorbidae",3,"3",5781,34514.8034714792,"kick_net",-3.319,3.1403,2,1.13993605656917,-0.804034170592753,1,0.25070029394521,6.19119828422008
"3014",5666,"Logge","Outflow","Gastropoda","Planorbidae",3,"3",5781,34514.8034714792,"kick_net",-3.319,3.1403,2,1.13993605656917,-0.804034170592753,1,0.25070029394521,6.19119828422008
"3015",5667,"Logge","Outflow","Gastropoda","Planorbidae",3,"3",5781,34514.8034714792,"kick_net",-3.319,3.1403,2,1.13993605656917,-0.804034170592753,1,0.25070029394521,6.19119828422008
"3016",5668,"Logge","Outflow","Gastropoda","Planorbidae",3,"3",5781,34514.8034714792,"kick_net",-3.319,3.1403,2,1.13993605656917,-0.804034170592753,1,0.25070029394521,6.19119828422008
"3017",5669,"Logge","Outflow","Gastropoda","Planorbidae",3,"3",5781,34514.8034714792,"kick_net",-3.319,3.1403,2,1.13993605656917,-0.804034170592753,1,0.25070029394521,6.19119828422008
"3018",5670,"Logge","Outflow","Gastropoda","Planorbidae",3,"3",5781,34514.8034714792,"kick_net",-3.319,3.1403,2,1.13993605656917,-0.804034170592753,1,0.25070029394521,6.19119828422008
"3019",5671,"Logge","Outflow","Gastropoda","Planorbidae",3,"3",5781,34514.8034714792,"kick_net",-3.319,3.1403,2,1.13993605656917,-0.804034170592753,1,0.25070029394521,6.19119828422008
"3020",5672,"Logge","Outflow","Gastropoda","Planorbidae",3,"3",5781,34514.8034714792,"kick_net",-3.319,3.1403,2,1.13993605656917,-0.804034170592753,1,0.25070029394521,6.19119828422008
"3021",5673,"Logge","Outflow","Gastropoda","Planorbidae",3,"3",5781,34514.8034714792,"kick_net",-3.319,3.1403,2,1.13993605656917,-0.804034170592753,1,0.25070029394521,6.19119828422008
"3022",5674,"Logge","Outflow","Gastropoda","Planorbidae",3,"3",5781,34514.8034714792,"kick_net",-3.319,3.1403,2,1.13993605656917,-0.804034170592753,1,0.25070029394521,6.19119828422008
"3023",5675,"Logge","Outflow","Gastropoda","Planorbidae",3,"3",5781,34514.8034714792,"kick_net",-3.319,3.1403,2,1.13993605656917,-0.804034170592753,1,0.25070029394521,6.19119828422008
"3024",5676,"Logge","Outflow","Gastropoda","Planorbidae",3,"3",5781,34514.8034714792,"kick_net",-3.319,3.1403,2,1.13993605656917,-0.804034170592753,1,0.25070029394521,6.19119828422008
"3025",5677,"Logge","Outflow","Gastropoda","Planorbidae",3,"3",5781,34514.8034714792,"kick_net",-3.319,3.1403,2,1.13993605656917,-0.804034170592753,1,0.25070029394521,6.19119828422008
"3026",5678,"Logge","Outflow","Gastropoda","Planorbidae",3,"3",5781,34514.8034714792,"kick_net",-3.319,3.1403,2,1.13993605656917,-0.804034170592753,1,0.25070029394521,6.19119828422008
"3027",5679,"Logge","Outflow","Gastropoda","Planorbidae",3,"3",5781,34514.8034714792,"kick_net",-3.319,3.1403,2,1.13993605656917,-0.804034170592753,1,0.25070029394521,6.19119828422008
"3028",5680,"Logge","Outflow","Gastropoda","Planorbidae",3,"3",5781,34514.8034714792,"kick_net",-3.319,3.1403,2,1.13993605656917,-0.804034170592753,1,0.25070029394521,6.19119828422008
"3029",5681,"Logge","Outflow","Gastropoda","Planorbidae",3,"3",5781,34514.8034714792,"kick_net",-3.319,3.1403,2,1.13993605656917,-0.804034170592753,1,0.25070029394521,6.19119828422008
"3030",5682,"Logge","Outflow","Gastropoda","Planorbidae",3,"3",5781,34514.8034714792,"kick_net",-3.319,3.1403,2,1.13993605656917,-0.804034170592753,1,0.25070029394521,6.19119828422008
"3031",5683,"Logge","Outflow","Gastropoda","Planorbidae",3,"3",5781,34514.8034714792,"kick_net",-3.319,3.1403,2,1.13993605656917,-0.804034170592753,1,0.25070029394521,6.19119828422008
"3032",5684,"Logge","Outflow","Gastropoda","Planorbidae",3,"3",5781,34514.8034714792,"kick_net",-3.319,3.1403,2,1.13993605656917,-0.804034170592753,1,0.25070029394521,6.19119828422008
"3033",5685,"Logge","Outflow","Gastropoda","Planorbidae",3,"3",5781,34514.8034714792,"kick_net",-3.319,3.1403,2,1.13993605656917,-0.804034170592753,1,0.25070029394521,6.19119828422008
"3034",5686,"Logge","Outflow","Gastropoda","Planorbidae",3,"3",5781,34514.8034714792,"kick_net",-3.319,3.1403,2,1.13993605656917,-0.804034170592753,1,0.25070029394521,6.19119828422008
"3035",5687,"Logge","Outflow","Gastropoda","Planorbidae",3,"3",5781,34514.8034714792,"kick_net",-3.319,3.1403,2,1.13993605656917,-0.804034170592753,1,0.25070029394521,6.19119828422008
"3036",5688,"Logge","Outflow","Gastropoda","Planorbidae",3,"3",5781,34514.8034714792,"kick_net",-3.319,3.1403,2,1.13993605656917,-0.804034170592753,1,0.25070029394521,6.19119828422008
"3037",5689,"Logge","Outflow","Gastropoda","Planorbidae",3,"3",5781,34514.8034714792,"kick_net",-3.319,3.1403,2,1.13993605656917,-0.804034170592753,1,0.25070029394521,6.19119828422008
"3038",5690,"Logge","Outflow","Gastropoda","Planorbidae",3,"3",5781,34514.8034714792,"kick_net",-3.319,3.1403,2,1.13993605656917,-0.804034170592753,1,0.25070029394521,6.19119828422008
"3039",5691,"Logge","Outflow","Gastropoda","Planorbidae",3,"3",5781,34514.8034714792,"kick_net",-3.319,3.1403,2,1.13993605656917,-0.804034170592753,1,0.25070029394521,6.19119828422008
"3040",5692,"Logge","Outflow","Gastropoda","Planorbidae",3,"3",5781,34514.8034714792,"kick_net",-3.319,3.1403,2,1.13993605656917,-0.804034170592753,1,0.25070029394521,6.19119828422008
"3041",5693,"Logge","Outflow","Gastropoda","Planorbidae",3,"3",5781,34514.8034714792,"kick_net",-3.319,3.1403,2,1.13993605656917,-0.804034170592753,1,0.25070029394521,6.19119828422008
"3042",5694,"Logge","Outflow","Gastropoda","Planorbidae",3,"3",5781,34514.8034714792,"kick_net",-3.319,3.1403,2,1.13993605656917,-0.804034170592753,1,0.25070029394521,6.19119828422008
"3043",5695,"Logge","Outflow","Gastropoda","Planorbidae",3,"3",5781,34514.8034714792,"kick_net",-3.319,3.1403,2,1.13993605656917,-0.804034170592753,1,0.25070029394521,6.19119828422008
"3044",5696,"Logge","Outflow","Gastropoda","Planorbidae",4,"3",5781,34514.8034714792,"kick_net",-3.319,3.1403,2,2.81336192337384,-0.804034170592753,1,0.25070029394521,6.19119828422008
"3045",5697,"Logge","Outflow","Gastropoda","Planorbidae",4,"3",5781,34514.8034714792,"kick_net",-3.319,3.1403,2,2.81336192337384,-0.804034170592753,1,0.25070029394521,6.19119828422008
"3046",5698,"Logge","Outflow","Gastropoda","Planorbidae",4,"3",5781,34514.8034714792,"kick_net",-3.319,3.1403,2,2.81336192337384,-0.804034170592753,1,0.25070029394521,6.19119828422008
"3047",5699,"Logge","Outflow","Gastropoda","Physidae",5,"3",5781,34514.8034714792,"kick_net",0.0457,3.05,1,6.19119828422008,-0.804034170592753,1,0.25070029394521,6.19119828422008
"3048",5741,"Rot","Control","Diptera","Simuliidae",6,"2",212,124046.267085061,"kick_net",0.002,3.01,1,0.439810161615349,0.530550161100048,1,0.439810161615349,77.7114265838288
"3049",5742,"Rot","Control","Diptera","Simuliidae",6,"2",212,124046.267085061,"kick_net",0.002,3.01,1,0.439810161615349,0.530550161100048,1,0.439810161615349,77.7114265838288
"3050",5743,"Rot","Control","Diptera","Simuliidae",6,"2",212,124046.267085061,"kick_net",0.002,3.01,1,0.439810161615349,0.530550161100048,1,0.439810161615349,77.7114265838288
"3051",5744,"Rot","Control","Diptera","Simuliidae",6,"2",212,124046.267085061,"kick_net",0.002,3.01,1,0.439810161615349,0.530550161100048,1,0.439810161615349,77.7114265838288
"3052",5745,"Rot","Control","Diptera","Simuliidae",7,"2",212,124046.267085061,"kick_net",0.002,3.01,1,0.699479669405531,0.530550161100048,1,0.439810161615349,77.7114265838288
"3053",5746,"Rot","Control","Diptera","Simuliidae",7,"2",212,124046.267085061,"kick_net",0.002,3.01,1,0.699479669405531,0.530550161100048,1,0.439810161615349,77.7114265838288
"3054",5747,"Rot","Control","Diptera","Simuliidae",7,"2",212,124046.267085061,"kick_net",0.002,3.01,1,0.699479669405531,0.530550161100048,1,0.439810161615349,77.7114265838288
"3055",5748,"Rot","Control","Diptera","Simuliidae",7,"2",212,124046.267085061,"kick_net",0.002,3.01,1,0.699479669405531,0.530550161100048,1,0.439810161615349,77.7114265838288
"3056",5749,"Rot","Control","Diptera","Simuliidae",7,"2",212,124046.267085061,"kick_net",0.002,3.01,1,0.699479669405531,0.530550161100048,1,0.439810161615349,77.7114265838288
"3057",5750,"Rot","Control","Diptera","Simuliidae",7,"2",212,124046.267085061,"kick_net",0.002,3.01,1,0.699479669405531,0.530550161100048,1,0.439810161615349,77.7114265838288
"3058",5751,"Rot","Control","Diptera","Simuliidae",7,"2",212,124046.267085061,"kick_net",0.002,3.01,1,0.699479669405531,0.530550161100048,1,0.439810161615349,77.7114265838288
"3059",5752,"Rot","Control","Diptera","Simuliidae",7,"2",212,124046.267085061,"kick_net",0.002,3.01,1,0.699479669405531,0.530550161100048,1,0.439810161615349,77.7114265838288
"3060",5753,"Rot","Control","Diptera","Simuliidae",7,"2",212,124046.267085061,"kick_net",0.002,3.01,1,0.699479669405531,0.530550161100048,1,0.439810161615349,77.7114265838288
"3061",5754,"Rot","Control","Diptera","Simuliidae",7,"2",212,124046.267085061,"kick_net",0.002,3.01,1,0.699479669405531,0.530550161100048,1,0.439810161615349,77.7114265838288
"3062",5755,"Rot","Control","Diptera","Simuliidae",7,"2",212,124046.267085061,"kick_net",0.002,3.01,1,0.699479669405531,0.530550161100048,1,0.439810161615349,77.7114265838288
"3063",5756,"Rot","Control","Diptera","Simuliidae",7,"2",212,124046.267085061,"kick_net",0.002,3.01,1,0.699479669405531,0.530550161100048,1,0.439810161615349,77.7114265838288
"3064",5757,"Rot","Control","Diptera","Simuliidae",7,"2",212,124046.267085061,"kick_net",0.002,3.01,1,0.699479669405531,0.530550161100048,1,0.439810161615349,77.7114265838288
"3065",5758,"Rot","Control","Diptera","Simuliidae",8,"2",212,124046.267085061,"kick_net",0.002,3.01,1,1.04551641672417,0.530550161100048,1,0.439810161615349,77.7114265838288
"3066",5823,"Rot","Control","Diptera","Chironomidae",10,"2",212,124046.267085061,"kick_net",0.002,2.62,1,0.833738766940671,0.530550161100048,1,0.439810161615349,77.7114265838288
"3067",5852,"Rot","Control","Coleoptera","Elmidae",5,"2",212,124046.267085061,"kick_net",0.007,2.88,1,0.721326109625354,0.530550161100048,1,0.439810161615349,77.7114265838288
"3068",5853,"Rot","Control","Coleoptera","Elmidae",5,"2",212,124046.267085061,"kick_net",0.007,2.88,1,0.721326109625354,0.530550161100048,1,0.439810161615349,77.7114265838288
"3069",5854,"Rot","Control","Coleoptera","Elmidae",5,"2",212,124046.267085061,"kick_net",0.007,2.88,1,0.721326109625354,0.530550161100048,1,0.439810161615349,77.7114265838288
"3070",5898,"Rot","Control","Amphipoda","Gammaridae",4,"2",212,124046.267085061,"kick_net",0.00845,2.8705,1,0.451928691384938,0.530550161100048,1,0.439810161615349,77.7114265838288
"3071",5899,"Rot","Control","Amphipoda","Gammaridae",4,"2",212,124046.267085061,"kick_net",0.00845,2.8705,1,0.451928691384938,0.530550161100048,1,0.439810161615349,77.7114265838288
"3072",5900,"Rot","Control","Amphipoda","Gammaridae",4,"2",212,124046.267085061,"kick_net",0.00845,2.8705,1,0.451928691384938,0.530550161100048,1,0.439810161615349,77.7114265838288
"3073",5901,"Rot","Control","Amphipoda","Gammaridae",4,"2",212,124046.267085061,"kick_net",0.00845,2.8705,1,0.451928691384938,0.530550161100048,1,0.439810161615349,77.7114265838288
"3074",5902,"Rot","Control","Amphipoda","Gammaridae",4,"2",212,124046.267085061,"kick_net",0.00845,2.8705,1,0.451928691384938,0.530550161100048,1,0.439810161615349,77.7114265838288
"3075",5903,"Rot","Control","Amphipoda","Gammaridae",5,"2",212,124046.267085061,"kick_net",0.00845,2.8705,1,0.857531547980516,0.530550161100048,1,0.439810161615349,77.7114265838288
"3076",5904,"Rot","Control","Amphipoda","Gammaridae",5,"2",212,124046.267085061,"kick_net",0.00845,2.8705,1,0.857531547980516,0.530550161100048,1,0.439810161615349,77.7114265838288
"3077",5905,"Rot","Control","Amphipoda","Gammaridae",5,"2",212,124046.267085061,"kick_net",0.00845,2.8705,1,0.857531547980516,0.530550161100048,1,0.439810161615349,77.7114265838288
"3078",5906,"Rot","Control","Amphipoda","Gammaridae",6,"2",212,124046.267085061,"kick_net",0.00845,2.8705,1,1.44723771988851,0.530550161100048,1,0.439810161615349,77.7114265838288
"3079",5907,"Rot","Control","Amphipoda","Gammaridae",6,"2",212,124046.267085061,"kick_net",0.00845,2.8705,1,1.44723771988851,0.530550161100048,1,0.439810161615349,77.7114265838288
"3080",5908,"Rot","Control","Amphipoda","Gammaridae",6,"2",212,124046.267085061,"kick_net",0.00845,2.8705,1,1.44723771988851,0.530550161100048,1,0.439810161615349,77.7114265838288
"3081",5909,"Rot","Control","Amphipoda","Gammaridae",6,"2",212,124046.267085061,"kick_net",0.00845,2.8705,1,1.44723771988851,0.530550161100048,1,0.439810161615349,77.7114265838288
"3082",5910,"Rot","Control","Amphipoda","Gammaridae",6,"2",212,124046.267085061,"kick_net",0.00845,2.8705,1,1.44723771988851,0.530550161100048,1,0.439810161615349,77.7114265838288
"3083",5911,"Rot","Control","Amphipoda","Gammaridae",7,"2",212,124046.267085061,"kick_net",0.00845,2.8705,1,2.25273772956822,0.530550161100048,1,0.439810161615349,77.7114265838288
"3084",5912,"Rot","Control","Amphipoda","Gammaridae",8,"2",212,124046.267085061,"kick_net",0.00845,2.8705,1,3.30503845216443,0.530550161100048,1,0.439810161615349,77.7114265838288
"3085",5962,"Rot","Control","Ephemeroptera","Baetidae",5,"2",212,124046.267085061,"kick_net",0.005,2.875,1,0.511103396223714,0.530550161100048,1,0.439810161615349,77.7114265838288
"3086",5963,"Rot","Control","Ephemeroptera","Baetidae",5,"2",212,124046.267085061,"kick_net",0.005,2.875,1,0.511103396223714,0.530550161100048,1,0.439810161615349,77.7114265838288
"3087",5964,"Rot","Control","Ephemeroptera","Baetidae",5,"2",212,124046.267085061,"kick_net",0.005,2.875,1,0.511103396223714,0.530550161100048,1,0.439810161615349,77.7114265838288
"3088",5965,"Rot","Control","Ephemeroptera","Baetidae",5,"2",212,124046.267085061,"kick_net",0.005,2.875,1,0.511103396223714,0.530550161100048,1,0.439810161615349,77.7114265838288
"3089",5966,"Rot","Control","Ephemeroptera","Baetidae",5,"2",212,124046.267085061,"kick_net",0.005,2.875,1,0.511103396223714,0.530550161100048,1,0.439810161615349,77.7114265838288
"3090",5967,"Rot","Control","Ephemeroptera","Baetidae",5,"2",212,124046.267085061,"kick_net",0.005,2.875,1,0.511103396223714,0.530550161100048,1,0.439810161615349,77.7114265838288
"3091",5968,"Rot","Control","Ephemeroptera","Baetidae",5,"2",212,124046.267085061,"kick_net",0.005,2.875,1,0.511103396223714,0.530550161100048,1,0.439810161615349,77.7114265838288
"3092",5969,"Rot","Control","Ephemeroptera","Baetidae",5,"2",212,124046.267085061,"kick_net",0.005,2.875,1,0.511103396223714,0.530550161100048,1,0.439810161615349,77.7114265838288
"3093",5970,"Rot","Control","Ephemeroptera","Baetidae",5,"2",212,124046.267085061,"kick_net",0.005,2.875,1,0.511103396223714,0.530550161100048,1,0.439810161615349,77.7114265838288
"3094",5971,"Rot","Control","Ephemeroptera","Baetidae",5,"2",212,124046.267085061,"kick_net",0.005,2.875,1,0.511103396223714,0.530550161100048,1,0.439810161615349,77.7114265838288
"3095",5972,"Rot","Control","Ephemeroptera","Baetidae",6,"2",212,124046.267085061,"kick_net",0.005,2.875,1,0.863286300593756,0.530550161100048,1,0.439810161615349,77.7114265838288
"3096",5973,"Rot","Control","Ephemeroptera","Baetidae",6,"2",212,124046.267085061,"kick_net",0.005,2.875,1,0.863286300593756,0.530550161100048,1,0.439810161615349,77.7114265838288
"3097",5974,"Rot","Control","Ephemeroptera","Baetidae",6,"2",212,124046.267085061,"kick_net",0.005,2.875,1,0.863286300593756,0.530550161100048,1,0.439810161615349,77.7114265838288
"3098",5975,"Rot","Control","Ephemeroptera","Baetidae",6,"2",212,124046.267085061,"kick_net",0.005,2.875,1,0.863286300593756,0.530550161100048,1,0.439810161615349,77.7114265838288
"3099",6038,"Rot","Control","Ephemeroptera","Ephemerellidae",5,"2",212,124046.267085061,"kick_net",0.01,2.676,1,0.742068047117268,0.530550161100048,1,0.439810161615349,77.7114265838288
"3100",6039,"Rot","Control","Ephemeroptera","Ephemerellidae",5,"2",212,124046.267085061,"kick_net",0.01,2.676,1,0.742068047117268,0.530550161100048,1,0.439810161615349,77.7114265838288
"3101",6040,"Rot","Control","Ephemeroptera","Ephemerellidae",5,"2",212,124046.267085061,"kick_net",0.01,2.676,1,0.742068047117268,0.530550161100048,1,0.439810161615349,77.7114265838288
"3102",6041,"Rot","Control","Ephemeroptera","Ephemerellidae",5,"2",212,124046.267085061,"kick_net",0.01,2.676,1,0.742068047117268,0.530550161100048,1,0.439810161615349,77.7114265838288
"3103",6042,"Rot","Control","Ephemeroptera","Ephemerellidae",5,"2",212,124046.267085061,"kick_net",0.01,2.676,1,0.742068047117268,0.530550161100048,1,0.439810161615349,77.7114265838288
"3104",6043,"Rot","Control","Ephemeroptera","Ephemerellidae",5,"2",212,124046.267085061,"kick_net",0.01,2.676,1,0.742068047117268,0.530550161100048,1,0.439810161615349,77.7114265838288
"3105",6044,"Rot","Control","Ephemeroptera","Ephemerellidae",5,"2",212,124046.267085061,"kick_net",0.01,2.676,1,0.742068047117268,0.530550161100048,1,0.439810161615349,77.7114265838288
"3106",6045,"Rot","Control","Ephemeroptera","Ephemerellidae",5,"2",212,124046.267085061,"kick_net",0.01,2.676,1,0.742068047117268,0.530550161100048,1,0.439810161615349,77.7114265838288
"3107",6046,"Rot","Control","Ephemeroptera","Ephemerellidae",5,"2",212,124046.267085061,"kick_net",0.01,2.676,1,0.742068047117268,0.530550161100048,1,0.439810161615349,77.7114265838288
"3108",6047,"Rot","Control","Ephemeroptera","Ephemerellidae",5,"2",212,124046.267085061,"kick_net",0.01,2.676,1,0.742068047117268,0.530550161100048,1,0.439810161615349,77.7114265838288
"3109",6048,"Rot","Control","Ephemeroptera","Ephemerellidae",5,"2",212,124046.267085061,"kick_net",0.01,2.676,1,0.742068047117268,0.530550161100048,1,0.439810161615349,77.7114265838288
"3110",6049,"Rot","Control","Ephemeroptera","Ephemerellidae",5,"2",212,124046.267085061,"kick_net",0.01,2.676,1,0.742068047117268,0.530550161100048,1,0.439810161615349,77.7114265838288
"3111",6050,"Rot","Control","Ephemeroptera","Ephemerellidae",5,"2",212,124046.267085061,"kick_net",0.01,2.676,1,0.742068047117268,0.530550161100048,1,0.439810161615349,77.7114265838288
"3112",6051,"Rot","Control","Ephemeroptera","Ephemerellidae",5,"2",212,124046.267085061,"kick_net",0.01,2.676,1,0.742068047117268,0.530550161100048,1,0.439810161615349,77.7114265838288
"3113",6052,"Rot","Control","Ephemeroptera","Ephemerellidae",5,"2",212,124046.267085061,"kick_net",0.01,2.676,1,0.742068047117268,0.530550161100048,1,0.439810161615349,77.7114265838288
"3114",6053,"Rot","Control","Ephemeroptera","Ephemerellidae",5,"2",212,124046.267085061,"kick_net",0.01,2.676,1,0.742068047117268,0.530550161100048,1,0.439810161615349,77.7114265838288
"3115",6054,"Rot","Control","Ephemeroptera","Ephemerellidae",5,"2",212,124046.267085061,"kick_net",0.01,2.676,1,0.742068047117268,0.530550161100048,1,0.439810161615349,77.7114265838288
"3116",6055,"Rot","Control","Ephemeroptera","Ephemerellidae",5,"2",212,124046.267085061,"kick_net",0.01,2.676,1,0.742068047117268,0.530550161100048,1,0.439810161615349,77.7114265838288
"3117",6056,"Rot","Control","Ephemeroptera","Ephemerellidae",5,"2",212,124046.267085061,"kick_net",0.01,2.676,1,0.742068047117268,0.530550161100048,1,0.439810161615349,77.7114265838288
"3118",6057,"Rot","Control","Ephemeroptera","Ephemerellidae",5,"2",212,124046.267085061,"kick_net",0.01,2.676,1,0.742068047117268,0.530550161100048,1,0.439810161615349,77.7114265838288
"3119",6058,"Rot","Control","Ephemeroptera","Ephemerellidae",5,"2",212,124046.267085061,"kick_net",0.01,2.676,1,0.742068047117268,0.530550161100048,1,0.439810161615349,77.7114265838288
"3120",6059,"Rot","Control","Ephemeroptera","Ephemerellidae",5,"2",212,124046.267085061,"kick_net",0.01,2.676,1,0.742068047117268,0.530550161100048,1,0.439810161615349,77.7114265838288
"3121",6060,"Rot","Control","Ephemeroptera","Ephemerellidae",5,"2",212,124046.267085061,"kick_net",0.01,2.676,1,0.742068047117268,0.530550161100048,1,0.439810161615349,77.7114265838288
"3122",6061,"Rot","Control","Ephemeroptera","Ephemerellidae",5,"2",212,124046.267085061,"kick_net",0.01,2.676,1,0.742068047117268,0.530550161100048,1,0.439810161615349,77.7114265838288
"3123",6062,"Rot","Control","Ephemeroptera","Ephemerellidae",5,"2",212,124046.267085061,"kick_net",0.01,2.676,1,0.742068047117268,0.530550161100048,1,0.439810161615349,77.7114265838288
"3124",6063,"Rot","Control","Ephemeroptera","Ephemerellidae",5,"2",212,124046.267085061,"kick_net",0.01,2.676,1,0.742068047117268,0.530550161100048,1,0.439810161615349,77.7114265838288
"3125",6064,"Rot","Control","Ephemeroptera","Ephemerellidae",5,"2",212,124046.267085061,"kick_net",0.01,2.676,1,0.742068047117268,0.530550161100048,1,0.439810161615349,77.7114265838288
"3126",6065,"Rot","Control","Ephemeroptera","Ephemerellidae",5,"2",212,124046.267085061,"kick_net",0.01,2.676,1,0.742068047117268,0.530550161100048,1,0.439810161615349,77.7114265838288
"3127",6066,"Rot","Control","Ephemeroptera","Ephemerellidae",5,"2",212,124046.267085061,"kick_net",0.01,2.676,1,0.742068047117268,0.530550161100048,1,0.439810161615349,77.7114265838288
"3128",6067,"Rot","Control","Ephemeroptera","Ephemerellidae",5,"2",212,124046.267085061,"kick_net",0.01,2.676,1,0.742068047117268,0.530550161100048,1,0.439810161615349,77.7114265838288
"3129",6068,"Rot","Control","Ephemeroptera","Ephemerellidae",5,"2",212,124046.267085061,"kick_net",0.01,2.676,1,0.742068047117268,0.530550161100048,1,0.439810161615349,77.7114265838288
"3130",6069,"Rot","Control","Ephemeroptera","Ephemerellidae",5,"2",212,124046.267085061,"kick_net",0.01,2.676,1,0.742068047117268,0.530550161100048,1,0.439810161615349,77.7114265838288
"3131",6070,"Rot","Control","Ephemeroptera","Ephemerellidae",5,"2",212,124046.267085061,"kick_net",0.01,2.676,1,0.742068047117268,0.530550161100048,1,0.439810161615349,77.7114265838288
"3132",6071,"Rot","Control","Ephemeroptera","Ephemerellidae",5,"2",212,124046.267085061,"kick_net",0.01,2.676,1,0.742068047117268,0.530550161100048,1,0.439810161615349,77.7114265838288
"3133",6072,"Rot","Control","Ephemeroptera","Ephemerellidae",5,"2",212,124046.267085061,"kick_net",0.01,2.676,1,0.742068047117268,0.530550161100048,1,0.439810161615349,77.7114265838288
"3134",6073,"Rot","Control","Ephemeroptera","Ephemerellidae",5,"2",212,124046.267085061,"kick_net",0.01,2.676,1,0.742068047117268,0.530550161100048,1,0.439810161615349,77.7114265838288
"3135",6074,"Rot","Control","Ephemeroptera","Ephemerellidae",5,"2",212,124046.267085061,"kick_net",0.01,2.676,1,0.742068047117268,0.530550161100048,1,0.439810161615349,77.7114265838288
"3136",6075,"Rot","Control","Ephemeroptera","Ephemerellidae",5,"2",212,124046.267085061,"kick_net",0.01,2.676,1,0.742068047117268,0.530550161100048,1,0.439810161615349,77.7114265838288
"3137",6076,"Rot","Control","Ephemeroptera","Ephemerellidae",5,"2",212,124046.267085061,"kick_net",0.01,2.676,1,0.742068047117268,0.530550161100048,1,0.439810161615349,77.7114265838288
"3138",6077,"Rot","Control","Ephemeroptera","Ephemerellidae",5,"2",212,124046.267085061,"kick_net",0.01,2.676,1,0.742068047117268,0.530550161100048,1,0.439810161615349,77.7114265838288
"3139",6078,"Rot","Control","Ephemeroptera","Ephemerellidae",5,"2",212,124046.267085061,"kick_net",0.01,2.676,1,0.742068047117268,0.530550161100048,1,0.439810161615349,77.7114265838288
"3140",6079,"Rot","Control","Ephemeroptera","Ephemerellidae",5,"2",212,124046.267085061,"kick_net",0.01,2.676,1,0.742068047117268,0.530550161100048,1,0.439810161615349,77.7114265838288
"3141",6080,"Rot","Control","Ephemeroptera","Ephemerellidae",5,"2",212,124046.267085061,"kick_net",0.01,2.676,1,0.742068047117268,0.530550161100048,1,0.439810161615349,77.7114265838288
"3142",6081,"Rot","Control","Ephemeroptera","Ephemerellidae",6,"2",212,124046.267085061,"kick_net",0.01,2.676,1,1.20873958772828,0.530550161100048,1,0.439810161615349,77.7114265838288
"3143",6082,"Rot","Control","Ephemeroptera","Ephemerellidae",6,"2",212,124046.267085061,"kick_net",0.01,2.676,1,1.20873958772828,0.530550161100048,1,0.439810161615349,77.7114265838288
"3144",6083,"Rot","Control","Ephemeroptera","Ephemerellidae",6,"2",212,124046.267085061,"kick_net",0.01,2.676,1,1.20873958772828,0.530550161100048,1,0.439810161615349,77.7114265838288
"3145",6084,"Rot","Control","Ephemeroptera","Ephemerellidae",6,"2",212,124046.267085061,"kick_net",0.01,2.676,1,1.20873958772828,0.530550161100048,1,0.439810161615349,77.7114265838288
"3146",6085,"Rot","Control","Ephemeroptera","Ephemerellidae",6,"2",212,124046.267085061,"kick_net",0.01,2.676,1,1.20873958772828,0.530550161100048,1,0.439810161615349,77.7114265838288
"3147",6086,"Rot","Control","Ephemeroptera","Ephemerellidae",6,"2",212,124046.267085061,"kick_net",0.01,2.676,1,1.20873958772828,0.530550161100048,1,0.439810161615349,77.7114265838288
"3148",6087,"Rot","Control","Ephemeroptera","Ephemerellidae",6,"2",212,124046.267085061,"kick_net",0.01,2.676,1,1.20873958772828,0.530550161100048,1,0.439810161615349,77.7114265838288
"3149",6088,"Rot","Control","Ephemeroptera","Ephemerellidae",6,"2",212,124046.267085061,"kick_net",0.01,2.676,1,1.20873958772828,0.530550161100048,1,0.439810161615349,77.7114265838288
"3150",6089,"Rot","Control","Ephemeroptera","Ephemerellidae",6,"2",212,124046.267085061,"kick_net",0.01,2.676,1,1.20873958772828,0.530550161100048,1,0.439810161615349,77.7114265838288
"3151",6090,"Rot","Control","Ephemeroptera","Ephemerellidae",6,"2",212,124046.267085061,"kick_net",0.01,2.676,1,1.20873958772828,0.530550161100048,1,0.439810161615349,77.7114265838288
"3152",6091,"Rot","Control","Ephemeroptera","Ephemerellidae",6,"2",212,124046.267085061,"kick_net",0.01,2.676,1,1.20873958772828,0.530550161100048,1,0.439810161615349,77.7114265838288
"3153",6092,"Rot","Control","Ephemeroptera","Ephemerellidae",6,"2",212,124046.267085061,"kick_net",0.01,2.676,1,1.20873958772828,0.530550161100048,1,0.439810161615349,77.7114265838288
"3154",6093,"Rot","Control","Ephemeroptera","Ephemerellidae",6,"2",212,124046.267085061,"kick_net",0.01,2.676,1,1.20873958772828,0.530550161100048,1,0.439810161615349,77.7114265838288
"3155",6094,"Rot","Control","Ephemeroptera","Ephemerellidae",6,"2",212,124046.267085061,"kick_net",0.01,2.676,1,1.20873958772828,0.530550161100048,1,0.439810161615349,77.7114265838288
"3156",6095,"Rot","Control","Ephemeroptera","Ephemerellidae",6,"2",212,124046.267085061,"kick_net",0.01,2.676,1,1.20873958772828,0.530550161100048,1,0.439810161615349,77.7114265838288
"3157",6096,"Rot","Control","Ephemeroptera","Ephemerellidae",6,"2",212,124046.267085061,"kick_net",0.01,2.676,1,1.20873958772828,0.530550161100048,1,0.439810161615349,77.7114265838288
"3158",6097,"Rot","Control","Ephemeroptera","Ephemerellidae",6,"2",212,124046.267085061,"kick_net",0.01,2.676,1,1.20873958772828,0.530550161100048,1,0.439810161615349,77.7114265838288
"3159",6098,"Rot","Control","Ephemeroptera","Ephemerellidae",6,"2",212,124046.267085061,"kick_net",0.01,2.676,1,1.20873958772828,0.530550161100048,1,0.439810161615349,77.7114265838288
"3160",6099,"Rot","Control","Ephemeroptera","Ephemerellidae",6,"2",212,124046.267085061,"kick_net",0.01,2.676,1,1.20873958772828,0.530550161100048,1,0.439810161615349,77.7114265838288
"3161",6100,"Rot","Control","Ephemeroptera","Ephemerellidae",6,"2",212,124046.267085061,"kick_net",0.01,2.676,1,1.20873958772828,0.530550161100048,1,0.439810161615349,77.7114265838288
"3162",6101,"Rot","Control","Ephemeroptera","Ephemerellidae",6,"2",212,124046.267085061,"kick_net",0.01,2.676,1,1.20873958772828,0.530550161100048,1,0.439810161615349,77.7114265838288
"3163",6102,"Rot","Control","Ephemeroptera","Ephemerellidae",6,"2",212,124046.267085061,"kick_net",0.01,2.676,1,1.20873958772828,0.530550161100048,1,0.439810161615349,77.7114265838288
"3164",6103,"Rot","Control","Ephemeroptera","Ephemerellidae",6,"2",212,124046.267085061,"kick_net",0.01,2.676,1,1.20873958772828,0.530550161100048,1,0.439810161615349,77.7114265838288
"3165",6104,"Rot","Control","Ephemeroptera","Ephemerellidae",6,"2",212,124046.267085061,"kick_net",0.01,2.676,1,1.20873958772828,0.530550161100048,1,0.439810161615349,77.7114265838288
"3166",6105,"Rot","Control","Ephemeroptera","Ephemerellidae",6,"2",212,124046.267085061,"kick_net",0.01,2.676,1,1.20873958772828,0.530550161100048,1,0.439810161615349,77.7114265838288
"3167",6106,"Rot","Control","Ephemeroptera","Ephemerellidae",6,"2",212,124046.267085061,"kick_net",0.01,2.676,1,1.20873958772828,0.530550161100048,1,0.439810161615349,77.7114265838288
"3168",6107,"Rot","Control","Ephemeroptera","Ephemerellidae",6,"2",212,124046.267085061,"kick_net",0.01,2.676,1,1.20873958772828,0.530550161100048,1,0.439810161615349,77.7114265838288
"3169",6108,"Rot","Control","Ephemeroptera","Ephemerellidae",6,"2",212,124046.267085061,"kick_net",0.01,2.676,1,1.20873958772828,0.530550161100048,1,0.439810161615349,77.7114265838288
"3170",6109,"Rot","Control","Ephemeroptera","Ephemerellidae",6,"2",212,124046.267085061,"kick_net",0.01,2.676,1,1.20873958772828,0.530550161100048,1,0.439810161615349,77.7114265838288
"3171",6110,"Rot","Control","Ephemeroptera","Ephemerellidae",6,"2",212,124046.267085061,"kick_net",0.01,2.676,1,1.20873958772828,0.530550161100048,1,0.439810161615349,77.7114265838288
"3172",6111,"Rot","Control","Ephemeroptera","Ephemerellidae",6,"2",212,124046.267085061,"kick_net",0.01,2.676,1,1.20873958772828,0.530550161100048,1,0.439810161615349,77.7114265838288
"3173",6112,"Rot","Control","Ephemeroptera","Ephemerellidae",6,"2",212,124046.267085061,"kick_net",0.01,2.676,1,1.20873958772828,0.530550161100048,1,0.439810161615349,77.7114265838288
"3174",6113,"Rot","Control","Ephemeroptera","Ephemerellidae",6,"2",212,124046.267085061,"kick_net",0.01,2.676,1,1.20873958772828,0.530550161100048,1,0.439810161615349,77.7114265838288
"3175",6114,"Rot","Control","Ephemeroptera","Ephemerellidae",6,"2",212,124046.267085061,"kick_net",0.01,2.676,1,1.20873958772828,0.530550161100048,1,0.439810161615349,77.7114265838288
"3176",6115,"Rot","Control","Ephemeroptera","Ephemerellidae",7,"2",212,124046.267085061,"kick_net",0.01,2.676,1,1.82592256228061,0.530550161100048,1,0.439810161615349,77.7114265838288
"3177",6116,"Rot","Control","Ephemeroptera","Ephemerellidae",7,"2",212,124046.267085061,"kick_net",0.01,2.676,1,1.82592256228061,0.530550161100048,1,0.439810161615349,77.7114265838288
"3178",6117,"Rot","Control","Ephemeroptera","Ephemerellidae",7,"2",212,124046.267085061,"kick_net",0.01,2.676,1,1.82592256228061,0.530550161100048,1,0.439810161615349,77.7114265838288
"3179",6118,"Rot","Control","Ephemeroptera","Ephemerellidae",7,"2",212,124046.267085061,"kick_net",0.01,2.676,1,1.82592256228061,0.530550161100048,1,0.439810161615349,77.7114265838288
"3180",6119,"Rot","Control","Ephemeroptera","Ephemerellidae",7,"2",212,124046.267085061,"kick_net",0.01,2.676,1,1.82592256228061,0.530550161100048,1,0.439810161615349,77.7114265838288
"3181",6122,"Rot","Control","Trichoptera","Rhyacophilidae",12,"2",212,124046.267085061,"kick_net",0.01,2.48,1,4.74645633784237,0.530550161100048,1,0.439810161615349,77.7114265838288
"3182",6123,"Rot","Control","Trichoptera","Rhyacophilidae",17,"2",212,124046.267085061,"kick_net",0.01,2.48,1,11.2593501428967,0.530550161100048,1,0.439810161615349,77.7114265838288
"3183",6124,"Rot","Control","Trichoptera","Hydropsychidae",7,"2",212,124046.267085061,"kick_net",0.005,2.926,1,1.4850014216404,0.530550161100048,1,0.439810161615349,77.7114265838288
"3184",6125,"Rot","Control","Trichoptera","Hydropsychidae",8,"2",212,124046.267085061,"kick_net",0.005,2.926,1,2.19488265378348,0.530550161100048,1,0.439810161615349,77.7114265838288
"3185",6126,"Rot","Control","Trichoptera","Hydropsychidae",9,"2",212,124046.267085061,"kick_net",0.005,2.926,1,3.09801550473281,0.530550161100048,1,0.439810161615349,77.7114265838288
"3186",6127,"Rot","Control","Trichoptera","Hydropsychidae",10,"2",212,124046.267085061,"kick_net",0.005,2.926,1,4.21667378882138,0.530550161100048,1,0.439810161615349,77.7114265838288
"3187",6128,"Rot","Control","Trichoptera","Hydropsychidae",10,"2",212,124046.267085061,"kick_net",0.005,2.926,1,4.21667378882138,0.530550161100048,1,0.439810161615349,77.7114265838288
"3188",6129,"Rot","Control","Trichoptera","Hydropsychidae",10,"2",212,124046.267085061,"kick_net",0.005,2.926,1,4.21667378882138,0.530550161100048,1,0.439810161615349,77.7114265838288
"3189",6130,"Rot","Control","Trichoptera","Hydropsychidae",11,"2",212,124046.267085061,"kick_net",0.005,2.926,1,5.57294813273494,0.530550161100048,1,0.439810161615349,77.7114265838288
"3190",6131,"Rot","Control","Trichoptera","Hydropsychidae",11,"2",212,124046.267085061,"kick_net",0.005,2.926,1,5.57294813273494,0.530550161100048,1,0.439810161615349,77.7114265838288
"3191",6132,"Rot","Control","Trichoptera","Hydropsychidae",12,"2",212,124046.267085061,"kick_net",0.005,2.926,1,7.18876571955492,0.530550161100048,1,0.439810161615349,77.7114265838288
"3192",6133,"Rot","Control","Trichoptera","Hydropsychidae",13,"2",212,124046.267085061,"kick_net",0.005,2.926,1,9.08590628790821,0.530550161100048,1,0.439810161615349,77.7114265838288
"3193",6134,"Rot","Control","Trichoptera","Hydropsychidae",13,"2",212,124046.267085061,"kick_net",0.005,2.926,1,9.08590628790821,0.530550161100048,1,0.439810161615349,77.7114265838288
"3194",6135,"Rot","Control","Trichoptera","Hydropsychidae",13,"2",212,124046.267085061,"kick_net",0.005,2.926,1,9.08590628790821,0.530550161100048,1,0.439810161615349,77.7114265838288
"3195",6136,"Rot","Control","Trichoptera","Hydropsychidae",13,"2",212,124046.267085061,"kick_net",0.005,2.926,1,9.08590628790821,0.530550161100048,1,0.439810161615349,77.7114265838288
"3196",6137,"Rot","Control","Trichoptera","Hydropsychidae",13,"2",212,124046.267085061,"kick_net",0.005,2.926,1,9.08590628790821,0.530550161100048,1,0.439810161615349,77.7114265838288
"3197",6138,"Rot","Control","Trichoptera","Hydropsychidae",14,"2",212,124046.267085061,"kick_net",0.005,2.926,1,11.2860153530251,0.530550161100048,1,0.439810161615349,77.7114265838288
"3198",6139,"Rot","Control","Trichoptera","Hydropsychidae",14,"2",212,124046.267085061,"kick_net",0.005,2.926,1,11.2860153530251,0.530550161100048,1,0.439810161615349,77.7114265838288
"3199",6140,"Rot","Control","Trichoptera","Hydropsychidae",14,"2",212,124046.267085061,"kick_net",0.005,2.926,1,11.2860153530251,0.530550161100048,1,0.439810161615349,77.7114265838288
"3200",6141,"Rot","Control","Trichoptera","Hydropsychidae",14,"2",212,124046.267085061,"kick_net",0.005,2.926,1,11.2860153530251,0.530550161100048,1,0.439810161615349,77.7114265838288
"3201",6142,"Rot","Control","Trichoptera","Hydropsychidae",14,"2",212,124046.267085061,"kick_net",0.005,2.926,1,11.2860153530251,0.530550161100048,1,0.439810161615349,77.7114265838288
"3202",6143,"Rot","Control","Trichoptera","Hydropsychidae",15,"2",212,124046.267085061,"kick_net",0.005,2.926,1,13.8106153107423,0.530550161100048,1,0.439810161615349,77.7114265838288
"3203",6144,"Rot","Control","Trichoptera","Hydropsychidae",15,"2",212,124046.267085061,"kick_net",0.005,2.926,1,13.8106153107423,0.530550161100048,1,0.439810161615349,77.7114265838288
"3204",6145,"Rot","Control","Trichoptera","Hydropsychidae",17,"2",212,124046.267085061,"kick_net",0.005,2.926,1,19.9188173051107,0.530550161100048,1,0.439810161615349,77.7114265838288
"3205",6146,"Rot","Control","Trichoptera","Hydropsychidae",19,"2",212,124046.267085061,"kick_net",0.005,2.926,1,27.5805575112799,0.530550161100048,1,0.439810161615349,77.7114265838288
"3206",6147,"Rot","Control","Trichoptera","Hydropsychidae",19,"2",212,124046.267085061,"kick_net",0.005,2.926,1,27.5805575112799,0.530550161100048,1,0.439810161615349,77.7114265838288
"3207",6149,"Rot","Control","Plecoptera","Nemouridae",5,"2",212,124046.267085061,"kick_net",0.006,2.762,1,0.511336038351065,0.530550161100048,1,0.439810161615349,77.7114265838288
"3208",6150,"Rot","Control","Trichoptera","Brachycentridae",26,"2",212,124046.267085061,"kick_net",0.008,2.818,1,77.7114265838288,0.530550161100048,1,0.439810161615349,77.7114265838288
"3209",6151,"Rot","Control","Trichoptera","Brachycentridae",26,"2",212,124046.267085061,"kick_net",0.008,2.818,1,77.7114265838288,0.530550161100048,1,0.439810161615349,77.7114265838288
"3210",6160,"Rot","Inflow","Ephemeroptera","Ephemerellidae",4,"2",212,124046.267085061,"kick_net",0.01,2.676,1,0.408425206025265,0.530550161100048,1,0.276083814306616,77.7114265838288
"3211",6161,"Rot","Inflow","Ephemeroptera","Ephemerellidae",4,"2",212,124046.267085061,"kick_net",0.01,2.676,1,0.408425206025265,0.530550161100048,1,0.276083814306616,77.7114265838288
"3212",6162,"Rot","Inflow","Ephemeroptera","Ephemerellidae",4,"2",212,124046.267085061,"kick_net",0.01,2.676,1,0.408425206025265,0.530550161100048,1,0.276083814306616,77.7114265838288
"3213",6163,"Rot","Inflow","Ephemeroptera","Ephemerellidae",4,"2",212,124046.267085061,"kick_net",0.01,2.676,1,0.408425206025265,0.530550161100048,1,0.276083814306616,77.7114265838288
"3214",6164,"Rot","Inflow","Ephemeroptera","Ephemerellidae",4,"2",212,124046.267085061,"kick_net",0.01,2.676,1,0.408425206025265,0.530550161100048,1,0.276083814306616,77.7114265838288
"3215",6165,"Rot","Inflow","Ephemeroptera","Ephemerellidae",4,"2",212,124046.267085061,"kick_net",0.01,2.676,1,0.408425206025265,0.530550161100048,1,0.276083814306616,77.7114265838288
"3216",6166,"Rot","Inflow","Ephemeroptera","Ephemerellidae",4,"2",212,124046.267085061,"kick_net",0.01,2.676,1,0.408425206025265,0.530550161100048,1,0.276083814306616,77.7114265838288
"3217",6167,"Rot","Inflow","Ephemeroptera","Ephemerellidae",4,"2",212,124046.267085061,"kick_net",0.01,2.676,1,0.408425206025265,0.530550161100048,1,0.276083814306616,77.7114265838288
"3218",6168,"Rot","Inflow","Ephemeroptera","Ephemerellidae",4,"2",212,124046.267085061,"kick_net",0.01,2.676,1,0.408425206025265,0.530550161100048,1,0.276083814306616,77.7114265838288
"3219",6169,"Rot","Inflow","Ephemeroptera","Ephemerellidae",4,"2",212,124046.267085061,"kick_net",0.01,2.676,1,0.408425206025265,0.530550161100048,1,0.276083814306616,77.7114265838288
"3220",6170,"Rot","Inflow","Ephemeroptera","Ephemerellidae",5,"2",212,124046.267085061,"kick_net",0.01,2.676,1,0.742068047117268,0.530550161100048,1,0.276083814306616,77.7114265838288
"3221",6171,"Rot","Inflow","Ephemeroptera","Ephemerellidae",5,"2",212,124046.267085061,"kick_net",0.01,2.676,1,0.742068047117268,0.530550161100048,1,0.276083814306616,77.7114265838288
"3222",6172,"Rot","Inflow","Ephemeroptera","Ephemerellidae",5,"2",212,124046.267085061,"kick_net",0.01,2.676,1,0.742068047117268,0.530550161100048,1,0.276083814306616,77.7114265838288
"3223",6173,"Rot","Inflow","Ephemeroptera","Ephemerellidae",5,"2",212,124046.267085061,"kick_net",0.01,2.676,1,0.742068047117268,0.530550161100048,1,0.276083814306616,77.7114265838288
"3224",6174,"Rot","Inflow","Ephemeroptera","Ephemerellidae",5,"2",212,124046.267085061,"kick_net",0.01,2.676,1,0.742068047117268,0.530550161100048,1,0.276083814306616,77.7114265838288
"3225",6175,"Rot","Inflow","Ephemeroptera","Ephemerellidae",5,"2",212,124046.267085061,"kick_net",0.01,2.676,1,0.742068047117268,0.530550161100048,1,0.276083814306616,77.7114265838288
"3226",6176,"Rot","Inflow","Ephemeroptera","Ephemerellidae",5,"2",212,124046.267085061,"kick_net",0.01,2.676,1,0.742068047117268,0.530550161100048,1,0.276083814306616,77.7114265838288
"3227",6177,"Rot","Inflow","Ephemeroptera","Ephemerellidae",5,"2",212,124046.267085061,"kick_net",0.01,2.676,1,0.742068047117268,0.530550161100048,1,0.276083814306616,77.7114265838288
"3228",6178,"Rot","Inflow","Ephemeroptera","Ephemerellidae",5,"2",212,124046.267085061,"kick_net",0.01,2.676,1,0.742068047117268,0.530550161100048,1,0.276083814306616,77.7114265838288
"3229",6179,"Rot","Inflow","Ephemeroptera","Ephemerellidae",5,"2",212,124046.267085061,"kick_net",0.01,2.676,1,0.742068047117268,0.530550161100048,1,0.276083814306616,77.7114265838288
"3230",6180,"Rot","Inflow","Ephemeroptera","Ephemerellidae",5,"2",212,124046.267085061,"kick_net",0.01,2.676,1,0.742068047117268,0.530550161100048,1,0.276083814306616,77.7114265838288
"3231",6181,"Rot","Inflow","Ephemeroptera","Ephemerellidae",5,"2",212,124046.267085061,"kick_net",0.01,2.676,1,0.742068047117268,0.530550161100048,1,0.276083814306616,77.7114265838288
"3232",6182,"Rot","Inflow","Ephemeroptera","Ephemerellidae",6,"2",212,124046.267085061,"kick_net",0.01,2.676,1,1.20873958772828,0.530550161100048,1,0.276083814306616,77.7114265838288
"3233",6183,"Rot","Inflow","Ephemeroptera","Ephemerellidae",6,"2",212,124046.267085061,"kick_net",0.01,2.676,1,1.20873958772828,0.530550161100048,1,0.276083814306616,77.7114265838288
"3234",6184,"Rot","Inflow","Ephemeroptera","Ephemerellidae",6,"2",212,124046.267085061,"kick_net",0.01,2.676,1,1.20873958772828,0.530550161100048,1,0.276083814306616,77.7114265838288
"3235",6185,"Rot","Inflow","Ephemeroptera","Ephemerellidae",6,"2",212,124046.267085061,"kick_net",0.01,2.676,1,1.20873958772828,0.530550161100048,1,0.276083814306616,77.7114265838288
"3236",6186,"Rot","Inflow","Ephemeroptera","Ephemerellidae",6,"2",212,124046.267085061,"kick_net",0.01,2.676,1,1.20873958772828,0.530550161100048,1,0.276083814306616,77.7114265838288
"3237",6187,"Rot","Inflow","Ephemeroptera","Ephemerellidae",6,"2",212,124046.267085061,"kick_net",0.01,2.676,1,1.20873958772828,0.530550161100048,1,0.276083814306616,77.7114265838288
"3238",6188,"Rot","Inflow","Ephemeroptera","Ephemerellidae",6,"2",212,124046.267085061,"kick_net",0.01,2.676,1,1.20873958772828,0.530550161100048,1,0.276083814306616,77.7114265838288
"3239",6189,"Rot","Inflow","Ephemeroptera","Ephemerellidae",6,"2",212,124046.267085061,"kick_net",0.01,2.676,1,1.20873958772828,0.530550161100048,1,0.276083814306616,77.7114265838288
"3240",6190,"Rot","Inflow","Ephemeroptera","Ephemerellidae",6,"2",212,124046.267085061,"kick_net",0.01,2.676,1,1.20873958772828,0.530550161100048,1,0.276083814306616,77.7114265838288
"3241",6218,"Rot","Inflow","Ephemeroptera","Baetidae",5,"2",212,124046.267085061,"kick_net",0.005,2.875,1,0.511103396223714,0.530550161100048,1,0.276083814306616,77.7114265838288
"3242",6219,"Rot","Inflow","Ephemeroptera","Baetidae",5,"2",212,124046.267085061,"kick_net",0.005,2.875,1,0.511103396223714,0.530550161100048,1,0.276083814306616,77.7114265838288
"3243",6220,"Rot","Inflow","Ephemeroptera","Baetidae",5,"2",212,124046.267085061,"kick_net",0.005,2.875,1,0.511103396223714,0.530550161100048,1,0.276083814306616,77.7114265838288
"3244",6221,"Rot","Inflow","Ephemeroptera","Baetidae",5,"2",212,124046.267085061,"kick_net",0.005,2.875,1,0.511103396223714,0.530550161100048,1,0.276083814306616,77.7114265838288
"3245",6222,"Rot","Inflow","Ephemeroptera","Baetidae",5,"2",212,124046.267085061,"kick_net",0.005,2.875,1,0.511103396223714,0.530550161100048,1,0.276083814306616,77.7114265838288
"3246",6223,"Rot","Inflow","Ephemeroptera","Baetidae",5,"2",212,124046.267085061,"kick_net",0.005,2.875,1,0.511103396223714,0.530550161100048,1,0.276083814306616,77.7114265838288
"3247",6224,"Rot","Inflow","Ephemeroptera","Baetidae",5,"2",212,124046.267085061,"kick_net",0.005,2.875,1,0.511103396223714,0.530550161100048,1,0.276083814306616,77.7114265838288
"3248",6225,"Rot","Inflow","Ephemeroptera","Baetidae",6,"2",212,124046.267085061,"kick_net",0.005,2.875,1,0.863286300593756,0.530550161100048,1,0.276083814306616,77.7114265838288
"3249",6226,"Rot","Inflow","Ephemeroptera","Baetidae",6,"2",212,124046.267085061,"kick_net",0.005,2.875,1,0.863286300593756,0.530550161100048,1,0.276083814306616,77.7114265838288
"3250",6227,"Rot","Inflow","Ephemeroptera","Baetidae",7,"2",212,124046.267085061,"kick_net",0.005,2.875,1,1.34470453452202,0.530550161100048,1,0.276083814306616,77.7114265838288
"3251",6233,"Rot","Inflow","Diptera","Chironomidae",7,"2",212,124046.267085061,"kick_net",0.002,2.62,1,0.327481567511863,0.530550161100048,1,0.276083814306616,77.7114265838288
"3252",6234,"Rot","Inflow","Diptera","Chironomidae",8,"2",212,124046.267085061,"kick_net",0.002,2.62,1,0.464649807522386,0.530550161100048,1,0.276083814306616,77.7114265838288
"3253",6235,"Rot","Inflow","Diptera","Chironomidae",8,"2",212,124046.267085061,"kick_net",0.002,2.62,1,0.464649807522386,0.530550161100048,1,0.276083814306616,77.7114265838288
"3254",6236,"Rot","Inflow","Diptera","Chironomidae",8,"2",212,124046.267085061,"kick_net",0.002,2.62,1,0.464649807522386,0.530550161100048,1,0.276083814306616,77.7114265838288
"3255",6237,"Rot","Inflow","Diptera","Chironomidae",8,"2",212,124046.267085061,"kick_net",0.002,2.62,1,0.464649807522386,0.530550161100048,1,0.276083814306616,77.7114265838288
"3256",6238,"Rot","Inflow","Diptera","Chironomidae",8,"2",212,124046.267085061,"kick_net",0.002,2.62,1,0.464649807522386,0.530550161100048,1,0.276083814306616,77.7114265838288
"3257",6239,"Rot","Inflow","Diptera","Chironomidae",8,"2",212,124046.267085061,"kick_net",0.002,2.62,1,0.464649807522386,0.530550161100048,1,0.276083814306616,77.7114265838288
"3258",6240,"Rot","Inflow","Diptera","Chironomidae",9,"2",212,124046.267085061,"kick_net",0.002,2.62,1,0.63262357257604,0.530550161100048,1,0.276083814306616,77.7114265838288
"3259",6241,"Rot","Inflow","Diptera","Chironomidae",9,"2",212,124046.267085061,"kick_net",0.002,2.62,1,0.63262357257604,0.530550161100048,1,0.276083814306616,77.7114265838288
"3260",6242,"Rot","Inflow","Diptera","Chironomidae",10,"2",212,124046.267085061,"kick_net",0.002,2.62,1,0.833738766940671,0.530550161100048,1,0.276083814306616,77.7114265838288
"3261",6246,"Rot","Inflow","Diptera","Simuliidae",6,"2",212,124046.267085061,"kick_net",0.002,3.01,1,0.439810161615349,0.530550161100048,1,0.276083814306616,77.7114265838288
"3262",6247,"Rot","Inflow","Diptera","Simuliidae",6,"2",212,124046.267085061,"kick_net",0.002,3.01,1,0.439810161615349,0.530550161100048,1,0.276083814306616,77.7114265838288
"3263",6248,"Rot","Inflow","Diptera","Simuliidae",6,"2",212,124046.267085061,"kick_net",0.002,3.01,1,0.439810161615349,0.530550161100048,1,0.276083814306616,77.7114265838288
"3264",6249,"Rot","Inflow","Plecoptera","Nemouridae",4,"2",212,124046.267085061,"kick_net",0.006,2.762,1,0.276083814306616,0.530550161100048,1,0.276083814306616,77.7114265838288
"3265",6250,"Rot","Inflow","Plecoptera","Nemouridae",5,"2",212,124046.267085061,"kick_net",0.006,2.762,1,0.511336038351065,0.530550161100048,1,0.276083814306616,77.7114265838288
"3266",6251,"Rot","Inflow","Trichoptera","Rhyacophilidae",16,"2",212,124046.267085061,"kick_net",0.01,2.48,1,9.6876303024701,0.530550161100048,1,0.276083814306616,77.7114265838288
"3267",6252,"Rot","Inflow","Trichoptera","Hydropsychidae",10,"2",212,124046.267085061,"kick_net",0.005,2.926,1,4.21667378882138,0.530550161100048,1,0.276083814306616,77.7114265838288
"3268",6253,"Rot","Inflow","Trichoptera","Hydropsychidae",10,"2",212,124046.267085061,"kick_net",0.005,2.926,1,4.21667378882138,0.530550161100048,1,0.276083814306616,77.7114265838288
"3269",6254,"Rot","Inflow","Trichoptera","Hydropsychidae",16,"2",212,124046.267085061,"kick_net",0.005,2.926,1,16.681114891678,0.530550161100048,1,0.276083814306616,77.7114265838288
"3270",6255,"Rot","Inflow","Trichoptera","Brachycentridae",26,"2",212,124046.267085061,"kick_net",0.008,2.818,1,77.7114265838288,0.530550161100048,1,0.276083814306616,77.7114265838288
"3271",6256,"Rot","Inflow","Trichoptera","Brachycentridae",26,"2",212,124046.267085061,"kick_net",0.008,2.818,1,77.7114265838288,0.530550161100048,1,0.276083814306616,77.7114265838288
"3272",6258,"Rot","Inflow","Coleoptera","Elmidae",5,"2",212,124046.267085061,"kick_net",0.007,2.88,1,0.721326109625354,0.530550161100048,1,0.276083814306616,77.7114265838288
"3273",6270,"Rot","Inflow","Amphipoda","Gammaridae",4,"2",212,124046.267085061,"kick_net",0.00845,2.8705,1,0.451928691384938,0.530550161100048,1,0.276083814306616,77.7114265838288
"3274",6271,"Rot","Inflow","Amphipoda","Gammaridae",4,"2",212,124046.267085061,"kick_net",0.00845,2.8705,1,0.451928691384938,0.530550161100048,1,0.276083814306616,77.7114265838288
"3275",6272,"Rot","Inflow","Amphipoda","Gammaridae",4,"2",212,124046.267085061,"kick_net",0.00845,2.8705,1,0.451928691384938,0.530550161100048,1,0.276083814306616,77.7114265838288
"3276",6273,"Rot","Inflow","Amphipoda","Gammaridae",5,"2",212,124046.267085061,"kick_net",0.00845,2.8705,1,0.857531547980516,0.530550161100048,1,0.276083814306616,77.7114265838288
"3277",6274,"Rot","Inflow","Amphipoda","Gammaridae",5,"2",212,124046.267085061,"kick_net",0.00845,2.8705,1,0.857531547980516,0.530550161100048,1,0.276083814306616,77.7114265838288
"3278",6275,"Rot","Inflow","Amphipoda","Gammaridae",7,"2",212,124046.267085061,"kick_net",0.00845,2.8705,1,2.25273772956822,0.530550161100048,1,0.276083814306616,77.7114265838288
"3279",6276,"Rot","Inflow","Amphipoda","Gammaridae",7,"2",212,124046.267085061,"kick_net",0.00845,2.8705,1,2.25273772956822,0.530550161100048,1,0.276083814306616,77.7114265838288
"3280",6277,"Rot","Inflow","Amphipoda","Gammaridae",7,"2",212,124046.267085061,"kick_net",0.00845,2.8705,1,2.25273772956822,0.530550161100048,1,0.276083814306616,77.7114265838288
"3281",6278,"Rot","Inflow","Amphipoda","Gammaridae",7,"2",212,124046.267085061,"kick_net",0.00845,2.8705,1,2.25273772956822,0.530550161100048,1,0.276083814306616,77.7114265838288
"3282",6279,"Rot","Inflow","Amphipoda","Gammaridae",7,"2",212,124046.267085061,"kick_net",0.00845,2.8705,1,2.25273772956822,0.530550161100048,1,0.276083814306616,77.7114265838288
"3283",6280,"Rot","Inflow","Amphipoda","Gammaridae",8,"2",212,124046.267085061,"kick_net",0.00845,2.8705,1,3.30503845216443,0.530550161100048,1,0.276083814306616,77.7114265838288
"3284",6281,"Rot","Inflow","Amphipoda","Gammaridae",8,"2",212,124046.267085061,"kick_net",0.00845,2.8705,1,3.30503845216443,0.530550161100048,1,0.276083814306616,77.7114265838288
"3285",6282,"Rot","Inflow","Amphipoda","Gammaridae",8,"2",212,124046.267085061,"kick_net",0.00845,2.8705,1,3.30503845216443,0.530550161100048,1,0.276083814306616,77.7114265838288
"3286",6283,"Rot","Inflow","Amphipoda","Gammaridae",8,"2",212,124046.267085061,"kick_net",0.00845,2.8705,1,3.30503845216443,0.530550161100048,1,0.276083814306616,77.7114265838288
"3287",6284,"Rot","Inflow","Amphipoda","Gammaridae",8,"2",212,124046.267085061,"kick_net",0.00845,2.8705,1,3.30503845216443,0.530550161100048,1,0.276083814306616,77.7114265838288
"3288",6285,"Rot","Inflow","Amphipoda","Gammaridae",8,"2",212,124046.267085061,"kick_net",0.00845,2.8705,1,3.30503845216443,0.530550161100048,1,0.276083814306616,77.7114265838288
"3289",6286,"Rot","Inflow","Amphipoda","Gammaridae",8,"2",212,124046.267085061,"kick_net",0.00845,2.8705,1,3.30503845216443,0.530550161100048,1,0.276083814306616,77.7114265838288
"3290",6287,"Rot","Inflow","Amphipoda","Gammaridae",8,"2",212,124046.267085061,"kick_net",0.00845,2.8705,1,3.30503845216443,0.530550161100048,1,0.276083814306616,77.7114265838288
"3291",6288,"Rot","Inflow","Amphipoda","Gammaridae",8,"2",212,124046.267085061,"kick_net",0.00845,2.8705,1,3.30503845216443,0.530550161100048,1,0.276083814306616,77.7114265838288
"3292",6289,"Rot","Inflow","Amphipoda","Gammaridae",8,"2",212,124046.267085061,"kick_net",0.00845,2.8705,1,3.30503845216443,0.530550161100048,1,0.276083814306616,77.7114265838288
"3293",6290,"Rot","Inflow","Amphipoda","Gammaridae",8,"2",212,124046.267085061,"kick_net",0.00845,2.8705,1,3.30503845216443,0.530550161100048,1,0.276083814306616,77.7114265838288
"3294",6291,"Rot","Inflow","Amphipoda","Gammaridae",9,"2",212,124046.267085061,"kick_net",0.00845,2.8705,1,4.6345741215268,0.530550161100048,1,0.276083814306616,77.7114265838288
"3295",6292,"Rot","Inflow","Amphipoda","Gammaridae",9,"2",212,124046.267085061,"kick_net",0.00845,2.8705,1,4.6345741215268,0.530550161100048,1,0.276083814306616,77.7114265838288
"3296",6293,"Rot","Inflow","Amphipoda","Gammaridae",9,"2",212,124046.267085061,"kick_net",0.00845,2.8705,1,4.6345741215268,0.530550161100048,1,0.276083814306616,77.7114265838288
"3297",6294,"Rot","Inflow","Amphipoda","Gammaridae",9,"2",212,124046.267085061,"kick_net",0.00845,2.8705,1,4.6345741215268,0.530550161100048,1,0.276083814306616,77.7114265838288
"3298",6295,"Rot","Inflow","Amphipoda","Gammaridae",9,"2",212,124046.267085061,"kick_net",0.00845,2.8705,1,4.6345741215268,0.530550161100048,1,0.276083814306616,77.7114265838288
"3299",6296,"Rot","Inflow","Amphipoda","Gammaridae",9,"2",212,124046.267085061,"kick_net",0.00845,2.8705,1,4.6345741215268,0.530550161100048,1,0.276083814306616,77.7114265838288
"3300",6297,"Rot","Inflow","Amphipoda","Gammaridae",9,"2",212,124046.267085061,"kick_net",0.00845,2.8705,1,4.6345741215268,0.530550161100048,1,0.276083814306616,77.7114265838288
"3301",6298,"Rot","Inflow","Amphipoda","Gammaridae",10,"2",212,124046.267085061,"kick_net",0.00845,2.8705,1,6.27128747089358,0.530550161100048,1,0.276083814306616,77.7114265838288
"3302",6299,"Rot","Inflow","Amphipoda","Gammaridae",10,"2",212,124046.267085061,"kick_net",0.00845,2.8705,1,6.27128747089358,0.530550161100048,1,0.276083814306616,77.7114265838288
"3303",6300,"Rot","Inflow","Amphipoda","Gammaridae",10,"2",212,124046.267085061,"kick_net",0.00845,2.8705,1,6.27128747089358,0.530550161100048,1,0.276083814306616,77.7114265838288
"3304",6301,"Rot","Inflow","Amphipoda","Gammaridae",10,"2",212,124046.267085061,"kick_net",0.00845,2.8705,1,6.27128747089358,0.530550161100048,1,0.276083814306616,77.7114265838288
"3305",6302,"Rot","Inflow","Amphipoda","Gammaridae",10,"2",212,124046.267085061,"kick_net",0.00845,2.8705,1,6.27128747089358,0.530550161100048,1,0.276083814306616,77.7114265838288
"3306",6303,"Rot","Inflow","Amphipoda","Gammaridae",10,"2",212,124046.267085061,"kick_net",0.00845,2.8705,1,6.27128747089358,0.530550161100048,1,0.276083814306616,77.7114265838288
"3307",6304,"Rot","Inflow","Amphipoda","Gammaridae",10,"2",212,124046.267085061,"kick_net",0.00845,2.8705,1,6.27128747089358,0.530550161100048,1,0.276083814306616,77.7114265838288
"3308",6305,"Rot","Inflow","Amphipoda","Gammaridae",11,"2",212,124046.267085061,"kick_net",0.00845,2.8705,1,8.24469153511625,0.530550161100048,1,0.276083814306616,77.7114265838288
"3309",6306,"Rot","Inflow","Amphipoda","Gammaridae",11,"2",212,124046.267085061,"kick_net",0.00845,2.8705,1,8.24469153511625,0.530550161100048,1,0.276083814306616,77.7114265838288
"3310",6307,"Rot","Inflow","Amphipoda","Gammaridae",11,"2",212,124046.267085061,"kick_net",0.00845,2.8705,1,8.24469153511625,0.530550161100048,1,0.276083814306616,77.7114265838288
"3311",6308,"Rot","Inflow","Amphipoda","Gammaridae",11,"2",212,124046.267085061,"kick_net",0.00845,2.8705,1,8.24469153511625,0.530550161100048,1,0.276083814306616,77.7114265838288
"3312",6309,"Rot","Inflow","Amphipoda","Gammaridae",11,"2",212,124046.267085061,"kick_net",0.00845,2.8705,1,8.24469153511625,0.530550161100048,1,0.276083814306616,77.7114265838288
"3313",6310,"Rot","Inflow","Amphipoda","Gammaridae",12,"2",212,124046.267085061,"kick_net",0.00845,2.8705,1,10.5839182261171,0.530550161100048,1,0.276083814306616,77.7114265838288
"3314",6311,"Rot","Inflow","Amphipoda","Gammaridae",12,"2",212,124046.267085061,"kick_net",0.00845,2.8705,1,10.5839182261171,0.530550161100048,1,0.276083814306616,77.7114265838288
"3315",6312,"Rot","Inflow","Amphipoda","Gammaridae",14,"2",212,124046.267085061,"kick_net",0.00845,2.8705,1,16.4746893941346,0.530550161100048,1,0.276083814306616,77.7114265838288
"3316",6313,"Rot","Pool","Gastropoda","Ancylidae",2,"2",212,124046.267085061,"kick_net",0.0977,3.13,1,0.855299956905394,0.530550161100048,1,0.408425206025265,11.2593501428967
"3317",6314,"Rot","Pool","Gastropoda","Ancylidae",3,"2",212,124046.267085061,"kick_net",0.0977,3.13,1,3.04287485214773,0.530550161100048,1,0.408425206025265,11.2593501428967
"3318",6315,"Rot","Pool","Gastropoda","Hydrobiidae",2,"2",212,124046.267085061,"kick_net",0.182,2.82,1,1.28521556259919,0.530550161100048,1,0.408425206025265,11.2593501428967
"3319",6360,"Rot","Pool","Ephemeroptera","Ephemerellidae",4,"2",212,124046.267085061,"kick_net",0.01,2.676,1,0.408425206025265,0.530550161100048,1,0.408425206025265,11.2593501428967
"3320",6361,"Rot","Pool","Ephemeroptera","Ephemerellidae",4,"2",212,124046.267085061,"kick_net",0.01,2.676,1,0.408425206025265,0.530550161100048,1,0.408425206025265,11.2593501428967
"3321",6362,"Rot","Pool","Ephemeroptera","Ephemerellidae",4,"2",212,124046.267085061,"kick_net",0.01,2.676,1,0.408425206025265,0.530550161100048,1,0.408425206025265,11.2593501428967
"3322",6363,"Rot","Pool","Ephemeroptera","Ephemerellidae",4,"2",212,124046.267085061,"kick_net",0.01,2.676,1,0.408425206025265,0.530550161100048,1,0.408425206025265,11.2593501428967
"3323",6364,"Rot","Pool","Ephemeroptera","Ephemerellidae",4,"2",212,124046.267085061,"kick_net",0.01,2.676,1,0.408425206025265,0.530550161100048,1,0.408425206025265,11.2593501428967
"3324",6365,"Rot","Pool","Ephemeroptera","Ephemerellidae",4,"2",212,124046.267085061,"kick_net",0.01,2.676,1,0.408425206025265,0.530550161100048,1,0.408425206025265,11.2593501428967
"3325",6366,"Rot","Pool","Ephemeroptera","Ephemerellidae",4,"2",212,124046.267085061,"kick_net",0.01,2.676,1,0.408425206025265,0.530550161100048,1,0.408425206025265,11.2593501428967
"3326",6367,"Rot","Pool","Ephemeroptera","Ephemerellidae",4,"2",212,124046.267085061,"kick_net",0.01,2.676,1,0.408425206025265,0.530550161100048,1,0.408425206025265,11.2593501428967
"3327",6368,"Rot","Pool","Ephemeroptera","Ephemerellidae",4,"2",212,124046.267085061,"kick_net",0.01,2.676,1,0.408425206025265,0.530550161100048,1,0.408425206025265,11.2593501428967
"3328",6369,"Rot","Pool","Ephemeroptera","Ephemerellidae",4,"2",212,124046.267085061,"kick_net",0.01,2.676,1,0.408425206025265,0.530550161100048,1,0.408425206025265,11.2593501428967
"3329",6370,"Rot","Pool","Ephemeroptera","Ephemerellidae",4,"2",212,124046.267085061,"kick_net",0.01,2.676,1,0.408425206025265,0.530550161100048,1,0.408425206025265,11.2593501428967
"3330",6371,"Rot","Pool","Ephemeroptera","Ephemerellidae",4,"2",212,124046.267085061,"kick_net",0.01,2.676,1,0.408425206025265,0.530550161100048,1,0.408425206025265,11.2593501428967
"3331",6372,"Rot","Pool","Ephemeroptera","Ephemerellidae",4,"2",212,124046.267085061,"kick_net",0.01,2.676,1,0.408425206025265,0.530550161100048,1,0.408425206025265,11.2593501428967
"3332",6373,"Rot","Pool","Ephemeroptera","Ephemerellidae",4,"2",212,124046.267085061,"kick_net",0.01,2.676,1,0.408425206025265,0.530550161100048,1,0.408425206025265,11.2593501428967
"3333",6374,"Rot","Pool","Ephemeroptera","Ephemerellidae",4,"2",212,124046.267085061,"kick_net",0.01,2.676,1,0.408425206025265,0.530550161100048,1,0.408425206025265,11.2593501428967
"3334",6375,"Rot","Pool","Ephemeroptera","Ephemerellidae",4,"2",212,124046.267085061,"kick_net",0.01,2.676,1,0.408425206025265,0.530550161100048,1,0.408425206025265,11.2593501428967
"3335",6376,"Rot","Pool","Ephemeroptera","Ephemerellidae",4,"2",212,124046.267085061,"kick_net",0.01,2.676,1,0.408425206025265,0.530550161100048,1,0.408425206025265,11.2593501428967
"3336",6377,"Rot","Pool","Ephemeroptera","Ephemerellidae",4,"2",212,124046.267085061,"kick_net",0.01,2.676,1,0.408425206025265,0.530550161100048,1,0.408425206025265,11.2593501428967
"3337",6378,"Rot","Pool","Ephemeroptera","Ephemerellidae",5,"2",212,124046.267085061,"kick_net",0.01,2.676,1,0.742068047117268,0.530550161100048,1,0.408425206025265,11.2593501428967
"3338",6379,"Rot","Pool","Ephemeroptera","Ephemerellidae",5,"2",212,124046.267085061,"kick_net",0.01,2.676,1,0.742068047117268,0.530550161100048,1,0.408425206025265,11.2593501428967
"3339",6380,"Rot","Pool","Ephemeroptera","Ephemerellidae",5,"2",212,124046.267085061,"kick_net",0.01,2.676,1,0.742068047117268,0.530550161100048,1,0.408425206025265,11.2593501428967
"3340",6381,"Rot","Pool","Ephemeroptera","Ephemerellidae",5,"2",212,124046.267085061,"kick_net",0.01,2.676,1,0.742068047117268,0.530550161100048,1,0.408425206025265,11.2593501428967
"3341",6382,"Rot","Pool","Ephemeroptera","Ephemerellidae",5,"2",212,124046.267085061,"kick_net",0.01,2.676,1,0.742068047117268,0.530550161100048,1,0.408425206025265,11.2593501428967
"3342",6383,"Rot","Pool","Ephemeroptera","Ephemerellidae",5,"2",212,124046.267085061,"kick_net",0.01,2.676,1,0.742068047117268,0.530550161100048,1,0.408425206025265,11.2593501428967
"3343",6384,"Rot","Pool","Ephemeroptera","Ephemerellidae",5,"2",212,124046.267085061,"kick_net",0.01,2.676,1,0.742068047117268,0.530550161100048,1,0.408425206025265,11.2593501428967
"3344",6385,"Rot","Pool","Ephemeroptera","Ephemerellidae",5,"2",212,124046.267085061,"kick_net",0.01,2.676,1,0.742068047117268,0.530550161100048,1,0.408425206025265,11.2593501428967
"3345",6386,"Rot","Pool","Ephemeroptera","Ephemerellidae",5,"2",212,124046.267085061,"kick_net",0.01,2.676,1,0.742068047117268,0.530550161100048,1,0.408425206025265,11.2593501428967
"3346",6387,"Rot","Pool","Ephemeroptera","Ephemerellidae",5,"2",212,124046.267085061,"kick_net",0.01,2.676,1,0.742068047117268,0.530550161100048,1,0.408425206025265,11.2593501428967
"3347",6388,"Rot","Pool","Ephemeroptera","Ephemerellidae",5,"2",212,124046.267085061,"kick_net",0.01,2.676,1,0.742068047117268,0.530550161100048,1,0.408425206025265,11.2593501428967
"3348",6389,"Rot","Pool","Ephemeroptera","Ephemerellidae",5,"2",212,124046.267085061,"kick_net",0.01,2.676,1,0.742068047117268,0.530550161100048,1,0.408425206025265,11.2593501428967
"3349",6390,"Rot","Pool","Ephemeroptera","Ephemerellidae",5,"2",212,124046.267085061,"kick_net",0.01,2.676,1,0.742068047117268,0.530550161100048,1,0.408425206025265,11.2593501428967
"3350",6391,"Rot","Pool","Ephemeroptera","Ephemerellidae",5,"2",212,124046.267085061,"kick_net",0.01,2.676,1,0.742068047117268,0.530550161100048,1,0.408425206025265,11.2593501428967
"3351",6392,"Rot","Pool","Ephemeroptera","Ephemerellidae",5,"2",212,124046.267085061,"kick_net",0.01,2.676,1,0.742068047117268,0.530550161100048,1,0.408425206025265,11.2593501428967
"3352",6393,"Rot","Pool","Ephemeroptera","Ephemerellidae",5,"2",212,124046.267085061,"kick_net",0.01,2.676,1,0.742068047117268,0.530550161100048,1,0.408425206025265,11.2593501428967
"3353",6394,"Rot","Pool","Ephemeroptera","Ephemerellidae",5,"2",212,124046.267085061,"kick_net",0.01,2.676,1,0.742068047117268,0.530550161100048,1,0.408425206025265,11.2593501428967
"3354",6395,"Rot","Pool","Ephemeroptera","Ephemerellidae",5,"2",212,124046.267085061,"kick_net",0.01,2.676,1,0.742068047117268,0.530550161100048,1,0.408425206025265,11.2593501428967
"3355",6396,"Rot","Pool","Ephemeroptera","Ephemerellidae",5,"2",212,124046.267085061,"kick_net",0.01,2.676,1,0.742068047117268,0.530550161100048,1,0.408425206025265,11.2593501428967
"3356",6397,"Rot","Pool","Ephemeroptera","Ephemerellidae",5,"2",212,124046.267085061,"kick_net",0.01,2.676,1,0.742068047117268,0.530550161100048,1,0.408425206025265,11.2593501428967
"3357",6398,"Rot","Pool","Ephemeroptera","Ephemerellidae",5,"2",212,124046.267085061,"kick_net",0.01,2.676,1,0.742068047117268,0.530550161100048,1,0.408425206025265,11.2593501428967
"3358",6399,"Rot","Pool","Ephemeroptera","Ephemerellidae",5,"2",212,124046.267085061,"kick_net",0.01,2.676,1,0.742068047117268,0.530550161100048,1,0.408425206025265,11.2593501428967
"3359",6400,"Rot","Pool","Ephemeroptera","Ephemerellidae",5,"2",212,124046.267085061,"kick_net",0.01,2.676,1,0.742068047117268,0.530550161100048,1,0.408425206025265,11.2593501428967
"3360",6401,"Rot","Pool","Ephemeroptera","Ephemerellidae",5,"2",212,124046.267085061,"kick_net",0.01,2.676,1,0.742068047117268,0.530550161100048,1,0.408425206025265,11.2593501428967
"3361",6402,"Rot","Pool","Ephemeroptera","Ephemerellidae",5,"2",212,124046.267085061,"kick_net",0.01,2.676,1,0.742068047117268,0.530550161100048,1,0.408425206025265,11.2593501428967
"3362",6403,"Rot","Pool","Ephemeroptera","Ephemerellidae",5,"2",212,124046.267085061,"kick_net",0.01,2.676,1,0.742068047117268,0.530550161100048,1,0.408425206025265,11.2593501428967
"3363",6404,"Rot","Pool","Ephemeroptera","Ephemerellidae",5,"2",212,124046.267085061,"kick_net",0.01,2.676,1,0.742068047117268,0.530550161100048,1,0.408425206025265,11.2593501428967
"3364",6405,"Rot","Pool","Ephemeroptera","Ephemerellidae",6,"2",212,124046.267085061,"kick_net",0.01,2.676,1,1.20873958772828,0.530550161100048,1,0.408425206025265,11.2593501428967
"3365",6406,"Rot","Pool","Ephemeroptera","Ephemerellidae",6,"2",212,124046.267085061,"kick_net",0.01,2.676,1,1.20873958772828,0.530550161100048,1,0.408425206025265,11.2593501428967
"3366",6407,"Rot","Pool","Ephemeroptera","Ephemerellidae",6,"2",212,124046.267085061,"kick_net",0.01,2.676,1,1.20873958772828,0.530550161100048,1,0.408425206025265,11.2593501428967
"3367",6408,"Rot","Pool","Ephemeroptera","Ephemerellidae",6,"2",212,124046.267085061,"kick_net",0.01,2.676,1,1.20873958772828,0.530550161100048,1,0.408425206025265,11.2593501428967
"3368",6409,"Rot","Pool","Ephemeroptera","Ephemerellidae",6,"2",212,124046.267085061,"kick_net",0.01,2.676,1,1.20873958772828,0.530550161100048,1,0.408425206025265,11.2593501428967
"3369",6410,"Rot","Pool","Ephemeroptera","Ephemerellidae",6,"2",212,124046.267085061,"kick_net",0.01,2.676,1,1.20873958772828,0.530550161100048,1,0.408425206025265,11.2593501428967
"3370",6411,"Rot","Pool","Ephemeroptera","Ephemerellidae",6,"2",212,124046.267085061,"kick_net",0.01,2.676,1,1.20873958772828,0.530550161100048,1,0.408425206025265,11.2593501428967
"3371",6412,"Rot","Pool","Ephemeroptera","Ephemerellidae",6,"2",212,124046.267085061,"kick_net",0.01,2.676,1,1.20873958772828,0.530550161100048,1,0.408425206025265,11.2593501428967
"3372",6413,"Rot","Pool","Ephemeroptera","Ephemerellidae",7,"2",212,124046.267085061,"kick_net",0.01,2.676,1,1.82592256228061,0.530550161100048,1,0.408425206025265,11.2593501428967
"3373",6414,"Rot","Pool","Ephemeroptera","Ephemerellidae",7,"2",212,124046.267085061,"kick_net",0.01,2.676,1,1.82592256228061,0.530550161100048,1,0.408425206025265,11.2593501428967
"3374",6415,"Rot","Pool","Ephemeroptera","Ephemerellidae",7,"2",212,124046.267085061,"kick_net",0.01,2.676,1,1.82592256228061,0.530550161100048,1,0.408425206025265,11.2593501428967
"3375",6416,"Rot","Pool","Ephemeroptera","Ephemerellidae",7,"2",212,124046.267085061,"kick_net",0.01,2.676,1,1.82592256228061,0.530550161100048,1,0.408425206025265,11.2593501428967
"3376",6489,"Rot","Pool","Ephemeroptera","Baetidae",5,"2",212,124046.267085061,"kick_net",0.005,2.875,1,0.511103396223714,0.530550161100048,1,0.408425206025265,11.2593501428967
"3377",6490,"Rot","Pool","Ephemeroptera","Baetidae",5,"2",212,124046.267085061,"kick_net",0.005,2.875,1,0.511103396223714,0.530550161100048,1,0.408425206025265,11.2593501428967
"3378",6491,"Rot","Pool","Ephemeroptera","Baetidae",5,"2",212,124046.267085061,"kick_net",0.005,2.875,1,0.511103396223714,0.530550161100048,1,0.408425206025265,11.2593501428967
"3379",6492,"Rot","Pool","Ephemeroptera","Baetidae",5,"2",212,124046.267085061,"kick_net",0.005,2.875,1,0.511103396223714,0.530550161100048,1,0.408425206025265,11.2593501428967
"3380",6493,"Rot","Pool","Ephemeroptera","Baetidae",5,"2",212,124046.267085061,"kick_net",0.005,2.875,1,0.511103396223714,0.530550161100048,1,0.408425206025265,11.2593501428967
"3381",6494,"Rot","Pool","Ephemeroptera","Baetidae",5,"2",212,124046.267085061,"kick_net",0.005,2.875,1,0.511103396223714,0.530550161100048,1,0.408425206025265,11.2593501428967
"3382",6495,"Rot","Pool","Ephemeroptera","Baetidae",5,"2",212,124046.267085061,"kick_net",0.005,2.875,1,0.511103396223714,0.530550161100048,1,0.408425206025265,11.2593501428967
"3383",6496,"Rot","Pool","Ephemeroptera","Baetidae",5,"2",212,124046.267085061,"kick_net",0.005,2.875,1,0.511103396223714,0.530550161100048,1,0.408425206025265,11.2593501428967
"3384",6497,"Rot","Pool","Ephemeroptera","Baetidae",5,"2",212,124046.267085061,"kick_net",0.005,2.875,1,0.511103396223714,0.530550161100048,1,0.408425206025265,11.2593501428967
"3385",6498,"Rot","Pool","Ephemeroptera","Baetidae",5,"2",212,124046.267085061,"kick_net",0.005,2.875,1,0.511103396223714,0.530550161100048,1,0.408425206025265,11.2593501428967
"3386",6499,"Rot","Pool","Ephemeroptera","Baetidae",5,"2",212,124046.267085061,"kick_net",0.005,2.875,1,0.511103396223714,0.530550161100048,1,0.408425206025265,11.2593501428967
"3387",6500,"Rot","Pool","Ephemeroptera","Baetidae",5,"2",212,124046.267085061,"kick_net",0.005,2.875,1,0.511103396223714,0.530550161100048,1,0.408425206025265,11.2593501428967
"3388",6501,"Rot","Pool","Ephemeroptera","Baetidae",5,"2",212,124046.267085061,"kick_net",0.005,2.875,1,0.511103396223714,0.530550161100048,1,0.408425206025265,11.2593501428967
"3389",6502,"Rot","Pool","Ephemeroptera","Baetidae",5,"2",212,124046.267085061,"kick_net",0.005,2.875,1,0.511103396223714,0.530550161100048,1,0.408425206025265,11.2593501428967
"3390",6503,"Rot","Pool","Ephemeroptera","Baetidae",5,"2",212,124046.267085061,"kick_net",0.005,2.875,1,0.511103396223714,0.530550161100048,1,0.408425206025265,11.2593501428967
"3391",6504,"Rot","Pool","Ephemeroptera","Baetidae",5,"2",212,124046.267085061,"kick_net",0.005,2.875,1,0.511103396223714,0.530550161100048,1,0.408425206025265,11.2593501428967
"3392",6505,"Rot","Pool","Ephemeroptera","Baetidae",5,"2",212,124046.267085061,"kick_net",0.005,2.875,1,0.511103396223714,0.530550161100048,1,0.408425206025265,11.2593501428967
"3393",6506,"Rot","Pool","Ephemeroptera","Baetidae",5,"2",212,124046.267085061,"kick_net",0.005,2.875,1,0.511103396223714,0.530550161100048,1,0.408425206025265,11.2593501428967
"3394",6507,"Rot","Pool","Ephemeroptera","Baetidae",5,"2",212,124046.267085061,"kick_net",0.005,2.875,1,0.511103396223714,0.530550161100048,1,0.408425206025265,11.2593501428967
"3395",6508,"Rot","Pool","Ephemeroptera","Baetidae",6,"2",212,124046.267085061,"kick_net",0.005,2.875,1,0.863286300593756,0.530550161100048,1,0.408425206025265,11.2593501428967
"3396",6509,"Rot","Pool","Ephemeroptera","Baetidae",6,"2",212,124046.267085061,"kick_net",0.005,2.875,1,0.863286300593756,0.530550161100048,1,0.408425206025265,11.2593501428967
"3397",6510,"Rot","Pool","Ephemeroptera","Baetidae",6,"2",212,124046.267085061,"kick_net",0.005,2.875,1,0.863286300593756,0.530550161100048,1,0.408425206025265,11.2593501428967
"3398",6511,"Rot","Pool","Ephemeroptera","Baetidae",6,"2",212,124046.267085061,"kick_net",0.005,2.875,1,0.863286300593756,0.530550161100048,1,0.408425206025265,11.2593501428967
"3399",6512,"Rot","Pool","Ephemeroptera","Baetidae",7,"2",212,124046.267085061,"kick_net",0.005,2.875,1,1.34470453452202,0.530550161100048,1,0.408425206025265,11.2593501428967
"3400",6513,"Rot","Pool","Ephemeroptera","Baetidae",7,"2",212,124046.267085061,"kick_net",0.005,2.875,1,1.34470453452202,0.530550161100048,1,0.408425206025265,11.2593501428967
"3401",6544,"Rot","Pool","Diptera","Simuliidae",6,"2",212,124046.267085061,"kick_net",0.002,3.01,1,0.439810161615349,0.530550161100048,1,0.408425206025265,11.2593501428967
"3402",6545,"Rot","Pool","Diptera","Simuliidae",6,"2",212,124046.267085061,"kick_net",0.002,3.01,1,0.439810161615349,0.530550161100048,1,0.408425206025265,11.2593501428967
"3403",6546,"Rot","Pool","Diptera","Simuliidae",6,"2",212,124046.267085061,"kick_net",0.002,3.01,1,0.439810161615349,0.530550161100048,1,0.408425206025265,11.2593501428967
"3404",6547,"Rot","Pool","Diptera","Simuliidae",6,"2",212,124046.267085061,"kick_net",0.002,3.01,1,0.439810161615349,0.530550161100048,1,0.408425206025265,11.2593501428967
"3405",6548,"Rot","Pool","Diptera","Simuliidae",6,"2",212,124046.267085061,"kick_net",0.002,3.01,1,0.439810161615349,0.530550161100048,1,0.408425206025265,11.2593501428967
"3406",6549,"Rot","Pool","Diptera","Simuliidae",6,"2",212,124046.267085061,"kick_net",0.002,3.01,1,0.439810161615349,0.530550161100048,1,0.408425206025265,11.2593501428967
"3407",6550,"Rot","Pool","Diptera","Simuliidae",7,"2",212,124046.267085061,"kick_net",0.002,3.01,1,0.699479669405531,0.530550161100048,1,0.408425206025265,11.2593501428967
"3408",6551,"Rot","Pool","Diptera","Simuliidae",7,"2",212,124046.267085061,"kick_net",0.002,3.01,1,0.699479669405531,0.530550161100048,1,0.408425206025265,11.2593501428967
"3409",6552,"Rot","Pool","Diptera","Simuliidae",7,"2",212,124046.267085061,"kick_net",0.002,3.01,1,0.699479669405531,0.530550161100048,1,0.408425206025265,11.2593501428967
"3410",6553,"Rot","Pool","Diptera","Simuliidae",7,"2",212,124046.267085061,"kick_net",0.002,3.01,1,0.699479669405531,0.530550161100048,1,0.408425206025265,11.2593501428967
"3411",6554,"Rot","Pool","Diptera","Simuliidae",7,"2",212,124046.267085061,"kick_net",0.002,3.01,1,0.699479669405531,0.530550161100048,1,0.408425206025265,11.2593501428967
"3412",6555,"Rot","Pool","Diptera","Simuliidae",9,"2",212,124046.267085061,"kick_net",0.002,3.01,1,1.49039007256002,0.530550161100048,1,0.408425206025265,11.2593501428967
"3413",6583,"Rot","Pool","Diptera","Chironomidae",9,"2",212,124046.267085061,"kick_net",0.002,2.62,1,0.63262357257604,0.530550161100048,1,0.408425206025265,11.2593501428967
"3414",6644,"Rot","Pool","Amphipoda","Gammaridae",4,"2",212,124046.267085061,"kick_net",0.00845,2.8705,1,0.451928691384938,0.530550161100048,1,0.408425206025265,11.2593501428967
"3415",6645,"Rot","Pool","Amphipoda","Gammaridae",4,"2",212,124046.267085061,"kick_net",0.00845,2.8705,1,0.451928691384938,0.530550161100048,1,0.408425206025265,11.2593501428967
"3416",6646,"Rot","Pool","Amphipoda","Gammaridae",4,"2",212,124046.267085061,"kick_net",0.00845,2.8705,1,0.451928691384938,0.530550161100048,1,0.408425206025265,11.2593501428967
"3417",6647,"Rot","Pool","Amphipoda","Gammaridae",4,"2",212,124046.267085061,"kick_net",0.00845,2.8705,1,0.451928691384938,0.530550161100048,1,0.408425206025265,11.2593501428967
"3418",6648,"Rot","Pool","Amphipoda","Gammaridae",4,"2",212,124046.267085061,"kick_net",0.00845,2.8705,1,0.451928691384938,0.530550161100048,1,0.408425206025265,11.2593501428967
"3419",6649,"Rot","Pool","Amphipoda","Gammaridae",4,"2",212,124046.267085061,"kick_net",0.00845,2.8705,1,0.451928691384938,0.530550161100048,1,0.408425206025265,11.2593501428967
"3420",6650,"Rot","Pool","Amphipoda","Gammaridae",4,"2",212,124046.267085061,"kick_net",0.00845,2.8705,1,0.451928691384938,0.530550161100048,1,0.408425206025265,11.2593501428967
"3421",6651,"Rot","Pool","Amphipoda","Gammaridae",4,"2",212,124046.267085061,"kick_net",0.00845,2.8705,1,0.451928691384938,0.530550161100048,1,0.408425206025265,11.2593501428967
"3422",6652,"Rot","Pool","Amphipoda","Gammaridae",4,"2",212,124046.267085061,"kick_net",0.00845,2.8705,1,0.451928691384938,0.530550161100048,1,0.408425206025265,11.2593501428967
"3423",6653,"Rot","Pool","Amphipoda","Gammaridae",4,"2",212,124046.267085061,"kick_net",0.00845,2.8705,1,0.451928691384938,0.530550161100048,1,0.408425206025265,11.2593501428967
"3424",6654,"Rot","Pool","Amphipoda","Gammaridae",4,"2",212,124046.267085061,"kick_net",0.00845,2.8705,1,0.451928691384938,0.530550161100048,1,0.408425206025265,11.2593501428967
"3425",6655,"Rot","Pool","Amphipoda","Gammaridae",4,"2",212,124046.267085061,"kick_net",0.00845,2.8705,1,0.451928691384938,0.530550161100048,1,0.408425206025265,11.2593501428967
"3426",6656,"Rot","Pool","Amphipoda","Gammaridae",4,"2",212,124046.267085061,"kick_net",0.00845,2.8705,1,0.451928691384938,0.530550161100048,1,0.408425206025265,11.2593501428967
"3427",6657,"Rot","Pool","Amphipoda","Gammaridae",4,"2",212,124046.267085061,"kick_net",0.00845,2.8705,1,0.451928691384938,0.530550161100048,1,0.408425206025265,11.2593501428967
"3428",6658,"Rot","Pool","Amphipoda","Gammaridae",4,"2",212,124046.267085061,"kick_net",0.00845,2.8705,1,0.451928691384938,0.530550161100048,1,0.408425206025265,11.2593501428967
"3429",6659,"Rot","Pool","Amphipoda","Gammaridae",4,"2",212,124046.267085061,"kick_net",0.00845,2.8705,1,0.451928691384938,0.530550161100048,1,0.408425206025265,11.2593501428967
"3430",6660,"Rot","Pool","Amphipoda","Gammaridae",4,"2",212,124046.267085061,"kick_net",0.00845,2.8705,1,0.451928691384938,0.530550161100048,1,0.408425206025265,11.2593501428967
"3431",6661,"Rot","Pool","Amphipoda","Gammaridae",4,"2",212,124046.267085061,"kick_net",0.00845,2.8705,1,0.451928691384938,0.530550161100048,1,0.408425206025265,11.2593501428967
"3432",6662,"Rot","Pool","Amphipoda","Gammaridae",4,"2",212,124046.267085061,"kick_net",0.00845,2.8705,1,0.451928691384938,0.530550161100048,1,0.408425206025265,11.2593501428967
"3433",6663,"Rot","Pool","Amphipoda","Gammaridae",5,"2",212,124046.267085061,"kick_net",0.00845,2.8705,1,0.857531547980516,0.530550161100048,1,0.408425206025265,11.2593501428967
"3434",6664,"Rot","Pool","Amphipoda","Gammaridae",5,"2",212,124046.267085061,"kick_net",0.00845,2.8705,1,0.857531547980516,0.530550161100048,1,0.408425206025265,11.2593501428967
"3435",6665,"Rot","Pool","Amphipoda","Gammaridae",5,"2",212,124046.267085061,"kick_net",0.00845,2.8705,1,0.857531547980516,0.530550161100048,1,0.408425206025265,11.2593501428967
"3436",6666,"Rot","Pool","Amphipoda","Gammaridae",5,"2",212,124046.267085061,"kick_net",0.00845,2.8705,1,0.857531547980516,0.530550161100048,1,0.408425206025265,11.2593501428967
"3437",6667,"Rot","Pool","Amphipoda","Gammaridae",5,"2",212,124046.267085061,"kick_net",0.00845,2.8705,1,0.857531547980516,0.530550161100048,1,0.408425206025265,11.2593501428967
"3438",6668,"Rot","Pool","Amphipoda","Gammaridae",5,"2",212,124046.267085061,"kick_net",0.00845,2.8705,1,0.857531547980516,0.530550161100048,1,0.408425206025265,11.2593501428967
"3439",6669,"Rot","Pool","Amphipoda","Gammaridae",5,"2",212,124046.267085061,"kick_net",0.00845,2.8705,1,0.857531547980516,0.530550161100048,1,0.408425206025265,11.2593501428967
"3440",6670,"Rot","Pool","Amphipoda","Gammaridae",5,"2",212,124046.267085061,"kick_net",0.00845,2.8705,1,0.857531547980516,0.530550161100048,1,0.408425206025265,11.2593501428967
"3441",6671,"Rot","Pool","Amphipoda","Gammaridae",5,"2",212,124046.267085061,"kick_net",0.00845,2.8705,1,0.857531547980516,0.530550161100048,1,0.408425206025265,11.2593501428967
"3442",6672,"Rot","Pool","Amphipoda","Gammaridae",5,"2",212,124046.267085061,"kick_net",0.00845,2.8705,1,0.857531547980516,0.530550161100048,1,0.408425206025265,11.2593501428967
"3443",6673,"Rot","Pool","Amphipoda","Gammaridae",6,"2",212,124046.267085061,"kick_net",0.00845,2.8705,1,1.44723771988851,0.530550161100048,1,0.408425206025265,11.2593501428967
"3444",6674,"Rot","Pool","Amphipoda","Gammaridae",6,"2",212,124046.267085061,"kick_net",0.00845,2.8705,1,1.44723771988851,0.530550161100048,1,0.408425206025265,11.2593501428967
"3445",6675,"Rot","Pool","Amphipoda","Gammaridae",6,"2",212,124046.267085061,"kick_net",0.00845,2.8705,1,1.44723771988851,0.530550161100048,1,0.408425206025265,11.2593501428967
"3446",6676,"Rot","Pool","Amphipoda","Gammaridae",6,"2",212,124046.267085061,"kick_net",0.00845,2.8705,1,1.44723771988851,0.530550161100048,1,0.408425206025265,11.2593501428967
"3447",6677,"Rot","Pool","Amphipoda","Gammaridae",6,"2",212,124046.267085061,"kick_net",0.00845,2.8705,1,1.44723771988851,0.530550161100048,1,0.408425206025265,11.2593501428967
"3448",6678,"Rot","Pool","Amphipoda","Gammaridae",7,"2",212,124046.267085061,"kick_net",0.00845,2.8705,1,2.25273772956822,0.530550161100048,1,0.408425206025265,11.2593501428967
"3449",6679,"Rot","Pool","Amphipoda","Gammaridae",7,"2",212,124046.267085061,"kick_net",0.00845,2.8705,1,2.25273772956822,0.530550161100048,1,0.408425206025265,11.2593501428967
"3450",6680,"Rot","Pool","Amphipoda","Gammaridae",7,"2",212,124046.267085061,"kick_net",0.00845,2.8705,1,2.25273772956822,0.530550161100048,1,0.408425206025265,11.2593501428967
"3451",6681,"Rot","Pool","Amphipoda","Gammaridae",7,"2",212,124046.267085061,"kick_net",0.00845,2.8705,1,2.25273772956822,0.530550161100048,1,0.408425206025265,11.2593501428967
"3452",6682,"Rot","Pool","Amphipoda","Gammaridae",7,"2",212,124046.267085061,"kick_net",0.00845,2.8705,1,2.25273772956822,0.530550161100048,1,0.408425206025265,11.2593501428967
"3453",6683,"Rot","Pool","Amphipoda","Gammaridae",7,"2",212,124046.267085061,"kick_net",0.00845,2.8705,1,2.25273772956822,0.530550161100048,1,0.408425206025265,11.2593501428967
"3454",6684,"Rot","Pool","Amphipoda","Gammaridae",7,"2",212,124046.267085061,"kick_net",0.00845,2.8705,1,2.25273772956822,0.530550161100048,1,0.408425206025265,11.2593501428967
"3455",6685,"Rot","Pool","Amphipoda","Gammaridae",7,"2",212,124046.267085061,"kick_net",0.00845,2.8705,1,2.25273772956822,0.530550161100048,1,0.408425206025265,11.2593501428967
"3456",6686,"Rot","Pool","Amphipoda","Gammaridae",7,"2",212,124046.267085061,"kick_net",0.00845,2.8705,1,2.25273772956822,0.530550161100048,1,0.408425206025265,11.2593501428967
"3457",6687,"Rot","Pool","Amphipoda","Gammaridae",7,"2",212,124046.267085061,"kick_net",0.00845,2.8705,1,2.25273772956822,0.530550161100048,1,0.408425206025265,11.2593501428967
"3458",6688,"Rot","Pool","Amphipoda","Gammaridae",8,"2",212,124046.267085061,"kick_net",0.00845,2.8705,1,3.30503845216443,0.530550161100048,1,0.408425206025265,11.2593501428967
"3459",6689,"Rot","Pool","Amphipoda","Gammaridae",8,"2",212,124046.267085061,"kick_net",0.00845,2.8705,1,3.30503845216443,0.530550161100048,1,0.408425206025265,11.2593501428967
"3460",6690,"Rot","Pool","Amphipoda","Gammaridae",9,"2",212,124046.267085061,"kick_net",0.00845,2.8705,1,4.6345741215268,0.530550161100048,1,0.408425206025265,11.2593501428967
"3461",6691,"Rot","Pool","Amphipoda","Gammaridae",9,"2",212,124046.267085061,"kick_net",0.00845,2.8705,1,4.6345741215268,0.530550161100048,1,0.408425206025265,11.2593501428967
"3462",6692,"Rot","Pool","Amphipoda","Gammaridae",9,"2",212,124046.267085061,"kick_net",0.00845,2.8705,1,4.6345741215268,0.530550161100048,1,0.408425206025265,11.2593501428967
"3463",6693,"Rot","Pool","Amphipoda","Gammaridae",10,"2",212,124046.267085061,"kick_net",0.00845,2.8705,1,6.27128747089358,0.530550161100048,1,0.408425206025265,11.2593501428967
"3464",6694,"Rot","Pool","Amphipoda","Gammaridae",10,"2",212,124046.267085061,"kick_net",0.00845,2.8705,1,6.27128747089358,0.530550161100048,1,0.408425206025265,11.2593501428967
"3465",6695,"Rot","Pool","Amphipoda","Gammaridae",10,"2",212,124046.267085061,"kick_net",0.00845,2.8705,1,6.27128747089358,0.530550161100048,1,0.408425206025265,11.2593501428967
"3466",6696,"Rot","Pool","Amphipoda","Gammaridae",10,"2",212,124046.267085061,"kick_net",0.00845,2.8705,1,6.27128747089358,0.530550161100048,1,0.408425206025265,11.2593501428967
"3467",6697,"Rot","Pool","Amphipoda","Gammaridae",10,"2",212,124046.267085061,"kick_net",0.00845,2.8705,1,6.27128747089358,0.530550161100048,1,0.408425206025265,11.2593501428967
"3468",6698,"Rot","Pool","Amphipoda","Gammaridae",11,"2",212,124046.267085061,"kick_net",0.00845,2.8705,1,8.24469153511625,0.530550161100048,1,0.408425206025265,11.2593501428967
"3469",6699,"Rot","Pool","Amphipoda","Gammaridae",12,"2",212,124046.267085061,"kick_net",0.00845,2.8705,1,10.5839182261171,0.530550161100048,1,0.408425206025265,11.2593501428967
"3470",6700,"Rot","Pool","Amphipoda","Gammaridae",12,"2",212,124046.267085061,"kick_net",0.00845,2.8705,1,10.5839182261171,0.530550161100048,1,0.408425206025265,11.2593501428967
"3471",6701,"Rot","Pool","Amphipoda","Gammaridae",12,"2",212,124046.267085061,"kick_net",0.00845,2.8705,1,10.5839182261171,0.530550161100048,1,0.408425206025265,11.2593501428967
"3472",6706,"Rot","Pool","Plecoptera","Nemouridae",5,"2",212,124046.267085061,"kick_net",0.006,2.762,1,0.511336038351065,0.530550161100048,1,0.408425206025265,11.2593501428967
"3473",6708,"Rot","Pool","Trichoptera","Rhyacophilidae",9,"2",212,124046.267085061,"kick_net",0.01,2.48,1,2.32552719949477,0.530550161100048,1,0.408425206025265,11.2593501428967
"3474",6709,"Rot","Pool","Trichoptera","Rhyacophilidae",17,"2",212,124046.267085061,"kick_net",0.01,2.48,1,11.2593501428967,0.530550161100048,1,0.408425206025265,11.2593501428967
"3475",6710,"Rot","Pool","Trichoptera","Hydropsychidae",10,"2",212,124046.267085061,"kick_net",0.005,2.926,1,4.21667378882138,0.530550161100048,1,0.408425206025265,11.2593501428967
"3476",6711,"Rot","Pool","Trichoptera","Hydropsychidae",12,"2",212,124046.267085061,"kick_net",0.005,2.926,1,7.18876571955492,0.530550161100048,1,0.408425206025265,11.2593501428967
"3477",6712,"Rot","Pool","Trichoptera","Hydropsychidae",13,"2",212,124046.267085061,"kick_net",0.005,2.926,1,9.08590628790821,0.530550161100048,1,0.408425206025265,11.2593501428967
"3478",6713,"Rot","Pool","Trichoptera","Limnephilidae",14,"2",212,124046.267085061,"kick_net",0.004,2.93,1,9.12462732839269,0.530550161100048,1,0.408425206025265,11.2593501428967
"3479",6714,"Rot","Pool","Trichoptera","Limnephilidae",14,"2",212,124046.267085061,"kick_net",0.004,2.93,1,9.12462732839269,0.530550161100048,1,0.408425206025265,11.2593501428967
"3480",6715,"Rot","Pool","Trichoptera","Psychomyiidae",10,"2",212,124046.267085061,"kick_net",0.004,2.87,1,2.96524096520367,0.530550161100048,1,0.408425206025265,11.2593501428967
"3481",6821,"Rot","Outflow","Trichoptera","Hydropsychidae",13,"2",212,124046.267085061,"kick_net",0.005,2.926,1,9.08590628790821,0.530550161100048,1,9.08590628790821,55.0096686371882
"3482",6822,"Rot","Outflow","Trichoptera","Hydropsychidae",15,"2",212,124046.267085061,"kick_net",0.005,2.926,1,13.8106153107423,0.530550161100048,1,9.08590628790821,55.0096686371882
"3483",6823,"Rot","Outflow","Trichoptera","Hydropsychidae",16,"2",212,124046.267085061,"kick_net",0.005,2.926,1,16.681114891678,0.530550161100048,1,9.08590628790821,55.0096686371882
"3484",6825,"Rot","Outflow","Trichoptera","Brachycentridae",23,"2",212,124046.267085061,"kick_net",0.008,2.818,1,55.0096686371882,0.530550161100048,1,9.08590628790821,55.0096686371882
"3485",6826,"Rot","Outflow","Trichoptera","Limnephilidae",14,"2",212,124046.267085061,"kick_net",0.004,2.93,1,9.12462732839269,0.530550161100048,1,9.08590628790821,55.0096686371882
"3486",6832,"Chriesbach","Control","Gastropoda","Hydrobiidae",3,"3",2202,131760.231971219,"kick_net",0.182,2.82,1,4.03230455398401,0.64553696302175,1,0.366871025390369,27.0911680764336
"3487",6839,"Chriesbach","Control","Amphipoda","Gammaridae",4,"3",2202,131760.231971219,"kick_net",0.00845,2.8705,1,0.451928691384938,0.64553696302175,1,0.366871025390369,27.0911680764336
"3488",6840,"Chriesbach","Control","Amphipoda","Gammaridae",4,"3",2202,131760.231971219,"kick_net",0.00845,2.8705,1,0.451928691384938,0.64553696302175,1,0.366871025390369,27.0911680764336
"3489",6841,"Chriesbach","Control","Amphipoda","Gammaridae",4,"3",2202,131760.231971219,"kick_net",0.00845,2.8705,1,0.451928691384938,0.64553696302175,1,0.366871025390369,27.0911680764336
"3490",6842,"Chriesbach","Control","Amphipoda","Gammaridae",4,"3",2202,131760.231971219,"kick_net",0.00845,2.8705,1,0.451928691384938,0.64553696302175,1,0.366871025390369,27.0911680764336
"3491",6843,"Chriesbach","Control","Amphipoda","Gammaridae",5,"3",2202,131760.231971219,"kick_net",0.00845,2.8705,1,0.857531547980516,0.64553696302175,1,0.366871025390369,27.0911680764336
"3492",6844,"Chriesbach","Control","Amphipoda","Gammaridae",6,"3",2202,131760.231971219,"kick_net",0.00845,2.8705,1,1.44723771988851,0.64553696302175,1,0.366871025390369,27.0911680764336
"3493",6845,"Chriesbach","Control","Amphipoda","Gammaridae",7,"3",2202,131760.231971219,"kick_net",0.00845,2.8705,1,2.25273772956822,0.64553696302175,1,0.366871025390369,27.0911680764336
"3494",6846,"Chriesbach","Control","Amphipoda","Gammaridae",8,"3",2202,131760.231971219,"kick_net",0.00845,2.8705,1,3.30503845216443,0.64553696302175,1,0.366871025390369,27.0911680764336
"3495",6847,"Chriesbach","Control","Amphipoda","Gammaridae",8,"3",2202,131760.231971219,"kick_net",0.00845,2.8705,1,3.30503845216443,0.64553696302175,1,0.366871025390369,27.0911680764336
"3496",6848,"Chriesbach","Control","Amphipoda","Gammaridae",8,"3",2202,131760.231971219,"kick_net",0.00845,2.8705,1,3.30503845216443,0.64553696302175,1,0.366871025390369,27.0911680764336
"3497",6849,"Chriesbach","Control","Amphipoda","Gammaridae",8,"3",2202,131760.231971219,"kick_net",0.00845,2.8705,1,3.30503845216443,0.64553696302175,1,0.366871025390369,27.0911680764336
"3498",6850,"Chriesbach","Control","Amphipoda","Gammaridae",8,"3",2202,131760.231971219,"kick_net",0.00845,2.8705,1,3.30503845216443,0.64553696302175,1,0.366871025390369,27.0911680764336
"3499",6852,"Chriesbach","Control","Isopoda","Asellidae",8,"3",2202,131760.231971219,"kick_net",0.0036,3.111,1,2.32174997903905,0.64553696302175,1,0.366871025390369,27.0911680764336
"3500",6860,"Chriesbach","Control","Ephemeroptera","Baetidae",5,"3",2202,131760.231971219,"kick_net",0.005,2.875,1,0.511103396223714,0.64553696302175,1,0.366871025390369,27.0911680764336
"3501",6861,"Chriesbach","Control","Ephemeroptera","Baetidae",5,"3",2202,131760.231971219,"kick_net",0.005,2.875,1,0.511103396223714,0.64553696302175,1,0.366871025390369,27.0911680764336
"3502",6862,"Chriesbach","Control","Ephemeroptera","Baetidae",5,"3",2202,131760.231971219,"kick_net",0.005,2.875,1,0.511103396223714,0.64553696302175,1,0.366871025390369,27.0911680764336
"3503",6863,"Chriesbach","Control","Ephemeroptera","Baetidae",6,"3",2202,131760.231971219,"kick_net",0.005,2.875,1,0.863286300593756,0.64553696302175,1,0.366871025390369,27.0911680764336
"3504",6864,"Chriesbach","Control","Ephemeroptera","Ephemerellidae",4,"3",2202,131760.231971219,"kick_net",0.01,2.676,1,0.408425206025265,0.64553696302175,1,0.366871025390369,27.0911680764336
"3505",6865,"Chriesbach","Control","Ephemeroptera","Ephemerellidae",5,"3",2202,131760.231971219,"kick_net",0.01,2.676,1,0.742068047117268,0.64553696302175,1,0.366871025390369,27.0911680764336
"3506",6866,"Chriesbach","Control","Ephemeroptera","Ephemerellidae",5,"3",2202,131760.231971219,"kick_net",0.01,2.676,1,0.742068047117268,0.64553696302175,1,0.366871025390369,27.0911680764336
"3507",6867,"Chriesbach","Control","Ephemeroptera","Ephemerellidae",6,"3",2202,131760.231971219,"kick_net",0.01,2.676,1,1.20873958772828,0.64553696302175,1,0.366871025390369,27.0911680764336
"3508",6868,"Chriesbach","Control","Ephemeroptera","Ephemerellidae",6,"3",2202,131760.231971219,"kick_net",0.01,2.676,1,1.20873958772828,0.64553696302175,1,0.366871025390369,27.0911680764336
"3509",6869,"Chriesbach","Control","Ephemeroptera","Ephemerellidae",6,"3",2202,131760.231971219,"kick_net",0.01,2.676,1,1.20873958772828,0.64553696302175,1,0.366871025390369,27.0911680764336
"3510",6870,"Chriesbach","Control","Ephemeroptera","Ephemerellidae",7,"3",2202,131760.231971219,"kick_net",0.01,2.676,1,1.82592256228061,0.64553696302175,1,0.366871025390369,27.0911680764336
"3511",6871,"Chriesbach","Control","Ephemeroptera","Ephemerellidae",7,"3",2202,131760.231971219,"kick_net",0.01,2.676,1,1.82592256228061,0.64553696302175,1,0.366871025390369,27.0911680764336
"3512",6872,"Chriesbach","Control","Odonata","Calopterygidae",5,"3",2202,131760.231971219,"kick_net",0.005,2.742,1,0.412615707028374,0.64553696302175,1,0.366871025390369,27.0911680764336
"3513",6873,"Chriesbach","Control","Odonata","Calopterygidae",8,"3",2202,131760.231971219,"kick_net",0.005,2.742,1,1.49707220998649,0.64553696302175,1,0.366871025390369,27.0911680764336
"3514",6874,"Chriesbach","Control","Odonata","Calopterygidae",8,"3",2202,131760.231971219,"kick_net",0.005,2.742,1,1.49707220998649,0.64553696302175,1,0.366871025390369,27.0911680764336
"3515",6875,"Chriesbach","Control","Odonata","Calopterygidae",15,"3",2202,131760.231971219,"kick_net",0.005,2.742,1,8.39097131949598,0.64553696302175,1,0.366871025390369,27.0911680764336
"3516",6878,"Chriesbach","Control","Coleoptera","Elmidae",4,"3",2202,131760.231971219,"kick_net",0.007,2.88,1,0.379341899938412,0.64553696302175,1,0.366871025390369,27.0911680764336
"3517",6879,"Chriesbach","Control","Coleoptera","Elmidae",4,"3",2202,131760.231971219,"kick_net",0.007,2.88,1,0.379341899938412,0.64553696302175,1,0.366871025390369,27.0911680764336
"3518",6880,"Chriesbach","Control","Trichoptera","Hydropsychidae",7,"3",2202,131760.231971219,"kick_net",0.005,2.926,1,1.4850014216404,0.64553696302175,1,0.366871025390369,27.0911680764336
"3519",6881,"Chriesbach","Control","Trichoptera","Limnephilidae",7,"3",2202,131760.231971219,"kick_net",0.004,2.93,1,1.1972841923071,0.64553696302175,1,0.366871025390369,27.0911680764336
"3520",6882,"Chriesbach","Control","Trichoptera","Limnephilidae",9,"3",2202,131760.231971219,"kick_net",0.004,2.93,1,2.50029092157256,0.64553696302175,1,0.366871025390369,27.0911680764336
"3521",6883,"Chriesbach","Control","Trichoptera","Limnephilidae",13,"3",2202,131760.231971219,"kick_net",0.004,2.93,1,7.34368455393449,0.64553696302175,1,0.366871025390369,27.0911680764336
"3522",6923,"Chriesbach","Control","Diptera","Chironomidae",8,"3",2202,131760.231971219,"kick_net",0.002,2.62,1,0.464649807522386,0.64553696302175,1,0.366871025390369,27.0911680764336
"3523",6924,"Chriesbach","Control","Diptera","Simuliidae",6,"3",2202,131760.231971219,"kick_net",0.002,3.01,1,0.439810161615349,0.64553696302175,1,0.366871025390369,27.0911680764336
"3524",6925,"Chriesbach","Control","Diptera","Simuliidae",7,"3",2202,131760.231971219,"kick_net",0.002,3.01,1,0.699479669405531,0.64553696302175,1,0.366871025390369,27.0911680764336
"3525",6935,"Chriesbach","Control","Amphipoda","Gammaridae",4,"3",2202,131760.231971219,"kick_net",0.00845,2.8705,1,0.451928691384938,0.64553696302175,1,0.366871025390369,27.0911680764336
"3526",6936,"Chriesbach","Control","Amphipoda","Gammaridae",4,"3",2202,131760.231971219,"kick_net",0.00845,2.8705,1,0.451928691384938,0.64553696302175,1,0.366871025390369,27.0911680764336
"3527",6937,"Chriesbach","Control","Amphipoda","Gammaridae",4,"3",2202,131760.231971219,"kick_net",0.00845,2.8705,1,0.451928691384938,0.64553696302175,1,0.366871025390369,27.0911680764336
"3528",6938,"Chriesbach","Control","Amphipoda","Gammaridae",5,"3",2202,131760.231971219,"kick_net",0.00845,2.8705,1,0.857531547980516,0.64553696302175,1,0.366871025390369,27.0911680764336
"3529",6939,"Chriesbach","Control","Amphipoda","Gammaridae",5,"3",2202,131760.231971219,"kick_net",0.00845,2.8705,1,0.857531547980516,0.64553696302175,1,0.366871025390369,27.0911680764336
"3530",6940,"Chriesbach","Control","Amphipoda","Gammaridae",6,"3",2202,131760.231971219,"kick_net",0.00845,2.8705,1,1.44723771988851,0.64553696302175,1,0.366871025390369,27.0911680764336
"3531",6941,"Chriesbach","Control","Amphipoda","Gammaridae",6,"3",2202,131760.231971219,"kick_net",0.00845,2.8705,1,1.44723771988851,0.64553696302175,1,0.366871025390369,27.0911680764336
"3532",6942,"Chriesbach","Control","Amphipoda","Gammaridae",6,"3",2202,131760.231971219,"kick_net",0.00845,2.8705,1,1.44723771988851,0.64553696302175,1,0.366871025390369,27.0911680764336
"3533",6943,"Chriesbach","Control","Amphipoda","Gammaridae",6,"3",2202,131760.231971219,"kick_net",0.00845,2.8705,1,1.44723771988851,0.64553696302175,1,0.366871025390369,27.0911680764336
"3534",6944,"Chriesbach","Control","Amphipoda","Gammaridae",6,"3",2202,131760.231971219,"kick_net",0.00845,2.8705,1,1.44723771988851,0.64553696302175,1,0.366871025390369,27.0911680764336
"3535",6945,"Chriesbach","Control","Amphipoda","Gammaridae",6,"3",2202,131760.231971219,"kick_net",0.00845,2.8705,1,1.44723771988851,0.64553696302175,1,0.366871025390369,27.0911680764336
"3536",6946,"Chriesbach","Control","Amphipoda","Gammaridae",7,"3",2202,131760.231971219,"kick_net",0.00845,2.8705,1,2.25273772956822,0.64553696302175,1,0.366871025390369,27.0911680764336
"3537",6947,"Chriesbach","Control","Amphipoda","Gammaridae",7,"3",2202,131760.231971219,"kick_net",0.00845,2.8705,1,2.25273772956822,0.64553696302175,1,0.366871025390369,27.0911680764336
"3538",6948,"Chriesbach","Control","Amphipoda","Gammaridae",7,"3",2202,131760.231971219,"kick_net",0.00845,2.8705,1,2.25273772956822,0.64553696302175,1,0.366871025390369,27.0911680764336
"3539",6949,"Chriesbach","Control","Amphipoda","Gammaridae",8,"3",2202,131760.231971219,"kick_net",0.00845,2.8705,1,3.30503845216443,0.64553696302175,1,0.366871025390369,27.0911680764336
"3540",6954,"Chriesbach","Control","Isopoda","Asellidae",5,"3",2202,131760.231971219,"kick_net",0.0036,3.111,1,0.538019707775883,0.64553696302175,1,0.366871025390369,27.0911680764336
"3541",6955,"Chriesbach","Control","Isopoda","Asellidae",5,"3",2202,131760.231971219,"kick_net",0.0036,3.111,1,0.538019707775883,0.64553696302175,1,0.366871025390369,27.0911680764336
"3542",6956,"Chriesbach","Control","Isopoda","Asellidae",6,"3",2202,131760.231971219,"kick_net",0.0036,3.111,1,0.948704675045465,0.64553696302175,1,0.366871025390369,27.0911680764336
"3543",6968,"Chriesbach","Control","Ephemeroptera","Baetidae",5,"3",2202,131760.231971219,"kick_net",0.005,2.875,1,0.511103396223714,0.64553696302175,1,0.366871025390369,27.0911680764336
"3544",6969,"Chriesbach","Control","Ephemeroptera","Baetidae",5,"3",2202,131760.231971219,"kick_net",0.005,2.875,1,0.511103396223714,0.64553696302175,1,0.366871025390369,27.0911680764336
"3545",6970,"Chriesbach","Control","Ephemeroptera","Baetidae",5,"3",2202,131760.231971219,"kick_net",0.005,2.875,1,0.511103396223714,0.64553696302175,1,0.366871025390369,27.0911680764336
"3546",6971,"Chriesbach","Control","Ephemeroptera","Baetidae",5,"3",2202,131760.231971219,"kick_net",0.005,2.875,1,0.511103396223714,0.64553696302175,1,0.366871025390369,27.0911680764336
"3547",6972,"Chriesbach","Control","Ephemeroptera","Baetidae",5,"3",2202,131760.231971219,"kick_net",0.005,2.875,1,0.511103396223714,0.64553696302175,1,0.366871025390369,27.0911680764336
"3548",6973,"Chriesbach","Control","Ephemeroptera","Baetidae",5,"3",2202,131760.231971219,"kick_net",0.005,2.875,1,0.511103396223714,0.64553696302175,1,0.366871025390369,27.0911680764336
"3549",6974,"Chriesbach","Control","Ephemeroptera","Baetidae",9,"3",2202,131760.231971219,"kick_net",0.005,2.875,1,2.76960107420006,0.64553696302175,1,0.366871025390369,27.0911680764336
"3550",6975,"Chriesbach","Control","Ephemeroptera","Ephemerellidae",4,"3",2202,131760.231971219,"kick_net",0.01,2.676,1,0.408425206025265,0.64553696302175,1,0.366871025390369,27.0911680764336
"3551",6976,"Chriesbach","Control","Ephemeroptera","Ephemerellidae",5,"3",2202,131760.231971219,"kick_net",0.01,2.676,1,0.742068047117268,0.64553696302175,1,0.366871025390369,27.0911680764336
"3552",6977,"Chriesbach","Control","Ephemeroptera","Ephemerellidae",5,"3",2202,131760.231971219,"kick_net",0.01,2.676,1,0.742068047117268,0.64553696302175,1,0.366871025390369,27.0911680764336
"3553",6978,"Chriesbach","Control","Ephemeroptera","Ephemerellidae",6,"3",2202,131760.231971219,"kick_net",0.01,2.676,1,1.20873958772828,0.64553696302175,1,0.366871025390369,27.0911680764336
"3554",6979,"Chriesbach","Control","Ephemeroptera","Ephemerellidae",7,"3",2202,131760.231971219,"kick_net",0.01,2.676,1,1.82592256228061,0.64553696302175,1,0.366871025390369,27.0911680764336
"3555",6980,"Chriesbach","Control","Odonata","Calopterygidae",6,"3",2202,131760.231971219,"kick_net",0.005,2.742,1,0.680237755198024,0.64553696302175,1,0.366871025390369,27.0911680764336
"3556",6981,"Chriesbach","Control","Odonata","Calopterygidae",10,"3",2202,131760.231971219,"kick_net",0.005,2.742,1,2.76038719640379,0.64553696302175,1,0.366871025390369,27.0911680764336
"3557",6982,"Chriesbach","Control","Odonata","Calopterygidae",12,"3",2202,131760.231971219,"kick_net",0.005,2.742,1,4.55077099095977,0.64553696302175,1,0.366871025390369,27.0911680764336
"3558",6983,"Chriesbach","Control","Odonata","Calopterygidae",23,"3",2202,131760.231971219,"kick_net",0.005,2.742,1,27.0911680764336,0.64553696302175,1,0.366871025390369,27.0911680764336
"3559",6984,"Chriesbach","Control","Trichoptera","Lepidostomatidae",14,"3",2202,131760.231971219,"kick_net",0.008,2.649,1,8.69326970234929,0.64553696302175,1,0.366871025390369,27.0911680764336
"3560",6985,"Chriesbach","Control","Trichoptera","Limnephilidae",20,"3",2202,131760.231971219,"kick_net",0.004,2.93,1,25.946445976709,0.64553696302175,1,0.366871025390369,27.0911680764336
"3561",7000,"Chriesbach","Control","Diptera","Chironomidae",8,"3",2202,131760.231971219,"kick_net",0.002,2.62,1,0.464649807522386,0.64553696302175,1,0.366871025390369,27.0911680764336
"3562",7001,"Chriesbach","Control","Diptera","Chironomidae",8,"3",2202,131760.231971219,"kick_net",0.002,2.62,1,0.464649807522386,0.64553696302175,1,0.366871025390369,27.0911680764336
"3563",7002,"Chriesbach","Control","Diptera","Chironomidae",8,"3",2202,131760.231971219,"kick_net",0.002,2.62,1,0.464649807522386,0.64553696302175,1,0.366871025390369,27.0911680764336
"3564",7006,"Chriesbach","Control","Amphipoda","Gammaridae",4,"3",2202,131760.231971219,"kick_net",0.00845,2.8705,1,0.451928691384938,0.64553696302175,1,0.366871025390369,27.0911680764336
"3565",7007,"Chriesbach","Control","Ephemeroptera","Baetidae",5,"3",2202,131760.231971219,"kick_net",0.005,2.875,1,0.511103396223714,0.64553696302175,1,0.366871025390369,27.0911680764336
"3566",7008,"Chriesbach","Control","Ephemeroptera","Baetidae",6,"3",2202,131760.231971219,"kick_net",0.005,2.875,1,0.863286300593756,0.64553696302175,1,0.366871025390369,27.0911680764336
"3567",7009,"Chriesbach","Control","Diptera","Ceratopogonidae",7,"3",2202,131760.231971219,"kick_net",0.003,2.47,1,0.366871025390369,0.64553696302175,1,0.366871025390369,27.0911680764336
"3568",7012,"Chriesbach","Control","Diptera","Chironomidae",8,"3",2202,131760.231971219,"kick_net",0.002,2.62,1,0.464649807522386,0.64553696302175,1,0.366871025390369,27.0911680764336
"3569",7013,"Chriesbach","Control","Amphipoda","Gammaridae",7,"3",2202,131760.231971219,"kick_net",0.00845,2.8705,1,2.25273772956822,0.64553696302175,1,0.366871025390369,27.0911680764336
"3570",7014,"Chriesbach","Control","Amphipoda","Gammaridae",7,"3",2202,131760.231971219,"kick_net",0.00845,2.8705,1,2.25273772956822,0.64553696302175,1,0.366871025390369,27.0911680764336
"3571",7015,"Chriesbach","Control","Amphipoda","Gammaridae",7,"3",2202,131760.231971219,"kick_net",0.00845,2.8705,1,2.25273772956822,0.64553696302175,1,0.366871025390369,27.0911680764336
"3572",7016,"Chriesbach","Control","Amphipoda","Gammaridae",8,"3",2202,131760.231971219,"kick_net",0.00845,2.8705,1,3.30503845216443,0.64553696302175,1,0.366871025390369,27.0911680764336
"3573",7017,"Chriesbach","Control","Amphipoda","Gammaridae",9,"3",2202,131760.231971219,"kick_net",0.00845,2.8705,1,4.6345741215268,0.64553696302175,1,0.366871025390369,27.0911680764336
"3574",7018,"Chriesbach","Control","Amphipoda","Gammaridae",10,"3",2202,131760.231971219,"kick_net",0.00845,2.8705,1,6.27128747089358,0.64553696302175,1,0.366871025390369,27.0911680764336
"3575",7019,"Chriesbach","Control","Amphipoda","Gammaridae",12,"3",2202,131760.231971219,"kick_net",0.00845,2.8705,1,10.5839182261171,0.64553696302175,1,0.366871025390369,27.0911680764336
"3576",7020,"Chriesbach","Control","Amphipoda","Gammaridae",12,"3",2202,131760.231971219,"kick_net",0.00845,2.8705,1,10.5839182261171,0.64553696302175,1,0.366871025390369,27.0911680764336
"3577",7023,"Chriesbach","Control","Trichoptera","Lepidostomatidae",9,"3",2202,131760.231971219,"kick_net",0.008,2.649,1,2.69698415221498,0.64553696302175,1,0.366871025390369,27.0911680764336
"3578",7024,"Chriesbach","Control","Trichoptera","Leptoceridae",11,"3",2202,131760.231971219,"kick_net",0.003,3.212,1,6.63857031244687,0.64553696302175,1,0.366871025390369,27.0911680764336
"3579",7025,"Chriesbach","Control","Diptera","Ceratopogonidae",8,"3",2202,131760.231971219,"kick_net",0.003,2.47,1,0.510215352613061,0.64553696302175,1,0.366871025390369,27.0911680764336
"3580",7026,"Chriesbach","Control","Diptera","Ceratopogonidae",9,"3",2202,131760.231971219,"kick_net",0.003,2.47,1,0.682496224167549,0.64553696302175,1,0.366871025390369,27.0911680764336
"3581",7027,"Chriesbach","Control","Diptera","Ceratopogonidae",12,"3",2202,131760.231971219,"kick_net",0.003,2.47,1,1.38898940320681,0.64553696302175,1,0.366871025390369,27.0911680764336
"3582",7063,"Chriesbach","Inflow","Trichoptera","Lepidostomatidae",13,"3",2202,131760.231971219,"kick_net",0.008,2.649,1,7.14374472828825,0.64553696302175,1,6.19119828422008,43.9792542508338
"3583",7068,"Chriesbach","Inflow","Gastropoda","Hydrobiidae",7,"3",2202,131760.231971219,"kick_net",0.182,2.82,1,43.9792542508338,0.64553696302175,1,6.19119828422008,43.9792542508338
"3584",7069,"Chriesbach","Inflow","Gastropoda","Physidae",5,"3",2202,131760.231971219,"kick_net",0.0457,3.05,1,6.19119828422008,0.64553696302175,1,6.19119828422008,43.9792542508338
"3585",7078,"Chriesbach","Inflow","Amphipoda","Gammaridae",11,"3",2202,131760.231971219,"kick_net",0.00845,2.8705,1,8.24469153511625,0.64553696302175,1,6.19119828422008,43.9792542508338
"3586",7099,"Chriesbach","Inflow","Odonata","Calopterygidae",20,"3",2202,131760.231971219,"kick_net",0.005,2.742,1,18.4669108428923,0.64553696302175,1,6.19119828422008,43.9792542508338
"3587",7103,"Chriesbach","Inflow","Trichoptera","Limnephilidae",14,"3",2202,131760.231971219,"kick_net",0.004,2.93,1,9.12462732839269,0.64553696302175,1,6.19119828422008,43.9792542508338
"3588",7104,"Chriesbach","Inflow","Trichoptera","Limnephilidae",15,"3",2202,131760.231971219,"kick_net",0.004,2.93,1,11.1688222781476,0.64553696302175,1,6.19119828422008,43.9792542508338
"3589",7148,"Chriesbach","Pool","Gastropoda","Planorbidae",7,"3",2202,131760.231971219,"kick_net",-3.319,3.1403,2,16.3094002017348,0.64553696302175,1,0.451928691384938,17.9773791849859
"3590",7149,"Chriesbach","Pool","Amphipoda","Gammaridae",4,"3",2202,131760.231971219,"kick_net",0.00845,2.8705,1,0.451928691384938,0.64553696302175,1,0.451928691384938,17.9773791849859
"3591",7150,"Chriesbach","Pool","Amphipoda","Gammaridae",4,"3",2202,131760.231971219,"kick_net",0.00845,2.8705,1,0.451928691384938,0.64553696302175,1,0.451928691384938,17.9773791849859
"3592",7151,"Chriesbach","Pool","Amphipoda","Gammaridae",5,"3",2202,131760.231971219,"kick_net",0.00845,2.8705,1,0.857531547980516,0.64553696302175,1,0.451928691384938,17.9773791849859
"3593",7152,"Chriesbach","Pool","Amphipoda","Gammaridae",5,"3",2202,131760.231971219,"kick_net",0.00845,2.8705,1,0.857531547980516,0.64553696302175,1,0.451928691384938,17.9773791849859
"3594",7153,"Chriesbach","Pool","Amphipoda","Gammaridae",6,"3",2202,131760.231971219,"kick_net",0.00845,2.8705,1,1.44723771988851,0.64553696302175,1,0.451928691384938,17.9773791849859
"3595",7154,"Chriesbach","Pool","Amphipoda","Gammaridae",6,"3",2202,131760.231971219,"kick_net",0.00845,2.8705,1,1.44723771988851,0.64553696302175,1,0.451928691384938,17.9773791849859
"3596",7155,"Chriesbach","Pool","Amphipoda","Gammaridae",7,"3",2202,131760.231971219,"kick_net",0.00845,2.8705,1,2.25273772956822,0.64553696302175,1,0.451928691384938,17.9773791849859
"3597",7156,"Chriesbach","Pool","Amphipoda","Gammaridae",7,"3",2202,131760.231971219,"kick_net",0.00845,2.8705,1,2.25273772956822,0.64553696302175,1,0.451928691384938,17.9773791849859
"3598",7157,"Chriesbach","Pool","Amphipoda","Gammaridae",9,"3",2202,131760.231971219,"kick_net",0.00845,2.8705,1,4.6345741215268,0.64553696302175,1,0.451928691384938,17.9773791849859
"3599",7158,"Chriesbach","Pool","Amphipoda","Gammaridae",11,"3",2202,131760.231971219,"kick_net",0.00845,2.8705,1,8.24469153511625,0.64553696302175,1,0.451928691384938,17.9773791849859
"3600",7161,"Chriesbach","Pool","Isopoda","Asellidae",5,"3",2202,131760.231971219,"kick_net",0.0036,3.111,1,0.538019707775883,0.64553696302175,1,0.451928691384938,17.9773791849859
"3601",7162,"Chriesbach","Pool","Isopoda","Asellidae",5,"3",2202,131760.231971219,"kick_net",0.0036,3.111,1,0.538019707775883,0.64553696302175,1,0.451928691384938,17.9773791849859
"3602",7166,"Chriesbach","Pool","Ephemeroptera","Baetidae",5,"3",2202,131760.231971219,"kick_net",0.005,2.875,1,0.511103396223714,0.64553696302175,1,0.451928691384938,17.9773791849859
"3603",7167,"Chriesbach","Pool","Ephemeroptera","Baetidae",5,"3",2202,131760.231971219,"kick_net",0.005,2.875,1,0.511103396223714,0.64553696302175,1,0.451928691384938,17.9773791849859
"3604",7168,"Chriesbach","Pool","Ephemeroptera","Baetidae",5,"3",2202,131760.231971219,"kick_net",0.005,2.875,1,0.511103396223714,0.64553696302175,1,0.451928691384938,17.9773791849859
"3605",7169,"Chriesbach","Pool","Ephemeroptera","Baetidae",5,"3",2202,131760.231971219,"kick_net",0.005,2.875,1,0.511103396223714,0.64553696302175,1,0.451928691384938,17.9773791849859
"3606",7170,"Chriesbach","Pool","Ephemeroptera","Baetidae",6,"3",2202,131760.231971219,"kick_net",0.005,2.875,1,0.863286300593756,0.64553696302175,1,0.451928691384938,17.9773791849859
"3607",7171,"Chriesbach","Pool","Ephemeroptera","Baetidae",6,"3",2202,131760.231971219,"kick_net",0.005,2.875,1,0.863286300593756,0.64553696302175,1,0.451928691384938,17.9773791849859
"3608",7172,"Chriesbach","Pool","Ephemeroptera","Baetidae",6,"3",2202,131760.231971219,"kick_net",0.005,2.875,1,0.863286300593756,0.64553696302175,1,0.451928691384938,17.9773791849859
"3609",7173,"Chriesbach","Pool","Ephemeroptera","Baetidae",6,"3",2202,131760.231971219,"kick_net",0.005,2.875,1,0.863286300593756,0.64553696302175,1,0.451928691384938,17.9773791849859
"3610",7174,"Chriesbach","Pool","Ephemeroptera","Baetidae",6,"3",2202,131760.231971219,"kick_net",0.005,2.875,1,0.863286300593756,0.64553696302175,1,0.451928691384938,17.9773791849859
"3611",7175,"Chriesbach","Pool","Ephemeroptera","Baetidae",6,"3",2202,131760.231971219,"kick_net",0.005,2.875,1,0.863286300593756,0.64553696302175,1,0.451928691384938,17.9773791849859
"3612",7176,"Chriesbach","Pool","Ephemeroptera","Ephemerellidae",6,"3",2202,131760.231971219,"kick_net",0.01,2.676,1,1.20873958772828,0.64553696302175,1,0.451928691384938,17.9773791849859
"3613",7177,"Chriesbach","Pool","Trichoptera","Lepidostomatidae",12,"3",2202,131760.231971219,"kick_net",0.008,2.649,1,5.77884582209576,0.64553696302175,1,0.451928691384938,17.9773791849859
"3614",7178,"Chriesbach","Pool","Trichoptera","Lepidostomatidae",16,"3",2202,131760.231971219,"kick_net",0.008,2.649,1,12.3823712527665,0.64553696302175,1,0.451928691384938,17.9773791849859
"3615",7179,"Chriesbach","Pool","Trichoptera","Leptoceridae",11,"3",2202,131760.231971219,"kick_net",0.003,3.212,1,6.63857031244687,0.64553696302175,1,0.451928691384938,17.9773791849859
"3616",7180,"Chriesbach","Pool","Trichoptera","Leptoceridae",15,"3",2202,131760.231971219,"kick_net",0.003,3.212,1,17.9773791849859,0.64553696302175,1,0.451928691384938,17.9773791849859
"3617",7181,"Chriesbach","Pool","Trichoptera","Leptoceridae",15,"3",2202,131760.231971219,"kick_net",0.003,3.212,1,17.9773791849859,0.64553696302175,1,0.451928691384938,17.9773791849859
"3618",7182,"Chriesbach","Pool","Trichoptera","Limnephilidae",11,"3",2202,131760.231971219,"kick_net",0.004,2.93,1,4.50132695157922,0.64553696302175,1,0.451928691384938,17.9773791849859
"3619",7191,"Chriesbach","Pool","Gastropoda","Hydrobiidae",3,"3",2202,131760.231971219,"kick_net",0.182,2.82,1,4.03230455398401,0.64553696302175,1,0.451928691384938,17.9773791849859
"3620",7192,"Chriesbach","Pool","Gastropoda","Hydrobiidae",4,"3",2202,131760.231971219,"kick_net",0.182,2.82,1,9.0757090238855,0.64553696302175,1,0.451928691384938,17.9773791849859
"3621",7194,"Chriesbach","Pool","Amphipoda","Gammaridae",4,"3",2202,131760.231971219,"kick_net",0.00845,2.8705,1,0.451928691384938,0.64553696302175,1,0.451928691384938,17.9773791849859
"3622",7195,"Chriesbach","Pool","Amphipoda","Gammaridae",4,"3",2202,131760.231971219,"kick_net",0.00845,2.8705,1,0.451928691384938,0.64553696302175,1,0.451928691384938,17.9773791849859
"3623",7196,"Chriesbach","Pool","Amphipoda","Gammaridae",4,"3",2202,131760.231971219,"kick_net",0.00845,2.8705,1,0.451928691384938,0.64553696302175,1,0.451928691384938,17.9773791849859
"3624",7197,"Chriesbach","Pool","Amphipoda","Gammaridae",5,"3",2202,131760.231971219,"kick_net",0.00845,2.8705,1,0.857531547980516,0.64553696302175,1,0.451928691384938,17.9773791849859
"3625",7198,"Chriesbach","Pool","Amphipoda","Gammaridae",5,"3",2202,131760.231971219,"kick_net",0.00845,2.8705,1,0.857531547980516,0.64553696302175,1,0.451928691384938,17.9773791849859
"3626",7199,"Chriesbach","Pool","Amphipoda","Gammaridae",6,"3",2202,131760.231971219,"kick_net",0.00845,2.8705,1,1.44723771988851,0.64553696302175,1,0.451928691384938,17.9773791849859
"3627",7200,"Chriesbach","Pool","Amphipoda","Gammaridae",7,"3",2202,131760.231971219,"kick_net",0.00845,2.8705,1,2.25273772956822,0.64553696302175,1,0.451928691384938,17.9773791849859
"3628",7201,"Chriesbach","Pool","Amphipoda","Gammaridae",7,"3",2202,131760.231971219,"kick_net",0.00845,2.8705,1,2.25273772956822,0.64553696302175,1,0.451928691384938,17.9773791849859
"3629",7202,"Chriesbach","Pool","Amphipoda","Gammaridae",7,"3",2202,131760.231971219,"kick_net",0.00845,2.8705,1,2.25273772956822,0.64553696302175,1,0.451928691384938,17.9773791849859
"3630",7203,"Chriesbach","Pool","Amphipoda","Gammaridae",8,"3",2202,131760.231971219,"kick_net",0.00845,2.8705,1,3.30503845216443,0.64553696302175,1,0.451928691384938,17.9773791849859
"3631",7204,"Chriesbach","Pool","Amphipoda","Gammaridae",8,"3",2202,131760.231971219,"kick_net",0.00845,2.8705,1,3.30503845216443,0.64553696302175,1,0.451928691384938,17.9773791849859
"3632",7205,"Chriesbach","Pool","Amphipoda","Gammaridae",8,"3",2202,131760.231971219,"kick_net",0.00845,2.8705,1,3.30503845216443,0.64553696302175,1,0.451928691384938,17.9773791849859
"3633",7206,"Chriesbach","Pool","Amphipoda","Gammaridae",9,"3",2202,131760.231971219,"kick_net",0.00845,2.8705,1,4.6345741215268,0.64553696302175,1,0.451928691384938,17.9773791849859
"3634",7207,"Chriesbach","Pool","Amphipoda","Gammaridae",9,"3",2202,131760.231971219,"kick_net",0.00845,2.8705,1,4.6345741215268,0.64553696302175,1,0.451928691384938,17.9773791849859
"3635",7208,"Chriesbach","Pool","Amphipoda","Gammaridae",10,"3",2202,131760.231971219,"kick_net",0.00845,2.8705,1,6.27128747089358,0.64553696302175,1,0.451928691384938,17.9773791849859
"3636",7209,"Chriesbach","Pool","Amphipoda","Gammaridae",11,"3",2202,131760.231971219,"kick_net",0.00845,2.8705,1,8.24469153511625,0.64553696302175,1,0.451928691384938,17.9773791849859
"3637",7210,"Chriesbach","Pool","Amphipoda","Gammaridae",11,"3",2202,131760.231971219,"kick_net",0.00845,2.8705,1,8.24469153511625,0.64553696302175,1,0.451928691384938,17.9773791849859
"3638",7215,"Chriesbach","Pool","Ephemeroptera","Baetidae",5,"3",2202,131760.231971219,"kick_net",0.005,2.875,1,0.511103396223714,0.64553696302175,1,0.451928691384938,17.9773791849859
"3639",7216,"Chriesbach","Pool","Ephemeroptera","Baetidae",5,"3",2202,131760.231971219,"kick_net",0.005,2.875,1,0.511103396223714,0.64553696302175,1,0.451928691384938,17.9773791849859
"3640",7217,"Chriesbach","Pool","Ephemeroptera","Baetidae",6,"3",2202,131760.231971219,"kick_net",0.005,2.875,1,0.863286300593756,0.64553696302175,1,0.451928691384938,17.9773791849859
"3641",7225,"Chriesbach","Pool","Ephemeroptera","Ephemerellidae",6,"3",2202,131760.231971219,"kick_net",0.01,2.676,1,1.20873958772828,0.64553696302175,1,0.451928691384938,17.9773791849859
"3642",7226,"Chriesbach","Pool","Heteroptera","Veliidae",6,"3",2202,131760.231971219,"kick_net",0.013,2.719,1,1.69721398662249,0.64553696302175,1,0.451928691384938,17.9773791849859
"3643",7227,"Chriesbach","Pool","Heteroptera","Veliidae",6,"3",2202,131760.231971219,"kick_net",0.013,2.719,1,1.69721398662249,0.64553696302175,1,0.451928691384938,17.9773791849859
"3644",7235,"Chriesbach","Pool","Gastropoda","Hydrobiidae",3,"3",2202,131760.231971219,"kick_net",0.182,2.82,1,4.03230455398401,0.64553696302175,1,0.451928691384938,17.9773791849859
"3645",7236,"Chriesbach","Pool","Gastropoda","Hydrobiidae",4,"3",2202,131760.231971219,"kick_net",0.182,2.82,1,9.0757090238855,0.64553696302175,1,0.451928691384938,17.9773791849859
"3646",7240,"Chriesbach","Pool","Ephemeroptera","Ephemerellidae",6,"3",2202,131760.231971219,"kick_net",0.01,2.676,1,1.20873958772828,0.64553696302175,1,0.451928691384938,17.9773791849859
"3647",7244,"Chriesbach","Pool","Diptera","Chironomidae",8,"3",2202,131760.231971219,"kick_net",0.002,2.62,1,0.464649807522386,0.64553696302175,1,0.451928691384938,17.9773791849859
"3648",7245,"Chriesbach","Pool","Diptera","Chironomidae",8,"3",2202,131760.231971219,"kick_net",0.002,2.62,1,0.464649807522386,0.64553696302175,1,0.451928691384938,17.9773791849859
"3649",7247,"Chriesbach","Pool","Amphipoda","Gammaridae",4,"3",2202,131760.231971219,"kick_net",0.00845,2.8705,1,0.451928691384938,0.64553696302175,1,0.451928691384938,17.9773791849859
"3650",7248,"Chriesbach","Pool","Amphipoda","Gammaridae",5,"3",2202,131760.231971219,"kick_net",0.00845,2.8705,1,0.857531547980516,0.64553696302175,1,0.451928691384938,17.9773791849859
"3651",7249,"Chriesbach","Pool","Amphipoda","Gammaridae",5,"3",2202,131760.231971219,"kick_net",0.00845,2.8705,1,0.857531547980516,0.64553696302175,1,0.451928691384938,17.9773791849859
"3652",7250,"Chriesbach","Pool","Amphipoda","Gammaridae",10,"3",2202,131760.231971219,"kick_net",0.00845,2.8705,1,6.27128747089358,0.64553696302175,1,0.451928691384938,17.9773791849859
"3653",7251,"Chriesbach","Pool","Amphipoda","Gammaridae",12,"3",2202,131760.231971219,"kick_net",0.00845,2.8705,1,10.5839182261171,0.64553696302175,1,0.451928691384938,17.9773791849859
"3654",7252,"Chriesbach","Pool","Amphipoda","Gammaridae",12,"3",2202,131760.231971219,"kick_net",0.00845,2.8705,1,10.5839182261171,0.64553696302175,1,0.451928691384938,17.9773791849859
"3655",7253,"Chriesbach","Pool","Amphipoda","Gammaridae",13,"3",2202,131760.231971219,"kick_net",0.00845,2.8705,1,13.3177574719972,0.64553696302175,1,0.451928691384938,17.9773791849859
"3656",7254,"Chriesbach","Pool","Amphipoda","Gammaridae",13,"3",2202,131760.231971219,"kick_net",0.00845,2.8705,1,13.3177574719972,0.64553696302175,1,0.451928691384938,17.9773791849859
"3657",7255,"Chriesbach","Pool","Amphipoda","Gammaridae",13,"3",2202,131760.231971219,"kick_net",0.00845,2.8705,1,13.3177574719972,0.64553696302175,1,0.451928691384938,17.9773791849859
"3658",7256,"Chriesbach","Pool","Isopoda","Asellidae",5,"3",2202,131760.231971219,"kick_net",0.0036,3.111,1,0.538019707775883,0.64553696302175,1,0.451928691384938,17.9773791849859
"3659",7257,"Chriesbach","Pool","Isopoda","Asellidae",6,"3",2202,131760.231971219,"kick_net",0.0036,3.111,1,0.948704675045465,0.64553696302175,1,0.451928691384938,17.9773791849859
"3660",7260,"Chriesbach","Pool","Ephemeroptera","Baetidae",6,"3",2202,131760.231971219,"kick_net",0.005,2.875,1,0.863286300593756,0.64553696302175,1,0.451928691384938,17.9773791849859
"3661",7261,"Chriesbach","Pool","Ephemeroptera","Baetidae",6,"3",2202,131760.231971219,"kick_net",0.005,2.875,1,0.863286300593756,0.64553696302175,1,0.451928691384938,17.9773791849859
"3662",7264,"Chriesbach","Pool","Ephemeroptera","Ephemerellidae",5,"3",2202,131760.231971219,"kick_net",0.01,2.676,1,0.742068047117268,0.64553696302175,1,0.451928691384938,17.9773791849859
"3663",7265,"Chriesbach","Pool","Ephemeroptera","Ephemerellidae",5,"3",2202,131760.231971219,"kick_net",0.01,2.676,1,0.742068047117268,0.64553696302175,1,0.451928691384938,17.9773791849859
"3664",7266,"Chriesbach","Pool","Ephemeroptera","Ephemerellidae",5,"3",2202,131760.231971219,"kick_net",0.01,2.676,1,0.742068047117268,0.64553696302175,1,0.451928691384938,17.9773791849859
"3665",7267,"Chriesbach","Pool","Ephemeroptera","Ephemerellidae",5,"3",2202,131760.231971219,"kick_net",0.01,2.676,1,0.742068047117268,0.64553696302175,1,0.451928691384938,17.9773791849859
"3666",7268,"Chriesbach","Pool","Ephemeroptera","Ephemerellidae",6,"3",2202,131760.231971219,"kick_net",0.01,2.676,1,1.20873958772828,0.64553696302175,1,0.451928691384938,17.9773791849859
"3667",7269,"Chriesbach","Pool","Ephemeroptera","Ephemerellidae",6,"3",2202,131760.231971219,"kick_net",0.01,2.676,1,1.20873958772828,0.64553696302175,1,0.451928691384938,17.9773791849859
"3668",7270,"Chriesbach","Pool","Ephemeroptera","Ephemerellidae",6,"3",2202,131760.231971219,"kick_net",0.01,2.676,1,1.20873958772828,0.64553696302175,1,0.451928691384938,17.9773791849859
"3669",7271,"Chriesbach","Pool","Ephemeroptera","Ephemerellidae",7,"3",2202,131760.231971219,"kick_net",0.01,2.676,1,1.82592256228061,0.64553696302175,1,0.451928691384938,17.9773791849859
"3670",7272,"Chriesbach","Pool","Odonata","Calopterygidae",6,"3",2202,131760.231971219,"kick_net",0.005,2.742,1,0.680237755198024,0.64553696302175,1,0.451928691384938,17.9773791849859
"3671",7275,"Chriesbach","Pool","Trichoptera","Hydropsychidae",6,"3",2202,131760.231971219,"kick_net",0.005,2.926,1,0.94588984503884,0.64553696302175,1,0.451928691384938,17.9773791849859
"3672",7276,"Chriesbach","Pool","Trichoptera","Hydropsychidae",6,"3",2202,131760.231971219,"kick_net",0.005,2.926,1,0.94588984503884,0.64553696302175,1,0.451928691384938,17.9773791849859
"3673",7277,"Chriesbach","Pool","Trichoptera","Hydropsychidae",6,"3",2202,131760.231971219,"kick_net",0.005,2.926,1,0.94588984503884,0.64553696302175,1,0.451928691384938,17.9773791849859
"3674",7278,"Chriesbach","Pool","Trichoptera","Hydropsychidae",8,"3",2202,131760.231971219,"kick_net",0.005,2.926,1,2.19488265378348,0.64553696302175,1,0.451928691384938,17.9773791849859
"3675",7279,"Chriesbach","Pool","Trichoptera","Hydropsychidae",8,"3",2202,131760.231971219,"kick_net",0.005,2.926,1,2.19488265378348,0.64553696302175,1,0.451928691384938,17.9773791849859
"3676",7280,"Chriesbach","Pool","Trichoptera","Hydropsychidae",9,"3",2202,131760.231971219,"kick_net",0.005,2.926,1,3.09801550473281,0.64553696302175,1,0.451928691384938,17.9773791849859
"3677",7281,"Chriesbach","Pool","Trichoptera","Hydropsychidae",11,"3",2202,131760.231971219,"kick_net",0.005,2.926,1,5.57294813273494,0.64553696302175,1,0.451928691384938,17.9773791849859
"3678",7282,"Chriesbach","Pool","Trichoptera","Hydropsychidae",11,"3",2202,131760.231971219,"kick_net",0.005,2.926,1,5.57294813273494,0.64553696302175,1,0.451928691384938,17.9773791849859
"3679",7283,"Chriesbach","Pool","Trichoptera","Hydropsychidae",12,"3",2202,131760.231971219,"kick_net",0.005,2.926,1,7.18876571955492,0.64553696302175,1,0.451928691384938,17.9773791849859
"3680",7284,"Chriesbach","Pool","Trichoptera","Hydropsychidae",12,"3",2202,131760.231971219,"kick_net",0.005,2.926,1,7.18876571955492,0.64553696302175,1,0.451928691384938,17.9773791849859
"3681",7285,"Chriesbach","Pool","Trichoptera","Hydropsychidae",13,"3",2202,131760.231971219,"kick_net",0.005,2.926,1,9.08590628790821,0.64553696302175,1,0.451928691384938,17.9773791849859
"3682",7286,"Chriesbach","Pool","Trichoptera","Lepidostomatidae",6,"3",2202,131760.231971219,"kick_net",0.008,2.649,1,0.921324561770878,0.64553696302175,1,0.451928691384938,17.9773791849859
"3683",7294,"Chriesbach","Pool","Diptera","Chironomidae",8,"3",2202,131760.231971219,"kick_net",0.002,2.62,1,0.464649807522386,0.64553696302175,1,0.451928691384938,17.9773791849859
"3684",7295,"Chriesbach","Pool","Diptera","Chironomidae",8,"3",2202,131760.231971219,"kick_net",0.002,2.62,1,0.464649807522386,0.64553696302175,1,0.451928691384938,17.9773791849859
"3685",7296,"Chriesbach","Outflow","Gastropoda","Hydrobiidae",4,"3",2202,131760.231971219,"kick_net",0.182,2.82,1,9.0757090238855,0.64553696302175,1,6.19119828422008,64.0892443907669
"3686",7301,"Chriesbach","Outflow","Amphipoda","Gammaridae",11,"3",2202,131760.231971219,"kick_net",0.00845,2.8705,1,8.24469153511625,0.64553696302175,1,6.19119828422008,64.0892443907669
"3687",7302,"Chriesbach","Outflow","Amphipoda","Gammaridae",14,"3",2202,131760.231971219,"kick_net",0.00845,2.8705,1,16.4746893941346,0.64553696302175,1,6.19119828422008,64.0892443907669
"3688",7333,"Chriesbach","Outflow","Hirudinea","Glossiphoniidae",10,"3",2202,131760.231971219,"kick_net",-2.12,2,2,12.0031628511457,0.64553696302175,1,6.19119828422008,64.0892443907669
"3689",7334,"Chriesbach","Outflow","Gastropoda","Hydrobiidae",8,"3",2202,131760.231971219,"kick_net",0.182,2.82,1,64.0892443907669,0.64553696302175,1,6.19119828422008,64.0892443907669
"3690",7335,"Chriesbach","Outflow","Gastropoda","Physidae",5,"3",2202,131760.231971219,"kick_net",0.0457,3.05,1,6.19119828422008,0.64553696302175,1,6.19119828422008,64.0892443907669
"3691",7343,"Chriesbach","Outflow","Trichoptera","Limnephilidae",15,"3",2202,131760.231971219,"kick_net",0.004,2.93,1,11.1688222781476,0.64553696302175,1,6.19119828422008,64.0892443907669
"3692",7347,"Chriesbach","Outflow","Amphipoda","Gammaridae",10,"3",2202,131760.231971219,"kick_net",0.00845,2.8705,1,6.27128747089358,0.64553696302175,1,6.19119828422008,64.0892443907669
"3693",7439,"Leugene","Control","Amphipoda","Gammaridae",17,"3",212,181798.799589326,"kick_net",0.00845,2.8705,1,28.7647323770081,1.39142768822761,1,17.1223035863105,127.547628225658
"3694",7525,"Leugene","Control","Amphipoda","Gammaridae",15,"3",212,181798.799589326,"kick_net",0.00845,2.8705,1,20.0829112051457,1.39142768822761,1,17.1223035863105,127.547628225658
"3695",7526,"Leugene","Control","Amphipoda","Gammaridae",16,"3",212,181798.799589326,"kick_net",0.00845,2.8705,1,24.1703600114678,1.39142768822761,1,17.1223035863105,127.547628225658
"3696",7527,"Leugene","Control","Amphipoda","Gammaridae",16,"3",212,181798.799589326,"kick_net",0.00845,2.8705,1,24.1703600114678,1.39142768822761,1,17.1223035863105,127.547628225658
"3697",7528,"Leugene","Control","Decapoda","Astacidae",8,"3",212,181798.799589326,"kick_net",0.01675,3.3325,1,17.1223035863105,1.39142768822761,1,17.1223035863105,127.547628225658
"3698",7530,"Leugene","Control","Odonata","Cordulegastridae",34,"3",212,181798.799589326,"kick_net",0.007,2.782,1,127.547628225658,1.39142768822761,1,17.1223035863105,127.547628225658
"3699",7586,"Leugene","Control","Trichoptera","Limnephilidae",22,"3",212,181798.799589326,"kick_net",0.004,2.93,1,34.3050807655492,1.39142768822761,1,17.1223035863105,127.547628225658
"3700",7587,"Leugene","Control","Trichoptera","Limnephilidae",26,"3",212,181798.799589326,"kick_net",0.004,2.93,1,55.9669836138107,1.39142768822761,1,17.1223035863105,127.547628225658
"3701",7590,"Leugene","Control","Trichoptera","Odontoceridae",17,"3",212,181798.799589326,"kick_net",0.008,2.99,1,38.20606075081,1.39142768822761,1,17.1223035863105,127.547628225658
"3702",7591,"Leugene","Control","Trichoptera","Odontoceridae",24,"3",212,181798.799589326,"kick_net",0.008,2.99,1,107.132588845255,1.39142768822761,1,17.1223035863105,127.547628225658
"3703",7628,"Leugene","Control","Trichoptera","Limnephilidae",18,"3",212,181798.799589326,"kick_net",0.004,2.93,1,19.0549771044345,1.39142768822761,1,17.1223035863105,127.547628225658
"3704",7707,"Leugene","Inflow","Gastropoda","Hydrobiidae",5,"3",212,181798.799589326,"kick_net",0.182,2.82,1,17.0281238483793,1.39142768822761,1,10.5839182261171,51.2762433615997
"3705",7708,"Leugene","Inflow","Gastropoda","Hydrobiidae",5,"3",212,181798.799589326,"kick_net",0.182,2.82,1,17.0281238483793,1.39142768822761,1,10.5839182261171,51.2762433615997
"3706",7709,"Leugene","Inflow","Gastropoda","Hydrobiidae",5,"3",212,181798.799589326,"kick_net",0.182,2.82,1,17.0281238483793,1.39142768822761,1,10.5839182261171,51.2762433615997
"3707",7710,"Leugene","Inflow","Gastropoda","Hydrobiidae",5,"3",212,181798.799589326,"kick_net",0.182,2.82,1,17.0281238483793,1.39142768822761,1,10.5839182261171,51.2762433615997
"3708",7711,"Leugene","Inflow","Gastropoda","Physidae",10,"3",212,181798.799589326,"kick_net",0.0457,3.05,1,51.2762433615997,1.39142768822761,1,10.5839182261171,51.2762433615997
"3709",7731,"Leugene","Inflow","Trichoptera","Limnephilidae",15,"3",212,181798.799589326,"kick_net",0.004,2.93,1,11.1688222781476,1.39142768822761,1,10.5839182261171,51.2762433615997
"3710",7732,"Leugene","Inflow","Trichoptera","Limnephilidae",15,"3",212,181798.799589326,"kick_net",0.004,2.93,1,11.1688222781476,1.39142768822761,1,10.5839182261171,51.2762433615997
"3711",7733,"Leugene","Inflow","Trichoptera","Limnephilidae",16,"3",212,181798.799589326,"kick_net",0.004,2.93,1,13.4937152269119,1.39142768822761,1,10.5839182261171,51.2762433615997
"3712",7754,"Leugene","Inflow","Amphipoda","Gammaridae",12,"3",212,181798.799589326,"kick_net",0.00845,2.8705,1,10.5839182261171,1.39142768822761,1,10.5839182261171,51.2762433615997
"3713",7755,"Leugene","Inflow","Amphipoda","Gammaridae",12,"3",212,181798.799589326,"kick_net",0.00845,2.8705,1,10.5839182261171,1.39142768822761,1,10.5839182261171,51.2762433615997
"3714",7756,"Leugene","Inflow","Amphipoda","Gammaridae",12,"3",212,181798.799589326,"kick_net",0.00845,2.8705,1,10.5839182261171,1.39142768822761,1,10.5839182261171,51.2762433615997
"3715",7757,"Leugene","Inflow","Amphipoda","Gammaridae",13,"3",212,181798.799589326,"kick_net",0.00845,2.8705,1,13.3177574719972,1.39142768822761,1,10.5839182261171,51.2762433615997
"3716",7773,"Leugene","Inflow","Amphipoda","Gammaridae",12,"3",212,181798.799589326,"kick_net",0.00845,2.8705,1,10.5839182261171,1.39142768822761,1,10.5839182261171,51.2762433615997
"3717",7774,"Leugene","Inflow","Trichoptera","Limnephilidae",18,"3",212,181798.799589326,"kick_net",0.004,2.93,1,19.0549771044345,1.39142768822761,1,10.5839182261171,51.2762433615997
"3718",7798,"Leugene","Pool","Amphipoda","Gammaridae",15,"3",212,181798.799589326,"kick_net",0.00845,2.8705,1,20.0829112051457,1.39142768822761,1,16.1166706473432,102.837006879523
"3719",7799,"Leugene","Pool","Trichoptera","Limnephilidae",17,"3",212,181798.799589326,"kick_net",0.004,2.93,1,16.1166706473432,1.39142768822761,1,16.1166706473432,102.837006879523
"3720",7800,"Leugene","Pool","Trichoptera","Limnephilidae",18,"3",212,181798.799589326,"kick_net",0.004,2.93,1,19.0549771044345,1.39142768822761,1,16.1166706473432,102.837006879523
"3721",7801,"Leugene","Pool","Trichoptera","Limnephilidae",19,"3",212,181798.799589326,"kick_net",0.004,2.93,1,22.3258520349897,1.39142768822761,1,16.1166706473432,102.837006879523
"3722",7853,"Leugene","Pool","Trichoptera","Limnephilidae",22,"3",212,181798.799589326,"kick_net",0.004,2.93,1,34.3050807655492,1.39142768822761,1,16.1166706473432,102.837006879523
"3723",7908,"Leugene","Pool","Trichoptera","Limnephilidae",28,"3",212,181798.799589326,"kick_net",0.004,2.93,1,69.5397336881361,1.39142768822761,1,16.1166706473432,102.837006879523
"3724",7909,"Leugene","Pool","Trichoptera","Limnephilidae",32,"3",212,181798.799589326,"kick_net",0.004,2.93,1,102.837006879523,1.39142768822761,1,16.1166706473432,102.837006879523
"3725",7920,"Leugene","Outflow","Gastropoda","Hydrobiidae",4,"3",212,181798.799589326,"kick_net",0.182,2.82,1,9.0757090238855,1.39142768822761,1,0.165656031703537,24.1703600114678
"3726",7923,"Leugene","Outflow","Amphipoda","Gammaridae",3,"3",212,181798.799589326,"kick_net",0.00845,2.8705,1,0.197894293315652,1.39142768822761,1,0.165656031703537,24.1703600114678
"3727",7924,"Leugene","Outflow","Amphipoda","Gammaridae",3,"3",212,181798.799589326,"kick_net",0.00845,2.8705,1,0.197894293315652,1.39142768822761,1,0.165656031703537,24.1703600114678
"3728",7925,"Leugene","Outflow","Amphipoda","Gammaridae",3,"3",212,181798.799589326,"kick_net",0.00845,2.8705,1,0.197894293315652,1.39142768822761,1,0.165656031703537,24.1703600114678
"3729",7926,"Leugene","Outflow","Amphipoda","Gammaridae",3,"3",212,181798.799589326,"kick_net",0.00845,2.8705,1,0.197894293315652,1.39142768822761,1,0.165656031703537,24.1703600114678
"3730",7927,"Leugene","Outflow","Amphipoda","Gammaridae",3,"3",212,181798.799589326,"kick_net",0.00845,2.8705,1,0.197894293315652,1.39142768822761,1,0.165656031703537,24.1703600114678
"3731",7928,"Leugene","Outflow","Amphipoda","Gammaridae",3,"3",212,181798.799589326,"kick_net",0.00845,2.8705,1,0.197894293315652,1.39142768822761,1,0.165656031703537,24.1703600114678
"3732",7929,"Leugene","Outflow","Amphipoda","Gammaridae",3,"3",212,181798.799589326,"kick_net",0.00845,2.8705,1,0.197894293315652,1.39142768822761,1,0.165656031703537,24.1703600114678
"3733",7930,"Leugene","Outflow","Amphipoda","Gammaridae",3,"3",212,181798.799589326,"kick_net",0.00845,2.8705,1,0.197894293315652,1.39142768822761,1,0.165656031703537,24.1703600114678
"3734",7931,"Leugene","Outflow","Amphipoda","Gammaridae",3,"3",212,181798.799589326,"kick_net",0.00845,2.8705,1,0.197894293315652,1.39142768822761,1,0.165656031703537,24.1703600114678
"3735",7932,"Leugene","Outflow","Amphipoda","Gammaridae",3,"3",212,181798.799589326,"kick_net",0.00845,2.8705,1,0.197894293315652,1.39142768822761,1,0.165656031703537,24.1703600114678
"3736",7933,"Leugene","Outflow","Amphipoda","Gammaridae",3,"3",212,181798.799589326,"kick_net",0.00845,2.8705,1,0.197894293315652,1.39142768822761,1,0.165656031703537,24.1703600114678
"3737",7934,"Leugene","Outflow","Amphipoda","Gammaridae",3,"3",212,181798.799589326,"kick_net",0.00845,2.8705,1,0.197894293315652,1.39142768822761,1,0.165656031703537,24.1703600114678
"3738",7935,"Leugene","Outflow","Amphipoda","Gammaridae",3,"3",212,181798.799589326,"kick_net",0.00845,2.8705,1,0.197894293315652,1.39142768822761,1,0.165656031703537,24.1703600114678
"3739",7936,"Leugene","Outflow","Amphipoda","Gammaridae",4,"3",212,181798.799589326,"kick_net",0.00845,2.8705,1,0.451928691384938,1.39142768822761,1,0.165656031703537,24.1703600114678
"3740",7937,"Leugene","Outflow","Amphipoda","Gammaridae",4,"3",212,181798.799589326,"kick_net",0.00845,2.8705,1,0.451928691384938,1.39142768822761,1,0.165656031703537,24.1703600114678
"3741",7938,"Leugene","Outflow","Amphipoda","Gammaridae",4,"3",212,181798.799589326,"kick_net",0.00845,2.8705,1,0.451928691384938,1.39142768822761,1,0.165656031703537,24.1703600114678
"3742",7939,"Leugene","Outflow","Amphipoda","Gammaridae",4,"3",212,181798.799589326,"kick_net",0.00845,2.8705,1,0.451928691384938,1.39142768822761,1,0.165656031703537,24.1703600114678
"3743",7940,"Leugene","Outflow","Amphipoda","Gammaridae",4,"3",212,181798.799589326,"kick_net",0.00845,2.8705,1,0.451928691384938,1.39142768822761,1,0.165656031703537,24.1703600114678
"3744",7941,"Leugene","Outflow","Amphipoda","Gammaridae",4,"3",212,181798.799589326,"kick_net",0.00845,2.8705,1,0.451928691384938,1.39142768822761,1,0.165656031703537,24.1703600114678
"3745",7942,"Leugene","Outflow","Amphipoda","Gammaridae",4,"3",212,181798.799589326,"kick_net",0.00845,2.8705,1,0.451928691384938,1.39142768822761,1,0.165656031703537,24.1703600114678
"3746",7943,"Leugene","Outflow","Amphipoda","Gammaridae",4,"3",212,181798.799589326,"kick_net",0.00845,2.8705,1,0.451928691384938,1.39142768822761,1,0.165656031703537,24.1703600114678
"3747",7944,"Leugene","Outflow","Amphipoda","Gammaridae",4,"3",212,181798.799589326,"kick_net",0.00845,2.8705,1,0.451928691384938,1.39142768822761,1,0.165656031703537,24.1703600114678
"3748",7945,"Leugene","Outflow","Amphipoda","Gammaridae",4,"3",212,181798.799589326,"kick_net",0.00845,2.8705,1,0.451928691384938,1.39142768822761,1,0.165656031703537,24.1703600114678
"3749",7946,"Leugene","Outflow","Amphipoda","Gammaridae",4,"3",212,181798.799589326,"kick_net",0.00845,2.8705,1,0.451928691384938,1.39142768822761,1,0.165656031703537,24.1703600114678
"3750",7947,"Leugene","Outflow","Amphipoda","Gammaridae",4,"3",212,181798.799589326,"kick_net",0.00845,2.8705,1,0.451928691384938,1.39142768822761,1,0.165656031703537,24.1703600114678
"3751",7948,"Leugene","Outflow","Amphipoda","Gammaridae",5,"3",212,181798.799589326,"kick_net",0.00845,2.8705,1,0.857531547980516,1.39142768822761,1,0.165656031703537,24.1703600114678
"3752",7949,"Leugene","Outflow","Amphipoda","Gammaridae",5,"3",212,181798.799589326,"kick_net",0.00845,2.8705,1,0.857531547980516,1.39142768822761,1,0.165656031703537,24.1703600114678
"3753",7950,"Leugene","Outflow","Amphipoda","Gammaridae",5,"3",212,181798.799589326,"kick_net",0.00845,2.8705,1,0.857531547980516,1.39142768822761,1,0.165656031703537,24.1703600114678
"3754",7951,"Leugene","Outflow","Amphipoda","Gammaridae",5,"3",212,181798.799589326,"kick_net",0.00845,2.8705,1,0.857531547980516,1.39142768822761,1,0.165656031703537,24.1703600114678
"3755",7952,"Leugene","Outflow","Amphipoda","Gammaridae",5,"3",212,181798.799589326,"kick_net",0.00845,2.8705,1,0.857531547980516,1.39142768822761,1,0.165656031703537,24.1703600114678
"3756",7953,"Leugene","Outflow","Amphipoda","Gammaridae",5,"3",212,181798.799589326,"kick_net",0.00845,2.8705,1,0.857531547980516,1.39142768822761,1,0.165656031703537,24.1703600114678
"3757",7954,"Leugene","Outflow","Amphipoda","Gammaridae",5,"3",212,181798.799589326,"kick_net",0.00845,2.8705,1,0.857531547980516,1.39142768822761,1,0.165656031703537,24.1703600114678
"3758",7955,"Leugene","Outflow","Amphipoda","Gammaridae",5,"3",212,181798.799589326,"kick_net",0.00845,2.8705,1,0.857531547980516,1.39142768822761,1,0.165656031703537,24.1703600114678
"3759",7956,"Leugene","Outflow","Amphipoda","Gammaridae",6,"3",212,181798.799589326,"kick_net",0.00845,2.8705,1,1.44723771988851,1.39142768822761,1,0.165656031703537,24.1703600114678
"3760",7957,"Leugene","Outflow","Amphipoda","Gammaridae",6,"3",212,181798.799589326,"kick_net",0.00845,2.8705,1,1.44723771988851,1.39142768822761,1,0.165656031703537,24.1703600114678
"3761",7958,"Leugene","Outflow","Amphipoda","Gammaridae",6,"3",212,181798.799589326,"kick_net",0.00845,2.8705,1,1.44723771988851,1.39142768822761,1,0.165656031703537,24.1703600114678
"3762",7959,"Leugene","Outflow","Amphipoda","Gammaridae",7,"3",212,181798.799589326,"kick_net",0.00845,2.8705,1,2.25273772956822,1.39142768822761,1,0.165656031703537,24.1703600114678
"3763",7960,"Leugene","Outflow","Amphipoda","Gammaridae",7,"3",212,181798.799589326,"kick_net",0.00845,2.8705,1,2.25273772956822,1.39142768822761,1,0.165656031703537,24.1703600114678
"3764",7961,"Leugene","Outflow","Amphipoda","Gammaridae",7,"3",212,181798.799589326,"kick_net",0.00845,2.8705,1,2.25273772956822,1.39142768822761,1,0.165656031703537,24.1703600114678
"3765",7962,"Leugene","Outflow","Amphipoda","Gammaridae",8,"3",212,181798.799589326,"kick_net",0.00845,2.8705,1,3.30503845216443,1.39142768822761,1,0.165656031703537,24.1703600114678
"3766",7963,"Leugene","Outflow","Amphipoda","Gammaridae",8,"3",212,181798.799589326,"kick_net",0.00845,2.8705,1,3.30503845216443,1.39142768822761,1,0.165656031703537,24.1703600114678
"3767",7964,"Leugene","Outflow","Amphipoda","Gammaridae",9,"3",212,181798.799589326,"kick_net",0.00845,2.8705,1,4.6345741215268,1.39142768822761,1,0.165656031703537,24.1703600114678
"3768",7965,"Leugene","Outflow","Amphipoda","Gammaridae",9,"3",212,181798.799589326,"kick_net",0.00845,2.8705,1,4.6345741215268,1.39142768822761,1,0.165656031703537,24.1703600114678
"3769",7966,"Leugene","Outflow","Amphipoda","Gammaridae",9,"3",212,181798.799589326,"kick_net",0.00845,2.8705,1,4.6345741215268,1.39142768822761,1,0.165656031703537,24.1703600114678
"3770",7967,"Leugene","Outflow","Amphipoda","Gammaridae",10,"3",212,181798.799589326,"kick_net",0.00845,2.8705,1,6.27128747089358,1.39142768822761,1,0.165656031703537,24.1703600114678
"3771",7968,"Leugene","Outflow","Amphipoda","Gammaridae",12,"3",212,181798.799589326,"kick_net",0.00845,2.8705,1,10.5839182261171,1.39142768822761,1,0.165656031703537,24.1703600114678
"3772",7970,"Leugene","Outflow","Coleoptera","Elmidae",3,"3",212,181798.799589326,"kick_net",0.007,2.88,1,0.165656031703537,1.39142768822761,1,0.165656031703537,24.1703600114678
"3773",7971,"Leugene","Outflow","Trichoptera","Limnephilidae",11,"3",212,181798.799589326,"kick_net",0.004,2.93,1,4.50132695157922,1.39142768822761,1,0.165656031703537,24.1703600114678
"3774",7972,"Leugene","Outflow","Trichoptera","Limnephilidae",12,"3",212,181798.799589326,"kick_net",0.004,2.93,1,5.80846052583069,1.39142768822761,1,0.165656031703537,24.1703600114678
"3775",7973,"Leugene","Outflow","Trichoptera","Limnephilidae",16,"3",212,181798.799589326,"kick_net",0.004,2.93,1,13.4937152269119,1.39142768822761,1,0.165656031703537,24.1703600114678
"3776",7984,"Leugene","Outflow","Diptera","Chironomidae",6,"3",212,181798.799589326,"kick_net",0.002,2.62,1,0.218668523080522,1.39142768822761,1,0.165656031703537,24.1703600114678
"3777",7985,"Leugene","Outflow","Diptera","Chironomidae",6,"3",212,181798.799589326,"kick_net",0.002,2.62,1,0.218668523080522,1.39142768822761,1,0.165656031703537,24.1703600114678
"3778",7986,"Leugene","Outflow","Diptera","Chironomidae",6,"3",212,181798.799589326,"kick_net",0.002,2.62,1,0.218668523080522,1.39142768822761,1,0.165656031703537,24.1703600114678
"3779",7987,"Leugene","Outflow","Diptera","Chironomidae",6,"3",212,181798.799589326,"kick_net",0.002,2.62,1,0.218668523080522,1.39142768822761,1,0.165656031703537,24.1703600114678
"3780",7988,"Leugene","Outflow","Diptera","Chironomidae",6,"3",212,181798.799589326,"kick_net",0.002,2.62,1,0.218668523080522,1.39142768822761,1,0.165656031703537,24.1703600114678
"3781",7989,"Leugene","Outflow","Diptera","Chironomidae",6,"3",212,181798.799589326,"kick_net",0.002,2.62,1,0.218668523080522,1.39142768822761,1,0.165656031703537,24.1703600114678
"3782",7990,"Leugene","Outflow","Diptera","Chironomidae",6,"3",212,181798.799589326,"kick_net",0.002,2.62,1,0.218668523080522,1.39142768822761,1,0.165656031703537,24.1703600114678
"3783",7991,"Leugene","Outflow","Diptera","Chironomidae",7,"3",212,181798.799589326,"kick_net",0.002,2.62,1,0.327481567511863,1.39142768822761,1,0.165656031703537,24.1703600114678
"3784",7992,"Leugene","Outflow","Diptera","Chironomidae",7,"3",212,181798.799589326,"kick_net",0.002,2.62,1,0.327481567511863,1.39142768822761,1,0.165656031703537,24.1703600114678
"3785",7993,"Leugene","Outflow","Diptera","Chironomidae",7,"3",212,181798.799589326,"kick_net",0.002,2.62,1,0.327481567511863,1.39142768822761,1,0.165656031703537,24.1703600114678
"3786",7994,"Leugene","Outflow","Diptera","Chironomidae",8,"3",212,181798.799589326,"kick_net",0.002,2.62,1,0.464649807522386,1.39142768822761,1,0.165656031703537,24.1703600114678
"3787",7995,"Leugene","Outflow","Diptera","Chironomidae",8,"3",212,181798.799589326,"kick_net",0.002,2.62,1,0.464649807522386,1.39142768822761,1,0.165656031703537,24.1703600114678
"3788",7996,"Leugene","Outflow","Diptera","Chironomidae",8,"3",212,181798.799589326,"kick_net",0.002,2.62,1,0.464649807522386,1.39142768822761,1,0.165656031703537,24.1703600114678
"3789",7997,"Leugene","Outflow","Diptera","Chironomidae",10,"3",212,181798.799589326,"kick_net",0.002,2.62,1,0.833738766940671,1.39142768822761,1,0.165656031703537,24.1703600114678
"3790",7998,"Leugene","Outflow","Gastropoda","Hydrobiidae",1,"3",212,181798.799589326,"kick_net",0.182,2.82,1,0.182,1.39142768822761,1,0.165656031703537,24.1703600114678
"3791",7999,"Leugene","Outflow","Gastropoda","Hydrobiidae",1,"3",212,181798.799589326,"kick_net",0.182,2.82,1,0.182,1.39142768822761,1,0.165656031703537,24.1703600114678
"3792",8000,"Leugene","Outflow","Gastropoda","Hydrobiidae",2,"3",212,181798.799589326,"kick_net",0.182,2.82,1,1.28521556259919,1.39142768822761,1,0.165656031703537,24.1703600114678
"3793",8001,"Leugene","Outflow","Gastropoda","Hydrobiidae",2,"3",212,181798.799589326,"kick_net",0.182,2.82,1,1.28521556259919,1.39142768822761,1,0.165656031703537,24.1703600114678
"3794",8002,"Leugene","Outflow","Gastropoda","Hydrobiidae",2,"3",212,181798.799589326,"kick_net",0.182,2.82,1,1.28521556259919,1.39142768822761,1,0.165656031703537,24.1703600114678
"3795",8003,"Leugene","Outflow","Gastropoda","Hydrobiidae",2,"3",212,181798.799589326,"kick_net",0.182,2.82,1,1.28521556259919,1.39142768822761,1,0.165656031703537,24.1703600114678
"3796",8004,"Leugene","Outflow","Gastropoda","Hydrobiidae",2,"3",212,181798.799589326,"kick_net",0.182,2.82,1,1.28521556259919,1.39142768822761,1,0.165656031703537,24.1703600114678
"3797",8005,"Leugene","Outflow","Gastropoda","Hydrobiidae",3,"3",212,181798.799589326,"kick_net",0.182,2.82,1,4.03230455398401,1.39142768822761,1,0.165656031703537,24.1703600114678
"3798",8006,"Leugene","Outflow","Gastropoda","Hydrobiidae",3,"3",212,181798.799589326,"kick_net",0.182,2.82,1,4.03230455398401,1.39142768822761,1,0.165656031703537,24.1703600114678
"3799",8007,"Leugene","Outflow","Gastropoda","Hydrobiidae",3,"3",212,181798.799589326,"kick_net",0.182,2.82,1,4.03230455398401,1.39142768822761,1,0.165656031703537,24.1703600114678
"3800",8008,"Leugene","Outflow","Gastropoda","Hydrobiidae",3,"3",212,181798.799589326,"kick_net",0.182,2.82,1,4.03230455398401,1.39142768822761,1,0.165656031703537,24.1703600114678
"3801",8009,"Leugene","Outflow","Gastropoda","Hydrobiidae",4,"3",212,181798.799589326,"kick_net",0.182,2.82,1,9.0757090238855,1.39142768822761,1,0.165656031703537,24.1703600114678
"3802",8010,"Leugene","Outflow","Gastropoda","Hydrobiidae",4,"3",212,181798.799589326,"kick_net",0.182,2.82,1,9.0757090238855,1.39142768822761,1,0.165656031703537,24.1703600114678
"3803",8011,"Leugene","Outflow","Gastropoda","Hydrobiidae",4,"3",212,181798.799589326,"kick_net",0.182,2.82,1,9.0757090238855,1.39142768822761,1,0.165656031703537,24.1703600114678
"3804",8012,"Leugene","Outflow","Gastropoda","Hydrobiidae",4,"3",212,181798.799589326,"kick_net",0.182,2.82,1,9.0757090238855,1.39142768822761,1,0.165656031703537,24.1703600114678
"3805",8013,"Leugene","Outflow","Gastropoda","Hydrobiidae",4,"3",212,181798.799589326,"kick_net",0.182,2.82,1,9.0757090238855,1.39142768822761,1,0.165656031703537,24.1703600114678
"3806",8014,"Leugene","Outflow","Gastropoda","Hydrobiidae",4,"3",212,181798.799589326,"kick_net",0.182,2.82,1,9.0757090238855,1.39142768822761,1,0.165656031703537,24.1703600114678
"3807",8015,"Leugene","Outflow","Gastropoda","Hydrobiidae",4,"3",212,181798.799589326,"kick_net",0.182,2.82,1,9.0757090238855,1.39142768822761,1,0.165656031703537,24.1703600114678
"3808",8016,"Leugene","Outflow","Gastropoda","Hydrobiidae",4,"3",212,181798.799589326,"kick_net",0.182,2.82,1,9.0757090238855,1.39142768822761,1,0.165656031703537,24.1703600114678
"3809",8017,"Leugene","Outflow","Gastropoda","Hydrobiidae",4,"3",212,181798.799589326,"kick_net",0.182,2.82,1,9.0757090238855,1.39142768822761,1,0.165656031703537,24.1703600114678
"3810",8018,"Leugene","Outflow","Gastropoda","Hydrobiidae",4,"3",212,181798.799589326,"kick_net",0.182,2.82,1,9.0757090238855,1.39142768822761,1,0.165656031703537,24.1703600114678
"3811",8019,"Leugene","Outflow","Gastropoda","Hydrobiidae",4,"3",212,181798.799589326,"kick_net",0.182,2.82,1,9.0757090238855,1.39142768822761,1,0.165656031703537,24.1703600114678
"3812",8020,"Leugene","Outflow","Gastropoda","Hydrobiidae",4,"3",212,181798.799589326,"kick_net",0.182,2.82,1,9.0757090238855,1.39142768822761,1,0.165656031703537,24.1703600114678
"3813",8021,"Leugene","Outflow","Gastropoda","Hydrobiidae",4,"3",212,181798.799589326,"kick_net",0.182,2.82,1,9.0757090238855,1.39142768822761,1,0.165656031703537,24.1703600114678
"3814",8022,"Leugene","Outflow","Gastropoda","Hydrobiidae",5,"3",212,181798.799589326,"kick_net",0.182,2.82,1,17.0281238483793,1.39142768822761,1,0.165656031703537,24.1703600114678
"3815",8023,"Leugene","Outflow","Gastropoda","Hydrobiidae",5,"3",212,181798.799589326,"kick_net",0.182,2.82,1,17.0281238483793,1.39142768822761,1,0.165656031703537,24.1703600114678
"3816",8026,"Leugene","Outflow","Amphipoda","Gammaridae",3,"3",212,181798.799589326,"kick_net",0.00845,2.8705,1,0.197894293315652,1.39142768822761,1,0.165656031703537,24.1703600114678
"3817",8027,"Leugene","Outflow","Amphipoda","Gammaridae",3,"3",212,181798.799589326,"kick_net",0.00845,2.8705,1,0.197894293315652,1.39142768822761,1,0.165656031703537,24.1703600114678
"3818",8028,"Leugene","Outflow","Amphipoda","Gammaridae",4,"3",212,181798.799589326,"kick_net",0.00845,2.8705,1,0.451928691384938,1.39142768822761,1,0.165656031703537,24.1703600114678
"3819",8029,"Leugene","Outflow","Amphipoda","Gammaridae",4,"3",212,181798.799589326,"kick_net",0.00845,2.8705,1,0.451928691384938,1.39142768822761,1,0.165656031703537,24.1703600114678
"3820",8030,"Leugene","Outflow","Amphipoda","Gammaridae",4,"3",212,181798.799589326,"kick_net",0.00845,2.8705,1,0.451928691384938,1.39142768822761,1,0.165656031703537,24.1703600114678
"3821",8031,"Leugene","Outflow","Amphipoda","Gammaridae",5,"3",212,181798.799589326,"kick_net",0.00845,2.8705,1,0.857531547980516,1.39142768822761,1,0.165656031703537,24.1703600114678
"3822",8032,"Leugene","Outflow","Amphipoda","Gammaridae",5,"3",212,181798.799589326,"kick_net",0.00845,2.8705,1,0.857531547980516,1.39142768822761,1,0.165656031703537,24.1703600114678
"3823",8033,"Leugene","Outflow","Amphipoda","Gammaridae",5,"3",212,181798.799589326,"kick_net",0.00845,2.8705,1,0.857531547980516,1.39142768822761,1,0.165656031703537,24.1703600114678
"3824",8034,"Leugene","Outflow","Amphipoda","Gammaridae",5,"3",212,181798.799589326,"kick_net",0.00845,2.8705,1,0.857531547980516,1.39142768822761,1,0.165656031703537,24.1703600114678
"3825",8035,"Leugene","Outflow","Amphipoda","Gammaridae",5,"3",212,181798.799589326,"kick_net",0.00845,2.8705,1,0.857531547980516,1.39142768822761,1,0.165656031703537,24.1703600114678
"3826",8036,"Leugene","Outflow","Amphipoda","Gammaridae",6,"3",212,181798.799589326,"kick_net",0.00845,2.8705,1,1.44723771988851,1.39142768822761,1,0.165656031703537,24.1703600114678
"3827",8037,"Leugene","Outflow","Amphipoda","Gammaridae",6,"3",212,181798.799589326,"kick_net",0.00845,2.8705,1,1.44723771988851,1.39142768822761,1,0.165656031703537,24.1703600114678
"3828",8038,"Leugene","Outflow","Amphipoda","Gammaridae",6,"3",212,181798.799589326,"kick_net",0.00845,2.8705,1,1.44723771988851,1.39142768822761,1,0.165656031703537,24.1703600114678
"3829",8039,"Leugene","Outflow","Amphipoda","Gammaridae",7,"3",212,181798.799589326,"kick_net",0.00845,2.8705,1,2.25273772956822,1.39142768822761,1,0.165656031703537,24.1703600114678
"3830",8040,"Leugene","Outflow","Amphipoda","Gammaridae",8,"3",212,181798.799589326,"kick_net",0.00845,2.8705,1,3.30503845216443,1.39142768822761,1,0.165656031703537,24.1703600114678
"3831",8041,"Leugene","Outflow","Amphipoda","Gammaridae",8,"3",212,181798.799589326,"kick_net",0.00845,2.8705,1,3.30503845216443,1.39142768822761,1,0.165656031703537,24.1703600114678
"3832",8042,"Leugene","Outflow","Amphipoda","Gammaridae",8,"3",212,181798.799589326,"kick_net",0.00845,2.8705,1,3.30503845216443,1.39142768822761,1,0.165656031703537,24.1703600114678
"3833",8043,"Leugene","Outflow","Amphipoda","Gammaridae",8,"3",212,181798.799589326,"kick_net",0.00845,2.8705,1,3.30503845216443,1.39142768822761,1,0.165656031703537,24.1703600114678
"3834",8044,"Leugene","Outflow","Amphipoda","Gammaridae",8,"3",212,181798.799589326,"kick_net",0.00845,2.8705,1,3.30503845216443,1.39142768822761,1,0.165656031703537,24.1703600114678
"3835",8045,"Leugene","Outflow","Amphipoda","Gammaridae",8,"3",212,181798.799589326,"kick_net",0.00845,2.8705,1,3.30503845216443,1.39142768822761,1,0.165656031703537,24.1703600114678
"3836",8046,"Leugene","Outflow","Amphipoda","Gammaridae",8,"3",212,181798.799589326,"kick_net",0.00845,2.8705,1,3.30503845216443,1.39142768822761,1,0.165656031703537,24.1703600114678
"3837",8047,"Leugene","Outflow","Amphipoda","Gammaridae",8,"3",212,181798.799589326,"kick_net",0.00845,2.8705,1,3.30503845216443,1.39142768822761,1,0.165656031703537,24.1703600114678
"3838",8048,"Leugene","Outflow","Amphipoda","Gammaridae",8,"3",212,181798.799589326,"kick_net",0.00845,2.8705,1,3.30503845216443,1.39142768822761,1,0.165656031703537,24.1703600114678
"3839",8049,"Leugene","Outflow","Amphipoda","Gammaridae",9,"3",212,181798.799589326,"kick_net",0.00845,2.8705,1,4.6345741215268,1.39142768822761,1,0.165656031703537,24.1703600114678
"3840",8050,"Leugene","Outflow","Amphipoda","Gammaridae",9,"3",212,181798.799589326,"kick_net",0.00845,2.8705,1,4.6345741215268,1.39142768822761,1,0.165656031703537,24.1703600114678
"3841",8051,"Leugene","Outflow","Amphipoda","Gammaridae",9,"3",212,181798.799589326,"kick_net",0.00845,2.8705,1,4.6345741215268,1.39142768822761,1,0.165656031703537,24.1703600114678
"3842",8052,"Leugene","Outflow","Amphipoda","Gammaridae",9,"3",212,181798.799589326,"kick_net",0.00845,2.8705,1,4.6345741215268,1.39142768822761,1,0.165656031703537,24.1703600114678
"3843",8053,"Leugene","Outflow","Amphipoda","Gammaridae",10,"3",212,181798.799589326,"kick_net",0.00845,2.8705,1,6.27128747089358,1.39142768822761,1,0.165656031703537,24.1703600114678
"3844",8054,"Leugene","Outflow","Amphipoda","Gammaridae",10,"3",212,181798.799589326,"kick_net",0.00845,2.8705,1,6.27128747089358,1.39142768822761,1,0.165656031703537,24.1703600114678
"3845",8055,"Leugene","Outflow","Amphipoda","Gammaridae",10,"3",212,181798.799589326,"kick_net",0.00845,2.8705,1,6.27128747089358,1.39142768822761,1,0.165656031703537,24.1703600114678
"3846",8056,"Leugene","Outflow","Amphipoda","Gammaridae",10,"3",212,181798.799589326,"kick_net",0.00845,2.8705,1,6.27128747089358,1.39142768822761,1,0.165656031703537,24.1703600114678
"3847",8057,"Leugene","Outflow","Amphipoda","Gammaridae",10,"3",212,181798.799589326,"kick_net",0.00845,2.8705,1,6.27128747089358,1.39142768822761,1,0.165656031703537,24.1703600114678
"3848",8058,"Leugene","Outflow","Amphipoda","Gammaridae",10,"3",212,181798.799589326,"kick_net",0.00845,2.8705,1,6.27128747089358,1.39142768822761,1,0.165656031703537,24.1703600114678
"3849",8059,"Leugene","Outflow","Amphipoda","Gammaridae",11,"3",212,181798.799589326,"kick_net",0.00845,2.8705,1,8.24469153511625,1.39142768822761,1,0.165656031703537,24.1703600114678
"3850",8060,"Leugene","Outflow","Amphipoda","Gammaridae",11,"3",212,181798.799589326,"kick_net",0.00845,2.8705,1,8.24469153511625,1.39142768822761,1,0.165656031703537,24.1703600114678
"3851",8061,"Leugene","Outflow","Amphipoda","Gammaridae",11,"3",212,181798.799589326,"kick_net",0.00845,2.8705,1,8.24469153511625,1.39142768822761,1,0.165656031703537,24.1703600114678
"3852",8062,"Leugene","Outflow","Amphipoda","Gammaridae",12,"3",212,181798.799589326,"kick_net",0.00845,2.8705,1,10.5839182261171,1.39142768822761,1,0.165656031703537,24.1703600114678
"3853",8063,"Leugene","Outflow","Amphipoda","Gammaridae",12,"3",212,181798.799589326,"kick_net",0.00845,2.8705,1,10.5839182261171,1.39142768822761,1,0.165656031703537,24.1703600114678
"3854",8064,"Leugene","Outflow","Amphipoda","Gammaridae",14,"3",212,181798.799589326,"kick_net",0.00845,2.8705,1,16.4746893941346,1.39142768822761,1,0.165656031703537,24.1703600114678
"3855",8065,"Leugene","Outflow","Amphipoda","Gammaridae",14,"3",212,181798.799589326,"kick_net",0.00845,2.8705,1,16.4746893941346,1.39142768822761,1,0.165656031703537,24.1703600114678
"3856",8066,"Leugene","Outflow","Amphipoda","Gammaridae",15,"3",212,181798.799589326,"kick_net",0.00845,2.8705,1,20.0829112051457,1.39142768822761,1,0.165656031703537,24.1703600114678
"3857",8067,"Leugene","Outflow","Amphipoda","Gammaridae",16,"3",212,181798.799589326,"kick_net",0.00845,2.8705,1,24.1703600114678,1.39142768822761,1,0.165656031703537,24.1703600114678
"3858",8069,"Leugene","Outflow","Trichoptera","Limnephilidae",4,"3",212,181798.799589326,"kick_net",0.004,2.93,1,0.232324903761193,1.39142768822761,1,0.165656031703537,24.1703600114678
"3859",8070,"Leugene","Outflow","Trichoptera","Limnephilidae",7,"3",212,181798.799589326,"kick_net",0.004,2.93,1,1.1972841923071,1.39142768822761,1,0.165656031703537,24.1703600114678
"3860",8071,"Leugene","Outflow","Trichoptera","Limnephilidae",8,"3",212,181798.799589326,"kick_net",0.004,2.93,1,1.77057224971851,1.39142768822761,1,0.165656031703537,24.1703600114678
"3861",8072,"Leugene","Outflow","Trichoptera","Limnephilidae",9,"3",212,181798.799589326,"kick_net",0.004,2.93,1,2.50029092157256,1.39142768822761,1,0.165656031703537,24.1703600114678
"3862",8073,"Leugene","Outflow","Trichoptera","Limnephilidae",10,"3",212,181798.799589326,"kick_net",0.004,2.93,1,3.40455215280951,1.39142768822761,1,0.165656031703537,24.1703600114678
"3863",8074,"Leugene","Outflow","Trichoptera","Limnephilidae",11,"3",212,181798.799589326,"kick_net",0.004,2.93,1,4.50132695157922,1.39142768822761,1,0.165656031703537,24.1703600114678
"3864",8075,"Leugene","Outflow","Trichoptera","Limnephilidae",12,"3",212,181798.799589326,"kick_net",0.004,2.93,1,5.80846052583069,1.39142768822761,1,0.165656031703537,24.1703600114678
"3865",8076,"Leugene","Outflow","Trichoptera","Limnephilidae",12,"3",212,181798.799589326,"kick_net",0.004,2.93,1,5.80846052583069,1.39142768822761,1,0.165656031703537,24.1703600114678
"3866",8077,"Leugene","Outflow","Trichoptera","Limnephilidae",13,"3",212,181798.799589326,"kick_net",0.004,2.93,1,7.34368455393449,1.39142768822761,1,0.165656031703537,24.1703600114678
"3867",8079,"Leugene","Outflow","Diptera","Chironomidae",6,"3",212,181798.799589326,"kick_net",0.002,2.62,1,0.218668523080522,1.39142768822761,1,0.165656031703537,24.1703600114678
"3868",8080,"Leugene","Outflow","Diptera","Chironomidae",6,"3",212,181798.799589326,"kick_net",0.002,2.62,1,0.218668523080522,1.39142768822761,1,0.165656031703537,24.1703600114678
"3869",8081,"Leugene","Outflow","Diptera","Chironomidae",6,"3",212,181798.799589326,"kick_net",0.002,2.62,1,0.218668523080522,1.39142768822761,1,0.165656031703537,24.1703600114678
"3870",8082,"Leugene","Outflow","Diptera","Chironomidae",6,"3",212,181798.799589326,"kick_net",0.002,2.62,1,0.218668523080522,1.39142768822761,1,0.165656031703537,24.1703600114678
"3871",8083,"Leugene","Outflow","Diptera","Chironomidae",7,"3",212,181798.799589326,"kick_net",0.002,2.62,1,0.327481567511863,1.39142768822761,1,0.165656031703537,24.1703600114678
"3872",8084,"Leugene","Outflow","Diptera","Chironomidae",7,"3",212,181798.799589326,"kick_net",0.002,2.62,1,0.327481567511863,1.39142768822761,1,0.165656031703537,24.1703600114678
"3873",8085,"Leugene","Outflow","Diptera","Chironomidae",8,"3",212,181798.799589326,"kick_net",0.002,2.62,1,0.464649807522386,1.39142768822761,1,0.165656031703537,24.1703600114678
"3874",8086,"Leugene","Outflow","Diptera","Chironomidae",8,"3",212,181798.799589326,"kick_net",0.002,2.62,1,0.464649807522386,1.39142768822761,1,0.165656031703537,24.1703600114678
"3875",8087,"Leugene","Outflow","Diptera","Chironomidae",8,"3",212,181798.799589326,"kick_net",0.002,2.62,1,0.464649807522386,1.39142768822761,1,0.165656031703537,24.1703600114678
"3876",8088,"Leugene","Outflow","Amphipoda","Gammaridae",5,"3",212,181798.799589326,"kick_net",0.00845,2.8705,1,0.857531547980516,1.39142768822761,1,0.165656031703537,24.1703600114678
"3877",8089,"Leugene","Outflow","Megaloptera","Sialidae",12,"3",212,181798.799589326,"kick_net",0.004,2.753,1,3.7415018275954,1.39142768822761,1,0.165656031703537,24.1703600114678
"3878",8098,"Leugene","Outflow","Diptera","Chironomidae",6,"3",212,181798.799589326,"kick_net",0.002,2.62,1,0.218668523080522,1.39142768822761,1,0.165656031703537,24.1703600114678
"3879",8099,"Leugene","Outflow","Diptera","Chironomidae",6,"3",212,181798.799589326,"kick_net",0.002,2.62,1,0.218668523080522,1.39142768822761,1,0.165656031703537,24.1703600114678
"3880",8100,"Leugene","Outflow","Diptera","Chironomidae",6,"3",212,181798.799589326,"kick_net",0.002,2.62,1,0.218668523080522,1.39142768822761,1,0.165656031703537,24.1703600114678
"3881",8101,"Leugene","Outflow","Diptera","Chironomidae",6,"3",212,181798.799589326,"kick_net",0.002,2.62,1,0.218668523080522,1.39142768822761,1,0.165656031703537,24.1703600114678
"3882",8102,"Leugene","Outflow","Diptera","Chironomidae",6,"3",212,181798.799589326,"kick_net",0.002,2.62,1,0.218668523080522,1.39142768822761,1,0.165656031703537,24.1703600114678
"3883",8103,"Leugene","Outflow","Diptera","Chironomidae",6,"3",212,181798.799589326,"kick_net",0.002,2.62,1,0.218668523080522,1.39142768822761,1,0.165656031703537,24.1703600114678
"3884",8104,"Leugene","Outflow","Diptera","Chironomidae",7,"3",212,181798.799589326,"kick_net",0.002,2.62,1,0.327481567511863,1.39142768822761,1,0.165656031703537,24.1703600114678
"3885",8105,"Leugene","Outflow","Diptera","Chironomidae",7,"3",212,181798.799589326,"kick_net",0.002,2.62,1,0.327481567511863,1.39142768822761,1,0.165656031703537,24.1703600114678
"3886",8106,"Leugene","Outflow","Diptera","Chironomidae",8,"3",212,181798.799589326,"kick_net",0.002,2.62,1,0.464649807522386,1.39142768822761,1,0.165656031703537,24.1703600114678
"3887",8107,"Leugene","Outflow","Amphipoda","Gammaridae",11,"3",212,181798.799589326,"kick_net",0.00845,2.8705,1,8.24469153511625,1.39142768822761,1,0.165656031703537,24.1703600114678
"3888",8108,"Leugene","Outflow","Coleoptera","Elmidae",3,"3",212,181798.799589326,"kick_net",0.007,2.88,1,0.165656031703537,1.39142768822761,1,0.165656031703537,24.1703600114678
"3889",8109,"Leugene","Outflow","Trichoptera","Limnephilidae",4,"3",212,181798.799589326,"kick_net",0.004,2.93,1,0.232324903761193,1.39142768822761,1,0.165656031703537,24.1703600114678
"3890",8110,"Leugene","Outflow","Trichoptera","Limnephilidae",4,"3",212,181798.799589326,"kick_net",0.004,2.93,1,0.232324903761193,1.39142768822761,1,0.165656031703537,24.1703600114678
"3891",8111,"Leugene","Outflow","Trichoptera","Limnephilidae",4,"3",212,181798.799589326,"kick_net",0.004,2.93,1,0.232324903761193,1.39142768822761,1,0.165656031703537,24.1703600114678
"3892",8112,"Leugene","Outflow","Trichoptera","Limnephilidae",5,"3",212,181798.799589326,"kick_net",0.004,2.93,1,0.446726899383621,1.39142768822761,1,0.165656031703537,24.1703600114678
"3893",8113,"Leugene","Outflow","Trichoptera","Limnephilidae",7,"3",212,181798.799589326,"kick_net",0.004,2.93,1,1.1972841923071,1.39142768822761,1,0.165656031703537,24.1703600114678
"3894",8114,"Leugene","Outflow","Trichoptera","Limnephilidae",7,"3",212,181798.799589326,"kick_net",0.004,2.93,1,1.1972841923071,1.39142768822761,1,0.165656031703537,24.1703600114678
"3895",8115,"Leugene","Outflow","Trichoptera","Limnephilidae",7,"3",212,181798.799589326,"kick_net",0.004,2.93,1,1.1972841923071,1.39142768822761,1,0.165656031703537,24.1703600114678
"3896",8116,"Leugene","Outflow","Trichoptera","Limnephilidae",7,"3",212,181798.799589326,"kick_net",0.004,2.93,1,1.1972841923071,1.39142768822761,1,0.165656031703537,24.1703600114678
"3897",8117,"Leugene","Outflow","Trichoptera","Limnephilidae",7,"3",212,181798.799589326,"kick_net",0.004,2.93,1,1.1972841923071,1.39142768822761,1,0.165656031703537,24.1703600114678
"3898",8118,"Leugene","Outflow","Trichoptera","Limnephilidae",7,"3",212,181798.799589326,"kick_net",0.004,2.93,1,1.1972841923071,1.39142768822761,1,0.165656031703537,24.1703600114678
"3899",8119,"Leugene","Outflow","Trichoptera","Limnephilidae",8,"3",212,181798.799589326,"kick_net",0.004,2.93,1,1.77057224971851,1.39142768822761,1,0.165656031703537,24.1703600114678
"3900",8120,"Leugene","Outflow","Trichoptera","Limnephilidae",8,"3",212,181798.799589326,"kick_net",0.004,2.93,1,1.77057224971851,1.39142768822761,1,0.165656031703537,24.1703600114678
"3901",8121,"Leugene","Outflow","Trichoptera","Limnephilidae",8,"3",212,181798.799589326,"kick_net",0.004,2.93,1,1.77057224971851,1.39142768822761,1,0.165656031703537,24.1703600114678
"3902",8122,"Leugene","Outflow","Trichoptera","Limnephilidae",8,"3",212,181798.799589326,"kick_net",0.004,2.93,1,1.77057224971851,1.39142768822761,1,0.165656031703537,24.1703600114678
"3903",8123,"Leugene","Outflow","Trichoptera","Limnephilidae",9,"3",212,181798.799589326,"kick_net",0.004,2.93,1,2.50029092157256,1.39142768822761,1,0.165656031703537,24.1703600114678
"3904",8124,"Leugene","Outflow","Trichoptera","Limnephilidae",9,"3",212,181798.799589326,"kick_net",0.004,2.93,1,2.50029092157256,1.39142768822761,1,0.165656031703537,24.1703600114678
"3905",8125,"Leugene","Outflow","Trichoptera","Limnephilidae",9,"3",212,181798.799589326,"kick_net",0.004,2.93,1,2.50029092157256,1.39142768822761,1,0.165656031703537,24.1703600114678
"3906",8126,"Leugene","Outflow","Trichoptera","Limnephilidae",9,"3",212,181798.799589326,"kick_net",0.004,2.93,1,2.50029092157256,1.39142768822761,1,0.165656031703537,24.1703600114678
"3907",8127,"Leugene","Outflow","Trichoptera","Limnephilidae",9,"3",212,181798.799589326,"kick_net",0.004,2.93,1,2.50029092157256,1.39142768822761,1,0.165656031703537,24.1703600114678
"3908",8128,"Leugene","Outflow","Trichoptera","Limnephilidae",9,"3",212,181798.799589326,"kick_net",0.004,2.93,1,2.50029092157256,1.39142768822761,1,0.165656031703537,24.1703600114678
"3909",8129,"Leugene","Outflow","Trichoptera","Limnephilidae",10,"3",212,181798.799589326,"kick_net",0.004,2.93,1,3.40455215280951,1.39142768822761,1,0.165656031703537,24.1703600114678
"3910",8130,"Leugene","Outflow","Trichoptera","Limnephilidae",10,"3",212,181798.799589326,"kick_net",0.004,2.93,1,3.40455215280951,1.39142768822761,1,0.165656031703537,24.1703600114678
"3911",8131,"Leugene","Outflow","Trichoptera","Limnephilidae",11,"3",212,181798.799589326,"kick_net",0.004,2.93,1,4.50132695157922,1.39142768822761,1,0.165656031703537,24.1703600114678
"3912",8132,"Leugene","Outflow","Trichoptera","Limnephilidae",11,"3",212,181798.799589326,"kick_net",0.004,2.93,1,4.50132695157922,1.39142768822761,1,0.165656031703537,24.1703600114678
"3913",8133,"Leugene","Outflow","Trichoptera","Limnephilidae",11,"3",212,181798.799589326,"kick_net",0.004,2.93,1,4.50132695157922,1.39142768822761,1,0.165656031703537,24.1703600114678
"3914",8134,"Leugene","Outflow","Trichoptera","Limnephilidae",11,"3",212,181798.799589326,"kick_net",0.004,2.93,1,4.50132695157922,1.39142768822761,1,0.165656031703537,24.1703600114678
"3915",8135,"Leugene","Outflow","Trichoptera","Limnephilidae",13,"3",212,181798.799589326,"kick_net",0.004,2.93,1,7.34368455393449,1.39142768822761,1,0.165656031703537,24.1703600114678
"3916",8136,"Leugene","Outflow","Trichoptera","Limnephilidae",13,"3",212,181798.799589326,"kick_net",0.004,2.93,1,7.34368455393449,1.39142768822761,1,0.165656031703537,24.1703600114678
"3917",8137,"Leugene","Outflow","Trichoptera","Limnephilidae",13,"3",212,181798.799589326,"kick_net",0.004,2.93,1,7.34368455393449,1.39142768822761,1,0.165656031703537,24.1703600114678
"3918",8138,"Leugene","Outflow","Trichoptera","Limnephilidae",15,"3",212,181798.799589326,"kick_net",0.004,2.93,1,11.1688222781476,1.39142768822761,1,0.165656031703537,24.1703600114678
"3919",8139,"Leugene","Outflow","Trichoptera","Limnephilidae",16,"3",212,181798.799589326,"kick_net",0.004,2.93,1,13.4937152269119,1.39142768822761,1,0.165656031703537,24.1703600114678
"3920",8149,"Leugene","Outflow","Diptera","Chironomidae",6,"3",212,181798.799589326,"kick_net",0.002,2.62,1,0.218668523080522,1.39142768822761,1,0.165656031703537,24.1703600114678
"3921",8150,"Leugene","Outflow","Diptera","Chironomidae",6,"3",212,181798.799589326,"kick_net",0.002,2.62,1,0.218668523080522,1.39142768822761,1,0.165656031703537,24.1703600114678
"3922",8151,"Leugene","Outflow","Diptera","Chironomidae",6,"3",212,181798.799589326,"kick_net",0.002,2.62,1,0.218668523080522,1.39142768822761,1,0.165656031703537,24.1703600114678
"3923",8152,"Leugene","Outflow","Diptera","Chironomidae",6,"3",212,181798.799589326,"kick_net",0.002,2.62,1,0.218668523080522,1.39142768822761,1,0.165656031703537,24.1703600114678
"3924",8153,"Leugene","Outflow","Diptera","Chironomidae",7,"3",212,181798.799589326,"kick_net",0.002,2.62,1,0.327481567511863,1.39142768822761,1,0.165656031703537,24.1703600114678
"3925",8154,"Leugene","Outflow","Diptera","Chironomidae",7,"3",212,181798.799589326,"kick_net",0.002,2.62,1,0.327481567511863,1.39142768822761,1,0.165656031703537,24.1703600114678
"3926",8155,"Leugene","Outflow","Diptera","Chironomidae",7,"3",212,181798.799589326,"kick_net",0.002,2.62,1,0.327481567511863,1.39142768822761,1,0.165656031703537,24.1703600114678
"3927",8156,"Leugene","Outflow","Diptera","Chironomidae",7,"3",212,181798.799589326,"kick_net",0.002,2.62,1,0.327481567511863,1.39142768822761,1,0.165656031703537,24.1703600114678
"3928",8157,"Leugene","Outflow","Diptera","Chironomidae",8,"3",212,181798.799589326,"kick_net",0.002,2.62,1,0.464649807522386,1.39142768822761,1,0.165656031703537,24.1703600114678
"3929",8158,"Leugene","Outflow","Diptera","Chironomidae",8,"3",212,181798.799589326,"kick_net",0.002,2.62,1,0.464649807522386,1.39142768822761,1,0.165656031703537,24.1703600114678
"3930",8159,"Leugene","Outflow","Diptera","Chironomidae",11,"3",212,181798.799589326,"kick_net",0.002,2.62,1,1.07023421421427,1.39142768822761,1,0.165656031703537,24.1703600114678
"3931",8160,"Leugene","Outflow","Diptera","Chironomidae",11,"3",212,181798.799589326,"kick_net",0.002,2.62,1,1.07023421421427,1.39142768822761,1,0.165656031703537,24.1703600114678
"3932",8161,"Leugene","Outflow","Diptera","Chironomidae",13,"3",212,181798.799589326,"kick_net",0.002,2.62,1,1.65791239593876,1.39142768822761,1,0.165656031703537,24.1703600114678
"3933",8165,"Gaebelbach","Control","Amphipoda","Gammaridae",6,"1",170,176955.372871666,"kick_net",0.00845,2.8705,1,1.44723771988851,1.3192300367183,1,0.863286300593756,183.602795718907
"3934",8178,"Gaebelbach","Control","Amphipoda","Gammaridae",7,"1",170,176955.372871666,"kick_net",0.00845,2.8705,1,2.25273772956822,1.3192300367183,1,0.863286300593756,183.602795718907
"3935",8179,"Gaebelbach","Control","Amphipoda","Gammaridae",7,"1",170,176955.372871666,"kick_net",0.00845,2.8705,1,2.25273772956822,1.3192300367183,1,0.863286300593756,183.602795718907
"3936",8180,"Gaebelbach","Control","Amphipoda","Gammaridae",8,"1",170,176955.372871666,"kick_net",0.00845,2.8705,1,3.30503845216443,1.3192300367183,1,0.863286300593756,183.602795718907
"3937",8181,"Gaebelbach","Control","Amphipoda","Gammaridae",8,"1",170,176955.372871666,"kick_net",0.00845,2.8705,1,3.30503845216443,1.3192300367183,1,0.863286300593756,183.602795718907
"3938",8182,"Gaebelbach","Control","Amphipoda","Gammaridae",9,"1",170,176955.372871666,"kick_net",0.00845,2.8705,1,4.6345741215268,1.3192300367183,1,0.863286300593756,183.602795718907
"3939",8183,"Gaebelbach","Control","Trichoptera","Hydropsychidae",10,"1",170,176955.372871666,"kick_net",0.005,2.926,1,4.21667378882138,1.3192300367183,1,0.863286300593756,183.602795718907
"3940",8184,"Gaebelbach","Control","Trichoptera","Limnephilidae",12,"1",170,176955.372871666,"kick_net",0.004,2.93,1,5.80846052583069,1.3192300367183,1,0.863286300593756,183.602795718907
"3941",8213,"Gaebelbach","Control","Amphipoda","Gammaridae",6,"1",170,176955.372871666,"kick_net",0.00845,2.8705,1,1.44723771988851,1.3192300367183,1,0.863286300593756,183.602795718907
"3942",8214,"Gaebelbach","Control","Amphipoda","Gammaridae",6,"1",170,176955.372871666,"kick_net",0.00845,2.8705,1,1.44723771988851,1.3192300367183,1,0.863286300593756,183.602795718907
"3943",8215,"Gaebelbach","Control","Amphipoda","Gammaridae",6,"1",170,176955.372871666,"kick_net",0.00845,2.8705,1,1.44723771988851,1.3192300367183,1,0.863286300593756,183.602795718907
"3944",8216,"Gaebelbach","Control","Amphipoda","Gammaridae",6,"1",170,176955.372871666,"kick_net",0.00845,2.8705,1,1.44723771988851,1.3192300367183,1,0.863286300593756,183.602795718907
"3945",8217,"Gaebelbach","Control","Amphipoda","Gammaridae",6,"1",170,176955.372871666,"kick_net",0.00845,2.8705,1,1.44723771988851,1.3192300367183,1,0.863286300593756,183.602795718907
"3946",8218,"Gaebelbach","Control","Amphipoda","Gammaridae",6,"1",170,176955.372871666,"kick_net",0.00845,2.8705,1,1.44723771988851,1.3192300367183,1,0.863286300593756,183.602795718907
"3947",8219,"Gaebelbach","Control","Amphipoda","Gammaridae",6,"1",170,176955.372871666,"kick_net",0.00845,2.8705,1,1.44723771988851,1.3192300367183,1,0.863286300593756,183.602795718907
"3948",8220,"Gaebelbach","Control","Amphipoda","Gammaridae",6,"1",170,176955.372871666,"kick_net",0.00845,2.8705,1,1.44723771988851,1.3192300367183,1,0.863286300593756,183.602795718907
"3949",8221,"Gaebelbach","Control","Amphipoda","Gammaridae",6,"1",170,176955.372871666,"kick_net",0.00845,2.8705,1,1.44723771988851,1.3192300367183,1,0.863286300593756,183.602795718907
"3950",8222,"Gaebelbach","Control","Amphipoda","Gammaridae",6,"1",170,176955.372871666,"kick_net",0.00845,2.8705,1,1.44723771988851,1.3192300367183,1,0.863286300593756,183.602795718907
"3951",8223,"Gaebelbach","Control","Amphipoda","Gammaridae",6,"1",170,176955.372871666,"kick_net",0.00845,2.8705,1,1.44723771988851,1.3192300367183,1,0.863286300593756,183.602795718907
"3952",8224,"Gaebelbach","Control","Amphipoda","Gammaridae",6,"1",170,176955.372871666,"kick_net",0.00845,2.8705,1,1.44723771988851,1.3192300367183,1,0.863286300593756,183.602795718907
"3953",8225,"Gaebelbach","Control","Amphipoda","Gammaridae",7,"1",170,176955.372871666,"kick_net",0.00845,2.8705,1,2.25273772956822,1.3192300367183,1,0.863286300593756,183.602795718907
"3954",8226,"Gaebelbach","Control","Amphipoda","Gammaridae",7,"1",170,176955.372871666,"kick_net",0.00845,2.8705,1,2.25273772956822,1.3192300367183,1,0.863286300593756,183.602795718907
"3955",8227,"Gaebelbach","Control","Amphipoda","Gammaridae",7,"1",170,176955.372871666,"kick_net",0.00845,2.8705,1,2.25273772956822,1.3192300367183,1,0.863286300593756,183.602795718907
"3956",8228,"Gaebelbach","Control","Amphipoda","Gammaridae",7,"1",170,176955.372871666,"kick_net",0.00845,2.8705,1,2.25273772956822,1.3192300367183,1,0.863286300593756,183.602795718907
"3957",8229,"Gaebelbach","Control","Amphipoda","Gammaridae",7,"1",170,176955.372871666,"kick_net",0.00845,2.8705,1,2.25273772956822,1.3192300367183,1,0.863286300593756,183.602795718907
"3958",8230,"Gaebelbach","Control","Amphipoda","Gammaridae",7,"1",170,176955.372871666,"kick_net",0.00845,2.8705,1,2.25273772956822,1.3192300367183,1,0.863286300593756,183.602795718907
"3959",8231,"Gaebelbach","Control","Amphipoda","Gammaridae",7,"1",170,176955.372871666,"kick_net",0.00845,2.8705,1,2.25273772956822,1.3192300367183,1,0.863286300593756,183.602795718907
"3960",8232,"Gaebelbach","Control","Amphipoda","Gammaridae",7,"1",170,176955.372871666,"kick_net",0.00845,2.8705,1,2.25273772956822,1.3192300367183,1,0.863286300593756,183.602795718907
"3961",8233,"Gaebelbach","Control","Amphipoda","Gammaridae",8,"1",170,176955.372871666,"kick_net",0.00845,2.8705,1,3.30503845216443,1.3192300367183,1,0.863286300593756,183.602795718907
"3962",8234,"Gaebelbach","Control","Amphipoda","Gammaridae",8,"1",170,176955.372871666,"kick_net",0.00845,2.8705,1,3.30503845216443,1.3192300367183,1,0.863286300593756,183.602795718907
"3963",8235,"Gaebelbach","Control","Amphipoda","Gammaridae",8,"1",170,176955.372871666,"kick_net",0.00845,2.8705,1,3.30503845216443,1.3192300367183,1,0.863286300593756,183.602795718907
"3964",8236,"Gaebelbach","Control","Amphipoda","Gammaridae",8,"1",170,176955.372871666,"kick_net",0.00845,2.8705,1,3.30503845216443,1.3192300367183,1,0.863286300593756,183.602795718907
"3965",8237,"Gaebelbach","Control","Amphipoda","Gammaridae",8,"1",170,176955.372871666,"kick_net",0.00845,2.8705,1,3.30503845216443,1.3192300367183,1,0.863286300593756,183.602795718907
"3966",8238,"Gaebelbach","Control","Amphipoda","Gammaridae",8,"1",170,176955.372871666,"kick_net",0.00845,2.8705,1,3.30503845216443,1.3192300367183,1,0.863286300593756,183.602795718907
"3967",8239,"Gaebelbach","Control","Amphipoda","Gammaridae",8,"1",170,176955.372871666,"kick_net",0.00845,2.8705,1,3.30503845216443,1.3192300367183,1,0.863286300593756,183.602795718907
"3968",8240,"Gaebelbach","Control","Amphipoda","Gammaridae",8,"1",170,176955.372871666,"kick_net",0.00845,2.8705,1,3.30503845216443,1.3192300367183,1,0.863286300593756,183.602795718907
"3969",8241,"Gaebelbach","Control","Amphipoda","Gammaridae",11,"1",170,176955.372871666,"kick_net",0.00845,2.8705,1,8.24469153511625,1.3192300367183,1,0.863286300593756,183.602795718907
"3970",8244,"Gaebelbach","Control","Ephemeroptera","Baetidae",6,"1",170,176955.372871666,"kick_net",0.005,2.875,1,0.863286300593756,1.3192300367183,1,0.863286300593756,183.602795718907
"3971",8245,"Gaebelbach","Control","Ephemeroptera","Baetidae",6,"1",170,176955.372871666,"kick_net",0.005,2.875,1,0.863286300593756,1.3192300367183,1,0.863286300593756,183.602795718907
"3972",8246,"Gaebelbach","Control","Ephemeroptera","Baetidae",7,"1",170,176955.372871666,"kick_net",0.005,2.875,1,1.34470453452202,1.3192300367183,1,0.863286300593756,183.602795718907
"3973",8247,"Gaebelbach","Control","Ephemeroptera","Baetidae",7,"1",170,176955.372871666,"kick_net",0.005,2.875,1,1.34470453452202,1.3192300367183,1,0.863286300593756,183.602795718907
"3974",8248,"Gaebelbach","Control","Ephemeroptera","Baetidae",8,"1",170,176955.372871666,"kick_net",0.005,2.875,1,1.97402985652216,1.3192300367183,1,0.863286300593756,183.602795718907
"3975",8249,"Gaebelbach","Control","Trichoptera","Limnephilidae",9,"1",170,176955.372871666,"kick_net",0.004,2.93,1,2.50029092157256,1.3192300367183,1,0.863286300593756,183.602795718907
"3976",8250,"Gaebelbach","Control","Trichoptera","Limnephilidae",22,"1",170,176955.372871666,"kick_net",0.004,2.93,1,34.3050807655492,1.3192300367183,1,0.863286300593756,183.602795718907
"3977",8251,"Gaebelbach","Control","Trichoptera","Limnephilidae",25,"1",170,176955.372871666,"kick_net",0.004,2.93,1,49.891230658226,1.3192300367183,1,0.863286300593756,183.602795718907
"3978",8252,"Gaebelbach","Control","Trichoptera","Limnephilidae",33,"1",170,176955.372871666,"kick_net",0.004,2.93,1,112.539721264583,1.3192300367183,1,0.863286300593756,183.602795718907
"3979",8269,"Gaebelbach","Control","Amphipoda","Gammaridae",6,"1",170,176955.372871666,"kick_net",0.00845,2.8705,1,1.44723771988851,1.3192300367183,1,0.863286300593756,183.602795718907
"3980",8270,"Gaebelbach","Control","Amphipoda","Gammaridae",6,"1",170,176955.372871666,"kick_net",0.00845,2.8705,1,1.44723771988851,1.3192300367183,1,0.863286300593756,183.602795718907
"3981",8271,"Gaebelbach","Control","Amphipoda","Gammaridae",6,"1",170,176955.372871666,"kick_net",0.00845,2.8705,1,1.44723771988851,1.3192300367183,1,0.863286300593756,183.602795718907
"3982",8272,"Gaebelbach","Control","Amphipoda","Gammaridae",6,"1",170,176955.372871666,"kick_net",0.00845,2.8705,1,1.44723771988851,1.3192300367183,1,0.863286300593756,183.602795718907
"3983",8273,"Gaebelbach","Control","Amphipoda","Gammaridae",6,"1",170,176955.372871666,"kick_net",0.00845,2.8705,1,1.44723771988851,1.3192300367183,1,0.863286300593756,183.602795718907
"3984",8274,"Gaebelbach","Control","Amphipoda","Gammaridae",6,"1",170,176955.372871666,"kick_net",0.00845,2.8705,1,1.44723771988851,1.3192300367183,1,0.863286300593756,183.602795718907
"3985",8275,"Gaebelbach","Control","Amphipoda","Gammaridae",6,"1",170,176955.372871666,"kick_net",0.00845,2.8705,1,1.44723771988851,1.3192300367183,1,0.863286300593756,183.602795718907
"3986",8276,"Gaebelbach","Control","Amphipoda","Gammaridae",6,"1",170,176955.372871666,"kick_net",0.00845,2.8705,1,1.44723771988851,1.3192300367183,1,0.863286300593756,183.602795718907
"3987",8277,"Gaebelbach","Control","Amphipoda","Gammaridae",6,"1",170,176955.372871666,"kick_net",0.00845,2.8705,1,1.44723771988851,1.3192300367183,1,0.863286300593756,183.602795718907
"3988",8278,"Gaebelbach","Control","Amphipoda","Gammaridae",7,"1",170,176955.372871666,"kick_net",0.00845,2.8705,1,2.25273772956822,1.3192300367183,1,0.863286300593756,183.602795718907
"3989",8279,"Gaebelbach","Control","Amphipoda","Gammaridae",7,"1",170,176955.372871666,"kick_net",0.00845,2.8705,1,2.25273772956822,1.3192300367183,1,0.863286300593756,183.602795718907
"3990",8280,"Gaebelbach","Control","Amphipoda","Gammaridae",7,"1",170,176955.372871666,"kick_net",0.00845,2.8705,1,2.25273772956822,1.3192300367183,1,0.863286300593756,183.602795718907
"3991",8281,"Gaebelbach","Control","Amphipoda","Gammaridae",7,"1",170,176955.372871666,"kick_net",0.00845,2.8705,1,2.25273772956822,1.3192300367183,1,0.863286300593756,183.602795718907
"3992",8282,"Gaebelbach","Control","Amphipoda","Gammaridae",7,"1",170,176955.372871666,"kick_net",0.00845,2.8705,1,2.25273772956822,1.3192300367183,1,0.863286300593756,183.602795718907
"3993",8283,"Gaebelbach","Control","Amphipoda","Gammaridae",7,"1",170,176955.372871666,"kick_net",0.00845,2.8705,1,2.25273772956822,1.3192300367183,1,0.863286300593756,183.602795718907
"3994",8284,"Gaebelbach","Control","Amphipoda","Gammaridae",7,"1",170,176955.372871666,"kick_net",0.00845,2.8705,1,2.25273772956822,1.3192300367183,1,0.863286300593756,183.602795718907
"3995",8285,"Gaebelbach","Control","Amphipoda","Gammaridae",7,"1",170,176955.372871666,"kick_net",0.00845,2.8705,1,2.25273772956822,1.3192300367183,1,0.863286300593756,183.602795718907
"3996",8286,"Gaebelbach","Control","Amphipoda","Gammaridae",8,"1",170,176955.372871666,"kick_net",0.00845,2.8705,1,3.30503845216443,1.3192300367183,1,0.863286300593756,183.602795718907
"3997",8287,"Gaebelbach","Control","Amphipoda","Gammaridae",9,"1",170,176955.372871666,"kick_net",0.00845,2.8705,1,4.6345741215268,1.3192300367183,1,0.863286300593756,183.602795718907
"3998",8288,"Gaebelbach","Control","Amphipoda","Gammaridae",11,"1",170,176955.372871666,"kick_net",0.00845,2.8705,1,8.24469153511625,1.3192300367183,1,0.863286300593756,183.602795718907
"3999",8294,"Gaebelbach","Control","Ephemeroptera","Baetidae",6,"1",170,176955.372871666,"kick_net",0.005,2.875,1,0.863286300593756,1.3192300367183,1,0.863286300593756,183.602795718907
"4000",8295,"Gaebelbach","Control","Ephemeroptera","Baetidae",6,"1",170,176955.372871666,"kick_net",0.005,2.875,1,0.863286300593756,1.3192300367183,1,0.863286300593756,183.602795718907
"4001",8296,"Gaebelbach","Control","Ephemeroptera","Baetidae",6,"1",170,176955.372871666,"kick_net",0.005,2.875,1,0.863286300593756,1.3192300367183,1,0.863286300593756,183.602795718907
"4002",8297,"Gaebelbach","Control","Ephemeroptera","Baetidae",6,"1",170,176955.372871666,"kick_net",0.005,2.875,1,0.863286300593756,1.3192300367183,1,0.863286300593756,183.602795718907
"4003",8298,"Gaebelbach","Control","Ephemeroptera","Baetidae",6,"1",170,176955.372871666,"kick_net",0.005,2.875,1,0.863286300593756,1.3192300367183,1,0.863286300593756,183.602795718907
"4004",8299,"Gaebelbach","Control","Ephemeroptera","Baetidae",7,"1",170,176955.372871666,"kick_net",0.005,2.875,1,1.34470453452202,1.3192300367183,1,0.863286300593756,183.602795718907
"4005",8300,"Gaebelbach","Control","Ephemeroptera","Baetidae",8,"1",170,176955.372871666,"kick_net",0.005,2.875,1,1.97402985652216,1.3192300367183,1,0.863286300593756,183.602795718907
"4006",8301,"Gaebelbach","Control","Heteroptera","Veliidae",6,"1",170,176955.372871666,"kick_net",0.013,2.719,1,1.69721398662249,1.3192300367183,1,0.863286300593756,183.602795718907
"4007",8304,"Gaebelbach","Control","Trichoptera","Limnephilidae",18,"1",170,176955.372871666,"kick_net",0.004,2.93,1,19.0549771044345,1.3192300367183,1,0.863286300593756,183.602795718907
"4008",8305,"Gaebelbach","Control","Trichoptera","Limnephilidae",21,"1",170,176955.372871666,"kick_net",0.004,2.93,1,29.9338463360143,1.3192300367183,1,0.863286300593756,183.602795718907
"4009",8306,"Gaebelbach","Control","Trichoptera","Limnephilidae",24,"1",170,176955.372871666,"kick_net",0.004,2.93,1,44.2668816563567,1.3192300367183,1,0.863286300593756,183.602795718907
"4010",8307,"Gaebelbach","Control","Trichoptera","Limnephilidae",25,"1",170,176955.372871666,"kick_net",0.004,2.93,1,49.891230658226,1.3192300367183,1,0.863286300593756,183.602795718907
"4011",8308,"Gaebelbach","Control","Trichoptera","Limnephilidae",25,"1",170,176955.372871666,"kick_net",0.004,2.93,1,49.891230658226,1.3192300367183,1,0.863286300593756,183.602795718907
"4012",8309,"Gaebelbach","Control","Trichoptera","Limnephilidae",26,"1",170,176955.372871666,"kick_net",0.004,2.93,1,55.9669836138107,1.3192300367183,1,0.863286300593756,183.602795718907
"4013",8310,"Gaebelbach","Control","Trichoptera","Limnephilidae",26,"1",170,176955.372871666,"kick_net",0.004,2.93,1,55.9669836138107,1.3192300367183,1,0.863286300593756,183.602795718907
"4014",8311,"Gaebelbach","Control","Trichoptera","Limnephilidae",26,"1",170,176955.372871666,"kick_net",0.004,2.93,1,55.9669836138107,1.3192300367183,1,0.863286300593756,183.602795718907
"4015",8312,"Gaebelbach","Control","Trichoptera","Limnephilidae",26,"1",170,176955.372871666,"kick_net",0.004,2.93,1,55.9669836138107,1.3192300367183,1,0.863286300593756,183.602795718907
"4016",8313,"Gaebelbach","Control","Trichoptera","Limnephilidae",28,"1",170,176955.372871666,"kick_net",0.004,2.93,1,69.5397336881361,1.3192300367183,1,0.863286300593756,183.602795718907
"4017",8314,"Gaebelbach","Control","Trichoptera","Limnephilidae",30,"1",170,176955.372871666,"kick_net",0.004,2.93,1,85.1187559645042,1.3192300367183,1,0.863286300593756,183.602795718907
"4018",8315,"Gaebelbach","Control","Trichoptera","Limnephilidae",30,"1",170,176955.372871666,"kick_net",0.004,2.93,1,85.1187559645042,1.3192300367183,1,0.863286300593756,183.602795718907
"4019",8316,"Gaebelbach","Control","Trichoptera","Limnephilidae",30,"1",170,176955.372871666,"kick_net",0.004,2.93,1,85.1187559645042,1.3192300367183,1,0.863286300593756,183.602795718907
"4020",8317,"Gaebelbach","Control","Trichoptera","Limnephilidae",30,"1",170,176955.372871666,"kick_net",0.004,2.93,1,85.1187559645042,1.3192300367183,1,0.863286300593756,183.602795718907
"4021",8318,"Gaebelbach","Control","Trichoptera","Limnephilidae",30,"1",170,176955.372871666,"kick_net",0.004,2.93,1,85.1187559645042,1.3192300367183,1,0.863286300593756,183.602795718907
"4022",8319,"Gaebelbach","Control","Trichoptera","Limnephilidae",32,"1",170,176955.372871666,"kick_net",0.004,2.93,1,102.837006879523,1.3192300367183,1,0.863286300593756,183.602795718907
"4023",8320,"Gaebelbach","Control","Trichoptera","Limnephilidae",39,"1",170,176955.372871666,"kick_net",0.004,2.93,1,183.602795718907,1.3192300367183,1,0.863286300593756,183.602795718907
"4024",8403,"Gaebelbach","Inflow","Trichoptera","Limnephilidae",26,"1",170,176955.372871666,"kick_net",0.004,2.93,1,55.9669836138107,1.3192300367183,1,49.891230658226,77.0701359676475
"4025",8404,"Gaebelbach","Inflow","Trichoptera","Limnephilidae",29,"1",170,176955.372871666,"kick_net",0.004,2.93,1,77.0701359676475,1.3192300367183,1,49.891230658226,77.0701359676475
"4026",8507,"Gaebelbach","Inflow","Trichoptera","Limnephilidae",25,"1",170,176955.372871666,"kick_net",0.004,2.93,1,49.891230658226,1.3192300367183,1,49.891230658226,77.0701359676475
"4027",8508,"Gaebelbach","Inflow","Trichoptera","Limnephilidae",25,"1",170,176955.372871666,"kick_net",0.004,2.93,1,49.891230658226,1.3192300367183,1,49.891230658226,77.0701359676475
"4028",8509,"Gaebelbach","Inflow","Trichoptera","Limnephilidae",26,"1",170,176955.372871666,"kick_net",0.004,2.93,1,55.9669836138107,1.3192300367183,1,49.891230658226,77.0701359676475
"4029",8510,"Gaebelbach","Inflow","Trichoptera","Limnephilidae",29,"1",170,176955.372871666,"kick_net",0.004,2.93,1,77.0701359676475,1.3192300367183,1,49.891230658226,77.0701359676475
"4030",8648,"Gaebelbach","Pool","Amphipoda","Gammaridae",3,"1",170,176955.372871666,"kick_net",0.00845,2.8705,1,0.197894293315652,1.3192300367183,1,0.197894293315652,61.4163169457405
"4031",8649,"Gaebelbach","Pool","Amphipoda","Gammaridae",3,"1",170,176955.372871666,"kick_net",0.00845,2.8705,1,0.197894293315652,1.3192300367183,1,0.197894293315652,61.4163169457405
"4032",8650,"Gaebelbach","Pool","Amphipoda","Gammaridae",3,"1",170,176955.372871666,"kick_net",0.00845,2.8705,1,0.197894293315652,1.3192300367183,1,0.197894293315652,61.4163169457405
"4033",8651,"Gaebelbach","Pool","Amphipoda","Gammaridae",3,"1",170,176955.372871666,"kick_net",0.00845,2.8705,1,0.197894293315652,1.3192300367183,1,0.197894293315652,61.4163169457405
"4034",8652,"Gaebelbach","Pool","Amphipoda","Gammaridae",3,"1",170,176955.372871666,"kick_net",0.00845,2.8705,1,0.197894293315652,1.3192300367183,1,0.197894293315652,61.4163169457405
"4035",8653,"Gaebelbach","Pool","Amphipoda","Gammaridae",3,"1",170,176955.372871666,"kick_net",0.00845,2.8705,1,0.197894293315652,1.3192300367183,1,0.197894293315652,61.4163169457405
"4036",8654,"Gaebelbach","Pool","Amphipoda","Gammaridae",4,"1",170,176955.372871666,"kick_net",0.00845,2.8705,1,0.451928691384938,1.3192300367183,1,0.197894293315652,61.4163169457405
"4037",8655,"Gaebelbach","Pool","Amphipoda","Gammaridae",4,"1",170,176955.372871666,"kick_net",0.00845,2.8705,1,0.451928691384938,1.3192300367183,1,0.197894293315652,61.4163169457405
"4038",8656,"Gaebelbach","Pool","Amphipoda","Gammaridae",4,"1",170,176955.372871666,"kick_net",0.00845,2.8705,1,0.451928691384938,1.3192300367183,1,0.197894293315652,61.4163169457405
"4039",8657,"Gaebelbach","Pool","Amphipoda","Gammaridae",4,"1",170,176955.372871666,"kick_net",0.00845,2.8705,1,0.451928691384938,1.3192300367183,1,0.197894293315652,61.4163169457405
"4040",8658,"Gaebelbach","Pool","Amphipoda","Gammaridae",5,"1",170,176955.372871666,"kick_net",0.00845,2.8705,1,0.857531547980516,1.3192300367183,1,0.197894293315652,61.4163169457405
"4041",8659,"Gaebelbach","Pool","Amphipoda","Gammaridae",5,"1",170,176955.372871666,"kick_net",0.00845,2.8705,1,0.857531547980516,1.3192300367183,1,0.197894293315652,61.4163169457405
"4042",8660,"Gaebelbach","Pool","Amphipoda","Gammaridae",5,"1",170,176955.372871666,"kick_net",0.00845,2.8705,1,0.857531547980516,1.3192300367183,1,0.197894293315652,61.4163169457405
"4043",8661,"Gaebelbach","Pool","Amphipoda","Gammaridae",5,"1",170,176955.372871666,"kick_net",0.00845,2.8705,1,0.857531547980516,1.3192300367183,1,0.197894293315652,61.4163169457405
"4044",8662,"Gaebelbach","Pool","Amphipoda","Gammaridae",5,"1",170,176955.372871666,"kick_net",0.00845,2.8705,1,0.857531547980516,1.3192300367183,1,0.197894293315652,61.4163169457405
"4045",8663,"Gaebelbach","Pool","Amphipoda","Gammaridae",5,"1",170,176955.372871666,"kick_net",0.00845,2.8705,1,0.857531547980516,1.3192300367183,1,0.197894293315652,61.4163169457405
"4046",8664,"Gaebelbach","Pool","Amphipoda","Gammaridae",5,"1",170,176955.372871666,"kick_net",0.00845,2.8705,1,0.857531547980516,1.3192300367183,1,0.197894293315652,61.4163169457405
"4047",8665,"Gaebelbach","Pool","Amphipoda","Gammaridae",5,"1",170,176955.372871666,"kick_net",0.00845,2.8705,1,0.857531547980516,1.3192300367183,1,0.197894293315652,61.4163169457405
"4048",8666,"Gaebelbach","Pool","Amphipoda","Gammaridae",6,"1",170,176955.372871666,"kick_net",0.00845,2.8705,1,1.44723771988851,1.3192300367183,1,0.197894293315652,61.4163169457405
"4049",8667,"Gaebelbach","Pool","Amphipoda","Gammaridae",7,"1",170,176955.372871666,"kick_net",0.00845,2.8705,1,2.25273772956822,1.3192300367183,1,0.197894293315652,61.4163169457405
"4050",8669,"Gaebelbach","Pool","Ephemeroptera","Baetidae",7,"1",170,176955.372871666,"kick_net",0.005,2.875,1,1.34470453452202,1.3192300367183,1,0.197894293315652,61.4163169457405
"4051",8673,"Gaebelbach","Pool","Diptera","Chironomidae",6,"1",170,176955.372871666,"kick_net",0.002,2.62,1,0.218668523080522,1.3192300367183,1,0.197894293315652,61.4163169457405
"4052",8674,"Gaebelbach","Pool","Diptera","Chironomidae",6,"1",170,176955.372871666,"kick_net",0.002,2.62,1,0.218668523080522,1.3192300367183,1,0.197894293315652,61.4163169457405
"4053",8675,"Gaebelbach","Pool","Diptera","Chironomidae",6,"1",170,176955.372871666,"kick_net",0.002,2.62,1,0.218668523080522,1.3192300367183,1,0.197894293315652,61.4163169457405
"4054",8676,"Gaebelbach","Pool","Diptera","Chironomidae",9,"1",170,176955.372871666,"kick_net",0.002,2.62,1,0.63262357257604,1.3192300367183,1,0.197894293315652,61.4163169457405
"4055",8677,"Gaebelbach","Pool","Diptera","Chironomidae",10,"1",170,176955.372871666,"kick_net",0.002,2.62,1,0.833738766940671,1.3192300367183,1,0.197894293315652,61.4163169457405
"4056",8679,"Gaebelbach","Pool","Amphipoda","Gammaridae",3,"1",170,176955.372871666,"kick_net",0.00845,2.8705,1,0.197894293315652,1.3192300367183,1,0.197894293315652,61.4163169457405
"4057",8680,"Gaebelbach","Pool","Amphipoda","Gammaridae",3,"1",170,176955.372871666,"kick_net",0.00845,2.8705,1,0.197894293315652,1.3192300367183,1,0.197894293315652,61.4163169457405
"4058",8681,"Gaebelbach","Pool","Amphipoda","Gammaridae",3,"1",170,176955.372871666,"kick_net",0.00845,2.8705,1,0.197894293315652,1.3192300367183,1,0.197894293315652,61.4163169457405
"4059",8682,"Gaebelbach","Pool","Amphipoda","Gammaridae",3,"1",170,176955.372871666,"kick_net",0.00845,2.8705,1,0.197894293315652,1.3192300367183,1,0.197894293315652,61.4163169457405
"4060",8683,"Gaebelbach","Pool","Amphipoda","Gammaridae",3,"1",170,176955.372871666,"kick_net",0.00845,2.8705,1,0.197894293315652,1.3192300367183,1,0.197894293315652,61.4163169457405
"4061",8684,"Gaebelbach","Pool","Amphipoda","Gammaridae",3,"1",170,176955.372871666,"kick_net",0.00845,2.8705,1,0.197894293315652,1.3192300367183,1,0.197894293315652,61.4163169457405
"4062",8685,"Gaebelbach","Pool","Amphipoda","Gammaridae",3,"1",170,176955.372871666,"kick_net",0.00845,2.8705,1,0.197894293315652,1.3192300367183,1,0.197894293315652,61.4163169457405
"4063",8686,"Gaebelbach","Pool","Amphipoda","Gammaridae",3,"1",170,176955.372871666,"kick_net",0.00845,2.8705,1,0.197894293315652,1.3192300367183,1,0.197894293315652,61.4163169457405
"4064",8687,"Gaebelbach","Pool","Amphipoda","Gammaridae",3,"1",170,176955.372871666,"kick_net",0.00845,2.8705,1,0.197894293315652,1.3192300367183,1,0.197894293315652,61.4163169457405
"4065",8688,"Gaebelbach","Pool","Amphipoda","Gammaridae",3,"1",170,176955.372871666,"kick_net",0.00845,2.8705,1,0.197894293315652,1.3192300367183,1,0.197894293315652,61.4163169457405
"4066",8689,"Gaebelbach","Pool","Amphipoda","Gammaridae",3,"1",170,176955.372871666,"kick_net",0.00845,2.8705,1,0.197894293315652,1.3192300367183,1,0.197894293315652,61.4163169457405
"4067",8690,"Gaebelbach","Pool","Amphipoda","Gammaridae",3,"1",170,176955.372871666,"kick_net",0.00845,2.8705,1,0.197894293315652,1.3192300367183,1,0.197894293315652,61.4163169457405
"4068",8691,"Gaebelbach","Pool","Amphipoda","Gammaridae",4,"1",170,176955.372871666,"kick_net",0.00845,2.8705,1,0.451928691384938,1.3192300367183,1,0.197894293315652,61.4163169457405
"4069",8692,"Gaebelbach","Pool","Amphipoda","Gammaridae",4,"1",170,176955.372871666,"kick_net",0.00845,2.8705,1,0.451928691384938,1.3192300367183,1,0.197894293315652,61.4163169457405
"4070",8693,"Gaebelbach","Pool","Amphipoda","Gammaridae",4,"1",170,176955.372871666,"kick_net",0.00845,2.8705,1,0.451928691384938,1.3192300367183,1,0.197894293315652,61.4163169457405
"4071",8694,"Gaebelbach","Pool","Amphipoda","Gammaridae",4,"1",170,176955.372871666,"kick_net",0.00845,2.8705,1,0.451928691384938,1.3192300367183,1,0.197894293315652,61.4163169457405
"4072",8695,"Gaebelbach","Pool","Amphipoda","Gammaridae",4,"1",170,176955.372871666,"kick_net",0.00845,2.8705,1,0.451928691384938,1.3192300367183,1,0.197894293315652,61.4163169457405
"4073",8696,"Gaebelbach","Pool","Amphipoda","Gammaridae",4,"1",170,176955.372871666,"kick_net",0.00845,2.8705,1,0.451928691384938,1.3192300367183,1,0.197894293315652,61.4163169457405
"4074",8697,"Gaebelbach","Pool","Amphipoda","Gammaridae",4,"1",170,176955.372871666,"kick_net",0.00845,2.8705,1,0.451928691384938,1.3192300367183,1,0.197894293315652,61.4163169457405
"4075",8698,"Gaebelbach","Pool","Amphipoda","Gammaridae",4,"1",170,176955.372871666,"kick_net",0.00845,2.8705,1,0.451928691384938,1.3192300367183,1,0.197894293315652,61.4163169457405
"4076",8699,"Gaebelbach","Pool","Amphipoda","Gammaridae",4,"1",170,176955.372871666,"kick_net",0.00845,2.8705,1,0.451928691384938,1.3192300367183,1,0.197894293315652,61.4163169457405
"4077",8700,"Gaebelbach","Pool","Amphipoda","Gammaridae",4,"1",170,176955.372871666,"kick_net",0.00845,2.8705,1,0.451928691384938,1.3192300367183,1,0.197894293315652,61.4163169457405
"4078",8701,"Gaebelbach","Pool","Amphipoda","Gammaridae",5,"1",170,176955.372871666,"kick_net",0.00845,2.8705,1,0.857531547980516,1.3192300367183,1,0.197894293315652,61.4163169457405
"4079",8702,"Gaebelbach","Pool","Amphipoda","Gammaridae",5,"1",170,176955.372871666,"kick_net",0.00845,2.8705,1,0.857531547980516,1.3192300367183,1,0.197894293315652,61.4163169457405
"4080",8703,"Gaebelbach","Pool","Amphipoda","Gammaridae",5,"1",170,176955.372871666,"kick_net",0.00845,2.8705,1,0.857531547980516,1.3192300367183,1,0.197894293315652,61.4163169457405
"4081",8704,"Gaebelbach","Pool","Amphipoda","Gammaridae",5,"1",170,176955.372871666,"kick_net",0.00845,2.8705,1,0.857531547980516,1.3192300367183,1,0.197894293315652,61.4163169457405
"4082",8705,"Gaebelbach","Pool","Amphipoda","Gammaridae",5,"1",170,176955.372871666,"kick_net",0.00845,2.8705,1,0.857531547980516,1.3192300367183,1,0.197894293315652,61.4163169457405
"4083",8706,"Gaebelbach","Pool","Amphipoda","Gammaridae",5,"1",170,176955.372871666,"kick_net",0.00845,2.8705,1,0.857531547980516,1.3192300367183,1,0.197894293315652,61.4163169457405
"4084",8707,"Gaebelbach","Pool","Amphipoda","Gammaridae",5,"1",170,176955.372871666,"kick_net",0.00845,2.8705,1,0.857531547980516,1.3192300367183,1,0.197894293315652,61.4163169457405
"4085",8708,"Gaebelbach","Pool","Amphipoda","Gammaridae",5,"1",170,176955.372871666,"kick_net",0.00845,2.8705,1,0.857531547980516,1.3192300367183,1,0.197894293315652,61.4163169457405
"4086",8709,"Gaebelbach","Pool","Amphipoda","Gammaridae",5,"1",170,176955.372871666,"kick_net",0.00845,2.8705,1,0.857531547980516,1.3192300367183,1,0.197894293315652,61.4163169457405
"4087",8710,"Gaebelbach","Pool","Amphipoda","Gammaridae",5,"1",170,176955.372871666,"kick_net",0.00845,2.8705,1,0.857531547980516,1.3192300367183,1,0.197894293315652,61.4163169457405
"4088",8711,"Gaebelbach","Pool","Amphipoda","Gammaridae",6,"1",170,176955.372871666,"kick_net",0.00845,2.8705,1,1.44723771988851,1.3192300367183,1,0.197894293315652,61.4163169457405
"4089",8712,"Gaebelbach","Pool","Amphipoda","Gammaridae",6,"1",170,176955.372871666,"kick_net",0.00845,2.8705,1,1.44723771988851,1.3192300367183,1,0.197894293315652,61.4163169457405
"4090",8713,"Gaebelbach","Pool","Amphipoda","Gammaridae",6,"1",170,176955.372871666,"kick_net",0.00845,2.8705,1,1.44723771988851,1.3192300367183,1,0.197894293315652,61.4163169457405
"4091",8714,"Gaebelbach","Pool","Amphipoda","Gammaridae",6,"1",170,176955.372871666,"kick_net",0.00845,2.8705,1,1.44723771988851,1.3192300367183,1,0.197894293315652,61.4163169457405
"4092",8715,"Gaebelbach","Pool","Amphipoda","Gammaridae",6,"1",170,176955.372871666,"kick_net",0.00845,2.8705,1,1.44723771988851,1.3192300367183,1,0.197894293315652,61.4163169457405
"4093",8716,"Gaebelbach","Pool","Amphipoda","Gammaridae",8,"1",170,176955.372871666,"kick_net",0.00845,2.8705,1,3.30503845216443,1.3192300367183,1,0.197894293315652,61.4163169457405
"4094",8717,"Gaebelbach","Pool","Odonata","Calopterygidae",31,"1",170,176955.372871666,"kick_net",0.005,2.742,1,61.4163169457405,1.3192300367183,1,0.197894293315652,61.4163169457405
"4095",8718,"Gaebelbach","Pool","Trichoptera","Limnephilidae",15,"1",170,176955.372871666,"kick_net",0.004,2.93,1,11.1688222781476,1.3192300367183,1,0.197894293315652,61.4163169457405
"4096",8719,"Gaebelbach","Pool","Trichoptera","Limnephilidae",15,"1",170,176955.372871666,"kick_net",0.004,2.93,1,11.1688222781476,1.3192300367183,1,0.197894293315652,61.4163169457405
"4097",8720,"Gaebelbach","Pool","Trichoptera","Limnephilidae",19,"1",170,176955.372871666,"kick_net",0.004,2.93,1,22.3258520349897,1.3192300367183,1,0.197894293315652,61.4163169457405
"4098",8721,"Gaebelbach","Pool","Trichoptera","Limnephilidae",20,"1",170,176955.372871666,"kick_net",0.004,2.93,1,25.946445976709,1.3192300367183,1,0.197894293315652,61.4163169457405
"4099",8722,"Gaebelbach","Pool","Trichoptera","Limnephilidae",22,"1",170,176955.372871666,"kick_net",0.004,2.93,1,34.3050807655492,1.3192300367183,1,0.197894293315652,61.4163169457405
"4100",8723,"Gaebelbach","Pool","Trichoptera","Limnephilidae",22,"1",170,176955.372871666,"kick_net",0.004,2.93,1,34.3050807655492,1.3192300367183,1,0.197894293315652,61.4163169457405
"4101",8724,"Gaebelbach","Pool","Trichoptera","Limnephilidae",25,"1",170,176955.372871666,"kick_net",0.004,2.93,1,49.891230658226,1.3192300367183,1,0.197894293315652,61.4163169457405
"4102",8725,"Gaebelbach","Pool","Trichoptera","Limnephilidae",25,"1",170,176955.372871666,"kick_net",0.004,2.93,1,49.891230658226,1.3192300367183,1,0.197894293315652,61.4163169457405
"4103",8732,"Gaebelbach","Pool","Diptera","Chironomidae",6,"1",170,176955.372871666,"kick_net",0.002,2.62,1,0.218668523080522,1.3192300367183,1,0.197894293315652,61.4163169457405
"4104",8733,"Gaebelbach","Pool","Diptera","Chironomidae",8,"1",170,176955.372871666,"kick_net",0.002,2.62,1,0.464649807522386,1.3192300367183,1,0.197894293315652,61.4163169457405
"4105",8734,"Gaebelbach","Pool","Diptera","Chironomidae",8,"1",170,176955.372871666,"kick_net",0.002,2.62,1,0.464649807522386,1.3192300367183,1,0.197894293315652,61.4163169457405
"4106",8735,"Gaebelbach","Pool","Diptera","Chironomidae",11,"1",170,176955.372871666,"kick_net",0.002,2.62,1,1.07023421421427,1.3192300367183,1,0.197894293315652,61.4163169457405
"4107",8736,"Gaebelbach","Pool","Diptera","Chironomidae",11,"1",170,176955.372871666,"kick_net",0.002,2.62,1,1.07023421421427,1.3192300367183,1,0.197894293315652,61.4163169457405
"4108",8737,"Gaebelbach","Pool","Diptera","Simuliidae",7,"1",170,176955.372871666,"kick_net",0.002,3.01,1,0.699479669405531,1.3192300367183,1,0.197894293315652,61.4163169457405
"4109",8741,"Gaebelbach","Pool","Amphipoda","Gammaridae",3,"1",170,176955.372871666,"kick_net",0.00845,2.8705,1,0.197894293315652,1.3192300367183,1,0.197894293315652,61.4163169457405
"4110",8742,"Gaebelbach","Pool","Amphipoda","Gammaridae",3,"1",170,176955.372871666,"kick_net",0.00845,2.8705,1,0.197894293315652,1.3192300367183,1,0.197894293315652,61.4163169457405
"4111",8743,"Gaebelbach","Pool","Amphipoda","Gammaridae",3,"1",170,176955.372871666,"kick_net",0.00845,2.8705,1,0.197894293315652,1.3192300367183,1,0.197894293315652,61.4163169457405
"4112",8744,"Gaebelbach","Pool","Amphipoda","Gammaridae",3,"1",170,176955.372871666,"kick_net",0.00845,2.8705,1,0.197894293315652,1.3192300367183,1,0.197894293315652,61.4163169457405
"4113",8745,"Gaebelbach","Pool","Amphipoda","Gammaridae",3,"1",170,176955.372871666,"kick_net",0.00845,2.8705,1,0.197894293315652,1.3192300367183,1,0.197894293315652,61.4163169457405
"4114",8746,"Gaebelbach","Pool","Amphipoda","Gammaridae",3,"1",170,176955.372871666,"kick_net",0.00845,2.8705,1,0.197894293315652,1.3192300367183,1,0.197894293315652,61.4163169457405
"4115",8747,"Gaebelbach","Pool","Amphipoda","Gammaridae",3,"1",170,176955.372871666,"kick_net",0.00845,2.8705,1,0.197894293315652,1.3192300367183,1,0.197894293315652,61.4163169457405
"4116",8748,"Gaebelbach","Pool","Amphipoda","Gammaridae",3,"1",170,176955.372871666,"kick_net",0.00845,2.8705,1,0.197894293315652,1.3192300367183,1,0.197894293315652,61.4163169457405
"4117",8749,"Gaebelbach","Pool","Amphipoda","Gammaridae",3,"1",170,176955.372871666,"kick_net",0.00845,2.8705,1,0.197894293315652,1.3192300367183,1,0.197894293315652,61.4163169457405
"4118",8750,"Gaebelbach","Pool","Amphipoda","Gammaridae",3,"1",170,176955.372871666,"kick_net",0.00845,2.8705,1,0.197894293315652,1.3192300367183,1,0.197894293315652,61.4163169457405
"4119",8751,"Gaebelbach","Pool","Amphipoda","Gammaridae",3,"1",170,176955.372871666,"kick_net",0.00845,2.8705,1,0.197894293315652,1.3192300367183,1,0.197894293315652,61.4163169457405
"4120",8752,"Gaebelbach","Pool","Amphipoda","Gammaridae",3,"1",170,176955.372871666,"kick_net",0.00845,2.8705,1,0.197894293315652,1.3192300367183,1,0.197894293315652,61.4163169457405
"4121",8753,"Gaebelbach","Pool","Amphipoda","Gammaridae",3,"1",170,176955.372871666,"kick_net",0.00845,2.8705,1,0.197894293315652,1.3192300367183,1,0.197894293315652,61.4163169457405
"4122",8754,"Gaebelbach","Pool","Amphipoda","Gammaridae",3,"1",170,176955.372871666,"kick_net",0.00845,2.8705,1,0.197894293315652,1.3192300367183,1,0.197894293315652,61.4163169457405
"4123",8755,"Gaebelbach","Pool","Amphipoda","Gammaridae",3,"1",170,176955.372871666,"kick_net",0.00845,2.8705,1,0.197894293315652,1.3192300367183,1,0.197894293315652,61.4163169457405
"4124",8756,"Gaebelbach","Pool","Amphipoda","Gammaridae",3,"1",170,176955.372871666,"kick_net",0.00845,2.8705,1,0.197894293315652,1.3192300367183,1,0.197894293315652,61.4163169457405
"4125",8757,"Gaebelbach","Pool","Amphipoda","Gammaridae",3,"1",170,176955.372871666,"kick_net",0.00845,2.8705,1,0.197894293315652,1.3192300367183,1,0.197894293315652,61.4163169457405
"4126",8758,"Gaebelbach","Pool","Amphipoda","Gammaridae",3,"1",170,176955.372871666,"kick_net",0.00845,2.8705,1,0.197894293315652,1.3192300367183,1,0.197894293315652,61.4163169457405
"4127",8759,"Gaebelbach","Pool","Amphipoda","Gammaridae",3,"1",170,176955.372871666,"kick_net",0.00845,2.8705,1,0.197894293315652,1.3192300367183,1,0.197894293315652,61.4163169457405
"4128",8760,"Gaebelbach","Pool","Amphipoda","Gammaridae",3,"1",170,176955.372871666,"kick_net",0.00845,2.8705,1,0.197894293315652,1.3192300367183,1,0.197894293315652,61.4163169457405
"4129",8761,"Gaebelbach","Pool","Amphipoda","Gammaridae",3,"1",170,176955.372871666,"kick_net",0.00845,2.8705,1,0.197894293315652,1.3192300367183,1,0.197894293315652,61.4163169457405
"4130",8762,"Gaebelbach","Pool","Amphipoda","Gammaridae",3,"1",170,176955.372871666,"kick_net",0.00845,2.8705,1,0.197894293315652,1.3192300367183,1,0.197894293315652,61.4163169457405
"4131",8763,"Gaebelbach","Pool","Amphipoda","Gammaridae",3,"1",170,176955.372871666,"kick_net",0.00845,2.8705,1,0.197894293315652,1.3192300367183,1,0.197894293315652,61.4163169457405
"4132",8764,"Gaebelbach","Pool","Amphipoda","Gammaridae",3,"1",170,176955.372871666,"kick_net",0.00845,2.8705,1,0.197894293315652,1.3192300367183,1,0.197894293315652,61.4163169457405
"4133",8765,"Gaebelbach","Pool","Amphipoda","Gammaridae",3,"1",170,176955.372871666,"kick_net",0.00845,2.8705,1,0.197894293315652,1.3192300367183,1,0.197894293315652,61.4163169457405
"4134",8766,"Gaebelbach","Pool","Amphipoda","Gammaridae",3,"1",170,176955.372871666,"kick_net",0.00845,2.8705,1,0.197894293315652,1.3192300367183,1,0.197894293315652,61.4163169457405
"4135",8767,"Gaebelbach","Pool","Amphipoda","Gammaridae",3,"1",170,176955.372871666,"kick_net",0.00845,2.8705,1,0.197894293315652,1.3192300367183,1,0.197894293315652,61.4163169457405
"4136",8768,"Gaebelbach","Pool","Amphipoda","Gammaridae",3,"1",170,176955.372871666,"kick_net",0.00845,2.8705,1,0.197894293315652,1.3192300367183,1,0.197894293315652,61.4163169457405
"4137",8769,"Gaebelbach","Pool","Amphipoda","Gammaridae",3,"1",170,176955.372871666,"kick_net",0.00845,2.8705,1,0.197894293315652,1.3192300367183,1,0.197894293315652,61.4163169457405
"4138",8770,"Gaebelbach","Pool","Amphipoda","Gammaridae",3,"1",170,176955.372871666,"kick_net",0.00845,2.8705,1,0.197894293315652,1.3192300367183,1,0.197894293315652,61.4163169457405
"4139",8771,"Gaebelbach","Pool","Amphipoda","Gammaridae",4,"1",170,176955.372871666,"kick_net",0.00845,2.8705,1,0.451928691384938,1.3192300367183,1,0.197894293315652,61.4163169457405
"4140",8772,"Gaebelbach","Pool","Amphipoda","Gammaridae",4,"1",170,176955.372871666,"kick_net",0.00845,2.8705,1,0.451928691384938,1.3192300367183,1,0.197894293315652,61.4163169457405
"4141",8773,"Gaebelbach","Pool","Amphipoda","Gammaridae",4,"1",170,176955.372871666,"kick_net",0.00845,2.8705,1,0.451928691384938,1.3192300367183,1,0.197894293315652,61.4163169457405
"4142",8774,"Gaebelbach","Pool","Amphipoda","Gammaridae",4,"1",170,176955.372871666,"kick_net",0.00845,2.8705,1,0.451928691384938,1.3192300367183,1,0.197894293315652,61.4163169457405
"4143",8775,"Gaebelbach","Pool","Amphipoda","Gammaridae",4,"1",170,176955.372871666,"kick_net",0.00845,2.8705,1,0.451928691384938,1.3192300367183,1,0.197894293315652,61.4163169457405
"4144",8776,"Gaebelbach","Pool","Amphipoda","Gammaridae",4,"1",170,176955.372871666,"kick_net",0.00845,2.8705,1,0.451928691384938,1.3192300367183,1,0.197894293315652,61.4163169457405
"4145",8777,"Gaebelbach","Pool","Amphipoda","Gammaridae",4,"1",170,176955.372871666,"kick_net",0.00845,2.8705,1,0.451928691384938,1.3192300367183,1,0.197894293315652,61.4163169457405
"4146",8778,"Gaebelbach","Pool","Amphipoda","Gammaridae",4,"1",170,176955.372871666,"kick_net",0.00845,2.8705,1,0.451928691384938,1.3192300367183,1,0.197894293315652,61.4163169457405
"4147",8779,"Gaebelbach","Pool","Amphipoda","Gammaridae",4,"1",170,176955.372871666,"kick_net",0.00845,2.8705,1,0.451928691384938,1.3192300367183,1,0.197894293315652,61.4163169457405
"4148",8780,"Gaebelbach","Pool","Amphipoda","Gammaridae",4,"1",170,176955.372871666,"kick_net",0.00845,2.8705,1,0.451928691384938,1.3192300367183,1,0.197894293315652,61.4163169457405
"4149",8781,"Gaebelbach","Pool","Amphipoda","Gammaridae",4,"1",170,176955.372871666,"kick_net",0.00845,2.8705,1,0.451928691384938,1.3192300367183,1,0.197894293315652,61.4163169457405
"4150",8782,"Gaebelbach","Pool","Amphipoda","Gammaridae",4,"1",170,176955.372871666,"kick_net",0.00845,2.8705,1,0.451928691384938,1.3192300367183,1,0.197894293315652,61.4163169457405
"4151",8783,"Gaebelbach","Pool","Amphipoda","Gammaridae",4,"1",170,176955.372871666,"kick_net",0.00845,2.8705,1,0.451928691384938,1.3192300367183,1,0.197894293315652,61.4163169457405
"4152",8784,"Gaebelbach","Pool","Amphipoda","Gammaridae",4,"1",170,176955.372871666,"kick_net",0.00845,2.8705,1,0.451928691384938,1.3192300367183,1,0.197894293315652,61.4163169457405
"4153",8785,"Gaebelbach","Pool","Amphipoda","Gammaridae",4,"1",170,176955.372871666,"kick_net",0.00845,2.8705,1,0.451928691384938,1.3192300367183,1,0.197894293315652,61.4163169457405
"4154",8786,"Gaebelbach","Pool","Amphipoda","Gammaridae",4,"1",170,176955.372871666,"kick_net",0.00845,2.8705,1,0.451928691384938,1.3192300367183,1,0.197894293315652,61.4163169457405
"4155",8787,"Gaebelbach","Pool","Amphipoda","Gammaridae",4,"1",170,176955.372871666,"kick_net",0.00845,2.8705,1,0.451928691384938,1.3192300367183,1,0.197894293315652,61.4163169457405
"4156",8788,"Gaebelbach","Pool","Amphipoda","Gammaridae",4,"1",170,176955.372871666,"kick_net",0.00845,2.8705,1,0.451928691384938,1.3192300367183,1,0.197894293315652,61.4163169457405
"4157",8789,"Gaebelbach","Pool","Amphipoda","Gammaridae",4,"1",170,176955.372871666,"kick_net",0.00845,2.8705,1,0.451928691384938,1.3192300367183,1,0.197894293315652,61.4163169457405
"4158",8790,"Gaebelbach","Pool","Amphipoda","Gammaridae",4,"1",170,176955.372871666,"kick_net",0.00845,2.8705,1,0.451928691384938,1.3192300367183,1,0.197894293315652,61.4163169457405
"4159",8791,"Gaebelbach","Pool","Amphipoda","Gammaridae",4,"1",170,176955.372871666,"kick_net",0.00845,2.8705,1,0.451928691384938,1.3192300367183,1,0.197894293315652,61.4163169457405
"4160",8792,"Gaebelbach","Pool","Amphipoda","Gammaridae",4,"1",170,176955.372871666,"kick_net",0.00845,2.8705,1,0.451928691384938,1.3192300367183,1,0.197894293315652,61.4163169457405
"4161",8793,"Gaebelbach","Pool","Amphipoda","Gammaridae",4,"1",170,176955.372871666,"kick_net",0.00845,2.8705,1,0.451928691384938,1.3192300367183,1,0.197894293315652,61.4163169457405
"4162",8794,"Gaebelbach","Pool","Amphipoda","Gammaridae",4,"1",170,176955.372871666,"kick_net",0.00845,2.8705,1,0.451928691384938,1.3192300367183,1,0.197894293315652,61.4163169457405
"4163",8795,"Gaebelbach","Pool","Amphipoda","Gammaridae",4,"1",170,176955.372871666,"kick_net",0.00845,2.8705,1,0.451928691384938,1.3192300367183,1,0.197894293315652,61.4163169457405
"4164",8796,"Gaebelbach","Pool","Amphipoda","Gammaridae",5,"1",170,176955.372871666,"kick_net",0.00845,2.8705,1,0.857531547980516,1.3192300367183,1,0.197894293315652,61.4163169457405
"4165",8797,"Gaebelbach","Pool","Amphipoda","Gammaridae",5,"1",170,176955.372871666,"kick_net",0.00845,2.8705,1,0.857531547980516,1.3192300367183,1,0.197894293315652,61.4163169457405
"4166",8798,"Gaebelbach","Pool","Amphipoda","Gammaridae",5,"1",170,176955.372871666,"kick_net",0.00845,2.8705,1,0.857531547980516,1.3192300367183,1,0.197894293315652,61.4163169457405
"4167",8799,"Gaebelbach","Pool","Amphipoda","Gammaridae",5,"1",170,176955.372871666,"kick_net",0.00845,2.8705,1,0.857531547980516,1.3192300367183,1,0.197894293315652,61.4163169457405
"4168",8800,"Gaebelbach","Pool","Amphipoda","Gammaridae",5,"1",170,176955.372871666,"kick_net",0.00845,2.8705,1,0.857531547980516,1.3192300367183,1,0.197894293315652,61.4163169457405
"4169",8801,"Gaebelbach","Pool","Amphipoda","Gammaridae",5,"1",170,176955.372871666,"kick_net",0.00845,2.8705,1,0.857531547980516,1.3192300367183,1,0.197894293315652,61.4163169457405
"4170",8802,"Gaebelbach","Pool","Amphipoda","Gammaridae",5,"1",170,176955.372871666,"kick_net",0.00845,2.8705,1,0.857531547980516,1.3192300367183,1,0.197894293315652,61.4163169457405
"4171",8803,"Gaebelbach","Pool","Amphipoda","Gammaridae",6,"1",170,176955.372871666,"kick_net",0.00845,2.8705,1,1.44723771988851,1.3192300367183,1,0.197894293315652,61.4163169457405
"4172",8804,"Gaebelbach","Pool","Amphipoda","Gammaridae",6,"1",170,176955.372871666,"kick_net",0.00845,2.8705,1,1.44723771988851,1.3192300367183,1,0.197894293315652,61.4163169457405
"4173",8805,"Gaebelbach","Pool","Amphipoda","Gammaridae",6,"1",170,176955.372871666,"kick_net",0.00845,2.8705,1,1.44723771988851,1.3192300367183,1,0.197894293315652,61.4163169457405
"4174",8806,"Gaebelbach","Pool","Amphipoda","Gammaridae",6,"1",170,176955.372871666,"kick_net",0.00845,2.8705,1,1.44723771988851,1.3192300367183,1,0.197894293315652,61.4163169457405
"4175",8807,"Gaebelbach","Pool","Amphipoda","Gammaridae",7,"1",170,176955.372871666,"kick_net",0.00845,2.8705,1,2.25273772956822,1.3192300367183,1,0.197894293315652,61.4163169457405
"4176",8808,"Gaebelbach","Pool","Amphipoda","Gammaridae",8,"1",170,176955.372871666,"kick_net",0.00845,2.8705,1,3.30503845216443,1.3192300367183,1,0.197894293315652,61.4163169457405
"4177",8809,"Gaebelbach","Pool","Amphipoda","Gammaridae",8,"1",170,176955.372871666,"kick_net",0.00845,2.8705,1,3.30503845216443,1.3192300367183,1,0.197894293315652,61.4163169457405
"4178",8810,"Gaebelbach","Pool","Amphipoda","Gammaridae",9,"1",170,176955.372871666,"kick_net",0.00845,2.8705,1,4.6345741215268,1.3192300367183,1,0.197894293315652,61.4163169457405
"4179",8958,"Gaebelbach","Outflow","Odonata","Calopterygidae",20,"1",170,176955.372871666,"kick_net",0.005,2.742,1,18.4669108428923,1.3192300367183,1,13.4937152269119,102.837006879523
"4180",9090,"Gaebelbach","Outflow","Trichoptera","Limnephilidae",16,"1",170,176955.372871666,"kick_net",0.004,2.93,1,13.4937152269119,1.3192300367183,1,13.4937152269119,102.837006879523
"4181",9091,"Gaebelbach","Outflow","Trichoptera","Limnephilidae",16,"1",170,176955.372871666,"kick_net",0.004,2.93,1,13.4937152269119,1.3192300367183,1,13.4937152269119,102.837006879523
"4182",9092,"Gaebelbach","Outflow","Trichoptera","Limnephilidae",18,"1",170,176955.372871666,"kick_net",0.004,2.93,1,19.0549771044345,1.3192300367183,1,13.4937152269119,102.837006879523
"4183",9093,"Gaebelbach","Outflow","Trichoptera","Limnephilidae",24,"1",170,176955.372871666,"kick_net",0.004,2.93,1,44.2668816563567,1.3192300367183,1,13.4937152269119,102.837006879523
"4184",9094,"Gaebelbach","Outflow","Trichoptera","Limnephilidae",32,"1",170,176955.372871666,"kick_net",0.004,2.93,1,102.837006879523,1.3192300367183,1,13.4937152269119,102.837006879523
"4185",9113,"Weierbach","Control","Ephemeroptera","Baetidae",3,"2",1282,100688.788235785,"kick_net",0.005,2.875,1,0.117677548287684,0.182376189158402,1,0.117677548287684,16.4746893941346
"4186",9114,"Weierbach","Control","Amphipoda","Gammaridae",3,"2",1282,100688.788235785,"kick_net",0.00845,2.8705,1,0.197894293315652,0.182376189158402,1,0.117677548287684,16.4746893941346
"4187",9115,"Weierbach","Control","Ephemeroptera","Baetidae",3,"2",1282,100688.788235785,"kick_net",0.005,2.875,1,0.117677548287684,0.182376189158402,1,0.117677548287684,16.4746893941346
"4188",9116,"Weierbach","Control","Amphipoda","Gammaridae",4,"2",1282,100688.788235785,"kick_net",0.00845,2.8705,1,0.451928691384938,0.182376189158402,1,0.117677548287684,16.4746893941346
"4189",9117,"Weierbach","Control","Amphipoda","Gammaridae",14,"2",1282,100688.788235785,"kick_net",0.00845,2.8705,1,16.4746893941346,0.182376189158402,1,0.117677548287684,16.4746893941346
"4190",9119,"Weierbach","Control","Diptera","Tipulidae",18,"2",1282,100688.788235785,"kick_net",0.003,2.68,1,6.93827594570581,0.182376189158402,1,0.117677548287684,16.4746893941346
"4191",9120,"Weierbach","Inflow","Hirudinea","Glossiphoniidae",4,"2",1282,100688.788235785,"kick_net",-2.12,2,2,1.92050605618331,0.182376189158402,1,0.451928691384938,10.5839182261171
"4192",9121,"Weierbach","Inflow","Amphipoda","Gammaridae",5,"2",1282,100688.788235785,"kick_net",0.00845,2.8705,1,0.857531547980516,0.182376189158402,1,0.451928691384938,10.5839182261171
"4193",9122,"Weierbach","Inflow","Amphipoda","Gammaridae",6,"2",1282,100688.788235785,"kick_net",0.00845,2.8705,1,1.44723771988851,0.182376189158402,1,0.451928691384938,10.5839182261171
"4194",9123,"Weierbach","Inflow","Amphipoda","Gammaridae",8,"2",1282,100688.788235785,"kick_net",0.00845,2.8705,1,3.30503845216443,0.182376189158402,1,0.451928691384938,10.5839182261171
"4195",9124,"Weierbach","Inflow","Amphipoda","Gammaridae",9,"2",1282,100688.788235785,"kick_net",0.00845,2.8705,1,4.6345741215268,0.182376189158402,1,0.451928691384938,10.5839182261171
"4196",9125,"Weierbach","Inflow","Amphipoda","Gammaridae",9,"2",1282,100688.788235785,"kick_net",0.00845,2.8705,1,4.6345741215268,0.182376189158402,1,0.451928691384938,10.5839182261171
"4197",9126,"Weierbach","Inflow","Amphipoda","Gammaridae",12,"2",1282,100688.788235785,"kick_net",0.00845,2.8705,1,10.5839182261171,0.182376189158402,1,0.451928691384938,10.5839182261171
"4198",9131,"Weierbach","Inflow","Hirudinea","Glossiphoniidae",2,"2",1282,100688.788235785,"kick_net",-2.12,2,2,0.480126514045827,0.182376189158402,1,0.451928691384938,10.5839182261171
"4199",9134,"Weierbach","Inflow","Amphipoda","Gammaridae",4,"2",1282,100688.788235785,"kick_net",0.00845,2.8705,1,0.451928691384938,0.182376189158402,1,0.451928691384938,10.5839182261171
"4200",9135,"Weierbach","Inflow","Amphipoda","Gammaridae",4,"2",1282,100688.788235785,"kick_net",0.00845,2.8705,1,0.451928691384938,0.182376189158402,1,0.451928691384938,10.5839182261171
"4201",9136,"Weierbach","Inflow","Amphipoda","Gammaridae",4,"2",1282,100688.788235785,"kick_net",0.00845,2.8705,1,0.451928691384938,0.182376189158402,1,0.451928691384938,10.5839182261171
"4202",9137,"Weierbach","Inflow","Amphipoda","Gammaridae",4,"2",1282,100688.788235785,"kick_net",0.00845,2.8705,1,0.451928691384938,0.182376189158402,1,0.451928691384938,10.5839182261171
"4203",9138,"Weierbach","Inflow","Amphipoda","Gammaridae",4,"2",1282,100688.788235785,"kick_net",0.00845,2.8705,1,0.451928691384938,0.182376189158402,1,0.451928691384938,10.5839182261171
"4204",9139,"Weierbach","Inflow","Amphipoda","Gammaridae",5,"2",1282,100688.788235785,"kick_net",0.00845,2.8705,1,0.857531547980516,0.182376189158402,1,0.451928691384938,10.5839182261171
"4205",9140,"Weierbach","Inflow","Amphipoda","Gammaridae",6,"2",1282,100688.788235785,"kick_net",0.00845,2.8705,1,1.44723771988851,0.182376189158402,1,0.451928691384938,10.5839182261171
"4206",9141,"Weierbach","Inflow","Amphipoda","Gammaridae",8,"2",1282,100688.788235785,"kick_net",0.00845,2.8705,1,3.30503845216443,0.182376189158402,1,0.451928691384938,10.5839182261171
"4207",9143,"Weierbach","Inflow","Diptera","Chironomidae",10,"2",1282,100688.788235785,"kick_net",0.002,2.62,1,0.833738766940671,0.182376189158402,1,0.451928691384938,10.5839182261171
"4208",9144,"Weierbach","Inflow","Amphipoda","Gammaridae",5,"2",1282,100688.788235785,"kick_net",0.00845,2.8705,1,0.857531547980516,0.182376189158402,1,0.451928691384938,10.5839182261171
"4209",9146,"Weierbach","Inflow","Amphipoda","Gammaridae",4,"2",1282,100688.788235785,"kick_net",0.00845,2.8705,1,0.451928691384938,0.182376189158402,1,0.451928691384938,10.5839182261171
"4210",9147,"Weierbach","Inflow","Amphipoda","Gammaridae",4,"2",1282,100688.788235785,"kick_net",0.00845,2.8705,1,0.451928691384938,0.182376189158402,1,0.451928691384938,10.5839182261171
"4211",9148,"Weierbach","Inflow","Amphipoda","Gammaridae",6,"2",1282,100688.788235785,"kick_net",0.00845,2.8705,1,1.44723771988851,0.182376189158402,1,0.451928691384938,10.5839182261171
"4212",9149,"Weierbach","Inflow","Amphipoda","Gammaridae",6,"2",1282,100688.788235785,"kick_net",0.00845,2.8705,1,1.44723771988851,0.182376189158402,1,0.451928691384938,10.5839182261171
"4213",9150,"Weierbach","Inflow","Amphipoda","Gammaridae",7,"2",1282,100688.788235785,"kick_net",0.00845,2.8705,1,2.25273772956822,0.182376189158402,1,0.451928691384938,10.5839182261171
"4214",9155,"Weierbach","Inflow","Coleoptera","Elmidae",5,"2",1282,100688.788235785,"kick_net",0.007,2.88,1,0.721326109625354,0.182376189158402,1,0.451928691384938,10.5839182261171
"4215",9156,"Weierbach","Inflow","Diptera","Tipulidae",7,"2",1282,100688.788235785,"kick_net",0.003,2.68,1,0.55205710285967,0.182376189158402,1,0.451928691384938,10.5839182261171
"4216",9157,"Weierbach","Pool","Hirudinea","Glossiphoniidae",6,"2",1282,100688.788235785,"kick_net",-2.12,2,2,4.32113862641244,0.182376189158402,1,4.32113862641244,25.946445976709
"4217",9226,"Weierbach","Pool","Amphipoda","Gammaridae",10,"2",1282,100688.788235785,"kick_net",0.00845,2.8705,1,6.27128747089358,0.182376189158402,1,4.32113862641244,25.946445976709
"4218",9227,"Weierbach","Pool","Amphipoda","Gammaridae",10,"2",1282,100688.788235785,"kick_net",0.00845,2.8705,1,6.27128747089358,0.182376189158402,1,4.32113862641244,25.946445976709
"4219",9228,"Weierbach","Pool","Amphipoda","Gammaridae",11,"2",1282,100688.788235785,"kick_net",0.00845,2.8705,1,8.24469153511625,0.182376189158402,1,4.32113862641244,25.946445976709
"4220",9229,"Weierbach","Pool","Amphipoda","Gammaridae",13,"2",1282,100688.788235785,"kick_net",0.00845,2.8705,1,13.3177574719972,0.182376189158402,1,4.32113862641244,25.946445976709
"4221",9237,"Weierbach","Pool","Trichoptera","Hydropsychidae",12,"2",1282,100688.788235785,"kick_net",0.005,2.926,1,7.18876571955492,0.182376189158402,1,4.32113862641244,25.946445976709
"4222",9238,"Weierbach","Pool","Trichoptera","Limnephilidae",15,"2",1282,100688.788235785,"kick_net",0.004,2.93,1,11.1688222781476,0.182376189158402,1,4.32113862641244,25.946445976709
"4223",9239,"Weierbach","Pool","Trichoptera","Limnephilidae",16,"2",1282,100688.788235785,"kick_net",0.004,2.93,1,13.4937152269119,0.182376189158402,1,4.32113862641244,25.946445976709
"4224",9240,"Weierbach","Pool","Trichoptera","Limnephilidae",16,"2",1282,100688.788235785,"kick_net",0.004,2.93,1,13.4937152269119,0.182376189158402,1,4.32113862641244,25.946445976709
"4225",9241,"Weierbach","Pool","Trichoptera","Limnephilidae",18,"2",1282,100688.788235785,"kick_net",0.004,2.93,1,19.0549771044345,0.182376189158402,1,4.32113862641244,25.946445976709
"4226",9242,"Weierbach","Pool","Trichoptera","Limnephilidae",18,"2",1282,100688.788235785,"kick_net",0.004,2.93,1,19.0549771044345,0.182376189158402,1,4.32113862641244,25.946445976709
"4227",9243,"Weierbach","Pool","Trichoptera","Limnephilidae",19,"2",1282,100688.788235785,"kick_net",0.004,2.93,1,22.3258520349897,0.182376189158402,1,4.32113862641244,25.946445976709
"4228",9244,"Weierbach","Pool","Trichoptera","Limnephilidae",20,"2",1282,100688.788235785,"kick_net",0.004,2.93,1,25.946445976709,0.182376189158402,1,4.32113862641244,25.946445976709
"4229",9320,"Weierbach","Pool","Amphipoda","Gammaridae",9,"2",1282,100688.788235785,"kick_net",0.00845,2.8705,1,4.6345741215268,0.182376189158402,1,4.32113862641244,25.946445976709
"4230",9321,"Weierbach","Pool","Amphipoda","Gammaridae",10,"2",1282,100688.788235785,"kick_net",0.00845,2.8705,1,6.27128747089358,0.182376189158402,1,4.32113862641244,25.946445976709
"4231",9322,"Weierbach","Pool","Amphipoda","Gammaridae",11,"2",1282,100688.788235785,"kick_net",0.00845,2.8705,1,8.24469153511625,0.182376189158402,1,4.32113862641244,25.946445976709
"4232",9325,"Weierbach","Pool","Trichoptera","Limnephilidae",12,"2",1282,100688.788235785,"kick_net",0.004,2.93,1,5.80846052583069,0.182376189158402,1,4.32113862641244,25.946445976709
"4233",9326,"Weierbach","Pool","Trichoptera","Limnephilidae",19,"2",1282,100688.788235785,"kick_net",0.004,2.93,1,22.3258520349897,0.182376189158402,1,4.32113862641244,25.946445976709
"4234",9396,"Weierbach","Pool","Trichoptera","Limnephilidae",11,"2",1282,100688.788235785,"kick_net",0.004,2.93,1,4.50132695157922,0.182376189158402,1,4.32113862641244,25.946445976709
"4235",9397,"Weierbach","Pool","Trichoptera","Limnephilidae",11,"2",1282,100688.788235785,"kick_net",0.004,2.93,1,4.50132695157922,0.182376189158402,1,4.32113862641244,25.946445976709
"4236",9398,"Weierbach","Pool","Trichoptera","Limnephilidae",12,"2",1282,100688.788235785,"kick_net",0.004,2.93,1,5.80846052583069,0.182376189158402,1,4.32113862641244,25.946445976709
"4237",9399,"Weierbach","Pool","Trichoptera","Limnephilidae",13,"2",1282,100688.788235785,"kick_net",0.004,2.93,1,7.34368455393449,0.182376189158402,1,4.32113862641244,25.946445976709
"4238",9431,"Weierbach","Outflow","Gastropoda","Planorbidae",3,"2",1282,100688.788235785,"kick_net",-3.319,3.1403,2,1.13993605656917,0.182376189158402,1,1.07023421421427,36.2041879969347
"4239",9437,"Weierbach","Outflow","Megaloptera","Sialidae",9,"2",1282,100688.788235785,"kick_net",0.004,2.753,1,1.69468747541199,0.182376189158402,1,1.07023421421427,36.2041879969347
"4240",9438,"Weierbach","Outflow","Megaloptera","Sialidae",11,"2",1282,100688.788235785,"kick_net",0.004,2.753,1,2.94451691546255,0.182376189158402,1,1.07023421421427,36.2041879969347
"4241",9467,"Weierbach","Outflow","Diptera","Chironomidae",11,"2",1282,100688.788235785,"kick_net",0.002,2.62,1,1.07023421421427,0.182376189158402,1,1.07023421421427,36.2041879969347
"4242",9468,"Weierbach","Outflow","Diptera","Chironomidae",11,"2",1282,100688.788235785,"kick_net",0.002,2.62,1,1.07023421421427,0.182376189158402,1,1.07023421421427,36.2041879969347
"4243",9470,"Weierbach","Outflow","Gastropoda","Planorbidae",3,"2",1282,100688.788235785,"kick_net",-3.319,3.1403,2,1.13993605656917,0.182376189158402,1,1.07023421421427,36.2041879969347
"4244",9471,"Weierbach","Outflow","Gastropoda","Planorbidae",3,"2",1282,100688.788235785,"kick_net",-3.319,3.1403,2,1.13993605656917,0.182376189158402,1,1.07023421421427,36.2041879969347
"4245",9472,"Weierbach","Outflow","Gastropoda","Planorbidae",5,"2",1282,100688.788235785,"kick_net",-3.319,3.1403,2,5.66959607608761,0.182376189158402,1,1.07023421421427,36.2041879969347
"4246",9483,"Weierbach","Outflow","Amphipoda","Gammaridae",6,"2",1282,100688.788235785,"kick_net",0.00845,2.8705,1,1.44723771988851,0.182376189158402,1,1.07023421421427,36.2041879969347
"4247",9484,"Weierbach","Outflow","Amphipoda","Gammaridae",6,"2",1282,100688.788235785,"kick_net",0.00845,2.8705,1,1.44723771988851,0.182376189158402,1,1.07023421421427,36.2041879969347
"4248",9485,"Weierbach","Outflow","Amphipoda","Gammaridae",6,"2",1282,100688.788235785,"kick_net",0.00845,2.8705,1,1.44723771988851,0.182376189158402,1,1.07023421421427,36.2041879969347
"4249",9486,"Weierbach","Outflow","Amphipoda","Gammaridae",6,"2",1282,100688.788235785,"kick_net",0.00845,2.8705,1,1.44723771988851,0.182376189158402,1,1.07023421421427,36.2041879969347
"4250",9487,"Weierbach","Outflow","Amphipoda","Gammaridae",7,"2",1282,100688.788235785,"kick_net",0.00845,2.8705,1,2.25273772956822,0.182376189158402,1,1.07023421421427,36.2041879969347
"4251",9488,"Weierbach","Outflow","Amphipoda","Gammaridae",7,"2",1282,100688.788235785,"kick_net",0.00845,2.8705,1,2.25273772956822,0.182376189158402,1,1.07023421421427,36.2041879969347
"4252",9489,"Weierbach","Outflow","Amphipoda","Gammaridae",7,"2",1282,100688.788235785,"kick_net",0.00845,2.8705,1,2.25273772956822,0.182376189158402,1,1.07023421421427,36.2041879969347
"4253",9490,"Weierbach","Outflow","Amphipoda","Gammaridae",7,"2",1282,100688.788235785,"kick_net",0.00845,2.8705,1,2.25273772956822,0.182376189158402,1,1.07023421421427,36.2041879969347
"4254",9491,"Weierbach","Outflow","Amphipoda","Gammaridae",7,"2",1282,100688.788235785,"kick_net",0.00845,2.8705,1,2.25273772956822,0.182376189158402,1,1.07023421421427,36.2041879969347
"4255",9492,"Weierbach","Outflow","Amphipoda","Gammaridae",7,"2",1282,100688.788235785,"kick_net",0.00845,2.8705,1,2.25273772956822,0.182376189158402,1,1.07023421421427,36.2041879969347
"4256",9493,"Weierbach","Outflow","Amphipoda","Gammaridae",8,"2",1282,100688.788235785,"kick_net",0.00845,2.8705,1,3.30503845216443,0.182376189158402,1,1.07023421421427,36.2041879969347
"4257",9494,"Weierbach","Outflow","Amphipoda","Gammaridae",8,"2",1282,100688.788235785,"kick_net",0.00845,2.8705,1,3.30503845216443,0.182376189158402,1,1.07023421421427,36.2041879969347
"4258",9495,"Weierbach","Outflow","Amphipoda","Gammaridae",8,"2",1282,100688.788235785,"kick_net",0.00845,2.8705,1,3.30503845216443,0.182376189158402,1,1.07023421421427,36.2041879969347
"4259",9496,"Weierbach","Outflow","Amphipoda","Gammaridae",9,"2",1282,100688.788235785,"kick_net",0.00845,2.8705,1,4.6345741215268,0.182376189158402,1,1.07023421421427,36.2041879969347
"4260",9497,"Weierbach","Outflow","Amphipoda","Gammaridae",9,"2",1282,100688.788235785,"kick_net",0.00845,2.8705,1,4.6345741215268,0.182376189158402,1,1.07023421421427,36.2041879969347
"4261",9561,"Weierbach","Outflow","Odonata","Gomphidae",7,"2",1282,100688.788235785,"kick_net",0.009,2.787,1,2.03953304831712,0.182376189158402,1,1.07023421421427,36.2041879969347
"4262",9568,"Weierbach","Outflow","Trichoptera","Limnephilidae",12,"2",1282,100688.788235785,"kick_net",0.004,2.93,1,5.80846052583069,0.182376189158402,1,1.07023421421427,36.2041879969347
"4263",9610,"Weierbach","Outflow","Diptera","Chironomidae",11,"2",1282,100688.788235785,"kick_net",0.002,2.62,1,1.07023421421427,0.182376189158402,1,1.07023421421427,36.2041879969347
"4264",9612,"Weierbach","Outflow","Coleoptera","Chrysomelidae",7,"2",1282,100688.788235785,"kick_net",0.039,3.11,1,16.569885655316,0.182376189158402,1,1.07023421421427,36.2041879969347
"4265",9613,"Weierbach","Outflow","Coleoptera","Chrysomelidae",9,"2",1282,100688.788235785,"kick_net",0.039,3.11,1,36.2041879969347,0.182376189158402,1,1.07023421421427,36.2041879969347
"4266",9617,"Weierbach","Outflow","Hirudinea","Glossiphoniidae",10,"2",1282,100688.788235785,"kick_net",-2.12,2,2,12.0031628511457,0.182376189158402,1,1.07023421421427,36.2041879969347
"4267",9618,"Weierbach","Outflow","Gastropoda","Planorbidae",6,"2",1282,100688.788235785,"kick_net",-3.319,3.1403,2,10.0509007888201,0.182376189158402,1,1.07023421421427,36.2041879969347
"4268",9619,"Weierbach","Outflow","Amphipoda","Gammaridae",6,"2",1282,100688.788235785,"kick_net",0.00845,2.8705,1,1.44723771988851,0.182376189158402,1,1.07023421421427,36.2041879969347
"4269",9631,"Weierbach","Outflow","Odonata","Aeshnidae",13,"2",1282,100688.788235785,"kick_net",0.008,2.813,1,10.879592701868,0.182376189158402,1,1.07023421421427,36.2041879969347
"4270",9647,"Weierbach","Outflow","Diptera","Chironomidae",11,"2",1282,100688.788235785,"kick_net",0.002,2.62,1,1.07023421421427,0.182376189158402,1,1.07023421421427,36.2041879969347
"4271",9650,"Haslibach","Control","Amphipoda","Gammaridae",6,"3",1549,21004.7582029159,"kick_net",0.00845,2.8705,1,1.44723771988851,-1.00541918104789,1,0.442182414117482,6.27128747089358
"4272",9651,"Haslibach","Control","Amphipoda","Gammaridae",7,"3",1549,21004.7582029159,"kick_net",0.00845,2.8705,1,2.25273772956822,-1.00541918104789,1,0.442182414117482,6.27128747089358
"4273",9652,"Haslibach","Control","Amphipoda","Gammaridae",8,"3",1549,21004.7582029159,"kick_net",0.00845,2.8705,1,3.30503845216443,-1.00541918104789,1,0.442182414117482,6.27128747089358
"4274",9653,"Haslibach","Control","Amphipoda","Gammaridae",8,"3",1549,21004.7582029159,"kick_net",0.00845,2.8705,1,3.30503845216443,-1.00541918104789,1,0.442182414117482,6.27128747089358
"4275",9654,"Haslibach","Control","Amphipoda","Gammaridae",9,"3",1549,21004.7582029159,"kick_net",0.00845,2.8705,1,4.6345741215268,-1.00541918104789,1,0.442182414117482,6.27128747089358
"4276",9655,"Haslibach","Control","Amphipoda","Gammaridae",10,"3",1549,21004.7582029159,"kick_net",0.00845,2.8705,1,6.27128747089358,-1.00541918104789,1,0.442182414117482,6.27128747089358
"4277",9656,"Haslibach","Control","Amphipoda","Gammaridae",10,"3",1549,21004.7582029159,"kick_net",0.00845,2.8705,1,6.27128747089358,-1.00541918104789,1,0.442182414117482,6.27128747089358
"4278",9657,"Haslibach","Control","Ephemeroptera","Baetidae",7,"3",1549,21004.7582029159,"kick_net",0.005,2.875,1,1.34470453452202,-1.00541918104789,1,0.442182414117482,6.27128747089358
"4279",9658,"Haslibach","Control","Ephemeroptera","Baetidae",7,"3",1549,21004.7582029159,"kick_net",0.005,2.875,1,1.34470453452202,-1.00541918104789,1,0.442182414117482,6.27128747089358
"4280",9676,"Haslibach","Control","Diptera","Chironomidae",11,"3",1549,21004.7582029159,"kick_net",0.002,2.62,1,1.07023421421427,-1.00541918104789,1,0.442182414117482,6.27128747089358
"4281",9677,"Haslibach","Control","Amphipoda","Gammaridae",6,"3",1549,21004.7582029159,"kick_net",0.00845,2.8705,1,1.44723771988851,-1.00541918104789,1,0.442182414117482,6.27128747089358
"4282",9678,"Haslibach","Control","Amphipoda","Gammaridae",8,"3",1549,21004.7582029159,"kick_net",0.00845,2.8705,1,3.30503845216443,-1.00541918104789,1,0.442182414117482,6.27128747089358
"4283",9679,"Haslibach","Control","Amphipoda","Gammaridae",8,"3",1549,21004.7582029159,"kick_net",0.00845,2.8705,1,3.30503845216443,-1.00541918104789,1,0.442182414117482,6.27128747089358
"4284",9680,"Haslibach","Control","Amphipoda","Gammaridae",10,"3",1549,21004.7582029159,"kick_net",0.00845,2.8705,1,6.27128747089358,-1.00541918104789,1,0.442182414117482,6.27128747089358
"4285",9681,"Haslibach","Control","Ephemeroptera","Baetidae",5,"3",1549,21004.7582029159,"kick_net",0.005,2.875,1,0.511103396223714,-1.00541918104789,1,0.442182414117482,6.27128747089358
"4286",9682,"Haslibach","Control","Ephemeroptera","Baetidae",6,"3",1549,21004.7582029159,"kick_net",0.005,2.875,1,0.863286300593756,-1.00541918104789,1,0.442182414117482,6.27128747089358
"4287",9683,"Haslibach","Control","Ephemeroptera","Baetidae",7,"3",1549,21004.7582029159,"kick_net",0.005,2.875,1,1.34470453452202,-1.00541918104789,1,0.442182414117482,6.27128747089358
"4288",9684,"Haslibach","Control","Ephemeroptera","Baetidae",7,"3",1549,21004.7582029159,"kick_net",0.005,2.875,1,1.34470453452202,-1.00541918104789,1,0.442182414117482,6.27128747089358
"4289",9692,"Haslibach","Control","Amphipoda","Gammaridae",6,"3",1549,21004.7582029159,"kick_net",0.00845,2.8705,1,1.44723771988851,-1.00541918104789,1,0.442182414117482,6.27128747089358
"4290",9693,"Haslibach","Control","Amphipoda","Gammaridae",6,"3",1549,21004.7582029159,"kick_net",0.00845,2.8705,1,1.44723771988851,-1.00541918104789,1,0.442182414117482,6.27128747089358
"4291",9694,"Haslibach","Control","Amphipoda","Gammaridae",7,"3",1549,21004.7582029159,"kick_net",0.00845,2.8705,1,2.25273772956822,-1.00541918104789,1,0.442182414117482,6.27128747089358
"4292",9695,"Haslibach","Control","Amphipoda","Gammaridae",7,"3",1549,21004.7582029159,"kick_net",0.00845,2.8705,1,2.25273772956822,-1.00541918104789,1,0.442182414117482,6.27128747089358
"4293",9696,"Haslibach","Control","Ephemeroptera","Baetidae",7,"3",1549,21004.7582029159,"kick_net",0.005,2.875,1,1.34470453452202,-1.00541918104789,1,0.442182414117482,6.27128747089358
"4294",9697,"Haslibach","Control","Ephemeroptera","Baetidae",8,"3",1549,21004.7582029159,"kick_net",0.005,2.875,1,1.97402985652216,-1.00541918104789,1,0.442182414117482,6.27128747089358
"4295",9698,"Haslibach","Control","Odonata","Coenagrionidae",5,"3",1549,21004.7582029159,"kick_net",0.005,2.785,1,0.442182414117482,-1.00541918104789,1,0.442182414117482,6.27128747089358
"4296",9699,"Haslibach","Control","Odonata","Coenagrionidae",5,"3",1549,21004.7582029159,"kick_net",0.005,2.785,1,0.442182414117482,-1.00541918104789,1,0.442182414117482,6.27128747089358
"4297",9700,"Haslibach","Control","Odonata","Coenagrionidae",6,"3",1549,21004.7582029159,"kick_net",0.005,2.785,1,0.734718941991576,-1.00541918104789,1,0.442182414117482,6.27128747089358
"4298",9701,"Haslibach","Control","Trichoptera","Limnephilidae",9,"3",1549,21004.7582029159,"kick_net",0.004,2.93,1,2.50029092157256,-1.00541918104789,1,0.442182414117482,6.27128747089358
"4299",9702,"Haslibach","Control","Diptera","Ceratopogonidae",8,"3",1549,21004.7582029159,"kick_net",0.003,2.47,1,0.510215352613061,-1.00541918104789,1,0.442182414117482,6.27128747089358
"4300",9703,"Haslibach","Control","Diptera","Ceratopogonidae",9,"3",1549,21004.7582029159,"kick_net",0.003,2.47,1,0.682496224167549,-1.00541918104789,1,0.442182414117482,6.27128747089358
"4301",9733,"Haslibach","Control","Diptera","Chironomidae",8,"3",1549,21004.7582029159,"kick_net",0.002,2.62,1,0.464649807522386,-1.00541918104789,1,0.442182414117482,6.27128747089358
"4302",9734,"Haslibach","Control","Diptera","Chironomidae",8,"3",1549,21004.7582029159,"kick_net",0.002,2.62,1,0.464649807522386,-1.00541918104789,1,0.442182414117482,6.27128747089358
"4303",9735,"Haslibach","Control","Diptera","Chironomidae",8,"3",1549,21004.7582029159,"kick_net",0.002,2.62,1,0.464649807522386,-1.00541918104789,1,0.442182414117482,6.27128747089358
"4304",9736,"Haslibach","Control","Diptera","Chironomidae",8,"3",1549,21004.7582029159,"kick_net",0.002,2.62,1,0.464649807522386,-1.00541918104789,1,0.442182414117482,6.27128747089358
"4305",9737,"Haslibach","Control","Diptera","Chironomidae",8,"3",1549,21004.7582029159,"kick_net",0.002,2.62,1,0.464649807522386,-1.00541918104789,1,0.442182414117482,6.27128747089358
"4306",9738,"Haslibach","Control","Diptera","Chironomidae",8,"3",1549,21004.7582029159,"kick_net",0.002,2.62,1,0.464649807522386,-1.00541918104789,1,0.442182414117482,6.27128747089358
"4307",9739,"Haslibach","Control","Diptera","Chironomidae",8,"3",1549,21004.7582029159,"kick_net",0.002,2.62,1,0.464649807522386,-1.00541918104789,1,0.442182414117482,6.27128747089358
"4308",9740,"Haslibach","Control","Diptera","Chironomidae",8,"3",1549,21004.7582029159,"kick_net",0.002,2.62,1,0.464649807522386,-1.00541918104789,1,0.442182414117482,6.27128747089358
"4309",9741,"Haslibach","Control","Diptera","Chironomidae",8,"3",1549,21004.7582029159,"kick_net",0.002,2.62,1,0.464649807522386,-1.00541918104789,1,0.442182414117482,6.27128747089358
"4310",9742,"Haslibach","Control","Diptera","Chironomidae",8,"3",1549,21004.7582029159,"kick_net",0.002,2.62,1,0.464649807522386,-1.00541918104789,1,0.442182414117482,6.27128747089358
"4311",9743,"Haslibach","Control","Diptera","Chironomidae",9,"3",1549,21004.7582029159,"kick_net",0.002,2.62,1,0.63262357257604,-1.00541918104789,1,0.442182414117482,6.27128747089358
"4312",9744,"Haslibach","Control","Diptera","Chironomidae",9,"3",1549,21004.7582029159,"kick_net",0.002,2.62,1,0.63262357257604,-1.00541918104789,1,0.442182414117482,6.27128747089358
"4313",9745,"Haslibach","Control","Diptera","Chironomidae",9,"3",1549,21004.7582029159,"kick_net",0.002,2.62,1,0.63262357257604,-1.00541918104789,1,0.442182414117482,6.27128747089358
"4314",9746,"Haslibach","Control","Diptera","Chironomidae",12,"3",1549,21004.7582029159,"kick_net",0.002,2.62,1,1.34426490420543,-1.00541918104789,1,0.442182414117482,6.27128747089358
"4315",9750,"Haslibach","Control","Diptera","Chironomidae",8,"3",1549,21004.7582029159,"kick_net",0.002,2.62,1,0.464649807522386,-1.00541918104789,1,0.442182414117482,6.27128747089358
"4316",9751,"Haslibach","Control","Diptera","Chironomidae",8,"3",1549,21004.7582029159,"kick_net",0.002,2.62,1,0.464649807522386,-1.00541918104789,1,0.442182414117482,6.27128747089358
"4317",9755,"Haslibach","Inflow","Ephemeroptera","Baetidae",6,"3",1549,21004.7582029159,"kick_net",0.005,2.875,1,0.863286300593756,-1.00541918104789,1,0.863286300593756,22.3258520349897
"4318",9756,"Haslibach","Inflow","Ephemeroptera","Baetidae",6,"3",1549,21004.7582029159,"kick_net",0.005,2.875,1,0.863286300593756,-1.00541918104789,1,0.863286300593756,22.3258520349897
"4319",9757,"Haslibach","Inflow","Ephemeroptera","Baetidae",6,"3",1549,21004.7582029159,"kick_net",0.005,2.875,1,0.863286300593756,-1.00541918104789,1,0.863286300593756,22.3258520349897
"4320",9758,"Haslibach","Inflow","Ephemeroptera","Baetidae",6,"3",1549,21004.7582029159,"kick_net",0.005,2.875,1,0.863286300593756,-1.00541918104789,1,0.863286300593756,22.3258520349897
"4321",9759,"Haslibach","Inflow","Ephemeroptera","Baetidae",7,"3",1549,21004.7582029159,"kick_net",0.005,2.875,1,1.34470453452202,-1.00541918104789,1,0.863286300593756,22.3258520349897
"4322",9760,"Haslibach","Inflow","Ephemeroptera","Baetidae",9,"3",1549,21004.7582029159,"kick_net",0.005,2.875,1,2.76960107420006,-1.00541918104789,1,0.863286300593756,22.3258520349897
"4323",9790,"Haslibach","Inflow","Diptera","Chironomidae",11,"3",1549,21004.7582029159,"kick_net",0.002,2.62,1,1.07023421421427,-1.00541918104789,1,0.863286300593756,22.3258520349897
"4324",9791,"Haslibach","Inflow","Diptera","Chironomidae",12,"3",1549,21004.7582029159,"kick_net",0.002,2.62,1,1.34426490420543,-1.00541918104789,1,0.863286300593756,22.3258520349897
"4325",9792,"Haslibach","Inflow","Diptera","Chironomidae",12,"3",1549,21004.7582029159,"kick_net",0.002,2.62,1,1.34426490420543,-1.00541918104789,1,0.863286300593756,22.3258520349897
"4326",9793,"Haslibach","Inflow","Hirudinea","Glossiphoniidae",7,"3",1549,21004.7582029159,"kick_net",-2.12,2,2,5.88154979706138,-1.00541918104789,1,0.863286300593756,22.3258520349897
"4327",9794,"Haslibach","Inflow","Amphipoda","Gammaridae",10,"3",1549,21004.7582029159,"kick_net",0.00845,2.8705,1,6.27128747089358,-1.00541918104789,1,0.863286300593756,22.3258520349897
"4328",9795,"Haslibach","Inflow","Amphipoda","Gammaridae",11,"3",1549,21004.7582029159,"kick_net",0.00845,2.8705,1,8.24469153511625,-1.00541918104789,1,0.863286300593756,22.3258520349897
"4329",9802,"Haslibach","Inflow","Ephemeroptera","Baetidae",6,"3",1549,21004.7582029159,"kick_net",0.005,2.875,1,0.863286300593756,-1.00541918104789,1,0.863286300593756,22.3258520349897
"4330",9803,"Haslibach","Inflow","Ephemeroptera","Baetidae",7,"3",1549,21004.7582029159,"kick_net",0.005,2.875,1,1.34470453452202,-1.00541918104789,1,0.863286300593756,22.3258520349897
"4331",9804,"Haslibach","Inflow","Ephemeroptera","Baetidae",7,"3",1549,21004.7582029159,"kick_net",0.005,2.875,1,1.34470453452202,-1.00541918104789,1,0.863286300593756,22.3258520349897
"4332",9805,"Haslibach","Inflow","Ephemeroptera","Baetidae",8,"3",1549,21004.7582029159,"kick_net",0.005,2.875,1,1.97402985652216,-1.00541918104789,1,0.863286300593756,22.3258520349897
"4333",9806,"Haslibach","Inflow","Ephemeroptera","Baetidae",8,"3",1549,21004.7582029159,"kick_net",0.005,2.875,1,1.97402985652216,-1.00541918104789,1,0.863286300593756,22.3258520349897
"4334",9807,"Haslibach","Inflow","Trichoptera","Limnephilidae",19,"3",1549,21004.7582029159,"kick_net",0.004,2.93,1,22.3258520349897,-1.00541918104789,1,0.863286300593756,22.3258520349897
"4335",9817,"Haslibach","Inflow","Diptera","Chironomidae",11,"3",1549,21004.7582029159,"kick_net",0.002,2.62,1,1.07023421421427,-1.00541918104789,1,0.863286300593756,22.3258520349897
"4336",9820,"Haslibach","Inflow","Ephemeroptera","Baetidae",6,"3",1549,21004.7582029159,"kick_net",0.005,2.875,1,0.863286300593756,-1.00541918104789,1,0.863286300593756,22.3258520349897
"4337",9821,"Haslibach","Inflow","Ephemeroptera","Baetidae",7,"3",1549,21004.7582029159,"kick_net",0.005,2.875,1,1.34470453452202,-1.00541918104789,1,0.863286300593756,22.3258520349897
"4338",9822,"Haslibach","Inflow","Ephemeroptera","Baetidae",8,"3",1549,21004.7582029159,"kick_net",0.005,2.875,1,1.97402985652216,-1.00541918104789,1,0.863286300593756,22.3258520349897
"4339",9842,"Haslibach","Inflow","Diptera","Chironomidae",11,"3",1549,21004.7582029159,"kick_net",0.002,2.62,1,1.07023421421427,-1.00541918104789,1,0.863286300593756,22.3258520349897
"4340",9843,"Haslibach","Inflow","Diptera","Chironomidae",12,"3",1549,21004.7582029159,"kick_net",0.002,2.62,1,1.34426490420543,-1.00541918104789,1,0.863286300593756,22.3258520349897
"4341",9844,"Haslibach","Inflow","Hirudinea","Glossiphoniidae",6,"3",1549,21004.7582029159,"kick_net",-2.12,2,2,4.32113862641244,-1.00541918104789,1,0.863286300593756,22.3258520349897
"4342",9846,"Haslibach","Inflow","Amphipoda","Gammaridae",6,"3",1549,21004.7582029159,"kick_net",0.00845,2.8705,1,1.44723771988851,-1.00541918104789,1,0.863286300593756,22.3258520349897
"4343",9847,"Haslibach","Inflow","Amphipoda","Gammaridae",7,"3",1549,21004.7582029159,"kick_net",0.00845,2.8705,1,2.25273772956822,-1.00541918104789,1,0.863286300593756,22.3258520349897
"4344",9848,"Haslibach","Inflow","Amphipoda","Gammaridae",12,"3",1549,21004.7582029159,"kick_net",0.00845,2.8705,1,10.5839182261171,-1.00541918104789,1,0.863286300593756,22.3258520349897
"4345",9849,"Haslibach","Inflow","Amphipoda","Gammaridae",13,"3",1549,21004.7582029159,"kick_net",0.00845,2.8705,1,13.3177574719972,-1.00541918104789,1,0.863286300593756,22.3258520349897
"4346",9850,"Haslibach","Inflow","Ephemeroptera","Baetidae",7,"3",1549,21004.7582029159,"kick_net",0.005,2.875,1,1.34470453452202,-1.00541918104789,1,0.863286300593756,22.3258520349897
"4347",9851,"Haslibach","Inflow","Ephemeroptera","Baetidae",8,"3",1549,21004.7582029159,"kick_net",0.005,2.875,1,1.97402985652216,-1.00541918104789,1,0.863286300593756,22.3258520349897
"4348",9873,"Haslibach","Pool","Amphipoda","Gammaridae",6,"3",1549,21004.7582029159,"kick_net",0.00845,2.8705,1,1.44723771988851,-1.00541918104789,1,1.12036926683459,44.2668816563567
"4349",9874,"Haslibach","Pool","Amphipoda","Gammaridae",9,"3",1549,21004.7582029159,"kick_net",0.00845,2.8705,1,4.6345741215268,-1.00541918104789,1,1.12036926683459,44.2668816563567
"4350",9875,"Haslibach","Pool","Amphipoda","Gammaridae",11,"3",1549,21004.7582029159,"kick_net",0.00845,2.8705,1,8.24469153511625,-1.00541918104789,1,1.12036926683459,44.2668816563567
"4351",9891,"Haslibach","Pool","Amphipoda","Gammaridae",6,"3",1549,21004.7582029159,"kick_net",0.00845,2.8705,1,1.44723771988851,-1.00541918104789,1,1.12036926683459,44.2668816563567
"4352",9892,"Haslibach","Pool","Amphipoda","Gammaridae",6,"3",1549,21004.7582029159,"kick_net",0.00845,2.8705,1,1.44723771988851,-1.00541918104789,1,1.12036926683459,44.2668816563567
"4353",9893,"Haslibach","Pool","Amphipoda","Gammaridae",6,"3",1549,21004.7582029159,"kick_net",0.00845,2.8705,1,1.44723771988851,-1.00541918104789,1,1.12036926683459,44.2668816563567
"4354",9894,"Haslibach","Pool","Amphipoda","Gammaridae",6,"3",1549,21004.7582029159,"kick_net",0.00845,2.8705,1,1.44723771988851,-1.00541918104789,1,1.12036926683459,44.2668816563567
"4355",9895,"Haslibach","Pool","Amphipoda","Gammaridae",6,"3",1549,21004.7582029159,"kick_net",0.00845,2.8705,1,1.44723771988851,-1.00541918104789,1,1.12036926683459,44.2668816563567
"4356",9896,"Haslibach","Pool","Amphipoda","Gammaridae",6,"3",1549,21004.7582029159,"kick_net",0.00845,2.8705,1,1.44723771988851,-1.00541918104789,1,1.12036926683459,44.2668816563567
"4357",9897,"Haslibach","Pool","Amphipoda","Gammaridae",6,"3",1549,21004.7582029159,"kick_net",0.00845,2.8705,1,1.44723771988851,-1.00541918104789,1,1.12036926683459,44.2668816563567
"4358",9898,"Haslibach","Pool","Amphipoda","Gammaridae",6,"3",1549,21004.7582029159,"kick_net",0.00845,2.8705,1,1.44723771988851,-1.00541918104789,1,1.12036926683459,44.2668816563567
"4359",9899,"Haslibach","Pool","Amphipoda","Gammaridae",6,"3",1549,21004.7582029159,"kick_net",0.00845,2.8705,1,1.44723771988851,-1.00541918104789,1,1.12036926683459,44.2668816563567
"4360",9900,"Haslibach","Pool","Amphipoda","Gammaridae",6,"3",1549,21004.7582029159,"kick_net",0.00845,2.8705,1,1.44723771988851,-1.00541918104789,1,1.12036926683459,44.2668816563567
"4361",9901,"Haslibach","Pool","Amphipoda","Gammaridae",6,"3",1549,21004.7582029159,"kick_net",0.00845,2.8705,1,1.44723771988851,-1.00541918104789,1,1.12036926683459,44.2668816563567
"4362",9902,"Haslibach","Pool","Amphipoda","Gammaridae",6,"3",1549,21004.7582029159,"kick_net",0.00845,2.8705,1,1.44723771988851,-1.00541918104789,1,1.12036926683459,44.2668816563567
"4363",9903,"Haslibach","Pool","Amphipoda","Gammaridae",6,"3",1549,21004.7582029159,"kick_net",0.00845,2.8705,1,1.44723771988851,-1.00541918104789,1,1.12036926683459,44.2668816563567
"4364",9904,"Haslibach","Pool","Amphipoda","Gammaridae",7,"3",1549,21004.7582029159,"kick_net",0.00845,2.8705,1,2.25273772956822,-1.00541918104789,1,1.12036926683459,44.2668816563567
"4365",9905,"Haslibach","Pool","Amphipoda","Gammaridae",7,"3",1549,21004.7582029159,"kick_net",0.00845,2.8705,1,2.25273772956822,-1.00541918104789,1,1.12036926683459,44.2668816563567
"4366",9906,"Haslibach","Pool","Amphipoda","Gammaridae",7,"3",1549,21004.7582029159,"kick_net",0.00845,2.8705,1,2.25273772956822,-1.00541918104789,1,1.12036926683459,44.2668816563567
"4367",9907,"Haslibach","Pool","Amphipoda","Gammaridae",7,"3",1549,21004.7582029159,"kick_net",0.00845,2.8705,1,2.25273772956822,-1.00541918104789,1,1.12036926683459,44.2668816563567
"4368",9908,"Haslibach","Pool","Amphipoda","Gammaridae",7,"3",1549,21004.7582029159,"kick_net",0.00845,2.8705,1,2.25273772956822,-1.00541918104789,1,1.12036926683459,44.2668816563567
"4369",9909,"Haslibach","Pool","Amphipoda","Gammaridae",7,"3",1549,21004.7582029159,"kick_net",0.00845,2.8705,1,2.25273772956822,-1.00541918104789,1,1.12036926683459,44.2668816563567
"4370",9910,"Haslibach","Pool","Amphipoda","Gammaridae",7,"3",1549,21004.7582029159,"kick_net",0.00845,2.8705,1,2.25273772956822,-1.00541918104789,1,1.12036926683459,44.2668816563567
"4371",9911,"Haslibach","Pool","Amphipoda","Gammaridae",7,"3",1549,21004.7582029159,"kick_net",0.00845,2.8705,1,2.25273772956822,-1.00541918104789,1,1.12036926683459,44.2668816563567
"4372",9912,"Haslibach","Pool","Amphipoda","Gammaridae",7,"3",1549,21004.7582029159,"kick_net",0.00845,2.8705,1,2.25273772956822,-1.00541918104789,1,1.12036926683459,44.2668816563567
"4373",9913,"Haslibach","Pool","Amphipoda","Gammaridae",7,"3",1549,21004.7582029159,"kick_net",0.00845,2.8705,1,2.25273772956822,-1.00541918104789,1,1.12036926683459,44.2668816563567
"4374",9914,"Haslibach","Pool","Amphipoda","Gammaridae",7,"3",1549,21004.7582029159,"kick_net",0.00845,2.8705,1,2.25273772956822,-1.00541918104789,1,1.12036926683459,44.2668816563567
"4375",9915,"Haslibach","Pool","Amphipoda","Gammaridae",7,"3",1549,21004.7582029159,"kick_net",0.00845,2.8705,1,2.25273772956822,-1.00541918104789,1,1.12036926683459,44.2668816563567
"4376",9916,"Haslibach","Pool","Amphipoda","Gammaridae",8,"3",1549,21004.7582029159,"kick_net",0.00845,2.8705,1,3.30503845216443,-1.00541918104789,1,1.12036926683459,44.2668816563567
"4377",9917,"Haslibach","Pool","Amphipoda","Gammaridae",8,"3",1549,21004.7582029159,"kick_net",0.00845,2.8705,1,3.30503845216443,-1.00541918104789,1,1.12036926683459,44.2668816563567
"4378",9918,"Haslibach","Pool","Amphipoda","Gammaridae",8,"3",1549,21004.7582029159,"kick_net",0.00845,2.8705,1,3.30503845216443,-1.00541918104789,1,1.12036926683459,44.2668816563567
"4379",9919,"Haslibach","Pool","Amphipoda","Gammaridae",8,"3",1549,21004.7582029159,"kick_net",0.00845,2.8705,1,3.30503845216443,-1.00541918104789,1,1.12036926683459,44.2668816563567
"4380",9920,"Haslibach","Pool","Amphipoda","Gammaridae",8,"3",1549,21004.7582029159,"kick_net",0.00845,2.8705,1,3.30503845216443,-1.00541918104789,1,1.12036926683459,44.2668816563567
"4381",9921,"Haslibach","Pool","Amphipoda","Gammaridae",8,"3",1549,21004.7582029159,"kick_net",0.00845,2.8705,1,3.30503845216443,-1.00541918104789,1,1.12036926683459,44.2668816563567
"4382",9922,"Haslibach","Pool","Amphipoda","Gammaridae",9,"3",1549,21004.7582029159,"kick_net",0.00845,2.8705,1,4.6345741215268,-1.00541918104789,1,1.12036926683459,44.2668816563567
"4383",9923,"Haslibach","Pool","Amphipoda","Gammaridae",9,"3",1549,21004.7582029159,"kick_net",0.00845,2.8705,1,4.6345741215268,-1.00541918104789,1,1.12036926683459,44.2668816563567
"4384",9924,"Haslibach","Pool","Amphipoda","Gammaridae",9,"3",1549,21004.7582029159,"kick_net",0.00845,2.8705,1,4.6345741215268,-1.00541918104789,1,1.12036926683459,44.2668816563567
"4385",9925,"Haslibach","Pool","Amphipoda","Gammaridae",9,"3",1549,21004.7582029159,"kick_net",0.00845,2.8705,1,4.6345741215268,-1.00541918104789,1,1.12036926683459,44.2668816563567
"4386",9926,"Haslibach","Pool","Amphipoda","Gammaridae",9,"3",1549,21004.7582029159,"kick_net",0.00845,2.8705,1,4.6345741215268,-1.00541918104789,1,1.12036926683459,44.2668816563567
"4387",9927,"Haslibach","Pool","Amphipoda","Gammaridae",9,"3",1549,21004.7582029159,"kick_net",0.00845,2.8705,1,4.6345741215268,-1.00541918104789,1,1.12036926683459,44.2668816563567
"4388",9928,"Haslibach","Pool","Amphipoda","Gammaridae",9,"3",1549,21004.7582029159,"kick_net",0.00845,2.8705,1,4.6345741215268,-1.00541918104789,1,1.12036926683459,44.2668816563567
"4389",9929,"Haslibach","Pool","Amphipoda","Gammaridae",9,"3",1549,21004.7582029159,"kick_net",0.00845,2.8705,1,4.6345741215268,-1.00541918104789,1,1.12036926683459,44.2668816563567
"4390",9930,"Haslibach","Pool","Amphipoda","Gammaridae",9,"3",1549,21004.7582029159,"kick_net",0.00845,2.8705,1,4.6345741215268,-1.00541918104789,1,1.12036926683459,44.2668816563567
"4391",9931,"Haslibach","Pool","Amphipoda","Gammaridae",9,"3",1549,21004.7582029159,"kick_net",0.00845,2.8705,1,4.6345741215268,-1.00541918104789,1,1.12036926683459,44.2668816563567
"4392",9932,"Haslibach","Pool","Amphipoda","Gammaridae",11,"3",1549,21004.7582029159,"kick_net",0.00845,2.8705,1,8.24469153511625,-1.00541918104789,1,1.12036926683459,44.2668816563567
"4393",9933,"Haslibach","Pool","Amphipoda","Gammaridae",11,"3",1549,21004.7582029159,"kick_net",0.00845,2.8705,1,8.24469153511625,-1.00541918104789,1,1.12036926683459,44.2668816563567
"4394",9934,"Haslibach","Pool","Amphipoda","Gammaridae",11,"3",1549,21004.7582029159,"kick_net",0.00845,2.8705,1,8.24469153511625,-1.00541918104789,1,1.12036926683459,44.2668816563567
"4395",9935,"Haslibach","Pool","Amphipoda","Gammaridae",11,"3",1549,21004.7582029159,"kick_net",0.00845,2.8705,1,8.24469153511625,-1.00541918104789,1,1.12036926683459,44.2668816563567
"4396",9936,"Haslibach","Pool","Amphipoda","Gammaridae",11,"3",1549,21004.7582029159,"kick_net",0.00845,2.8705,1,8.24469153511625,-1.00541918104789,1,1.12036926683459,44.2668816563567
"4397",9937,"Haslibach","Pool","Amphipoda","Gammaridae",12,"3",1549,21004.7582029159,"kick_net",0.00845,2.8705,1,10.5839182261171,-1.00541918104789,1,1.12036926683459,44.2668816563567
"4398",9938,"Haslibach","Pool","Amphipoda","Gammaridae",13,"3",1549,21004.7582029159,"kick_net",0.00845,2.8705,1,13.3177574719972,-1.00541918104789,1,1.12036926683459,44.2668816563567
"4399",9939,"Haslibach","Pool","Amphipoda","Gammaridae",13,"3",1549,21004.7582029159,"kick_net",0.00845,2.8705,1,13.3177574719972,-1.00541918104789,1,1.12036926683459,44.2668816563567
"4400",9940,"Haslibach","Pool","Amphipoda","Gammaridae",13,"3",1549,21004.7582029159,"kick_net",0.00845,2.8705,1,13.3177574719972,-1.00541918104789,1,1.12036926683459,44.2668816563567
"4401",9941,"Haslibach","Pool","Amphipoda","Gammaridae",15,"3",1549,21004.7582029159,"kick_net",0.00845,2.8705,1,20.0829112051457,-1.00541918104789,1,1.12036926683459,44.2668816563567
"4402",9942,"Haslibach","Pool","Amphipoda","Gammaridae",16,"3",1549,21004.7582029159,"kick_net",0.00845,2.8705,1,24.1703600114678,-1.00541918104789,1,1.12036926683459,44.2668816563567
"4403",9958,"Haslibach","Pool","Ephemeroptera","Baetidae",7,"3",1549,21004.7582029159,"kick_net",0.005,2.875,1,1.34470453452202,-1.00541918104789,1,1.12036926683459,44.2668816563567
"4404",9959,"Haslibach","Pool","Ephemeroptera","Baetidae",7,"3",1549,21004.7582029159,"kick_net",0.005,2.875,1,1.34470453452202,-1.00541918104789,1,1.12036926683459,44.2668816563567
"4405",9960,"Haslibach","Pool","Ephemeroptera","Baetidae",7,"3",1549,21004.7582029159,"kick_net",0.005,2.875,1,1.34470453452202,-1.00541918104789,1,1.12036926683459,44.2668816563567
"4406",9961,"Haslibach","Pool","Ephemeroptera","Baetidae",7,"3",1549,21004.7582029159,"kick_net",0.005,2.875,1,1.34470453452202,-1.00541918104789,1,1.12036926683459,44.2668816563567
"4407",9962,"Haslibach","Pool","Ephemeroptera","Baetidae",7,"3",1549,21004.7582029159,"kick_net",0.005,2.875,1,1.34470453452202,-1.00541918104789,1,1.12036926683459,44.2668816563567
"4408",9963,"Haslibach","Pool","Ephemeroptera","Baetidae",7,"3",1549,21004.7582029159,"kick_net",0.005,2.875,1,1.34470453452202,-1.00541918104789,1,1.12036926683459,44.2668816563567
"4409",9964,"Haslibach","Pool","Ephemeroptera","Baetidae",7,"3",1549,21004.7582029159,"kick_net",0.005,2.875,1,1.34470453452202,-1.00541918104789,1,1.12036926683459,44.2668816563567
"4410",9965,"Haslibach","Pool","Ephemeroptera","Baetidae",7,"3",1549,21004.7582029159,"kick_net",0.005,2.875,1,1.34470453452202,-1.00541918104789,1,1.12036926683459,44.2668816563567
"4411",9966,"Haslibach","Pool","Ephemeroptera","Baetidae",7,"3",1549,21004.7582029159,"kick_net",0.005,2.875,1,1.34470453452202,-1.00541918104789,1,1.12036926683459,44.2668816563567
"4412",9967,"Haslibach","Pool","Ephemeroptera","Baetidae",7,"3",1549,21004.7582029159,"kick_net",0.005,2.875,1,1.34470453452202,-1.00541918104789,1,1.12036926683459,44.2668816563567
"4413",9968,"Haslibach","Pool","Ephemeroptera","Baetidae",7,"3",1549,21004.7582029159,"kick_net",0.005,2.875,1,1.34470453452202,-1.00541918104789,1,1.12036926683459,44.2668816563567
"4414",9969,"Haslibach","Pool","Ephemeroptera","Baetidae",7,"3",1549,21004.7582029159,"kick_net",0.005,2.875,1,1.34470453452202,-1.00541918104789,1,1.12036926683459,44.2668816563567
"4415",9970,"Haslibach","Pool","Ephemeroptera","Baetidae",8,"3",1549,21004.7582029159,"kick_net",0.005,2.875,1,1.97402985652216,-1.00541918104789,1,1.12036926683459,44.2668816563567
"4416",9971,"Haslibach","Pool","Ephemeroptera","Baetidae",9,"3",1549,21004.7582029159,"kick_net",0.005,2.875,1,2.76960107420006,-1.00541918104789,1,1.12036926683459,44.2668816563567
"4417",9972,"Haslibach","Pool","Ephemeroptera","Baetidae",9,"3",1549,21004.7582029159,"kick_net",0.005,2.875,1,2.76960107420006,-1.00541918104789,1,1.12036926683459,44.2668816563567
"4418",9973,"Haslibach","Pool","Ephemeroptera","Baetidae",9,"3",1549,21004.7582029159,"kick_net",0.005,2.875,1,2.76960107420006,-1.00541918104789,1,1.12036926683459,44.2668816563567
"4419",9974,"Haslibach","Pool","Ephemeroptera","Baetidae",9,"3",1549,21004.7582029159,"kick_net",0.005,2.875,1,2.76960107420006,-1.00541918104789,1,1.12036926683459,44.2668816563567
"4420",9975,"Haslibach","Pool","Ephemeroptera","Baetidae",9,"3",1549,21004.7582029159,"kick_net",0.005,2.875,1,2.76960107420006,-1.00541918104789,1,1.12036926683459,44.2668816563567
"4421",9976,"Haslibach","Pool","Ephemeroptera","Baetidae",11,"3",1549,21004.7582029159,"kick_net",0.005,2.875,1,4.93144250563052,-1.00541918104789,1,1.12036926683459,44.2668816563567
"4422",9977,"Haslibach","Pool","Ephemeroptera","Baetidae",12,"3",1549,21004.7582029159,"kick_net",0.005,2.875,1,6.33309622470142,-1.00541918104789,1,1.12036926683459,44.2668816563567
"4423",9978,"Haslibach","Pool","Odonata","Coenagrionidae",11,"3",1549,21004.7582029159,"kick_net",0.005,2.785,1,3.97419005738211,-1.00541918104789,1,1.12036926683459,44.2668816563567
"4424",9979,"Haslibach","Pool","Odonata","Coenagrionidae",12,"3",1549,21004.7582029159,"kick_net",0.005,2.785,1,5.06395426352415,-1.00541918104789,1,1.12036926683459,44.2668816563567
"4425",9980,"Haslibach","Pool","Odonata","Coenagrionidae",12,"3",1549,21004.7582029159,"kick_net",0.005,2.785,1,5.06395426352415,-1.00541918104789,1,1.12036926683459,44.2668816563567
"4426",9981,"Haslibach","Pool","Odonata","Coenagrionidae",13,"3",1549,21004.7582029159,"kick_net",0.005,2.785,1,6.32852121779989,-1.00541918104789,1,1.12036926683459,44.2668816563567
"4427",9982,"Haslibach","Pool","Odonata","Coenagrionidae",13,"3",1549,21004.7582029159,"kick_net",0.005,2.785,1,6.32852121779989,-1.00541918104789,1,1.12036926683459,44.2668816563567
"4428",9983,"Haslibach","Pool","Odonata","Coenagrionidae",13,"3",1549,21004.7582029159,"kick_net",0.005,2.785,1,6.32852121779989,-1.00541918104789,1,1.12036926683459,44.2668816563567
"4429",9984,"Haslibach","Pool","Heteroptera","Corixidae",16,"3",1549,21004.7582029159,"kick_net",0.003,2.904,1,9.41641703551662,-1.00541918104789,1,1.12036926683459,44.2668816563567
"4430",9985,"Haslibach","Pool","Trichoptera","Limnephilidae",10,"3",1549,21004.7582029159,"kick_net",0.004,2.93,1,3.40455215280951,-1.00541918104789,1,1.12036926683459,44.2668816563567
"4431",9986,"Haslibach","Pool","Trichoptera","Limnephilidae",11,"3",1549,21004.7582029159,"kick_net",0.004,2.93,1,4.50132695157922,-1.00541918104789,1,1.12036926683459,44.2668816563567
"4432",9987,"Haslibach","Pool","Trichoptera","Limnephilidae",15,"3",1549,21004.7582029159,"kick_net",0.004,2.93,1,11.1688222781476,-1.00541918104789,1,1.12036926683459,44.2668816563567
"4433",9988,"Haslibach","Pool","Trichoptera","Limnephilidae",20,"3",1549,21004.7582029159,"kick_net",0.004,2.93,1,25.946445976709,-1.00541918104789,1,1.12036926683459,44.2668816563567
"4434",9989,"Haslibach","Pool","Trichoptera","Limnephilidae",20,"3",1549,21004.7582029159,"kick_net",0.004,2.93,1,25.946445976709,-1.00541918104789,1,1.12036926683459,44.2668816563567
"4435",9990,"Haslibach","Pool","Trichoptera","Limnephilidae",24,"3",1549,21004.7582029159,"kick_net",0.004,2.93,1,44.2668816563567,-1.00541918104789,1,1.12036926683459,44.2668816563567
"4436",9991,"Haslibach","Pool","Trichoptera","Limnephilidae",24,"3",1549,21004.7582029159,"kick_net",0.004,2.93,1,44.2668816563567,-1.00541918104789,1,1.12036926683459,44.2668816563567
"4437",9993,"Haslibach","Pool","Diptera","Ceratopogonidae",11,"3",1549,21004.7582029159,"kick_net",0.003,2.47,1,1.12036926683459,-1.00541918104789,1,1.12036926683459,44.2668816563567
"4438",10011,"Haslibach","Pool","Diptera","Chironomidae",14,"3",1549,21004.7582029159,"kick_net",0.002,2.62,1,2.01319317375311,-1.00541918104789,1,1.12036926683459,44.2668816563567
"4439",10012,"Haslibach","Pool","Hirudinea","Glossiphoniidae",11,"3",1549,21004.7582029159,"kick_net",-2.12,2,2,14.5238270498863,-1.00541918104789,1,1.12036926683459,44.2668816563567
"4440",10013,"Haslibach","Pool","Amphipoda","Gammaridae",9,"3",1549,21004.7582029159,"kick_net",0.00845,2.8705,1,4.6345741215268,-1.00541918104789,1,1.12036926683459,44.2668816563567
"4441",10014,"Haslibach","Pool","Amphipoda","Gammaridae",11,"3",1549,21004.7582029159,"kick_net",0.00845,2.8705,1,8.24469153511625,-1.00541918104789,1,1.12036926683459,44.2668816563567
"4442",10016,"Haslibach","Pool","Ephemeroptera","Baetidae",7,"3",1549,21004.7582029159,"kick_net",0.005,2.875,1,1.34470453452202,-1.00541918104789,1,1.12036926683459,44.2668816563567
"4443",10017,"Haslibach","Pool","Ephemeroptera","Baetidae",7,"3",1549,21004.7582029159,"kick_net",0.005,2.875,1,1.34470453452202,-1.00541918104789,1,1.12036926683459,44.2668816563567
"4444",10026,"Haslibach","Pool","Diptera","Chironomidae",12,"3",1549,21004.7582029159,"kick_net",0.002,2.62,1,1.34426490420543,-1.00541918104789,1,1.12036926683459,44.2668816563567
"4445",10027,"Haslibach","Pool","Diptera","Chironomidae",13,"3",1549,21004.7582029159,"kick_net",0.002,2.62,1,1.65791239593876,-1.00541918104789,1,1.12036926683459,44.2668816563567
"4446",10028,"Haslibach","Pool","Diptera","Chironomidae",13,"3",1549,21004.7582029159,"kick_net",0.002,2.62,1,1.65791239593876,-1.00541918104789,1,1.12036926683459,44.2668816563567
"4447",10029,"Haslibach","Pool","Diptera","Chironomidae",14,"3",1549,21004.7582029159,"kick_net",0.002,2.62,1,2.01319317375311,-1.00541918104789,1,1.12036926683459,44.2668816563567
"4448",10030,"Haslibach","Pool","Hirudinea","Glossiphoniidae",7,"3",1549,21004.7582029159,"kick_net",-2.12,2,2,5.88154979706138,-1.00541918104789,1,1.12036926683459,44.2668816563567
"4449",10037,"Haslibach","Pool","Amphipoda","Gammaridae",6,"3",1549,21004.7582029159,"kick_net",0.00845,2.8705,1,1.44723771988851,-1.00541918104789,1,1.12036926683459,44.2668816563567
"4450",10038,"Haslibach","Pool","Amphipoda","Gammaridae",6,"3",1549,21004.7582029159,"kick_net",0.00845,2.8705,1,1.44723771988851,-1.00541918104789,1,1.12036926683459,44.2668816563567
"4451",10039,"Haslibach","Pool","Amphipoda","Gammaridae",7,"3",1549,21004.7582029159,"kick_net",0.00845,2.8705,1,2.25273772956822,-1.00541918104789,1,1.12036926683459,44.2668816563567
"4452",10040,"Haslibach","Pool","Amphipoda","Gammaridae",7,"3",1549,21004.7582029159,"kick_net",0.00845,2.8705,1,2.25273772956822,-1.00541918104789,1,1.12036926683459,44.2668816563567
"4453",10041,"Haslibach","Pool","Amphipoda","Gammaridae",7,"3",1549,21004.7582029159,"kick_net",0.00845,2.8705,1,2.25273772956822,-1.00541918104789,1,1.12036926683459,44.2668816563567
"4454",10042,"Haslibach","Pool","Amphipoda","Gammaridae",7,"3",1549,21004.7582029159,"kick_net",0.00845,2.8705,1,2.25273772956822,-1.00541918104789,1,1.12036926683459,44.2668816563567
"4455",10043,"Haslibach","Pool","Amphipoda","Gammaridae",8,"3",1549,21004.7582029159,"kick_net",0.00845,2.8705,1,3.30503845216443,-1.00541918104789,1,1.12036926683459,44.2668816563567
"4456",10044,"Haslibach","Pool","Amphipoda","Gammaridae",8,"3",1549,21004.7582029159,"kick_net",0.00845,2.8705,1,3.30503845216443,-1.00541918104789,1,1.12036926683459,44.2668816563567
"4457",10045,"Haslibach","Pool","Amphipoda","Gammaridae",9,"3",1549,21004.7582029159,"kick_net",0.00845,2.8705,1,4.6345741215268,-1.00541918104789,1,1.12036926683459,44.2668816563567
"4458",10046,"Haslibach","Pool","Amphipoda","Gammaridae",9,"3",1549,21004.7582029159,"kick_net",0.00845,2.8705,1,4.6345741215268,-1.00541918104789,1,1.12036926683459,44.2668816563567
"4459",10047,"Haslibach","Pool","Amphipoda","Gammaridae",10,"3",1549,21004.7582029159,"kick_net",0.00845,2.8705,1,6.27128747089358,-1.00541918104789,1,1.12036926683459,44.2668816563567
"4460",10048,"Haslibach","Pool","Amphipoda","Gammaridae",11,"3",1549,21004.7582029159,"kick_net",0.00845,2.8705,1,8.24469153511625,-1.00541918104789,1,1.12036926683459,44.2668816563567
"4461",10049,"Haslibach","Pool","Amphipoda","Gammaridae",12,"3",1549,21004.7582029159,"kick_net",0.00845,2.8705,1,10.5839182261171,-1.00541918104789,1,1.12036926683459,44.2668816563567
"4462",10064,"Haslibach","Pool","Ephemeroptera","Baetidae",7,"3",1549,21004.7582029159,"kick_net",0.005,2.875,1,1.34470453452202,-1.00541918104789,1,1.12036926683459,44.2668816563567
"4463",10065,"Haslibach","Pool","Ephemeroptera","Baetidae",7,"3",1549,21004.7582029159,"kick_net",0.005,2.875,1,1.34470453452202,-1.00541918104789,1,1.12036926683459,44.2668816563567
"4464",10066,"Haslibach","Pool","Ephemeroptera","Baetidae",7,"3",1549,21004.7582029159,"kick_net",0.005,2.875,1,1.34470453452202,-1.00541918104789,1,1.12036926683459,44.2668816563567
"4465",10067,"Haslibach","Pool","Ephemeroptera","Baetidae",8,"3",1549,21004.7582029159,"kick_net",0.005,2.875,1,1.97402985652216,-1.00541918104789,1,1.12036926683459,44.2668816563567
"4466",10068,"Haslibach","Pool","Ephemeroptera","Baetidae",8,"3",1549,21004.7582029159,"kick_net",0.005,2.875,1,1.97402985652216,-1.00541918104789,1,1.12036926683459,44.2668816563567
"4467",10069,"Haslibach","Pool","Odonata","Aeshnidae",21,"3",1549,21004.7582029159,"kick_net",0.008,2.813,1,41.9269106623989,-1.00541918104789,1,1.12036926683459,44.2668816563567
"4468",10070,"Haslibach","Pool","Trichoptera","Limnephilidae",9,"3",1549,21004.7582029159,"kick_net",0.004,2.93,1,2.50029092157256,-1.00541918104789,1,1.12036926683459,44.2668816563567
"4469",10080,"Haslibach","Outflow","Trichoptera","Limnephilidae",23,"3",1549,21004.7582029159,"kick_net",0.004,2.93,1,39.0771202085091,-1.00541918104789,1,36.5499986114395,94.1771468606022
"4470",10081,"Haslibach","Outflow","Trichoptera","Limnephilidae",24,"3",1549,21004.7582029159,"kick_net",0.004,2.93,1,44.2668816563567,-1.00541918104789,1,36.5499986114395,94.1771468606022
"4471",10082,"Haslibach","Outflow","Trichoptera","Limnephilidae",24,"3",1549,21004.7582029159,"kick_net",0.004,2.93,1,44.2668816563567,-1.00541918104789,1,36.5499986114395,94.1771468606022
"4472",10115,"Haslibach","Outflow","Trichoptera","Limnephilidae",23,"3",1549,21004.7582029159,"kick_net",0.004,2.93,1,39.0771202085091,-1.00541918104789,1,36.5499986114395,94.1771468606022
"4473",10116,"Haslibach","Outflow","Trichoptera","Limnephilidae",24,"3",1549,21004.7582029159,"kick_net",0.004,2.93,1,44.2668816563567,-1.00541918104789,1,36.5499986114395,94.1771468606022
"4474",10117,"Haslibach","Outflow","Trichoptera","Limnephilidae",24,"3",1549,21004.7582029159,"kick_net",0.004,2.93,1,44.2668816563567,-1.00541918104789,1,36.5499986114395,94.1771468606022
"4475",10139,"Haslibach","Outflow","Odonata","Aeshnidae",20,"3",1549,21004.7582029159,"kick_net",0.008,2.813,1,36.5499986114395,-1.00541918104789,1,36.5499986114395,94.1771468606022
"4476",10140,"Haslibach","Outflow","Odonata","Aeshnidae",23,"3",1549,21004.7582029159,"kick_net",0.008,2.813,1,54.1539811817502,-1.00541918104789,1,36.5499986114395,94.1771468606022
"4477",10141,"Haslibach","Outflow","Odonata","Aeshnidae",25,"3",1549,21004.7582029159,"kick_net",0.008,2.813,1,68.4691965037169,-1.00541918104789,1,36.5499986114395,94.1771468606022
"4478",10142,"Haslibach","Outflow","Odonata","Aeshnidae",26,"3",1549,21004.7582029159,"kick_net",0.008,2.813,1,76.4557256907569,-1.00541918104789,1,36.5499986114395,94.1771468606022
"4479",10143,"Haslibach","Outflow","Odonata","Aeshnidae",27,"3",1549,21004.7582029159,"kick_net",0.008,2.813,1,85.0190515083323,-1.00541918104789,1,36.5499986114395,94.1771468606022
"4480",10144,"Haslibach","Outflow","Odonata","Aeshnidae",28,"3",1549,21004.7582029159,"kick_net",0.008,2.813,1,94.1771468606022,-1.00541918104789,1,36.5499986114395,94.1771468606022
"4481",10153,"Haslibach","Outflow","Trichoptera","Limnephilidae",23,"3",1549,21004.7582029159,"kick_net",0.004,2.93,1,39.0771202085091,-1.00541918104789,1,36.5499986114395,94.1771468606022
"4482",10154,"Haslibach","Outflow","Trichoptera","Limnephilidae",24,"3",1549,21004.7582029159,"kick_net",0.004,2.93,1,44.2668816563567,-1.00541918104789,1,36.5499986114395,94.1771468606022
"4483",10196,"Riedgrabe","Control","Amphipoda","Gammaridae",3,"3",2149,66948.0040001844,"kick_net",0.00845,2.8705,1,0.197894293315652,-0.320574618997816,1,0.197894293315652,13.3177574719972
"4484",10197,"Riedgrabe","Control","Amphipoda","Gammaridae",3,"3",2149,66948.0040001844,"kick_net",0.00845,2.8705,1,0.197894293315652,-0.320574618997816,1,0.197894293315652,13.3177574719972
"4485",10198,"Riedgrabe","Control","Amphipoda","Gammaridae",3,"3",2149,66948.0040001844,"kick_net",0.00845,2.8705,1,0.197894293315652,-0.320574618997816,1,0.197894293315652,13.3177574719972
"4486",10199,"Riedgrabe","Control","Amphipoda","Gammaridae",3,"3",2149,66948.0040001844,"kick_net",0.00845,2.8705,1,0.197894293315652,-0.320574618997816,1,0.197894293315652,13.3177574719972
"4487",10200,"Riedgrabe","Control","Amphipoda","Gammaridae",3,"3",2149,66948.0040001844,"kick_net",0.00845,2.8705,1,0.197894293315652,-0.320574618997816,1,0.197894293315652,13.3177574719972
"4488",10201,"Riedgrabe","Control","Amphipoda","Gammaridae",3,"3",2149,66948.0040001844,"kick_net",0.00845,2.8705,1,0.197894293315652,-0.320574618997816,1,0.197894293315652,13.3177574719972
"4489",10202,"Riedgrabe","Control","Amphipoda","Gammaridae",3,"3",2149,66948.0040001844,"kick_net",0.00845,2.8705,1,0.197894293315652,-0.320574618997816,1,0.197894293315652,13.3177574719972
"4490",10203,"Riedgrabe","Control","Amphipoda","Gammaridae",3,"3",2149,66948.0040001844,"kick_net",0.00845,2.8705,1,0.197894293315652,-0.320574618997816,1,0.197894293315652,13.3177574719972
"4491",10204,"Riedgrabe","Control","Amphipoda","Gammaridae",3,"3",2149,66948.0040001844,"kick_net",0.00845,2.8705,1,0.197894293315652,-0.320574618997816,1,0.197894293315652,13.3177574719972
"4492",10205,"Riedgrabe","Control","Amphipoda","Gammaridae",3,"3",2149,66948.0040001844,"kick_net",0.00845,2.8705,1,0.197894293315652,-0.320574618997816,1,0.197894293315652,13.3177574719972
"4493",10206,"Riedgrabe","Control","Amphipoda","Gammaridae",3,"3",2149,66948.0040001844,"kick_net",0.00845,2.8705,1,0.197894293315652,-0.320574618997816,1,0.197894293315652,13.3177574719972
"4494",10207,"Riedgrabe","Control","Amphipoda","Gammaridae",3,"3",2149,66948.0040001844,"kick_net",0.00845,2.8705,1,0.197894293315652,-0.320574618997816,1,0.197894293315652,13.3177574719972
"4495",10208,"Riedgrabe","Control","Amphipoda","Gammaridae",3,"3",2149,66948.0040001844,"kick_net",0.00845,2.8705,1,0.197894293315652,-0.320574618997816,1,0.197894293315652,13.3177574719972
"4496",10209,"Riedgrabe","Control","Amphipoda","Gammaridae",4,"3",2149,66948.0040001844,"kick_net",0.00845,2.8705,1,0.451928691384938,-0.320574618997816,1,0.197894293315652,13.3177574719972
"4497",10210,"Riedgrabe","Control","Amphipoda","Gammaridae",4,"3",2149,66948.0040001844,"kick_net",0.00845,2.8705,1,0.451928691384938,-0.320574618997816,1,0.197894293315652,13.3177574719972
"4498",10211,"Riedgrabe","Control","Amphipoda","Gammaridae",4,"3",2149,66948.0040001844,"kick_net",0.00845,2.8705,1,0.451928691384938,-0.320574618997816,1,0.197894293315652,13.3177574719972
"4499",10212,"Riedgrabe","Control","Amphipoda","Gammaridae",4,"3",2149,66948.0040001844,"kick_net",0.00845,2.8705,1,0.451928691384938,-0.320574618997816,1,0.197894293315652,13.3177574719972
"4500",10213,"Riedgrabe","Control","Amphipoda","Gammaridae",4,"3",2149,66948.0040001844,"kick_net",0.00845,2.8705,1,0.451928691384938,-0.320574618997816,1,0.197894293315652,13.3177574719972
"4501",10214,"Riedgrabe","Control","Amphipoda","Gammaridae",4,"3",2149,66948.0040001844,"kick_net",0.00845,2.8705,1,0.451928691384938,-0.320574618997816,1,0.197894293315652,13.3177574719972
"4502",10215,"Riedgrabe","Control","Amphipoda","Gammaridae",4,"3",2149,66948.0040001844,"kick_net",0.00845,2.8705,1,0.451928691384938,-0.320574618997816,1,0.197894293315652,13.3177574719972
"4503",10216,"Riedgrabe","Control","Amphipoda","Gammaridae",4,"3",2149,66948.0040001844,"kick_net",0.00845,2.8705,1,0.451928691384938,-0.320574618997816,1,0.197894293315652,13.3177574719972
"4504",10217,"Riedgrabe","Control","Amphipoda","Gammaridae",6,"3",2149,66948.0040001844,"kick_net",0.00845,2.8705,1,1.44723771988851,-0.320574618997816,1,0.197894293315652,13.3177574719972
"4505",10218,"Riedgrabe","Control","Amphipoda","Gammaridae",6,"3",2149,66948.0040001844,"kick_net",0.00845,2.8705,1,1.44723771988851,-0.320574618997816,1,0.197894293315652,13.3177574719972
"4506",10219,"Riedgrabe","Control","Amphipoda","Gammaridae",6,"3",2149,66948.0040001844,"kick_net",0.00845,2.8705,1,1.44723771988851,-0.320574618997816,1,0.197894293315652,13.3177574719972
"4507",10220,"Riedgrabe","Control","Amphipoda","Gammaridae",6,"3",2149,66948.0040001844,"kick_net",0.00845,2.8705,1,1.44723771988851,-0.320574618997816,1,0.197894293315652,13.3177574719972
"4508",10221,"Riedgrabe","Control","Amphipoda","Gammaridae",7,"3",2149,66948.0040001844,"kick_net",0.00845,2.8705,1,2.25273772956822,-0.320574618997816,1,0.197894293315652,13.3177574719972
"4509",10222,"Riedgrabe","Control","Amphipoda","Gammaridae",7,"3",2149,66948.0040001844,"kick_net",0.00845,2.8705,1,2.25273772956822,-0.320574618997816,1,0.197894293315652,13.3177574719972
"4510",10223,"Riedgrabe","Control","Amphipoda","Gammaridae",7,"3",2149,66948.0040001844,"kick_net",0.00845,2.8705,1,2.25273772956822,-0.320574618997816,1,0.197894293315652,13.3177574719972
"4511",10224,"Riedgrabe","Control","Amphipoda","Gammaridae",7,"3",2149,66948.0040001844,"kick_net",0.00845,2.8705,1,2.25273772956822,-0.320574618997816,1,0.197894293315652,13.3177574719972
"4512",10225,"Riedgrabe","Control","Amphipoda","Gammaridae",8,"3",2149,66948.0040001844,"kick_net",0.00845,2.8705,1,3.30503845216443,-0.320574618997816,1,0.197894293315652,13.3177574719972
"4513",10226,"Riedgrabe","Control","Amphipoda","Gammaridae",8,"3",2149,66948.0040001844,"kick_net",0.00845,2.8705,1,3.30503845216443,-0.320574618997816,1,0.197894293315652,13.3177574719972
"4514",10227,"Riedgrabe","Control","Amphipoda","Gammaridae",8,"3",2149,66948.0040001844,"kick_net",0.00845,2.8705,1,3.30503845216443,-0.320574618997816,1,0.197894293315652,13.3177574719972
"4515",10228,"Riedgrabe","Control","Amphipoda","Gammaridae",8,"3",2149,66948.0040001844,"kick_net",0.00845,2.8705,1,3.30503845216443,-0.320574618997816,1,0.197894293315652,13.3177574719972
"4516",10229,"Riedgrabe","Control","Amphipoda","Gammaridae",8,"3",2149,66948.0040001844,"kick_net",0.00845,2.8705,1,3.30503845216443,-0.320574618997816,1,0.197894293315652,13.3177574719972
"4517",10230,"Riedgrabe","Control","Amphipoda","Gammaridae",8,"3",2149,66948.0040001844,"kick_net",0.00845,2.8705,1,3.30503845216443,-0.320574618997816,1,0.197894293315652,13.3177574719972
"4518",10231,"Riedgrabe","Control","Amphipoda","Gammaridae",8,"3",2149,66948.0040001844,"kick_net",0.00845,2.8705,1,3.30503845216443,-0.320574618997816,1,0.197894293315652,13.3177574719972
"4519",10232,"Riedgrabe","Control","Amphipoda","Gammaridae",8,"3",2149,66948.0040001844,"kick_net",0.00845,2.8705,1,3.30503845216443,-0.320574618997816,1,0.197894293315652,13.3177574719972
"4520",10233,"Riedgrabe","Control","Amphipoda","Gammaridae",9,"3",2149,66948.0040001844,"kick_net",0.00845,2.8705,1,4.6345741215268,-0.320574618997816,1,0.197894293315652,13.3177574719972
"4521",10234,"Riedgrabe","Control","Amphipoda","Gammaridae",9,"3",2149,66948.0040001844,"kick_net",0.00845,2.8705,1,4.6345741215268,-0.320574618997816,1,0.197894293315652,13.3177574719972
"4522",10235,"Riedgrabe","Control","Amphipoda","Gammaridae",12,"3",2149,66948.0040001844,"kick_net",0.00845,2.8705,1,10.5839182261171,-0.320574618997816,1,0.197894293315652,13.3177574719972
"4523",10236,"Riedgrabe","Control","Amphipoda","Gammaridae",12,"3",2149,66948.0040001844,"kick_net",0.00845,2.8705,1,10.5839182261171,-0.320574618997816,1,0.197894293315652,13.3177574719972
"4524",10237,"Riedgrabe","Control","Amphipoda","Gammaridae",13,"3",2149,66948.0040001844,"kick_net",0.00845,2.8705,1,13.3177574719972,-0.320574618997816,1,0.197894293315652,13.3177574719972
"4525",10239,"Riedgrabe","Control","Isopoda","Asellidae",5,"3",2149,66948.0040001844,"kick_net",0.0036,3.111,1,0.538019707775883,-0.320574618997816,1,0.197894293315652,13.3177574719972
"4526",10240,"Riedgrabe","Control","Isopoda","Asellidae",6,"3",2149,66948.0040001844,"kick_net",0.0036,3.111,1,0.948704675045465,-0.320574618997816,1,0.197894293315652,13.3177574719972
"4527",10241,"Riedgrabe","Control","Odonata","Cordulegastridae",10,"3",2149,66948.0040001844,"kick_net",0.007,2.782,1,4.2373861232774,-0.320574618997816,1,0.197894293315652,13.3177574719972
"4528",10250,"Riedgrabe","Control","Diptera","Chironomidae",7,"3",2149,66948.0040001844,"kick_net",0.002,2.62,1,0.327481567511863,-0.320574618997816,1,0.197894293315652,13.3177574719972
"4529",10251,"Riedgrabe","Control","Diptera","Chironomidae",7,"3",2149,66948.0040001844,"kick_net",0.002,2.62,1,0.327481567511863,-0.320574618997816,1,0.197894293315652,13.3177574719972
"4530",10252,"Riedgrabe","Control","Diptera","Chironomidae",8,"3",2149,66948.0040001844,"kick_net",0.002,2.62,1,0.464649807522386,-0.320574618997816,1,0.197894293315652,13.3177574719972
"4531",10265,"Riedgrabe","Control","Amphipoda","Gammaridae",3,"3",2149,66948.0040001844,"kick_net",0.00845,2.8705,1,0.197894293315652,-0.320574618997816,1,0.197894293315652,13.3177574719972
"4532",10266,"Riedgrabe","Control","Amphipoda","Gammaridae",3,"3",2149,66948.0040001844,"kick_net",0.00845,2.8705,1,0.197894293315652,-0.320574618997816,1,0.197894293315652,13.3177574719972
"4533",10267,"Riedgrabe","Control","Amphipoda","Gammaridae",3,"3",2149,66948.0040001844,"kick_net",0.00845,2.8705,1,0.197894293315652,-0.320574618997816,1,0.197894293315652,13.3177574719972
"4534",10268,"Riedgrabe","Control","Amphipoda","Gammaridae",3,"3",2149,66948.0040001844,"kick_net",0.00845,2.8705,1,0.197894293315652,-0.320574618997816,1,0.197894293315652,13.3177574719972
"4535",10269,"Riedgrabe","Control","Amphipoda","Gammaridae",3,"3",2149,66948.0040001844,"kick_net",0.00845,2.8705,1,0.197894293315652,-0.320574618997816,1,0.197894293315652,13.3177574719972
"4536",10270,"Riedgrabe","Control","Amphipoda","Gammaridae",3,"3",2149,66948.0040001844,"kick_net",0.00845,2.8705,1,0.197894293315652,-0.320574618997816,1,0.197894293315652,13.3177574719972
"4537",10271,"Riedgrabe","Control","Amphipoda","Gammaridae",3,"3",2149,66948.0040001844,"kick_net",0.00845,2.8705,1,0.197894293315652,-0.320574618997816,1,0.197894293315652,13.3177574719972
"4538",10272,"Riedgrabe","Control","Amphipoda","Gammaridae",3,"3",2149,66948.0040001844,"kick_net",0.00845,2.8705,1,0.197894293315652,-0.320574618997816,1,0.197894293315652,13.3177574719972
"4539",10273,"Riedgrabe","Control","Amphipoda","Gammaridae",4,"3",2149,66948.0040001844,"kick_net",0.00845,2.8705,1,0.451928691384938,-0.320574618997816,1,0.197894293315652,13.3177574719972
"4540",10274,"Riedgrabe","Control","Amphipoda","Gammaridae",4,"3",2149,66948.0040001844,"kick_net",0.00845,2.8705,1,0.451928691384938,-0.320574618997816,1,0.197894293315652,13.3177574719972
"4541",10275,"Riedgrabe","Control","Amphipoda","Gammaridae",4,"3",2149,66948.0040001844,"kick_net",0.00845,2.8705,1,0.451928691384938,-0.320574618997816,1,0.197894293315652,13.3177574719972
"4542",10276,"Riedgrabe","Control","Amphipoda","Gammaridae",4,"3",2149,66948.0040001844,"kick_net",0.00845,2.8705,1,0.451928691384938,-0.320574618997816,1,0.197894293315652,13.3177574719972
"4543",10277,"Riedgrabe","Control","Amphipoda","Gammaridae",5,"3",2149,66948.0040001844,"kick_net",0.00845,2.8705,1,0.857531547980516,-0.320574618997816,1,0.197894293315652,13.3177574719972
"4544",10278,"Riedgrabe","Control","Amphipoda","Gammaridae",5,"3",2149,66948.0040001844,"kick_net",0.00845,2.8705,1,0.857531547980516,-0.320574618997816,1,0.197894293315652,13.3177574719972
"4545",10279,"Riedgrabe","Control","Amphipoda","Gammaridae",5,"3",2149,66948.0040001844,"kick_net",0.00845,2.8705,1,0.857531547980516,-0.320574618997816,1,0.197894293315652,13.3177574719972
"4546",10280,"Riedgrabe","Control","Amphipoda","Gammaridae",6,"3",2149,66948.0040001844,"kick_net",0.00845,2.8705,1,1.44723771988851,-0.320574618997816,1,0.197894293315652,13.3177574719972
"4547",10281,"Riedgrabe","Control","Amphipoda","Gammaridae",6,"3",2149,66948.0040001844,"kick_net",0.00845,2.8705,1,1.44723771988851,-0.320574618997816,1,0.197894293315652,13.3177574719972
"4548",10282,"Riedgrabe","Control","Amphipoda","Gammaridae",6,"3",2149,66948.0040001844,"kick_net",0.00845,2.8705,1,1.44723771988851,-0.320574618997816,1,0.197894293315652,13.3177574719972
"4549",10283,"Riedgrabe","Control","Amphipoda","Gammaridae",6,"3",2149,66948.0040001844,"kick_net",0.00845,2.8705,1,1.44723771988851,-0.320574618997816,1,0.197894293315652,13.3177574719972
"4550",10284,"Riedgrabe","Control","Amphipoda","Gammaridae",6,"3",2149,66948.0040001844,"kick_net",0.00845,2.8705,1,1.44723771988851,-0.320574618997816,1,0.197894293315652,13.3177574719972
"4551",10285,"Riedgrabe","Control","Amphipoda","Gammaridae",6,"3",2149,66948.0040001844,"kick_net",0.00845,2.8705,1,1.44723771988851,-0.320574618997816,1,0.197894293315652,13.3177574719972
"4552",10286,"Riedgrabe","Control","Amphipoda","Gammaridae",7,"3",2149,66948.0040001844,"kick_net",0.00845,2.8705,1,2.25273772956822,-0.320574618997816,1,0.197894293315652,13.3177574719972
"4553",10287,"Riedgrabe","Control","Amphipoda","Gammaridae",7,"3",2149,66948.0040001844,"kick_net",0.00845,2.8705,1,2.25273772956822,-0.320574618997816,1,0.197894293315652,13.3177574719972
"4554",10288,"Riedgrabe","Control","Amphipoda","Gammaridae",7,"3",2149,66948.0040001844,"kick_net",0.00845,2.8705,1,2.25273772956822,-0.320574618997816,1,0.197894293315652,13.3177574719972
"4555",10289,"Riedgrabe","Control","Amphipoda","Gammaridae",7,"3",2149,66948.0040001844,"kick_net",0.00845,2.8705,1,2.25273772956822,-0.320574618997816,1,0.197894293315652,13.3177574719972
"4556",10290,"Riedgrabe","Control","Amphipoda","Gammaridae",8,"3",2149,66948.0040001844,"kick_net",0.00845,2.8705,1,3.30503845216443,-0.320574618997816,1,0.197894293315652,13.3177574719972
"4557",10291,"Riedgrabe","Control","Amphipoda","Gammaridae",8,"3",2149,66948.0040001844,"kick_net",0.00845,2.8705,1,3.30503845216443,-0.320574618997816,1,0.197894293315652,13.3177574719972
"4558",10292,"Riedgrabe","Control","Amphipoda","Gammaridae",8,"3",2149,66948.0040001844,"kick_net",0.00845,2.8705,1,3.30503845216443,-0.320574618997816,1,0.197894293315652,13.3177574719972
"4559",10293,"Riedgrabe","Control","Amphipoda","Gammaridae",8,"3",2149,66948.0040001844,"kick_net",0.00845,2.8705,1,3.30503845216443,-0.320574618997816,1,0.197894293315652,13.3177574719972
"4560",10294,"Riedgrabe","Control","Amphipoda","Gammaridae",9,"3",2149,66948.0040001844,"kick_net",0.00845,2.8705,1,4.6345741215268,-0.320574618997816,1,0.197894293315652,13.3177574719972
"4561",10295,"Riedgrabe","Control","Amphipoda","Gammaridae",9,"3",2149,66948.0040001844,"kick_net",0.00845,2.8705,1,4.6345741215268,-0.320574618997816,1,0.197894293315652,13.3177574719972
"4562",10296,"Riedgrabe","Control","Amphipoda","Gammaridae",10,"3",2149,66948.0040001844,"kick_net",0.00845,2.8705,1,6.27128747089358,-0.320574618997816,1,0.197894293315652,13.3177574719972
"4563",10297,"Riedgrabe","Control","Amphipoda","Gammaridae",12,"3",2149,66948.0040001844,"kick_net",0.00845,2.8705,1,10.5839182261171,-0.320574618997816,1,0.197894293315652,13.3177574719972
"4564",10300,"Riedgrabe","Control","Isopoda","Asellidae",4,"3",2149,66948.0040001844,"kick_net",0.0036,3.111,1,0.268726894799263,-0.320574618997816,1,0.197894293315652,13.3177574719972
"4565",10301,"Riedgrabe","Control","Isopoda","Asellidae",4,"3",2149,66948.0040001844,"kick_net",0.0036,3.111,1,0.268726894799263,-0.320574618997816,1,0.197894293315652,13.3177574719972
"4566",10302,"Riedgrabe","Control","Isopoda","Asellidae",5,"3",2149,66948.0040001844,"kick_net",0.0036,3.111,1,0.538019707775883,-0.320574618997816,1,0.197894293315652,13.3177574719972
"4567",10303,"Riedgrabe","Control","Isopoda","Asellidae",5,"3",2149,66948.0040001844,"kick_net",0.0036,3.111,1,0.538019707775883,-0.320574618997816,1,0.197894293315652,13.3177574719972
"4568",10304,"Riedgrabe","Control","Isopoda","Asellidae",5,"3",2149,66948.0040001844,"kick_net",0.0036,3.111,1,0.538019707775883,-0.320574618997816,1,0.197894293315652,13.3177574719972
"4569",10318,"Riedgrabe","Control","Diptera","Chironomidae",7,"3",2149,66948.0040001844,"kick_net",0.002,2.62,1,0.327481567511863,-0.320574618997816,1,0.197894293315652,13.3177574719972
"4570",10326,"Riedgrabe","Control","Amphipoda","Gammaridae",3,"3",2149,66948.0040001844,"kick_net",0.00845,2.8705,1,0.197894293315652,-0.320574618997816,1,0.197894293315652,13.3177574719972
"4571",10327,"Riedgrabe","Control","Amphipoda","Gammaridae",3,"3",2149,66948.0040001844,"kick_net",0.00845,2.8705,1,0.197894293315652,-0.320574618997816,1,0.197894293315652,13.3177574719972
"4572",10328,"Riedgrabe","Control","Amphipoda","Gammaridae",3,"3",2149,66948.0040001844,"kick_net",0.00845,2.8705,1,0.197894293315652,-0.320574618997816,1,0.197894293315652,13.3177574719972
"4573",10329,"Riedgrabe","Control","Amphipoda","Gammaridae",3,"3",2149,66948.0040001844,"kick_net",0.00845,2.8705,1,0.197894293315652,-0.320574618997816,1,0.197894293315652,13.3177574719972
"4574",10330,"Riedgrabe","Control","Amphipoda","Gammaridae",3,"3",2149,66948.0040001844,"kick_net",0.00845,2.8705,1,0.197894293315652,-0.320574618997816,1,0.197894293315652,13.3177574719972
"4575",10331,"Riedgrabe","Control","Amphipoda","Gammaridae",3,"3",2149,66948.0040001844,"kick_net",0.00845,2.8705,1,0.197894293315652,-0.320574618997816,1,0.197894293315652,13.3177574719972
"4576",10332,"Riedgrabe","Control","Amphipoda","Gammaridae",3,"3",2149,66948.0040001844,"kick_net",0.00845,2.8705,1,0.197894293315652,-0.320574618997816,1,0.197894293315652,13.3177574719972
"4577",10333,"Riedgrabe","Control","Amphipoda","Gammaridae",3,"3",2149,66948.0040001844,"kick_net",0.00845,2.8705,1,0.197894293315652,-0.320574618997816,1,0.197894293315652,13.3177574719972
"4578",10334,"Riedgrabe","Control","Amphipoda","Gammaridae",3,"3",2149,66948.0040001844,"kick_net",0.00845,2.8705,1,0.197894293315652,-0.320574618997816,1,0.197894293315652,13.3177574719972
"4579",10335,"Riedgrabe","Control","Amphipoda","Gammaridae",3,"3",2149,66948.0040001844,"kick_net",0.00845,2.8705,1,0.197894293315652,-0.320574618997816,1,0.197894293315652,13.3177574719972
"4580",10336,"Riedgrabe","Control","Amphipoda","Gammaridae",4,"3",2149,66948.0040001844,"kick_net",0.00845,2.8705,1,0.451928691384938,-0.320574618997816,1,0.197894293315652,13.3177574719972
"4581",10337,"Riedgrabe","Control","Amphipoda","Gammaridae",4,"3",2149,66948.0040001844,"kick_net",0.00845,2.8705,1,0.451928691384938,-0.320574618997816,1,0.197894293315652,13.3177574719972
"4582",10338,"Riedgrabe","Control","Amphipoda","Gammaridae",4,"3",2149,66948.0040001844,"kick_net",0.00845,2.8705,1,0.451928691384938,-0.320574618997816,1,0.197894293315652,13.3177574719972
"4583",10339,"Riedgrabe","Control","Amphipoda","Gammaridae",4,"3",2149,66948.0040001844,"kick_net",0.00845,2.8705,1,0.451928691384938,-0.320574618997816,1,0.197894293315652,13.3177574719972
"4584",10340,"Riedgrabe","Control","Amphipoda","Gammaridae",4,"3",2149,66948.0040001844,"kick_net",0.00845,2.8705,1,0.451928691384938,-0.320574618997816,1,0.197894293315652,13.3177574719972
"4585",10341,"Riedgrabe","Control","Amphipoda","Gammaridae",4,"3",2149,66948.0040001844,"kick_net",0.00845,2.8705,1,0.451928691384938,-0.320574618997816,1,0.197894293315652,13.3177574719972
"4586",10342,"Riedgrabe","Control","Amphipoda","Gammaridae",4,"3",2149,66948.0040001844,"kick_net",0.00845,2.8705,1,0.451928691384938,-0.320574618997816,1,0.197894293315652,13.3177574719972
"4587",10343,"Riedgrabe","Control","Amphipoda","Gammaridae",4,"3",2149,66948.0040001844,"kick_net",0.00845,2.8705,1,0.451928691384938,-0.320574618997816,1,0.197894293315652,13.3177574719972
"4588",10344,"Riedgrabe","Control","Amphipoda","Gammaridae",4,"3",2149,66948.0040001844,"kick_net",0.00845,2.8705,1,0.451928691384938,-0.320574618997816,1,0.197894293315652,13.3177574719972
"4589",10345,"Riedgrabe","Control","Amphipoda","Gammaridae",4,"3",2149,66948.0040001844,"kick_net",0.00845,2.8705,1,0.451928691384938,-0.320574618997816,1,0.197894293315652,13.3177574719972
"4590",10346,"Riedgrabe","Control","Amphipoda","Gammaridae",5,"3",2149,66948.0040001844,"kick_net",0.00845,2.8705,1,0.857531547980516,-0.320574618997816,1,0.197894293315652,13.3177574719972
"4591",10347,"Riedgrabe","Control","Amphipoda","Gammaridae",5,"3",2149,66948.0040001844,"kick_net",0.00845,2.8705,1,0.857531547980516,-0.320574618997816,1,0.197894293315652,13.3177574719972
"4592",10348,"Riedgrabe","Control","Amphipoda","Gammaridae",5,"3",2149,66948.0040001844,"kick_net",0.00845,2.8705,1,0.857531547980516,-0.320574618997816,1,0.197894293315652,13.3177574719972
"4593",10349,"Riedgrabe","Control","Amphipoda","Gammaridae",5,"3",2149,66948.0040001844,"kick_net",0.00845,2.8705,1,0.857531547980516,-0.320574618997816,1,0.197894293315652,13.3177574719972
"4594",10350,"Riedgrabe","Control","Amphipoda","Gammaridae",5,"3",2149,66948.0040001844,"kick_net",0.00845,2.8705,1,0.857531547980516,-0.320574618997816,1,0.197894293315652,13.3177574719972
"4595",10351,"Riedgrabe","Control","Amphipoda","Gammaridae",6,"3",2149,66948.0040001844,"kick_net",0.00845,2.8705,1,1.44723771988851,-0.320574618997816,1,0.197894293315652,13.3177574719972
"4596",10352,"Riedgrabe","Control","Amphipoda","Gammaridae",6,"3",2149,66948.0040001844,"kick_net",0.00845,2.8705,1,1.44723771988851,-0.320574618997816,1,0.197894293315652,13.3177574719972
"4597",10353,"Riedgrabe","Control","Amphipoda","Gammaridae",6,"3",2149,66948.0040001844,"kick_net",0.00845,2.8705,1,1.44723771988851,-0.320574618997816,1,0.197894293315652,13.3177574719972
"4598",10354,"Riedgrabe","Control","Amphipoda","Gammaridae",6,"3",2149,66948.0040001844,"kick_net",0.00845,2.8705,1,1.44723771988851,-0.320574618997816,1,0.197894293315652,13.3177574719972
"4599",10355,"Riedgrabe","Control","Amphipoda","Gammaridae",6,"3",2149,66948.0040001844,"kick_net",0.00845,2.8705,1,1.44723771988851,-0.320574618997816,1,0.197894293315652,13.3177574719972
"4600",10356,"Riedgrabe","Control","Amphipoda","Gammaridae",6,"3",2149,66948.0040001844,"kick_net",0.00845,2.8705,1,1.44723771988851,-0.320574618997816,1,0.197894293315652,13.3177574719972
"4601",10357,"Riedgrabe","Control","Amphipoda","Gammaridae",6,"3",2149,66948.0040001844,"kick_net",0.00845,2.8705,1,1.44723771988851,-0.320574618997816,1,0.197894293315652,13.3177574719972
"4602",10358,"Riedgrabe","Control","Amphipoda","Gammaridae",6,"3",2149,66948.0040001844,"kick_net",0.00845,2.8705,1,1.44723771988851,-0.320574618997816,1,0.197894293315652,13.3177574719972
"4603",10359,"Riedgrabe","Control","Amphipoda","Gammaridae",6,"3",2149,66948.0040001844,"kick_net",0.00845,2.8705,1,1.44723771988851,-0.320574618997816,1,0.197894293315652,13.3177574719972
"4604",10360,"Riedgrabe","Control","Amphipoda","Gammaridae",6,"3",2149,66948.0040001844,"kick_net",0.00845,2.8705,1,1.44723771988851,-0.320574618997816,1,0.197894293315652,13.3177574719972
"4605",10361,"Riedgrabe","Control","Amphipoda","Gammaridae",7,"3",2149,66948.0040001844,"kick_net",0.00845,2.8705,1,2.25273772956822,-0.320574618997816,1,0.197894293315652,13.3177574719972
"4606",10362,"Riedgrabe","Control","Amphipoda","Gammaridae",7,"3",2149,66948.0040001844,"kick_net",0.00845,2.8705,1,2.25273772956822,-0.320574618997816,1,0.197894293315652,13.3177574719972
"4607",10363,"Riedgrabe","Control","Amphipoda","Gammaridae",7,"3",2149,66948.0040001844,"kick_net",0.00845,2.8705,1,2.25273772956822,-0.320574618997816,1,0.197894293315652,13.3177574719972
"4608",10364,"Riedgrabe","Control","Amphipoda","Gammaridae",7,"3",2149,66948.0040001844,"kick_net",0.00845,2.8705,1,2.25273772956822,-0.320574618997816,1,0.197894293315652,13.3177574719972
"4609",10365,"Riedgrabe","Control","Amphipoda","Gammaridae",7,"3",2149,66948.0040001844,"kick_net",0.00845,2.8705,1,2.25273772956822,-0.320574618997816,1,0.197894293315652,13.3177574719972
"4610",10366,"Riedgrabe","Control","Amphipoda","Gammaridae",7,"3",2149,66948.0040001844,"kick_net",0.00845,2.8705,1,2.25273772956822,-0.320574618997816,1,0.197894293315652,13.3177574719972
"4611",10367,"Riedgrabe","Control","Amphipoda","Gammaridae",7,"3",2149,66948.0040001844,"kick_net",0.00845,2.8705,1,2.25273772956822,-0.320574618997816,1,0.197894293315652,13.3177574719972
"4612",10368,"Riedgrabe","Control","Amphipoda","Gammaridae",7,"3",2149,66948.0040001844,"kick_net",0.00845,2.8705,1,2.25273772956822,-0.320574618997816,1,0.197894293315652,13.3177574719972
"4613",10369,"Riedgrabe","Control","Amphipoda","Gammaridae",7,"3",2149,66948.0040001844,"kick_net",0.00845,2.8705,1,2.25273772956822,-0.320574618997816,1,0.197894293315652,13.3177574719972
"4614",10370,"Riedgrabe","Control","Amphipoda","Gammaridae",8,"3",2149,66948.0040001844,"kick_net",0.00845,2.8705,1,3.30503845216443,-0.320574618997816,1,0.197894293315652,13.3177574719972
"4615",10371,"Riedgrabe","Control","Amphipoda","Gammaridae",8,"3",2149,66948.0040001844,"kick_net",0.00845,2.8705,1,3.30503845216443,-0.320574618997816,1,0.197894293315652,13.3177574719972
"4616",10372,"Riedgrabe","Control","Amphipoda","Gammaridae",8,"3",2149,66948.0040001844,"kick_net",0.00845,2.8705,1,3.30503845216443,-0.320574618997816,1,0.197894293315652,13.3177574719972
"4617",10373,"Riedgrabe","Control","Amphipoda","Gammaridae",9,"3",2149,66948.0040001844,"kick_net",0.00845,2.8705,1,4.6345741215268,-0.320574618997816,1,0.197894293315652,13.3177574719972
"4618",10374,"Riedgrabe","Control","Ephemeroptera","Baetidae",4,"3",2149,66948.0040001844,"kick_net",0.005,2.875,1,0.269086852881189,-0.320574618997816,1,0.197894293315652,13.3177574719972
"4619",10377,"Riedgrabe","Control","Diptera","Chironomidae",6,"3",2149,66948.0040001844,"kick_net",0.002,2.62,1,0.218668523080522,-0.320574618997816,1,0.197894293315652,13.3177574719972
"4620",10378,"Riedgrabe","Control","Diptera","Chironomidae",6,"3",2149,66948.0040001844,"kick_net",0.002,2.62,1,0.218668523080522,-0.320574618997816,1,0.197894293315652,13.3177574719972
"4621",10379,"Riedgrabe","Control","Diptera","Chironomidae",8,"3",2149,66948.0040001844,"kick_net",0.002,2.62,1,0.464649807522386,-0.320574618997816,1,0.197894293315652,13.3177574719972
"4622",10380,"Riedgrabe","Inflow","Gastropoda","Physidae",3,"3",2149,66948.0040001844,"kick_net",0.0457,3.05,1,1.30357501201927,-0.320574618997816,1,0.123208886166039,25.9621503352323
"4623",10381,"Riedgrabe","Inflow","Gastropoda","Physidae",3,"3",2149,66948.0040001844,"kick_net",0.0457,3.05,1,1.30357501201927,-0.320574618997816,1,0.123208886166039,25.9621503352323
"4624",10382,"Riedgrabe","Inflow","Gastropoda","Physidae",6,"3",2149,66948.0040001844,"kick_net",0.0457,3.05,1,10.7963638843173,-0.320574618997816,1,0.123208886166039,25.9621503352323
"4625",10383,"Riedgrabe","Inflow","Gastropoda","Physidae",7,"3",2149,66948.0040001844,"kick_net",0.0457,3.05,1,17.27687623396,-0.320574618997816,1,0.123208886166039,25.9621503352323
"4626",10384,"Riedgrabe","Inflow","Gastropoda","Physidae",7,"3",2149,66948.0040001844,"kick_net",0.0457,3.05,1,17.27687623396,-0.320574618997816,1,0.123208886166039,25.9621503352323
"4627",10385,"Riedgrabe","Inflow","Amphipoda","Gammaridae",5,"3",2149,66948.0040001844,"kick_net",0.00845,2.8705,1,0.857531547980516,-0.320574618997816,1,0.123208886166039,25.9621503352323
"4628",10386,"Riedgrabe","Inflow","Amphipoda","Gammaridae",6,"3",2149,66948.0040001844,"kick_net",0.00845,2.8705,1,1.44723771988851,-0.320574618997816,1,0.123208886166039,25.9621503352323
"4629",10388,"Riedgrabe","Inflow","Ephemeroptera","Baetidae",4,"3",2149,66948.0040001844,"kick_net",0.005,2.875,1,0.269086852881189,-0.320574618997816,1,0.123208886166039,25.9621503352323
"4630",10389,"Riedgrabe","Inflow","Coleoptera","Elmidae",6,"3",2149,66948.0040001844,"kick_net",0.007,2.88,1,1.21947707700094,-0.320574618997816,1,0.123208886166039,25.9621503352323
"4631",10390,"Riedgrabe","Inflow","Trichoptera","Hydropsychidae",4,"3",2149,66948.0040001844,"kick_net",0.005,2.926,1,0.288800232787978,-0.320574618997816,1,0.123208886166039,25.9621503352323
"4632",10391,"Riedgrabe","Inflow","Trichoptera","Hydropsychidae",7,"3",2149,66948.0040001844,"kick_net",0.005,2.926,1,1.4850014216404,-0.320574618997816,1,0.123208886166039,25.9621503352323
"4633",10392,"Riedgrabe","Inflow","Diptera","Ceratopogonidae",8,"3",2149,66948.0040001844,"kick_net",0.003,2.47,1,0.510215352613061,-0.320574618997816,1,0.123208886166039,25.9621503352323
"4634",10393,"Riedgrabe","Inflow","Diptera","Ceratopogonidae",9,"3",2149,66948.0040001844,"kick_net",0.003,2.47,1,0.682496224167549,-0.320574618997816,1,0.123208886166039,25.9621503352323
"4635",10442,"Riedgrabe","Inflow","Diptera","Chironomidae",5,"3",2149,66948.0040001844,"kick_net",0.002,2.62,1,0.135622394240555,-0.320574618997816,1,0.123208886166039,25.9621503352323
"4636",10443,"Riedgrabe","Inflow","Diptera","Chironomidae",5,"3",2149,66948.0040001844,"kick_net",0.002,2.62,1,0.135622394240555,-0.320574618997816,1,0.123208886166039,25.9621503352323
"4637",10444,"Riedgrabe","Inflow","Diptera","Chironomidae",5,"3",2149,66948.0040001844,"kick_net",0.002,2.62,1,0.135622394240555,-0.320574618997816,1,0.123208886166039,25.9621503352323
"4638",10445,"Riedgrabe","Inflow","Diptera","Chironomidae",5,"3",2149,66948.0040001844,"kick_net",0.002,2.62,1,0.135622394240555,-0.320574618997816,1,0.123208886166039,25.9621503352323
"4639",10446,"Riedgrabe","Inflow","Diptera","Chironomidae",6,"3",2149,66948.0040001844,"kick_net",0.002,2.62,1,0.218668523080522,-0.320574618997816,1,0.123208886166039,25.9621503352323
"4640",10447,"Riedgrabe","Inflow","Diptera","Chironomidae",6,"3",2149,66948.0040001844,"kick_net",0.002,2.62,1,0.218668523080522,-0.320574618997816,1,0.123208886166039,25.9621503352323
"4641",10448,"Riedgrabe","Inflow","Diptera","Chironomidae",6,"3",2149,66948.0040001844,"kick_net",0.002,2.62,1,0.218668523080522,-0.320574618997816,1,0.123208886166039,25.9621503352323
"4642",10449,"Riedgrabe","Inflow","Diptera","Tipulidae",7,"3",2149,66948.0040001844,"kick_net",0.003,2.68,1,0.55205710285967,-0.320574618997816,1,0.123208886166039,25.9621503352323
"4643",10450,"Riedgrabe","Inflow","Diptera","Tipulidae",12,"3",2149,66948.0040001844,"kick_net",0.003,2.68,1,2.34059888671561,-0.320574618997816,1,0.123208886166039,25.9621503352323
"4644",10451,"Riedgrabe","Inflow","Diptera","Tipulidae",13,"3",2149,66948.0040001844,"kick_net",0.003,2.68,1,2.90061066128767,-0.320574618997816,1,0.123208886166039,25.9621503352323
"4645",10452,"Riedgrabe","Inflow","Diptera","Tipulidae",13,"3",2149,66948.0040001844,"kick_net",0.003,2.68,1,2.90061066128767,-0.320574618997816,1,0.123208886166039,25.9621503352323
"4646",10453,"Riedgrabe","Inflow","Diptera","Tipulidae",15,"3",2149,66948.0040001844,"kick_net",0.003,2.68,1,4.2564332683842,-0.320574618997816,1,0.123208886166039,25.9621503352323
"4647",10454,"Riedgrabe","Inflow","Diptera","Tipulidae",15,"3",2149,66948.0040001844,"kick_net",0.003,2.68,1,4.2564332683842,-0.320574618997816,1,0.123208886166039,25.9621503352323
"4648",10455,"Riedgrabe","Inflow","Diptera","Tipulidae",16,"3",2149,66948.0040001844,"kick_net",0.003,2.68,1,5.06014321009197,-0.320574618997816,1,0.123208886166039,25.9621503352323
"4649",10456,"Riedgrabe","Inflow","Diptera","Tipulidae",17,"3",2149,66948.0040001844,"kick_net",0.003,2.68,1,5.95284211415953,-0.320574618997816,1,0.123208886166039,25.9621503352323
"4650",10457,"Riedgrabe","Inflow","Diptera","Tipulidae",18,"3",2149,66948.0040001844,"kick_net",0.003,2.68,1,6.93827594570581,-0.320574618997816,1,0.123208886166039,25.9621503352323
"4651",10458,"Riedgrabe","Inflow","Diptera","Tipulidae",18,"3",2149,66948.0040001844,"kick_net",0.003,2.68,1,6.93827594570581,-0.320574618997816,1,0.123208886166039,25.9621503352323
"4652",10459,"Riedgrabe","Inflow","Diptera","Tipulidae",19,"3",2149,66948.0040001844,"kick_net",0.003,2.68,1,8.02012071773687,-0.320574618997816,1,0.123208886166039,25.9621503352323
"4653",10460,"Riedgrabe","Inflow","Diptera","Tipulidae",19,"3",2149,66948.0040001844,"kick_net",0.003,2.68,1,8.02012071773687,-0.320574618997816,1,0.123208886166039,25.9621503352323
"4654",10461,"Riedgrabe","Inflow","Diptera","Tipulidae",19,"3",2149,66948.0040001844,"kick_net",0.003,2.68,1,8.02012071773687,-0.320574618997816,1,0.123208886166039,25.9621503352323
"4655",10462,"Riedgrabe","Inflow","Diptera","Tipulidae",20,"3",2149,66948.0040001844,"kick_net",0.003,2.68,1,9.20198758722253,-0.320574618997816,1,0.123208886166039,25.9621503352323
"4656",10463,"Riedgrabe","Inflow","Diptera","Tipulidae",20,"3",2149,66948.0040001844,"kick_net",0.003,2.68,1,9.20198758722253,-0.320574618997816,1,0.123208886166039,25.9621503352323
"4657",10464,"Riedgrabe","Inflow","Hirudinea","Glossiphoniidae",5,"3",2149,66948.0040001844,"kick_net",-2.12,2,2,3.00079071278642,-0.320574618997816,1,0.123208886166039,25.9621503352323
"4658",10465,"Riedgrabe","Inflow","Gastropoda","Physidae",2,"3",2149,66948.0040001844,"kick_net",0.0457,3.05,1,0.378492856156408,-0.320574618997816,1,0.123208886166039,25.9621503352323
"4659",10466,"Riedgrabe","Inflow","Gastropoda","Physidae",3,"3",2149,66948.0040001844,"kick_net",0.0457,3.05,1,1.30357501201927,-0.320574618997816,1,0.123208886166039,25.9621503352323
"4660",10467,"Riedgrabe","Inflow","Gastropoda","Physidae",3,"3",2149,66948.0040001844,"kick_net",0.0457,3.05,1,1.30357501201927,-0.320574618997816,1,0.123208886166039,25.9621503352323
"4661",10468,"Riedgrabe","Inflow","Gastropoda","Physidae",4,"3",2149,66948.0040001844,"kick_net",0.0457,3.05,1,3.13472302322615,-0.320574618997816,1,0.123208886166039,25.9621503352323
"4662",10469,"Riedgrabe","Inflow","Gastropoda","Physidae",4,"3",2149,66948.0040001844,"kick_net",0.0457,3.05,1,3.13472302322615,-0.320574618997816,1,0.123208886166039,25.9621503352323
"4663",10470,"Riedgrabe","Inflow","Gastropoda","Physidae",4,"3",2149,66948.0040001844,"kick_net",0.0457,3.05,1,3.13472302322615,-0.320574618997816,1,0.123208886166039,25.9621503352323
"4664",10471,"Riedgrabe","Inflow","Gastropoda","Physidae",4,"3",2149,66948.0040001844,"kick_net",0.0457,3.05,1,3.13472302322615,-0.320574618997816,1,0.123208886166039,25.9621503352323
"4665",10472,"Riedgrabe","Inflow","Gastropoda","Physidae",5,"3",2149,66948.0040001844,"kick_net",0.0457,3.05,1,6.19119828422008,-0.320574618997816,1,0.123208886166039,25.9621503352323
"4666",10473,"Riedgrabe","Inflow","Gastropoda","Physidae",6,"3",2149,66948.0040001844,"kick_net",0.0457,3.05,1,10.7963638843173,-0.320574618997816,1,0.123208886166039,25.9621503352323
"4667",10474,"Riedgrabe","Inflow","Gastropoda","Physidae",6,"3",2149,66948.0040001844,"kick_net",0.0457,3.05,1,10.7963638843173,-0.320574618997816,1,0.123208886166039,25.9621503352323
"4668",10475,"Riedgrabe","Inflow","Gastropoda","Physidae",8,"3",2149,66948.0040001844,"kick_net",0.0457,3.05,1,25.9621503352323,-0.320574618997816,1,0.123208886166039,25.9621503352323
"4669",10476,"Riedgrabe","Inflow","Amphipoda","Gammaridae",4,"3",2149,66948.0040001844,"kick_net",0.00845,2.8705,1,0.451928691384938,-0.320574618997816,1,0.123208886166039,25.9621503352323
"4670",10485,"Riedgrabe","Inflow","Ephemeroptera","Baetidae",4,"3",2149,66948.0040001844,"kick_net",0.005,2.875,1,0.269086852881189,-0.320574618997816,1,0.123208886166039,25.9621503352323
"4671",10486,"Riedgrabe","Inflow","Ephemeroptera","Baetidae",4,"3",2149,66948.0040001844,"kick_net",0.005,2.875,1,0.269086852881189,-0.320574618997816,1,0.123208886166039,25.9621503352323
"4672",10487,"Riedgrabe","Inflow","Ephemeroptera","Baetidae",4,"3",2149,66948.0040001844,"kick_net",0.005,2.875,1,0.269086852881189,-0.320574618997816,1,0.123208886166039,25.9621503352323
"4673",10488,"Riedgrabe","Inflow","Ephemeroptera","Baetidae",4,"3",2149,66948.0040001844,"kick_net",0.005,2.875,1,0.269086852881189,-0.320574618997816,1,0.123208886166039,25.9621503352323
"4674",10489,"Riedgrabe","Inflow","Ephemeroptera","Baetidae",4,"3",2149,66948.0040001844,"kick_net",0.005,2.875,1,0.269086852881189,-0.320574618997816,1,0.123208886166039,25.9621503352323
"4675",10490,"Riedgrabe","Inflow","Ephemeroptera","Baetidae",4,"3",2149,66948.0040001844,"kick_net",0.005,2.875,1,0.269086852881189,-0.320574618997816,1,0.123208886166039,25.9621503352323
"4676",10491,"Riedgrabe","Inflow","Ephemeroptera","Baetidae",4,"3",2149,66948.0040001844,"kick_net",0.005,2.875,1,0.269086852881189,-0.320574618997816,1,0.123208886166039,25.9621503352323
"4677",10492,"Riedgrabe","Inflow","Ephemeroptera","Baetidae",5,"3",2149,66948.0040001844,"kick_net",0.005,2.875,1,0.511103396223714,-0.320574618997816,1,0.123208886166039,25.9621503352323
"4678",10493,"Riedgrabe","Inflow","Odonata","Cordulegastridae",10,"3",2149,66948.0040001844,"kick_net",0.007,2.782,1,4.2373861232774,-0.320574618997816,1,0.123208886166039,25.9621503352323
"4679",10494,"Riedgrabe","Inflow","Megaloptera","Sialidae",4,"3",2149,66948.0040001844,"kick_net",0.004,2.753,1,0.181773741893559,-0.320574618997816,1,0.123208886166039,25.9621503352323
"4680",10495,"Riedgrabe","Inflow","Megaloptera","Sialidae",6,"3",2149,66948.0040001844,"kick_net",0.004,2.753,1,0.555022237163328,-0.320574618997816,1,0.123208886166039,25.9621503352323
"4681",10496,"Riedgrabe","Inflow","Megaloptera","Sialidae",7,"3",2149,66948.0040001844,"kick_net",0.004,2.753,1,0.848427809971585,-0.320574618997816,1,0.123208886166039,25.9621503352323
"4682",10497,"Riedgrabe","Inflow","Megaloptera","Sialidae",7,"3",2149,66948.0040001844,"kick_net",0.004,2.753,1,0.848427809971585,-0.320574618997816,1,0.123208886166039,25.9621503352323
"4683",10528,"Riedgrabe","Inflow","Diptera","Chironomidae",5,"3",2149,66948.0040001844,"kick_net",0.002,2.62,1,0.135622394240555,-0.320574618997816,1,0.123208886166039,25.9621503352323
"4684",10529,"Riedgrabe","Inflow","Diptera","Chironomidae",5,"3",2149,66948.0040001844,"kick_net",0.002,2.62,1,0.135622394240555,-0.320574618997816,1,0.123208886166039,25.9621503352323
"4685",10530,"Riedgrabe","Inflow","Diptera","Chironomidae",5,"3",2149,66948.0040001844,"kick_net",0.002,2.62,1,0.135622394240555,-0.320574618997816,1,0.123208886166039,25.9621503352323
"4686",10531,"Riedgrabe","Inflow","Diptera","Chironomidae",6,"3",2149,66948.0040001844,"kick_net",0.002,2.62,1,0.218668523080522,-0.320574618997816,1,0.123208886166039,25.9621503352323
"4687",10532,"Riedgrabe","Inflow","Diptera","Chironomidae",6,"3",2149,66948.0040001844,"kick_net",0.002,2.62,1,0.218668523080522,-0.320574618997816,1,0.123208886166039,25.9621503352323
"4688",10533,"Riedgrabe","Inflow","Diptera","Chironomidae",6,"3",2149,66948.0040001844,"kick_net",0.002,2.62,1,0.218668523080522,-0.320574618997816,1,0.123208886166039,25.9621503352323
"4689",10534,"Riedgrabe","Inflow","Diptera","Chironomidae",6,"3",2149,66948.0040001844,"kick_net",0.002,2.62,1,0.218668523080522,-0.320574618997816,1,0.123208886166039,25.9621503352323
"4690",10535,"Riedgrabe","Inflow","Diptera","Chironomidae",6,"3",2149,66948.0040001844,"kick_net",0.002,2.62,1,0.218668523080522,-0.320574618997816,1,0.123208886166039,25.9621503352323
"4691",10536,"Riedgrabe","Inflow","Diptera","Chironomidae",6,"3",2149,66948.0040001844,"kick_net",0.002,2.62,1,0.218668523080522,-0.320574618997816,1,0.123208886166039,25.9621503352323
"4692",10537,"Riedgrabe","Inflow","Diptera","Chironomidae",6,"3",2149,66948.0040001844,"kick_net",0.002,2.62,1,0.218668523080522,-0.320574618997816,1,0.123208886166039,25.9621503352323
"4693",10538,"Riedgrabe","Inflow","Diptera","Chironomidae",7,"3",2149,66948.0040001844,"kick_net",0.002,2.62,1,0.327481567511863,-0.320574618997816,1,0.123208886166039,25.9621503352323
"4694",10539,"Riedgrabe","Inflow","Diptera","Chironomidae",7,"3",2149,66948.0040001844,"kick_net",0.002,2.62,1,0.327481567511863,-0.320574618997816,1,0.123208886166039,25.9621503352323
"4695",10540,"Riedgrabe","Inflow","Diptera","Chironomidae",7,"3",2149,66948.0040001844,"kick_net",0.002,2.62,1,0.327481567511863,-0.320574618997816,1,0.123208886166039,25.9621503352323
"4696",10541,"Riedgrabe","Inflow","Diptera","Chironomidae",7,"3",2149,66948.0040001844,"kick_net",0.002,2.62,1,0.327481567511863,-0.320574618997816,1,0.123208886166039,25.9621503352323
"4697",10542,"Riedgrabe","Inflow","Diptera","Chironomidae",7,"3",2149,66948.0040001844,"kick_net",0.002,2.62,1,0.327481567511863,-0.320574618997816,1,0.123208886166039,25.9621503352323
"4698",10543,"Riedgrabe","Inflow","Diptera","Chironomidae",7,"3",2149,66948.0040001844,"kick_net",0.002,2.62,1,0.327481567511863,-0.320574618997816,1,0.123208886166039,25.9621503352323
"4699",10544,"Riedgrabe","Inflow","Diptera","Chironomidae",7,"3",2149,66948.0040001844,"kick_net",0.002,2.62,1,0.327481567511863,-0.320574618997816,1,0.123208886166039,25.9621503352323
"4700",10545,"Riedgrabe","Inflow","Diptera","Chironomidae",7,"3",2149,66948.0040001844,"kick_net",0.002,2.62,1,0.327481567511863,-0.320574618997816,1,0.123208886166039,25.9621503352323
"4701",10546,"Riedgrabe","Inflow","Diptera","Chironomidae",7,"3",2149,66948.0040001844,"kick_net",0.002,2.62,1,0.327481567511863,-0.320574618997816,1,0.123208886166039,25.9621503352323
"4702",10547,"Riedgrabe","Inflow","Diptera","Chironomidae",7,"3",2149,66948.0040001844,"kick_net",0.002,2.62,1,0.327481567511863,-0.320574618997816,1,0.123208886166039,25.9621503352323
"4703",10548,"Riedgrabe","Inflow","Diptera","Chironomidae",7,"3",2149,66948.0040001844,"kick_net",0.002,2.62,1,0.327481567511863,-0.320574618997816,1,0.123208886166039,25.9621503352323
"4704",10549,"Riedgrabe","Inflow","Diptera","Chironomidae",8,"3",2149,66948.0040001844,"kick_net",0.002,2.62,1,0.464649807522386,-0.320574618997816,1,0.123208886166039,25.9621503352323
"4705",10550,"Riedgrabe","Inflow","Diptera","Chironomidae",8,"3",2149,66948.0040001844,"kick_net",0.002,2.62,1,0.464649807522386,-0.320574618997816,1,0.123208886166039,25.9621503352323
"4706",10551,"Riedgrabe","Inflow","Diptera","Chironomidae",8,"3",2149,66948.0040001844,"kick_net",0.002,2.62,1,0.464649807522386,-0.320574618997816,1,0.123208886166039,25.9621503352323
"4707",10552,"Riedgrabe","Inflow","Diptera","Chironomidae",8,"3",2149,66948.0040001844,"kick_net",0.002,2.62,1,0.464649807522386,-0.320574618997816,1,0.123208886166039,25.9621503352323
"4708",10553,"Riedgrabe","Inflow","Diptera","Chironomidae",8,"3",2149,66948.0040001844,"kick_net",0.002,2.62,1,0.464649807522386,-0.320574618997816,1,0.123208886166039,25.9621503352323
"4709",10554,"Riedgrabe","Inflow","Diptera","Chironomidae",8,"3",2149,66948.0040001844,"kick_net",0.002,2.62,1,0.464649807522386,-0.320574618997816,1,0.123208886166039,25.9621503352323
"4710",10555,"Riedgrabe","Inflow","Diptera","Chironomidae",8,"3",2149,66948.0040001844,"kick_net",0.002,2.62,1,0.464649807522386,-0.320574618997816,1,0.123208886166039,25.9621503352323
"4711",10556,"Riedgrabe","Inflow","Diptera","Chironomidae",8,"3",2149,66948.0040001844,"kick_net",0.002,2.62,1,0.464649807522386,-0.320574618997816,1,0.123208886166039,25.9621503352323
"4712",10557,"Riedgrabe","Inflow","Diptera","Chironomidae",8,"3",2149,66948.0040001844,"kick_net",0.002,2.62,1,0.464649807522386,-0.320574618997816,1,0.123208886166039,25.9621503352323
"4713",10558,"Riedgrabe","Inflow","Diptera","Chironomidae",8,"3",2149,66948.0040001844,"kick_net",0.002,2.62,1,0.464649807522386,-0.320574618997816,1,0.123208886166039,25.9621503352323
"4714",10559,"Riedgrabe","Inflow","Diptera","Chironomidae",9,"3",2149,66948.0040001844,"kick_net",0.002,2.62,1,0.63262357257604,-0.320574618997816,1,0.123208886166039,25.9621503352323
"4715",10560,"Riedgrabe","Inflow","Diptera","Tipulidae",4,"3",2149,66948.0040001844,"kick_net",0.003,2.68,1,0.123208886166039,-0.320574618997816,1,0.123208886166039,25.9621503352323
"4716",10561,"Riedgrabe","Inflow","Diptera","Tipulidae",22,"3",2149,66948.0040001844,"kick_net",0.003,2.68,1,11.8799343127125,-0.320574618997816,1,0.123208886166039,25.9621503352323
"4717",10563,"Riedgrabe","Inflow","Gastropoda","Physidae",5,"3",2149,66948.0040001844,"kick_net",0.0457,3.05,1,6.19119828422008,-0.320574618997816,1,0.123208886166039,25.9621503352323
"4718",10564,"Riedgrabe","Inflow","Gastropoda","Physidae",6,"3",2149,66948.0040001844,"kick_net",0.0457,3.05,1,10.7963638843173,-0.320574618997816,1,0.123208886166039,25.9621503352323
"4719",10565,"Riedgrabe","Inflow","Gastropoda","Physidae",7,"3",2149,66948.0040001844,"kick_net",0.0457,3.05,1,17.27687623396,-0.320574618997816,1,0.123208886166039,25.9621503352323
"4720",10566,"Riedgrabe","Inflow","Gastropoda","Physidae",7,"3",2149,66948.0040001844,"kick_net",0.0457,3.05,1,17.27687623396,-0.320574618997816,1,0.123208886166039,25.9621503352323
"4721",10567,"Riedgrabe","Inflow","Gastropoda","Physidae",8,"3",2149,66948.0040001844,"kick_net",0.0457,3.05,1,25.9621503352323,-0.320574618997816,1,0.123208886166039,25.9621503352323
"4722",10568,"Riedgrabe","Inflow","Amphipoda","Gammaridae",8,"3",2149,66948.0040001844,"kick_net",0.00845,2.8705,1,3.30503845216443,-0.320574618997816,1,0.123208886166039,25.9621503352323
"4723",10569,"Riedgrabe","Inflow","Isopoda","Asellidae",5,"3",2149,66948.0040001844,"kick_net",0.0036,3.111,1,0.538019707775883,-0.320574618997816,1,0.123208886166039,25.9621503352323
"4724",10571,"Riedgrabe","Inflow","Ephemeroptera","Baetidae",5,"3",2149,66948.0040001844,"kick_net",0.005,2.875,1,0.511103396223714,-0.320574618997816,1,0.123208886166039,25.9621503352323
"4725",10572,"Riedgrabe","Inflow","Coleoptera","Elmidae",8,"3",2149,66948.0040001844,"kick_net",0.007,2.88,1,2.79252585350323,-0.320574618997816,1,0.123208886166039,25.9621503352323
"4726",10587,"Riedgrabe","Inflow","Diptera","Chironomidae",5,"3",2149,66948.0040001844,"kick_net",0.002,2.62,1,0.135622394240555,-0.320574618997816,1,0.123208886166039,25.9621503352323
"4727",10588,"Riedgrabe","Inflow","Diptera","Chironomidae",5,"3",2149,66948.0040001844,"kick_net",0.002,2.62,1,0.135622394240555,-0.320574618997816,1,0.123208886166039,25.9621503352323
"4728",10589,"Riedgrabe","Inflow","Diptera","Tipulidae",8,"3",2149,66948.0040001844,"kick_net",0.003,2.68,1,0.789591418871859,-0.320574618997816,1,0.123208886166039,25.9621503352323
"4729",10590,"Riedgrabe","Inflow","Diptera","Tipulidae",13,"3",2149,66948.0040001844,"kick_net",0.003,2.68,1,2.90061066128767,-0.320574618997816,1,0.123208886166039,25.9621503352323
"4730",10591,"Riedgrabe","Inflow","Diptera","Tipulidae",13,"3",2149,66948.0040001844,"kick_net",0.003,2.68,1,2.90061066128767,-0.320574618997816,1,0.123208886166039,25.9621503352323
"4731",10592,"Riedgrabe","Inflow","Diptera","Tipulidae",17,"3",2149,66948.0040001844,"kick_net",0.003,2.68,1,5.95284211415953,-0.320574618997816,1,0.123208886166039,25.9621503352323
"4732",10593,"Riedgrabe","Inflow","Diptera","Tipulidae",18,"3",2149,66948.0040001844,"kick_net",0.003,2.68,1,6.93827594570581,-0.320574618997816,1,0.123208886166039,25.9621503352323
"4733",10594,"Riedgrabe","Inflow","Diptera","Tipulidae",18,"3",2149,66948.0040001844,"kick_net",0.003,2.68,1,6.93827594570581,-0.320574618997816,1,0.123208886166039,25.9621503352323
"4734",10595,"Riedgrabe","Inflow","Diptera","Tipulidae",19,"3",2149,66948.0040001844,"kick_net",0.003,2.68,1,8.02012071773687,-0.320574618997816,1,0.123208886166039,25.9621503352323
"4735",10596,"Riedgrabe","Inflow","Diptera","Tipulidae",20,"3",2149,66948.0040001844,"kick_net",0.003,2.68,1,9.20198758722253,-0.320574618997816,1,0.123208886166039,25.9621503352323
"4736",10597,"Riedgrabe","Inflow","Diptera","Tipulidae",21,"3",2149,66948.0040001844,"kick_net",0.003,2.68,1,10.4874273322743,-0.320574618997816,1,0.123208886166039,25.9621503352323
"4737",10598,"Riedgrabe","Inflow","Diptera","Tipulidae",21,"3",2149,66948.0040001844,"kick_net",0.003,2.68,1,10.4874273322743,-0.320574618997816,1,0.123208886166039,25.9621503352323
"4738",10599,"Riedgrabe","Inflow","Diptera","Tipulidae",22,"3",2149,66948.0040001844,"kick_net",0.003,2.68,1,11.8799343127125,-0.320574618997816,1,0.123208886166039,25.9621503352323
"4739",10600,"Riedgrabe","Inflow","Diptera","Tipulidae",22,"3",2149,66948.0040001844,"kick_net",0.003,2.68,1,11.8799343127125,-0.320574618997816,1,0.123208886166039,25.9621503352323
"4740",10601,"Riedgrabe","Inflow","Diptera","Tipulidae",23,"3",2149,66948.0040001844,"kick_net",0.003,2.68,1,13.3829499953418,-0.320574618997816,1,0.123208886166039,25.9621503352323
"4741",10602,"Riedgrabe","Inflow","Diptera","Tipulidae",23,"3",2149,66948.0040001844,"kick_net",0.003,2.68,1,13.3829499953418,-0.320574618997816,1,0.123208886166039,25.9621503352323
"4742",10603,"Riedgrabe","Inflow","Diptera","Tipulidae",24,"3",2149,66948.0040001844,"kick_net",0.003,2.68,1,14.9998661093414,-0.320574618997816,1,0.123208886166039,25.9621503352323
"4743",10604,"Riedgrabe","Inflow","Diptera","Tipulidae",24,"3",2149,66948.0040001844,"kick_net",0.003,2.68,1,14.9998661093414,-0.320574618997816,1,0.123208886166039,25.9621503352323
"4744",10607,"Riedgrabe","Inflow","Gastropoda","Physidae",2,"3",2149,66948.0040001844,"kick_net",0.0457,3.05,1,0.378492856156408,-0.320574618997816,1,0.123208886166039,25.9621503352323
"4745",10608,"Riedgrabe","Inflow","Gastropoda","Physidae",3,"3",2149,66948.0040001844,"kick_net",0.0457,3.05,1,1.30357501201927,-0.320574618997816,1,0.123208886166039,25.9621503352323
"4746",10609,"Riedgrabe","Inflow","Gastropoda","Physidae",3,"3",2149,66948.0040001844,"kick_net",0.0457,3.05,1,1.30357501201927,-0.320574618997816,1,0.123208886166039,25.9621503352323
"4747",10610,"Riedgrabe","Inflow","Gastropoda","Physidae",4,"3",2149,66948.0040001844,"kick_net",0.0457,3.05,1,3.13472302322615,-0.320574618997816,1,0.123208886166039,25.9621503352323
"4748",10611,"Riedgrabe","Inflow","Gastropoda","Physidae",5,"3",2149,66948.0040001844,"kick_net",0.0457,3.05,1,6.19119828422008,-0.320574618997816,1,0.123208886166039,25.9621503352323
"4749",10612,"Riedgrabe","Inflow","Gastropoda","Physidae",5,"3",2149,66948.0040001844,"kick_net",0.0457,3.05,1,6.19119828422008,-0.320574618997816,1,0.123208886166039,25.9621503352323
"4750",10613,"Riedgrabe","Inflow","Gastropoda","Physidae",7,"3",2149,66948.0040001844,"kick_net",0.0457,3.05,1,17.27687623396,-0.320574618997816,1,0.123208886166039,25.9621503352323
"4751",10614,"Riedgrabe","Inflow","Odonata","Cordulegastridae",11,"3",2149,66948.0040001844,"kick_net",0.007,2.782,1,5.5239849938048,-0.320574618997816,1,0.123208886166039,25.9621503352323
"4752",10615,"Riedgrabe","Inflow","Megaloptera","Sialidae",7,"3",2149,66948.0040001844,"kick_net",0.004,2.753,1,0.848427809971585,-0.320574618997816,1,0.123208886166039,25.9621503352323
"4753",10616,"Riedgrabe","Inflow","Megaloptera","Sialidae",7,"3",2149,66948.0040001844,"kick_net",0.004,2.753,1,0.848427809971585,-0.320574618997816,1,0.123208886166039,25.9621503352323
"4754",10617,"Riedgrabe","Inflow","Megaloptera","Sialidae",8,"3",2149,66948.0040001844,"kick_net",0.004,2.753,1,1.22536853834825,-0.320574618997816,1,0.123208886166039,25.9621503352323
"4755",10618,"Riedgrabe","Inflow","Megaloptera","Sialidae",9,"3",2149,66948.0040001844,"kick_net",0.004,2.753,1,1.69468747541199,-0.320574618997816,1,0.123208886166039,25.9621503352323
"4756",10619,"Riedgrabe","Inflow","Megaloptera","Sialidae",9,"3",2149,66948.0040001844,"kick_net",0.004,2.753,1,1.69468747541199,-0.320574618997816,1,0.123208886166039,25.9621503352323
"4757",10620,"Riedgrabe","Inflow","Megaloptera","Sialidae",11,"3",2149,66948.0040001844,"kick_net",0.004,2.753,1,2.94451691546255,-0.320574618997816,1,0.123208886166039,25.9621503352323
"4758",10622,"Riedgrabe","Inflow","Diptera","Ceratopogonidae",5,"3",2149,66948.0040001844,"kick_net",0.003,2.47,1,0.159800143667961,-0.320574618997816,1,0.123208886166039,25.9621503352323
"4759",10638,"Riedgrabe","Inflow","Diptera","Chironomidae",5,"3",2149,66948.0040001844,"kick_net",0.002,2.62,1,0.135622394240555,-0.320574618997816,1,0.123208886166039,25.9621503352323
"4760",10639,"Riedgrabe","Inflow","Diptera","Chironomidae",5,"3",2149,66948.0040001844,"kick_net",0.002,2.62,1,0.135622394240555,-0.320574618997816,1,0.123208886166039,25.9621503352323
"4761",10640,"Riedgrabe","Inflow","Diptera","Chironomidae",5,"3",2149,66948.0040001844,"kick_net",0.002,2.62,1,0.135622394240555,-0.320574618997816,1,0.123208886166039,25.9621503352323
"4762",10641,"Riedgrabe","Inflow","Diptera","Chironomidae",5,"3",2149,66948.0040001844,"kick_net",0.002,2.62,1,0.135622394240555,-0.320574618997816,1,0.123208886166039,25.9621503352323
"4763",10642,"Riedgrabe","Inflow","Diptera","Chironomidae",5,"3",2149,66948.0040001844,"kick_net",0.002,2.62,1,0.135622394240555,-0.320574618997816,1,0.123208886166039,25.9621503352323
"4764",10643,"Riedgrabe","Inflow","Diptera","Chironomidae",5,"3",2149,66948.0040001844,"kick_net",0.002,2.62,1,0.135622394240555,-0.320574618997816,1,0.123208886166039,25.9621503352323
"4765",10644,"Riedgrabe","Inflow","Diptera","Chironomidae",6,"3",2149,66948.0040001844,"kick_net",0.002,2.62,1,0.218668523080522,-0.320574618997816,1,0.123208886166039,25.9621503352323
"4766",10645,"Riedgrabe","Inflow","Diptera","Chironomidae",6,"3",2149,66948.0040001844,"kick_net",0.002,2.62,1,0.218668523080522,-0.320574618997816,1,0.123208886166039,25.9621503352323
"4767",10646,"Riedgrabe","Inflow","Diptera","Chironomidae",6,"3",2149,66948.0040001844,"kick_net",0.002,2.62,1,0.218668523080522,-0.320574618997816,1,0.123208886166039,25.9621503352323
"4768",10647,"Riedgrabe","Inflow","Diptera","Chironomidae",6,"3",2149,66948.0040001844,"kick_net",0.002,2.62,1,0.218668523080522,-0.320574618997816,1,0.123208886166039,25.9621503352323
"4769",10648,"Riedgrabe","Inflow","Diptera","Chironomidae",6,"3",2149,66948.0040001844,"kick_net",0.002,2.62,1,0.218668523080522,-0.320574618997816,1,0.123208886166039,25.9621503352323
"4770",10649,"Riedgrabe","Inflow","Diptera","Chironomidae",6,"3",2149,66948.0040001844,"kick_net",0.002,2.62,1,0.218668523080522,-0.320574618997816,1,0.123208886166039,25.9621503352323
"4771",10650,"Riedgrabe","Inflow","Diptera","Chironomidae",7,"3",2149,66948.0040001844,"kick_net",0.002,2.62,1,0.327481567511863,-0.320574618997816,1,0.123208886166039,25.9621503352323
"4772",10651,"Riedgrabe","Inflow","Diptera","Chironomidae",7,"3",2149,66948.0040001844,"kick_net",0.002,2.62,1,0.327481567511863,-0.320574618997816,1,0.123208886166039,25.9621503352323
"4773",10652,"Riedgrabe","Inflow","Diptera","Tipulidae",10,"3",2149,66948.0040001844,"kick_net",0.003,2.68,1,1.43589027696792,-0.320574618997816,1,0.123208886166039,25.9621503352323
"4774",10653,"Riedgrabe","Inflow","Diptera","Tipulidae",13,"3",2149,66948.0040001844,"kick_net",0.003,2.68,1,2.90061066128767,-0.320574618997816,1,0.123208886166039,25.9621503352323
"4775",10654,"Riedgrabe","Inflow","Diptera","Tipulidae",16,"3",2149,66948.0040001844,"kick_net",0.003,2.68,1,5.06014321009197,-0.320574618997816,1,0.123208886166039,25.9621503352323
"4776",10657,"Riedgrabe","Pool","Ephemeroptera","Baetidae",4,"3",2149,66948.0040001844,"kick_net",0.005,2.875,1,0.269086852881189,-0.320574618997816,1,0.129786813413124,31.5097147569952
"4777",10658,"Riedgrabe","Pool","Ephemeroptera","Baetidae",4,"3",2149,66948.0040001844,"kick_net",0.005,2.875,1,0.269086852881189,-0.320574618997816,1,0.129786813413124,31.5097147569952
"4778",10659,"Riedgrabe","Pool","Ephemeroptera","Baetidae",4,"3",2149,66948.0040001844,"kick_net",0.005,2.875,1,0.269086852881189,-0.320574618997816,1,0.129786813413124,31.5097147569952
"4779",10660,"Riedgrabe","Pool","Megaloptera","Sialidae",7,"3",2149,66948.0040001844,"kick_net",0.004,2.753,1,0.848427809971585,-0.320574618997816,1,0.129786813413124,31.5097147569952
"4780",10662,"Riedgrabe","Pool","Diptera","Chironomidae",5,"3",2149,66948.0040001844,"kick_net",0.002,2.62,1,0.135622394240555,-0.320574618997816,1,0.129786813413124,31.5097147569952
"4781",10663,"Riedgrabe","Pool","Diptera","Chironomidae",5,"3",2149,66948.0040001844,"kick_net",0.002,2.62,1,0.135622394240555,-0.320574618997816,1,0.129786813413124,31.5097147569952
"4782",10664,"Riedgrabe","Pool","Diptera","Chironomidae",5,"3",2149,66948.0040001844,"kick_net",0.002,2.62,1,0.135622394240555,-0.320574618997816,1,0.129786813413124,31.5097147569952
"4783",10665,"Riedgrabe","Pool","Diptera","Chironomidae",7,"3",2149,66948.0040001844,"kick_net",0.002,2.62,1,0.327481567511863,-0.320574618997816,1,0.129786813413124,31.5097147569952
"4784",10666,"Riedgrabe","Pool","Diptera","Chironomidae",8,"3",2149,66948.0040001844,"kick_net",0.002,2.62,1,0.464649807522386,-0.320574618997816,1,0.129786813413124,31.5097147569952
"4785",10667,"Riedgrabe","Pool","Amphipoda","Gammaridae",3,"3",2149,66948.0040001844,"kick_net",0.00845,2.8705,1,0.197894293315652,-0.320574618997816,1,0.129786813413124,31.5097147569952
"4786",10668,"Riedgrabe","Pool","Amphipoda","Gammaridae",4,"3",2149,66948.0040001844,"kick_net",0.00845,2.8705,1,0.451928691384938,-0.320574618997816,1,0.129786813413124,31.5097147569952
"4787",10669,"Riedgrabe","Pool","Amphipoda","Gammaridae",4,"3",2149,66948.0040001844,"kick_net",0.00845,2.8705,1,0.451928691384938,-0.320574618997816,1,0.129786813413124,31.5097147569952
"4788",10670,"Riedgrabe","Pool","Amphipoda","Gammaridae",5,"3",2149,66948.0040001844,"kick_net",0.00845,2.8705,1,0.857531547980516,-0.320574618997816,1,0.129786813413124,31.5097147569952
"4789",10671,"Riedgrabe","Pool","Amphipoda","Gammaridae",5,"3",2149,66948.0040001844,"kick_net",0.00845,2.8705,1,0.857531547980516,-0.320574618997816,1,0.129786813413124,31.5097147569952
"4790",10672,"Riedgrabe","Pool","Amphipoda","Gammaridae",6,"3",2149,66948.0040001844,"kick_net",0.00845,2.8705,1,1.44723771988851,-0.320574618997816,1,0.129786813413124,31.5097147569952
"4791",10680,"Riedgrabe","Pool","Isopoda","Asellidae",4,"3",2149,66948.0040001844,"kick_net",0.0036,3.111,1,0.268726894799263,-0.320574618997816,1,0.129786813413124,31.5097147569952
"4792",10681,"Riedgrabe","Pool","Isopoda","Asellidae",4,"3",2149,66948.0040001844,"kick_net",0.0036,3.111,1,0.268726894799263,-0.320574618997816,1,0.129786813413124,31.5097147569952
"4793",10682,"Riedgrabe","Pool","Isopoda","Asellidae",4,"3",2149,66948.0040001844,"kick_net",0.0036,3.111,1,0.268726894799263,-0.320574618997816,1,0.129786813413124,31.5097147569952
"4794",10683,"Riedgrabe","Pool","Isopoda","Asellidae",4,"3",2149,66948.0040001844,"kick_net",0.0036,3.111,1,0.268726894799263,-0.320574618997816,1,0.129786813413124,31.5097147569952
"4795",10684,"Riedgrabe","Pool","Isopoda","Asellidae",4,"3",2149,66948.0040001844,"kick_net",0.0036,3.111,1,0.268726894799263,-0.320574618997816,1,0.129786813413124,31.5097147569952
"4796",10685,"Riedgrabe","Pool","Isopoda","Asellidae",5,"3",2149,66948.0040001844,"kick_net",0.0036,3.111,1,0.538019707775883,-0.320574618997816,1,0.129786813413124,31.5097147569952
"4797",10686,"Riedgrabe","Pool","Isopoda","Asellidae",5,"3",2149,66948.0040001844,"kick_net",0.0036,3.111,1,0.538019707775883,-0.320574618997816,1,0.129786813413124,31.5097147569952
"4798",10690,"Riedgrabe","Pool","Ephemeroptera","Baetidae",4,"3",2149,66948.0040001844,"kick_net",0.005,2.875,1,0.269086852881189,-0.320574618997816,1,0.129786813413124,31.5097147569952
"4799",10691,"Riedgrabe","Pool","Ephemeroptera","Baetidae",4,"3",2149,66948.0040001844,"kick_net",0.005,2.875,1,0.269086852881189,-0.320574618997816,1,0.129786813413124,31.5097147569952
"4800",10692,"Riedgrabe","Pool","Ephemeroptera","Baetidae",4,"3",2149,66948.0040001844,"kick_net",0.005,2.875,1,0.269086852881189,-0.320574618997816,1,0.129786813413124,31.5097147569952
"4801",10693,"Riedgrabe","Pool","Ephemeroptera","Baetidae",5,"3",2149,66948.0040001844,"kick_net",0.005,2.875,1,0.511103396223714,-0.320574618997816,1,0.129786813413124,31.5097147569952
"4802",10694,"Riedgrabe","Pool","Odonata","Corduliidae",10,"3",2149,66948.0040001844,"kick_net",0.01,2.787,1,6.12350391724773,-0.320574618997816,1,0.129786813413124,31.5097147569952
"4803",10695,"Riedgrabe","Pool","Odonata","Corduliidae",14,"3",2149,66948.0040001844,"kick_net",0.01,2.787,1,15.6407954163937,-0.320574618997816,1,0.129786813413124,31.5097147569952
"4804",10696,"Riedgrabe","Pool","Odonata","Corduliidae",15,"3",2149,66948.0040001844,"kick_net",0.01,2.787,1,18.9568572168751,-0.320574618997816,1,0.129786813413124,31.5097147569952
"4805",10697,"Riedgrabe","Pool","Odonata","Corduliidae",18,"3",2149,66948.0040001844,"kick_net",0.01,2.787,1,31.5097147569952,-0.320574618997816,1,0.129786813413124,31.5097147569952
"4806",10698,"Riedgrabe","Pool","Megaloptera","Sialidae",4,"3",2149,66948.0040001844,"kick_net",0.004,2.753,1,0.181773741893559,-0.320574618997816,1,0.129786813413124,31.5097147569952
"4807",10699,"Riedgrabe","Pool","Megaloptera","Sialidae",4,"3",2149,66948.0040001844,"kick_net",0.004,2.753,1,0.181773741893559,-0.320574618997816,1,0.129786813413124,31.5097147569952
"4808",10700,"Riedgrabe","Pool","Megaloptera","Sialidae",5,"3",2149,66948.0040001844,"kick_net",0.004,2.753,1,0.335988500290284,-0.320574618997816,1,0.129786813413124,31.5097147569952
"4809",10701,"Riedgrabe","Pool","Megaloptera","Sialidae",6,"3",2149,66948.0040001844,"kick_net",0.004,2.753,1,0.555022237163328,-0.320574618997816,1,0.129786813413124,31.5097147569952
"4810",10702,"Riedgrabe","Pool","Megaloptera","Sialidae",8,"3",2149,66948.0040001844,"kick_net",0.004,2.753,1,1.22536853834825,-0.320574618997816,1,0.129786813413124,31.5097147569952
"4811",10703,"Riedgrabe","Pool","Diptera","Chironomidae",6,"3",2149,66948.0040001844,"kick_net",0.002,2.62,1,0.218668523080522,-0.320574618997816,1,0.129786813413124,31.5097147569952
"4812",10704,"Riedgrabe","Pool","Diptera","Chironomidae",6,"3",2149,66948.0040001844,"kick_net",0.002,2.62,1,0.218668523080522,-0.320574618997816,1,0.129786813413124,31.5097147569952
"4813",10705,"Riedgrabe","Pool","Diptera","Chironomidae",6,"3",2149,66948.0040001844,"kick_net",0.002,2.62,1,0.218668523080522,-0.320574618997816,1,0.129786813413124,31.5097147569952
"4814",10706,"Riedgrabe","Pool","Diptera","Chironomidae",7,"3",2149,66948.0040001844,"kick_net",0.002,2.62,1,0.327481567511863,-0.320574618997816,1,0.129786813413124,31.5097147569952
"4815",10707,"Riedgrabe","Pool","Diptera","Chironomidae",8,"3",2149,66948.0040001844,"kick_net",0.002,2.62,1,0.464649807522386,-0.320574618997816,1,0.129786813413124,31.5097147569952
"4816",10708,"Riedgrabe","Pool","Diptera","Chironomidae",9,"3",2149,66948.0040001844,"kick_net",0.002,2.62,1,0.63262357257604,-0.320574618997816,1,0.129786813413124,31.5097147569952
"4817",10709,"Riedgrabe","Pool","Diptera","Chironomidae",9,"3",2149,66948.0040001844,"kick_net",0.002,2.62,1,0.63262357257604,-0.320574618997816,1,0.129786813413124,31.5097147569952
"4818",10710,"Riedgrabe","Pool","Diptera","Chironomidae",10,"3",2149,66948.0040001844,"kick_net",0.002,2.62,1,0.833738766940671,-0.320574618997816,1,0.129786813413124,31.5097147569952
"4819",10711,"Riedgrabe","Pool","Diptera","Simuliidae",4,"3",2149,66948.0040001844,"kick_net",0.002,3.01,1,0.129786813413124,-0.320574618997816,1,0.129786813413124,31.5097147569952
"4820",10716,"Riedgrabe","Pool","Amphipoda","Gammaridae",3,"3",2149,66948.0040001844,"kick_net",0.00845,2.8705,1,0.197894293315652,-0.320574618997816,1,0.129786813413124,31.5097147569952
"4821",10717,"Riedgrabe","Pool","Amphipoda","Gammaridae",3,"3",2149,66948.0040001844,"kick_net",0.00845,2.8705,1,0.197894293315652,-0.320574618997816,1,0.129786813413124,31.5097147569952
"4822",10718,"Riedgrabe","Pool","Amphipoda","Gammaridae",3,"3",2149,66948.0040001844,"kick_net",0.00845,2.8705,1,0.197894293315652,-0.320574618997816,1,0.129786813413124,31.5097147569952
"4823",10719,"Riedgrabe","Pool","Amphipoda","Gammaridae",3,"3",2149,66948.0040001844,"kick_net",0.00845,2.8705,1,0.197894293315652,-0.320574618997816,1,0.129786813413124,31.5097147569952
"4824",10720,"Riedgrabe","Pool","Amphipoda","Gammaridae",3,"3",2149,66948.0040001844,"kick_net",0.00845,2.8705,1,0.197894293315652,-0.320574618997816,1,0.129786813413124,31.5097147569952
"4825",10721,"Riedgrabe","Pool","Amphipoda","Gammaridae",3,"3",2149,66948.0040001844,"kick_net",0.00845,2.8705,1,0.197894293315652,-0.320574618997816,1,0.129786813413124,31.5097147569952
"4826",10722,"Riedgrabe","Pool","Amphipoda","Gammaridae",3,"3",2149,66948.0040001844,"kick_net",0.00845,2.8705,1,0.197894293315652,-0.320574618997816,1,0.129786813413124,31.5097147569952
"4827",10723,"Riedgrabe","Pool","Amphipoda","Gammaridae",6,"3",2149,66948.0040001844,"kick_net",0.00845,2.8705,1,1.44723771988851,-0.320574618997816,1,0.129786813413124,31.5097147569952
"4828",10724,"Riedgrabe","Pool","Amphipoda","Gammaridae",6,"3",2149,66948.0040001844,"kick_net",0.00845,2.8705,1,1.44723771988851,-0.320574618997816,1,0.129786813413124,31.5097147569952
"4829",10740,"Riedgrabe","Pool","Isopoda","Asellidae",4,"3",2149,66948.0040001844,"kick_net",0.0036,3.111,1,0.268726894799263,-0.320574618997816,1,0.129786813413124,31.5097147569952
"4830",10741,"Riedgrabe","Pool","Isopoda","Asellidae",4,"3",2149,66948.0040001844,"kick_net",0.0036,3.111,1,0.268726894799263,-0.320574618997816,1,0.129786813413124,31.5097147569952
"4831",10742,"Riedgrabe","Pool","Isopoda","Asellidae",5,"3",2149,66948.0040001844,"kick_net",0.0036,3.111,1,0.538019707775883,-0.320574618997816,1,0.129786813413124,31.5097147569952
"4832",10743,"Riedgrabe","Pool","Isopoda","Asellidae",5,"3",2149,66948.0040001844,"kick_net",0.0036,3.111,1,0.538019707775883,-0.320574618997816,1,0.129786813413124,31.5097147569952
"4833",10754,"Riedgrabe","Pool","Ephemeroptera","Baetidae",4,"3",2149,66948.0040001844,"kick_net",0.005,2.875,1,0.269086852881189,-0.320574618997816,1,0.129786813413124,31.5097147569952
"4834",10755,"Riedgrabe","Pool","Ephemeroptera","Baetidae",4,"3",2149,66948.0040001844,"kick_net",0.005,2.875,1,0.269086852881189,-0.320574618997816,1,0.129786813413124,31.5097147569952
"4835",10756,"Riedgrabe","Pool","Ephemeroptera","Baetidae",4,"3",2149,66948.0040001844,"kick_net",0.005,2.875,1,0.269086852881189,-0.320574618997816,1,0.129786813413124,31.5097147569952
"4836",10757,"Riedgrabe","Pool","Ephemeroptera","Baetidae",4,"3",2149,66948.0040001844,"kick_net",0.005,2.875,1,0.269086852881189,-0.320574618997816,1,0.129786813413124,31.5097147569952
"4837",10758,"Riedgrabe","Pool","Ephemeroptera","Baetidae",4,"3",2149,66948.0040001844,"kick_net",0.005,2.875,1,0.269086852881189,-0.320574618997816,1,0.129786813413124,31.5097147569952
"4838",10759,"Riedgrabe","Pool","Ephemeroptera","Baetidae",4,"3",2149,66948.0040001844,"kick_net",0.005,2.875,1,0.269086852881189,-0.320574618997816,1,0.129786813413124,31.5097147569952
"4839",10760,"Riedgrabe","Pool","Ephemeroptera","Baetidae",5,"3",2149,66948.0040001844,"kick_net",0.005,2.875,1,0.511103396223714,-0.320574618997816,1,0.129786813413124,31.5097147569952
"4840",10761,"Riedgrabe","Pool","Ephemeroptera","Baetidae",5,"3",2149,66948.0040001844,"kick_net",0.005,2.875,1,0.511103396223714,-0.320574618997816,1,0.129786813413124,31.5097147569952
"4841",10762,"Riedgrabe","Pool","Ephemeroptera","Baetidae",5,"3",2149,66948.0040001844,"kick_net",0.005,2.875,1,0.511103396223714,-0.320574618997816,1,0.129786813413124,31.5097147569952
"4842",10763,"Riedgrabe","Pool","Ephemeroptera","Baetidae",5,"3",2149,66948.0040001844,"kick_net",0.005,2.875,1,0.511103396223714,-0.320574618997816,1,0.129786813413124,31.5097147569952
"4843",10764,"Riedgrabe","Pool","Ephemeroptera","Baetidae",5,"3",2149,66948.0040001844,"kick_net",0.005,2.875,1,0.511103396223714,-0.320574618997816,1,0.129786813413124,31.5097147569952
"4844",10765,"Riedgrabe","Pool","Ephemeroptera","Baetidae",5,"3",2149,66948.0040001844,"kick_net",0.005,2.875,1,0.511103396223714,-0.320574618997816,1,0.129786813413124,31.5097147569952
"4845",10766,"Riedgrabe","Pool","Ephemeroptera","Baetidae",6,"3",2149,66948.0040001844,"kick_net",0.005,2.875,1,0.863286300593756,-0.320574618997816,1,0.129786813413124,31.5097147569952
"4846",10767,"Riedgrabe","Pool","Ephemeroptera","Baetidae",7,"3",2149,66948.0040001844,"kick_net",0.005,2.875,1,1.34470453452202,-0.320574618997816,1,0.129786813413124,31.5097147569952
"4847",10768,"Riedgrabe","Pool","Ephemeroptera","Baetidae",8,"3",2149,66948.0040001844,"kick_net",0.005,2.875,1,1.97402985652216,-0.320574618997816,1,0.129786813413124,31.5097147569952
"4848",10769,"Riedgrabe","Pool","Odonata","Corduliidae",15,"3",2149,66948.0040001844,"kick_net",0.01,2.787,1,18.9568572168751,-0.320574618997816,1,0.129786813413124,31.5097147569952
"4849",10770,"Riedgrabe","Pool","Megaloptera","Sialidae",7,"3",2149,66948.0040001844,"kick_net",0.004,2.753,1,0.848427809971585,-0.320574618997816,1,0.129786813413124,31.5097147569952
"4850",10778,"Riedgrabe","Pool","Diptera","Chironomidae",5,"3",2149,66948.0040001844,"kick_net",0.002,2.62,1,0.135622394240555,-0.320574618997816,1,0.129786813413124,31.5097147569952
"4851",10779,"Riedgrabe","Pool","Diptera","Chironomidae",5,"3",2149,66948.0040001844,"kick_net",0.002,2.62,1,0.135622394240555,-0.320574618997816,1,0.129786813413124,31.5097147569952
"4852",10780,"Riedgrabe","Pool","Diptera","Chironomidae",5,"3",2149,66948.0040001844,"kick_net",0.002,2.62,1,0.135622394240555,-0.320574618997816,1,0.129786813413124,31.5097147569952
"4853",10781,"Riedgrabe","Pool","Diptera","Chironomidae",5,"3",2149,66948.0040001844,"kick_net",0.002,2.62,1,0.135622394240555,-0.320574618997816,1,0.129786813413124,31.5097147569952
"4854",10782,"Riedgrabe","Pool","Diptera","Chironomidae",5,"3",2149,66948.0040001844,"kick_net",0.002,2.62,1,0.135622394240555,-0.320574618997816,1,0.129786813413124,31.5097147569952
"4855",10783,"Riedgrabe","Pool","Diptera","Chironomidae",5,"3",2149,66948.0040001844,"kick_net",0.002,2.62,1,0.135622394240555,-0.320574618997816,1,0.129786813413124,31.5097147569952
"4856",10784,"Riedgrabe","Pool","Diptera","Chironomidae",6,"3",2149,66948.0040001844,"kick_net",0.002,2.62,1,0.218668523080522,-0.320574618997816,1,0.129786813413124,31.5097147569952
"4857",10789,"Riedgrabe","Pool","Ephemeroptera","Baetidae",4,"3",2149,66948.0040001844,"kick_net",0.005,2.875,1,0.269086852881189,-0.320574618997816,1,0.129786813413124,31.5097147569952
"4858",10790,"Riedgrabe","Pool","Ephemeroptera","Baetidae",4,"3",2149,66948.0040001844,"kick_net",0.005,2.875,1,0.269086852881189,-0.320574618997816,1,0.129786813413124,31.5097147569952
"4859",10791,"Riedgrabe","Pool","Ephemeroptera","Baetidae",5,"3",2149,66948.0040001844,"kick_net",0.005,2.875,1,0.511103396223714,-0.320574618997816,1,0.129786813413124,31.5097147569952
"4860",10792,"Riedgrabe","Pool","Ephemeroptera","Baetidae",5,"3",2149,66948.0040001844,"kick_net",0.005,2.875,1,0.511103396223714,-0.320574618997816,1,0.129786813413124,31.5097147569952
"4861",10793,"Riedgrabe","Pool","Diptera","Ceratopogonidae",5,"3",2149,66948.0040001844,"kick_net",0.003,2.47,1,0.159800143667961,-0.320574618997816,1,0.129786813413124,31.5097147569952
"4862",10794,"Riedgrabe","Pool","Diptera","Ceratopogonidae",6,"3",2149,66948.0040001844,"kick_net",0.003,2.47,1,0.25070029394521,-0.320574618997816,1,0.129786813413124,31.5097147569952
"4863",10803,"Riedgrabe","Pool","Diptera","Chironomidae",5,"3",2149,66948.0040001844,"kick_net",0.002,2.62,1,0.135622394240555,-0.320574618997816,1,0.129786813413124,31.5097147569952
"4864",10804,"Riedgrabe","Pool","Diptera","Chironomidae",6,"3",2149,66948.0040001844,"kick_net",0.002,2.62,1,0.218668523080522,-0.320574618997816,1,0.129786813413124,31.5097147569952
"4865",10805,"Riedgrabe","Pool","Diptera","Chironomidae",6,"3",2149,66948.0040001844,"kick_net",0.002,2.62,1,0.218668523080522,-0.320574618997816,1,0.129786813413124,31.5097147569952
"4866",10876,"Riedgrabe","Outflow","Megaloptera","Sialidae",9,"3",2149,66948.0040001844,"kick_net",0.004,2.753,1,1.69468747541199,-0.320574618997816,1,1.69468747541199,222.341865040778
"4867",10881,"Riedgrabe","Outflow","Hirudinea","Glossiphoniidae",5,"3",2149,66948.0040001844,"kick_net",-2.12,2,2,3.00079071278642,-0.320574618997816,1,1.69468747541199,222.341865040778
"4868",10882,"Riedgrabe","Outflow","Hirudinea","Glossiphoniidae",6,"3",2149,66948.0040001844,"kick_net",-2.12,2,2,4.32113862641244,-0.320574618997816,1,1.69468747541199,222.341865040778
"4869",10951,"Riedgrabe","Outflow","Isopoda","Asellidae",8,"3",2149,66948.0040001844,"kick_net",0.0036,3.111,1,2.32174997903905,-0.320574618997816,1,1.69468747541199,222.341865040778
"4870",11033,"Riedgrabe","Outflow","Odonata","Aeshnidae",15,"3",2149,66948.0040001844,"kick_net",0.008,2.813,1,16.2717663209831,-0.320574618997816,1,1.69468747541199,222.341865040778
"4871",11034,"Riedgrabe","Outflow","Odonata","Aeshnidae",38,"3",2149,66948.0040001844,"kick_net",0.008,2.813,1,222.341865040778,-0.320574618997816,1,1.69468747541199,222.341865040778
"4872",11048,"Riedgrabe","Outflow","Gastropoda","Planorbidae",5,"3",2149,66948.0040001844,"kick_net",-3.319,3.1403,2,5.66959607608761,-0.320574618997816,1,1.69468747541199,222.341865040778
"4873",11082,"Coruz","Control","Amphipoda","Gammaridae",7,"1",511,85355.282836696,"kick_net",0.00845,2.8705,1,2.25273772956822,-0.0461898950940931,1,1.56288942997561,69.5397336881361
"4874",11083,"Coruz","Control","Amphipoda","Gammaridae",7,"1",511,85355.282836696,"kick_net",0.00845,2.8705,1,2.25273772956822,-0.0461898950940931,1,1.56288942997561,69.5397336881361
"4875",11084,"Coruz","Control","Amphipoda","Gammaridae",7,"1",511,85355.282836696,"kick_net",0.00845,2.8705,1,2.25273772956822,-0.0461898950940931,1,1.56288942997561,69.5397336881361
"4876",11085,"Coruz","Control","Amphipoda","Gammaridae",8,"1",511,85355.282836696,"kick_net",0.00845,2.8705,1,3.30503845216443,-0.0461898950940931,1,1.56288942997561,69.5397336881361
"4877",11086,"Coruz","Control","Amphipoda","Gammaridae",8,"1",511,85355.282836696,"kick_net",0.00845,2.8705,1,3.30503845216443,-0.0461898950940931,1,1.56288942997561,69.5397336881361
"4878",11087,"Coruz","Control","Amphipoda","Gammaridae",9,"1",511,85355.282836696,"kick_net",0.00845,2.8705,1,4.6345741215268,-0.0461898950940931,1,1.56288942997561,69.5397336881361
"4879",11094,"Coruz","Control","Ephemeroptera","Heptageniidae",9,"1",511,85355.282836696,"kick_net",0.011,2.754,1,4.67064174000662,-0.0461898950940931,1,1.56288942997561,69.5397336881361
"4880",11142,"Coruz","Control","Amphipoda","Gammaridae",7,"1",511,85355.282836696,"kick_net",0.00845,2.8705,1,2.25273772956822,-0.0461898950940931,1,1.56288942997561,69.5397336881361
"4881",11143,"Coruz","Control","Amphipoda","Gammaridae",8,"1",511,85355.282836696,"kick_net",0.00845,2.8705,1,3.30503845216443,-0.0461898950940931,1,1.56288942997561,69.5397336881361
"4882",11144,"Coruz","Control","Amphipoda","Gammaridae",8,"1",511,85355.282836696,"kick_net",0.00845,2.8705,1,3.30503845216443,-0.0461898950940931,1,1.56288942997561,69.5397336881361
"4883",11145,"Coruz","Control","Amphipoda","Gammaridae",8,"1",511,85355.282836696,"kick_net",0.00845,2.8705,1,3.30503845216443,-0.0461898950940931,1,1.56288942997561,69.5397336881361
"4884",11146,"Coruz","Control","Amphipoda","Gammaridae",8,"1",511,85355.282836696,"kick_net",0.00845,2.8705,1,3.30503845216443,-0.0461898950940931,1,1.56288942997561,69.5397336881361
"4885",11147,"Coruz","Control","Amphipoda","Gammaridae",8,"1",511,85355.282836696,"kick_net",0.00845,2.8705,1,3.30503845216443,-0.0461898950940931,1,1.56288942997561,69.5397336881361
"4886",11148,"Coruz","Control","Ephemeroptera","Ephemeridae",10,"1",511,85355.282836696,"kick_net",0.003,2.764,1,1.74229325256394,-0.0461898950940931,1,1.56288942997561,69.5397336881361
"4887",11152,"Coruz","Control","Odonata","Calopterygidae",22,"1",511,85355.282836696,"kick_net",0.005,2.742,1,23.9824194872973,-0.0461898950940931,1,1.56288942997561,69.5397336881361
"4888",11154,"Coruz","Control","Trichoptera","Limnephilidae",19,"1",511,85355.282836696,"kick_net",0.004,2.93,1,22.3258520349897,-0.0461898950940931,1,1.56288942997561,69.5397336881361
"4889",11155,"Coruz","Control","Trichoptera","Limnephilidae",28,"1",511,85355.282836696,"kick_net",0.004,2.93,1,69.5397336881361,-0.0461898950940931,1,1.56288942997561,69.5397336881361
"4890",11157,"Coruz","Control","Trichoptera","Psychomyiidae",8,"1",511,85355.282836696,"kick_net",0.004,2.87,1,1.56288942997561,-0.0461898950940931,1,1.56288942997561,69.5397336881361
"4891",11158,"Coruz","Control","Trichoptera","Psychomyiidae",8,"1",511,85355.282836696,"kick_net",0.004,2.87,1,1.56288942997561,-0.0461898950940931,1,1.56288942997561,69.5397336881361
"4892",11159,"Coruz","Control","Trichoptera","Psychomyiidae",9,"1",511,85355.282836696,"kick_net",0.004,2.87,1,2.19147233953487,-0.0461898950940931,1,1.56288942997561,69.5397336881361
"4893",11160,"Coruz","Control","Trichoptera","Rhyacophilidae",8,"1",511,85355.282836696,"kick_net",0.01,2.48,1,1.73645353913302,-0.0461898950940931,1,1.56288942997561,69.5397336881361
"4894",11195,"Coruz","Control","Diptera","Chironomidae",14,"1",511,85355.282836696,"kick_net",0.002,2.62,1,2.01319317375311,-0.0461898950940931,1,1.56288942997561,69.5397336881361
"4895",11196,"Coruz","Control","Diptera","Chironomidae",14,"1",511,85355.282836696,"kick_net",0.002,2.62,1,2.01319317375311,-0.0461898950940931,1,1.56288942997561,69.5397336881361
"4896",11215,"Coruz","Control","Amphipoda","Gammaridae",7,"1",511,85355.282836696,"kick_net",0.00845,2.8705,1,2.25273772956822,-0.0461898950940931,1,1.56288942997561,69.5397336881361
"4897",11216,"Coruz","Control","Amphipoda","Gammaridae",7,"1",511,85355.282836696,"kick_net",0.00845,2.8705,1,2.25273772956822,-0.0461898950940931,1,1.56288942997561,69.5397336881361
"4898",11217,"Coruz","Control","Amphipoda","Gammaridae",8,"1",511,85355.282836696,"kick_net",0.00845,2.8705,1,3.30503845216443,-0.0461898950940931,1,1.56288942997561,69.5397336881361
"4899",11218,"Coruz","Control","Amphipoda","Gammaridae",8,"1",511,85355.282836696,"kick_net",0.00845,2.8705,1,3.30503845216443,-0.0461898950940931,1,1.56288942997561,69.5397336881361
"4900",11219,"Coruz","Control","Amphipoda","Gammaridae",8,"1",511,85355.282836696,"kick_net",0.00845,2.8705,1,3.30503845216443,-0.0461898950940931,1,1.56288942997561,69.5397336881361
"4901",11220,"Coruz","Control","Amphipoda","Gammaridae",8,"1",511,85355.282836696,"kick_net",0.00845,2.8705,1,3.30503845216443,-0.0461898950940931,1,1.56288942997561,69.5397336881361
"4902",11221,"Coruz","Control","Amphipoda","Gammaridae",8,"1",511,85355.282836696,"kick_net",0.00845,2.8705,1,3.30503845216443,-0.0461898950940931,1,1.56288942997561,69.5397336881361
"4903",11222,"Coruz","Control","Amphipoda","Gammaridae",9,"1",511,85355.282836696,"kick_net",0.00845,2.8705,1,4.6345741215268,-0.0461898950940931,1,1.56288942997561,69.5397336881361
"4904",11228,"Coruz","Control","Ephemeroptera","Heptageniidae",7,"1",511,85355.282836696,"kick_net",0.011,2.754,1,2.33772104943919,-0.0461898950940931,1,1.56288942997561,69.5397336881361
"4905",11273,"Coruz","Control","Amphipoda","Gammaridae",7,"1",511,85355.282836696,"kick_net",0.00845,2.8705,1,2.25273772956822,-0.0461898950940931,1,1.56288942997561,69.5397336881361
"4906",11274,"Coruz","Control","Amphipoda","Gammaridae",7,"1",511,85355.282836696,"kick_net",0.00845,2.8705,1,2.25273772956822,-0.0461898950940931,1,1.56288942997561,69.5397336881361
"4907",11275,"Coruz","Control","Amphipoda","Gammaridae",7,"1",511,85355.282836696,"kick_net",0.00845,2.8705,1,2.25273772956822,-0.0461898950940931,1,1.56288942997561,69.5397336881361
"4908",11276,"Coruz","Control","Amphipoda","Gammaridae",7,"1",511,85355.282836696,"kick_net",0.00845,2.8705,1,2.25273772956822,-0.0461898950940931,1,1.56288942997561,69.5397336881361
"4909",11277,"Coruz","Control","Amphipoda","Gammaridae",7,"1",511,85355.282836696,"kick_net",0.00845,2.8705,1,2.25273772956822,-0.0461898950940931,1,1.56288942997561,69.5397336881361
"4910",11278,"Coruz","Control","Amphipoda","Gammaridae",7,"1",511,85355.282836696,"kick_net",0.00845,2.8705,1,2.25273772956822,-0.0461898950940931,1,1.56288942997561,69.5397336881361
"4911",11279,"Coruz","Control","Amphipoda","Gammaridae",7,"1",511,85355.282836696,"kick_net",0.00845,2.8705,1,2.25273772956822,-0.0461898950940931,1,1.56288942997561,69.5397336881361
"4912",11280,"Coruz","Control","Amphipoda","Gammaridae",7,"1",511,85355.282836696,"kick_net",0.00845,2.8705,1,2.25273772956822,-0.0461898950940931,1,1.56288942997561,69.5397336881361
"4913",11281,"Coruz","Control","Amphipoda","Gammaridae",7,"1",511,85355.282836696,"kick_net",0.00845,2.8705,1,2.25273772956822,-0.0461898950940931,1,1.56288942997561,69.5397336881361
"4914",11282,"Coruz","Control","Amphipoda","Gammaridae",8,"1",511,85355.282836696,"kick_net",0.00845,2.8705,1,3.30503845216443,-0.0461898950940931,1,1.56288942997561,69.5397336881361
"4915",11283,"Coruz","Control","Amphipoda","Gammaridae",8,"1",511,85355.282836696,"kick_net",0.00845,2.8705,1,3.30503845216443,-0.0461898950940931,1,1.56288942997561,69.5397336881361
"4916",11284,"Coruz","Control","Amphipoda","Gammaridae",8,"1",511,85355.282836696,"kick_net",0.00845,2.8705,1,3.30503845216443,-0.0461898950940931,1,1.56288942997561,69.5397336881361
"4917",11285,"Coruz","Control","Amphipoda","Gammaridae",9,"1",511,85355.282836696,"kick_net",0.00845,2.8705,1,4.6345741215268,-0.0461898950940931,1,1.56288942997561,69.5397336881361
"4918",11286,"Coruz","Control","Amphipoda","Gammaridae",9,"1",511,85355.282836696,"kick_net",0.00845,2.8705,1,4.6345741215268,-0.0461898950940931,1,1.56288942997561,69.5397336881361
"4919",11287,"Coruz","Control","Amphipoda","Gammaridae",9,"1",511,85355.282836696,"kick_net",0.00845,2.8705,1,4.6345741215268,-0.0461898950940931,1,1.56288942997561,69.5397336881361
"4920",11288,"Coruz","Control","Amphipoda","Gammaridae",9,"1",511,85355.282836696,"kick_net",0.00845,2.8705,1,4.6345741215268,-0.0461898950940931,1,1.56288942997561,69.5397336881361
"4921",11292,"Coruz","Control","Ephemeroptera","Heptageniidae",10,"1",511,85355.282836696,"kick_net",0.011,2.754,1,6.24299065949402,-0.0461898950940931,1,1.56288942997561,69.5397336881361
"4922",11294,"Coruz","Control","Trichoptera","Limnephilidae",22,"1",511,85355.282836696,"kick_net",0.004,2.93,1,34.3050807655492,-0.0461898950940931,1,1.56288942997561,69.5397336881361
"4923",11295,"Coruz","Control","Trichoptera","Limnephilidae",24,"1",511,85355.282836696,"kick_net",0.004,2.93,1,44.2668816563567,-0.0461898950940931,1,1.56288942997561,69.5397336881361
"4924",11296,"Coruz","Control","Trichoptera","Limnephilidae",24,"1",511,85355.282836696,"kick_net",0.004,2.93,1,44.2668816563567,-0.0461898950940931,1,1.56288942997561,69.5397336881361
"4925",11297,"Coruz","Control","Trichoptera","Odontoceridae",6,"1",511,85355.282836696,"kick_net",0.008,2.99,1,1.69731412584522,-0.0461898950940931,1,1.56288942997561,69.5397336881361
"4926",11300,"Coruz","Control","Trichoptera","Rhyacophilidae",8,"1",511,85355.282836696,"kick_net",0.01,2.48,1,1.73645353913302,-0.0461898950940931,1,1.56288942997561,69.5397336881361
"4927",11316,"Coruz","Inflow","Ephemeroptera","Ephemeridae",13,"1",511,85355.282836696,"kick_net",0.003,2.764,1,3.59799603565857,-0.0461898950940931,1,1.44723771988851,77.0701359676475
"4928",11318,"Coruz","Inflow","Trichoptera","Limnephilidae",29,"1",511,85355.282836696,"kick_net",0.004,2.93,1,77.0701359676475,-0.0461898950940931,1,1.44723771988851,77.0701359676475
"4929",11319,"Coruz","Inflow","Trichoptera","Psychomyiidae",9,"1",511,85355.282836696,"kick_net",0.004,2.87,1,2.19147233953487,-0.0461898950940931,1,1.44723771988851,77.0701359676475
"4930",11345,"Coruz","Inflow","Amphipoda","Gammaridae",6,"1",511,85355.282836696,"kick_net",0.00845,2.8705,1,1.44723771988851,-0.0461898950940931,1,1.44723771988851,77.0701359676475
"4931",11346,"Coruz","Inflow","Amphipoda","Gammaridae",6,"1",511,85355.282836696,"kick_net",0.00845,2.8705,1,1.44723771988851,-0.0461898950940931,1,1.44723771988851,77.0701359676475
"4932",11347,"Coruz","Inflow","Amphipoda","Gammaridae",6,"1",511,85355.282836696,"kick_net",0.00845,2.8705,1,1.44723771988851,-0.0461898950940931,1,1.44723771988851,77.0701359676475
"4933",11348,"Coruz","Inflow","Amphipoda","Gammaridae",6,"1",511,85355.282836696,"kick_net",0.00845,2.8705,1,1.44723771988851,-0.0461898950940931,1,1.44723771988851,77.0701359676475
"4934",11349,"Coruz","Inflow","Amphipoda","Gammaridae",6,"1",511,85355.282836696,"kick_net",0.00845,2.8705,1,1.44723771988851,-0.0461898950940931,1,1.44723771988851,77.0701359676475
"4935",11350,"Coruz","Inflow","Amphipoda","Gammaridae",7,"1",511,85355.282836696,"kick_net",0.00845,2.8705,1,2.25273772956822,-0.0461898950940931,1,1.44723771988851,77.0701359676475
"4936",11351,"Coruz","Inflow","Amphipoda","Gammaridae",7,"1",511,85355.282836696,"kick_net",0.00845,2.8705,1,2.25273772956822,-0.0461898950940931,1,1.44723771988851,77.0701359676475
"4937",11352,"Coruz","Inflow","Amphipoda","Gammaridae",7,"1",511,85355.282836696,"kick_net",0.00845,2.8705,1,2.25273772956822,-0.0461898950940931,1,1.44723771988851,77.0701359676475
"4938",11353,"Coruz","Inflow","Amphipoda","Gammaridae",7,"1",511,85355.282836696,"kick_net",0.00845,2.8705,1,2.25273772956822,-0.0461898950940931,1,1.44723771988851,77.0701359676475
"4939",11354,"Coruz","Inflow","Amphipoda","Gammaridae",7,"1",511,85355.282836696,"kick_net",0.00845,2.8705,1,2.25273772956822,-0.0461898950940931,1,1.44723771988851,77.0701359676475
"4940",11355,"Coruz","Inflow","Amphipoda","Gammaridae",7,"1",511,85355.282836696,"kick_net",0.00845,2.8705,1,2.25273772956822,-0.0461898950940931,1,1.44723771988851,77.0701359676475
"4941",11356,"Coruz","Inflow","Amphipoda","Gammaridae",8,"1",511,85355.282836696,"kick_net",0.00845,2.8705,1,3.30503845216443,-0.0461898950940931,1,1.44723771988851,77.0701359676475
"4942",11357,"Coruz","Inflow","Amphipoda","Gammaridae",8,"1",511,85355.282836696,"kick_net",0.00845,2.8705,1,3.30503845216443,-0.0461898950940931,1,1.44723771988851,77.0701359676475
"4943",11358,"Coruz","Inflow","Amphipoda","Gammaridae",8,"1",511,85355.282836696,"kick_net",0.00845,2.8705,1,3.30503845216443,-0.0461898950940931,1,1.44723771988851,77.0701359676475
"4944",11359,"Coruz","Inflow","Amphipoda","Gammaridae",8,"1",511,85355.282836696,"kick_net",0.00845,2.8705,1,3.30503845216443,-0.0461898950940931,1,1.44723771988851,77.0701359676475
"4945",11360,"Coruz","Inflow","Amphipoda","Gammaridae",8,"1",511,85355.282836696,"kick_net",0.00845,2.8705,1,3.30503845216443,-0.0461898950940931,1,1.44723771988851,77.0701359676475
"4946",11361,"Coruz","Inflow","Amphipoda","Gammaridae",9,"1",511,85355.282836696,"kick_net",0.00845,2.8705,1,4.6345741215268,-0.0461898950940931,1,1.44723771988851,77.0701359676475
"4947",11362,"Coruz","Inflow","Amphipoda","Gammaridae",9,"1",511,85355.282836696,"kick_net",0.00845,2.8705,1,4.6345741215268,-0.0461898950940931,1,1.44723771988851,77.0701359676475
"4948",11370,"Coruz","Inflow","Ephemeroptera","Heptageniidae",6,"1",511,85355.282836696,"kick_net",0.011,2.754,1,1.52904838615922,-0.0461898950940931,1,1.44723771988851,77.0701359676475
"4949",11379,"Coruz","Inflow","Trichoptera","Hydropsychidae",7,"1",511,85355.282836696,"kick_net",0.005,2.926,1,1.4850014216404,-0.0461898950940931,1,1.44723771988851,77.0701359676475
"4950",11380,"Coruz","Inflow","Trichoptera","Hydropsychidae",8,"1",511,85355.282836696,"kick_net",0.005,2.926,1,2.19488265378348,-0.0461898950940931,1,1.44723771988851,77.0701359676475
"4951",11385,"Coruz","Inflow","Amphipoda","Gammaridae",6,"1",511,85355.282836696,"kick_net",0.00845,2.8705,1,1.44723771988851,-0.0461898950940931,1,1.44723771988851,77.0701359676475
"4952",11386,"Coruz","Inflow","Amphipoda","Gammaridae",6,"1",511,85355.282836696,"kick_net",0.00845,2.8705,1,1.44723771988851,-0.0461898950940931,1,1.44723771988851,77.0701359676475
"4953",11387,"Coruz","Inflow","Amphipoda","Gammaridae",6,"1",511,85355.282836696,"kick_net",0.00845,2.8705,1,1.44723771988851,-0.0461898950940931,1,1.44723771988851,77.0701359676475
"4954",11388,"Coruz","Inflow","Amphipoda","Gammaridae",6,"1",511,85355.282836696,"kick_net",0.00845,2.8705,1,1.44723771988851,-0.0461898950940931,1,1.44723771988851,77.0701359676475
"4955",11389,"Coruz","Inflow","Amphipoda","Gammaridae",7,"1",511,85355.282836696,"kick_net",0.00845,2.8705,1,2.25273772956822,-0.0461898950940931,1,1.44723771988851,77.0701359676475
"4956",11390,"Coruz","Inflow","Amphipoda","Gammaridae",7,"1",511,85355.282836696,"kick_net",0.00845,2.8705,1,2.25273772956822,-0.0461898950940931,1,1.44723771988851,77.0701359676475
"4957",11391,"Coruz","Inflow","Amphipoda","Gammaridae",7,"1",511,85355.282836696,"kick_net",0.00845,2.8705,1,2.25273772956822,-0.0461898950940931,1,1.44723771988851,77.0701359676475
"4958",11392,"Coruz","Inflow","Amphipoda","Gammaridae",7,"1",511,85355.282836696,"kick_net",0.00845,2.8705,1,2.25273772956822,-0.0461898950940931,1,1.44723771988851,77.0701359676475
"4959",11393,"Coruz","Inflow","Amphipoda","Gammaridae",7,"1",511,85355.282836696,"kick_net",0.00845,2.8705,1,2.25273772956822,-0.0461898950940931,1,1.44723771988851,77.0701359676475
"4960",11394,"Coruz","Inflow","Amphipoda","Gammaridae",8,"1",511,85355.282836696,"kick_net",0.00845,2.8705,1,3.30503845216443,-0.0461898950940931,1,1.44723771988851,77.0701359676475
"4961",11395,"Coruz","Inflow","Amphipoda","Gammaridae",8,"1",511,85355.282836696,"kick_net",0.00845,2.8705,1,3.30503845216443,-0.0461898950940931,1,1.44723771988851,77.0701359676475
"4962",11396,"Coruz","Inflow","Amphipoda","Gammaridae",8,"1",511,85355.282836696,"kick_net",0.00845,2.8705,1,3.30503845216443,-0.0461898950940931,1,1.44723771988851,77.0701359676475
"4963",11397,"Coruz","Inflow","Amphipoda","Gammaridae",8,"1",511,85355.282836696,"kick_net",0.00845,2.8705,1,3.30503845216443,-0.0461898950940931,1,1.44723771988851,77.0701359676475
"4964",11398,"Coruz","Inflow","Amphipoda","Gammaridae",10,"1",511,85355.282836696,"kick_net",0.00845,2.8705,1,6.27128747089358,-0.0461898950940931,1,1.44723771988851,77.0701359676475
"4965",11409,"Coruz","Inflow","Ephemeroptera","Heptageniidae",6,"1",511,85355.282836696,"kick_net",0.011,2.754,1,1.52904838615922,-0.0461898950940931,1,1.44723771988851,77.0701359676475
"4966",11410,"Coruz","Inflow","Ephemeroptera","Heptageniidae",6,"1",511,85355.282836696,"kick_net",0.011,2.754,1,1.52904838615922,-0.0461898950940931,1,1.44723771988851,77.0701359676475
"4967",11411,"Coruz","Inflow","Ephemeroptera","Heptageniidae",6,"1",511,85355.282836696,"kick_net",0.011,2.754,1,1.52904838615922,-0.0461898950940931,1,1.44723771988851,77.0701359676475
"4968",11412,"Coruz","Inflow","Ephemeroptera","Heptageniidae",7,"1",511,85355.282836696,"kick_net",0.011,2.754,1,2.33772104943919,-0.0461898950940931,1,1.44723771988851,77.0701359676475
"4969",11413,"Coruz","Inflow","Ephemeroptera","Heptageniidae",7,"1",511,85355.282836696,"kick_net",0.011,2.754,1,2.33772104943919,-0.0461898950940931,1,1.44723771988851,77.0701359676475
"4970",11414,"Coruz","Inflow","Ephemeroptera","Heptageniidae",8,"1",511,85355.282836696,"kick_net",0.011,2.754,1,3.37677799723577,-0.0461898950940931,1,1.44723771988851,77.0701359676475
"4971",11422,"Coruz","Inflow","Trichoptera","Hydropsychidae",13,"1",511,85355.282836696,"kick_net",0.005,2.926,1,9.08590628790821,-0.0461898950940931,1,1.44723771988851,77.0701359676475
"4972",11423,"Coruz","Inflow","Trichoptera","Limnephilidae",20,"1",511,85355.282836696,"kick_net",0.004,2.93,1,25.946445976709,-0.0461898950940931,1,1.44723771988851,77.0701359676475
"4973",11424,"Coruz","Inflow","Trichoptera","Limnephilidae",25,"1",511,85355.282836696,"kick_net",0.004,2.93,1,49.891230658226,-0.0461898950940931,1,1.44723771988851,77.0701359676475
"4974",11425,"Coruz","Inflow","Trichoptera","Limnephilidae",26,"1",511,85355.282836696,"kick_net",0.004,2.93,1,55.9669836138107,-0.0461898950940931,1,1.44723771988851,77.0701359676475
"4975",11428,"Coruz","Inflow","Trichoptera","Odontoceridae",7,"1",511,85355.282836696,"kick_net",0.008,2.99,1,2.69112038895968,-0.0461898950940931,1,1.44723771988851,77.0701359676475
"4976",11449,"Coruz","Inflow","Amphipoda","Gammaridae",6,"1",511,85355.282836696,"kick_net",0.00845,2.8705,1,1.44723771988851,-0.0461898950940931,1,1.44723771988851,77.0701359676475
"4977",11450,"Coruz","Inflow","Amphipoda","Gammaridae",6,"1",511,85355.282836696,"kick_net",0.00845,2.8705,1,1.44723771988851,-0.0461898950940931,1,1.44723771988851,77.0701359676475
"4978",11451,"Coruz","Inflow","Amphipoda","Gammaridae",6,"1",511,85355.282836696,"kick_net",0.00845,2.8705,1,1.44723771988851,-0.0461898950940931,1,1.44723771988851,77.0701359676475
"4979",11452,"Coruz","Inflow","Amphipoda","Gammaridae",6,"1",511,85355.282836696,"kick_net",0.00845,2.8705,1,1.44723771988851,-0.0461898950940931,1,1.44723771988851,77.0701359676475
"4980",11453,"Coruz","Inflow","Amphipoda","Gammaridae",7,"1",511,85355.282836696,"kick_net",0.00845,2.8705,1,2.25273772956822,-0.0461898950940931,1,1.44723771988851,77.0701359676475
"4981",11463,"Coruz","Inflow","Ephemeroptera","Heptageniidae",6,"1",511,85355.282836696,"kick_net",0.011,2.754,1,1.52904838615922,-0.0461898950940931,1,1.44723771988851,77.0701359676475
"4982",11464,"Coruz","Inflow","Ephemeroptera","Heptageniidae",7,"1",511,85355.282836696,"kick_net",0.011,2.754,1,2.33772104943919,-0.0461898950940931,1,1.44723771988851,77.0701359676475
"4983",11465,"Coruz","Inflow","Ephemeroptera","Heptageniidae",8,"1",511,85355.282836696,"kick_net",0.011,2.754,1,3.37677799723577,-0.0461898950940931,1,1.44723771988851,77.0701359676475
"4984",11466,"Coruz","Inflow","Ephemeroptera","Heptageniidae",9,"1",511,85355.282836696,"kick_net",0.011,2.754,1,4.67064174000662,-0.0461898950940931,1,1.44723771988851,77.0701359676475
"4985",11480,"Coruz","Inflow","Trichoptera","Hydropsychidae",11,"1",511,85355.282836696,"kick_net",0.005,2.926,1,5.57294813273494,-0.0461898950940931,1,1.44723771988851,77.0701359676475
"4986",11481,"Coruz","Inflow","Trichoptera","Odontoceridae",15,"1",511,85355.282836696,"kick_net",0.008,2.99,1,26.2786379528024,-0.0461898950940931,1,1.44723771988851,77.0701359676475
"4987",11490,"Coruz","Pool","Amphipoda","Gammaridae",6,"1",511,85355.282836696,"kick_net",0.00845,2.8705,1,1.44723771988851,-0.0461898950940931,1,1.34426490420543,138.259613787766
"4988",11491,"Coruz","Pool","Amphipoda","Gammaridae",6,"1",511,85355.282836696,"kick_net",0.00845,2.8705,1,1.44723771988851,-0.0461898950940931,1,1.34426490420543,138.259613787766
"4989",11492,"Coruz","Pool","Amphipoda","Gammaridae",6,"1",511,85355.282836696,"kick_net",0.00845,2.8705,1,1.44723771988851,-0.0461898950940931,1,1.34426490420543,138.259613787766
"4990",11493,"Coruz","Pool","Amphipoda","Gammaridae",6,"1",511,85355.282836696,"kick_net",0.00845,2.8705,1,1.44723771988851,-0.0461898950940931,1,1.34426490420543,138.259613787766
"4991",11494,"Coruz","Pool","Amphipoda","Gammaridae",6,"1",511,85355.282836696,"kick_net",0.00845,2.8705,1,1.44723771988851,-0.0461898950940931,1,1.34426490420543,138.259613787766
"4992",11495,"Coruz","Pool","Amphipoda","Gammaridae",6,"1",511,85355.282836696,"kick_net",0.00845,2.8705,1,1.44723771988851,-0.0461898950940931,1,1.34426490420543,138.259613787766
"4993",11496,"Coruz","Pool","Amphipoda","Gammaridae",7,"1",511,85355.282836696,"kick_net",0.00845,2.8705,1,2.25273772956822,-0.0461898950940931,1,1.34426490420543,138.259613787766
"4994",11497,"Coruz","Pool","Amphipoda","Gammaridae",7,"1",511,85355.282836696,"kick_net",0.00845,2.8705,1,2.25273772956822,-0.0461898950940931,1,1.34426490420543,138.259613787766
"4995",11498,"Coruz","Pool","Amphipoda","Gammaridae",7,"1",511,85355.282836696,"kick_net",0.00845,2.8705,1,2.25273772956822,-0.0461898950940931,1,1.34426490420543,138.259613787766
"4996",11499,"Coruz","Pool","Amphipoda","Gammaridae",7,"1",511,85355.282836696,"kick_net",0.00845,2.8705,1,2.25273772956822,-0.0461898950940931,1,1.34426490420543,138.259613787766
"4997",11500,"Coruz","Pool","Amphipoda","Gammaridae",7,"1",511,85355.282836696,"kick_net",0.00845,2.8705,1,2.25273772956822,-0.0461898950940931,1,1.34426490420543,138.259613787766
"4998",11501,"Coruz","Pool","Amphipoda","Gammaridae",7,"1",511,85355.282836696,"kick_net",0.00845,2.8705,1,2.25273772956822,-0.0461898950940931,1,1.34426490420543,138.259613787766
"4999",11502,"Coruz","Pool","Amphipoda","Gammaridae",8,"1",511,85355.282836696,"kick_net",0.00845,2.8705,1,3.30503845216443,-0.0461898950940931,1,1.34426490420543,138.259613787766
"5000",11503,"Coruz","Pool","Amphipoda","Gammaridae",8,"1",511,85355.282836696,"kick_net",0.00845,2.8705,1,3.30503845216443,-0.0461898950940931,1,1.34426490420543,138.259613787766
"5001",11504,"Coruz","Pool","Amphipoda","Gammaridae",9,"1",511,85355.282836696,"kick_net",0.00845,2.8705,1,4.6345741215268,-0.0461898950940931,1,1.34426490420543,138.259613787766
"5002",11505,"Coruz","Pool","Megaloptera","Sialidae",11,"1",511,85355.282836696,"kick_net",0.004,2.753,1,2.94451691546255,-0.0461898950940931,1,1.34426490420543,138.259613787766
"5003",11508,"Coruz","Pool","Trichoptera","Limnephilidae",13,"1",511,85355.282836696,"kick_net",0.004,2.93,1,7.34368455393449,-0.0461898950940931,1,1.34426490420543,138.259613787766
"5004",11510,"Coruz","Pool","Trichoptera","Limnephilidae",19,"1",511,85355.282836696,"kick_net",0.004,2.93,1,22.3258520349897,-0.0461898950940931,1,1.34426490420543,138.259613787766
"5005",11538,"Coruz","Pool","Amphipoda","Gammaridae",6,"1",511,85355.282836696,"kick_net",0.00845,2.8705,1,1.44723771988851,-0.0461898950940931,1,1.34426490420543,138.259613787766
"5006",11539,"Coruz","Pool","Amphipoda","Gammaridae",7,"1",511,85355.282836696,"kick_net",0.00845,2.8705,1,2.25273772956822,-0.0461898950940931,1,1.34426490420543,138.259613787766
"5007",11540,"Coruz","Pool","Amphipoda","Gammaridae",7,"1",511,85355.282836696,"kick_net",0.00845,2.8705,1,2.25273772956822,-0.0461898950940931,1,1.34426490420543,138.259613787766
"5008",11541,"Coruz","Pool","Amphipoda","Gammaridae",7,"1",511,85355.282836696,"kick_net",0.00845,2.8705,1,2.25273772956822,-0.0461898950940931,1,1.34426490420543,138.259613787766
"5009",11542,"Coruz","Pool","Amphipoda","Gammaridae",7,"1",511,85355.282836696,"kick_net",0.00845,2.8705,1,2.25273772956822,-0.0461898950940931,1,1.34426490420543,138.259613787766
"5010",11543,"Coruz","Pool","Amphipoda","Gammaridae",7,"1",511,85355.282836696,"kick_net",0.00845,2.8705,1,2.25273772956822,-0.0461898950940931,1,1.34426490420543,138.259613787766
"5011",11544,"Coruz","Pool","Amphipoda","Gammaridae",8,"1",511,85355.282836696,"kick_net",0.00845,2.8705,1,3.30503845216443,-0.0461898950940931,1,1.34426490420543,138.259613787766
"5012",11545,"Coruz","Pool","Amphipoda","Gammaridae",8,"1",511,85355.282836696,"kick_net",0.00845,2.8705,1,3.30503845216443,-0.0461898950940931,1,1.34426490420543,138.259613787766
"5013",11546,"Coruz","Pool","Amphipoda","Gammaridae",8,"1",511,85355.282836696,"kick_net",0.00845,2.8705,1,3.30503845216443,-0.0461898950940931,1,1.34426490420543,138.259613787766
"5014",11547,"Coruz","Pool","Amphipoda","Gammaridae",9,"1",511,85355.282836696,"kick_net",0.00845,2.8705,1,4.6345741215268,-0.0461898950940931,1,1.34426490420543,138.259613787766
"5015",11549,"Coruz","Pool","Ephemeroptera","Heptageniidae",6,"1",511,85355.282836696,"kick_net",0.011,2.754,1,1.52904838615922,-0.0461898950940931,1,1.34426490420543,138.259613787766
"5016",11591,"Coruz","Pool","Diptera","Chironomidae",12,"1",511,85355.282836696,"kick_net",0.002,2.62,1,1.34426490420543,-0.0461898950940931,1,1.34426490420543,138.259613787766
"5017",11592,"Coruz","Pool","Diptera","Chironomidae",13,"1",511,85355.282836696,"kick_net",0.002,2.62,1,1.65791239593876,-0.0461898950940931,1,1.34426490420543,138.259613787766
"5018",11593,"Coruz","Pool","Diptera","Chironomidae",14,"1",511,85355.282836696,"kick_net",0.002,2.62,1,2.01319317375311,-0.0461898950940931,1,1.34426490420543,138.259613787766
"5019",11612,"Coruz","Pool","Amphipoda","Gammaridae",6,"1",511,85355.282836696,"kick_net",0.00845,2.8705,1,1.44723771988851,-0.0461898950940931,1,1.34426490420543,138.259613787766
"5020",11613,"Coruz","Pool","Amphipoda","Gammaridae",6,"1",511,85355.282836696,"kick_net",0.00845,2.8705,1,1.44723771988851,-0.0461898950940931,1,1.34426490420543,138.259613787766
"5021",11614,"Coruz","Pool","Amphipoda","Gammaridae",6,"1",511,85355.282836696,"kick_net",0.00845,2.8705,1,1.44723771988851,-0.0461898950940931,1,1.34426490420543,138.259613787766
"5022",11615,"Coruz","Pool","Amphipoda","Gammaridae",6,"1",511,85355.282836696,"kick_net",0.00845,2.8705,1,1.44723771988851,-0.0461898950940931,1,1.34426490420543,138.259613787766
"5023",11616,"Coruz","Pool","Amphipoda","Gammaridae",6,"1",511,85355.282836696,"kick_net",0.00845,2.8705,1,1.44723771988851,-0.0461898950940931,1,1.34426490420543,138.259613787766
"5024",11617,"Coruz","Pool","Amphipoda","Gammaridae",6,"1",511,85355.282836696,"kick_net",0.00845,2.8705,1,1.44723771988851,-0.0461898950940931,1,1.34426490420543,138.259613787766
"5025",11618,"Coruz","Pool","Amphipoda","Gammaridae",6,"1",511,85355.282836696,"kick_net",0.00845,2.8705,1,1.44723771988851,-0.0461898950940931,1,1.34426490420543,138.259613787766
"5026",11619,"Coruz","Pool","Amphipoda","Gammaridae",6,"1",511,85355.282836696,"kick_net",0.00845,2.8705,1,1.44723771988851,-0.0461898950940931,1,1.34426490420543,138.259613787766
"5027",11620,"Coruz","Pool","Amphipoda","Gammaridae",6,"1",511,85355.282836696,"kick_net",0.00845,2.8705,1,1.44723771988851,-0.0461898950940931,1,1.34426490420543,138.259613787766
"5028",11621,"Coruz","Pool","Amphipoda","Gammaridae",6,"1",511,85355.282836696,"kick_net",0.00845,2.8705,1,1.44723771988851,-0.0461898950940931,1,1.34426490420543,138.259613787766
"5029",11622,"Coruz","Pool","Amphipoda","Gammaridae",6,"1",511,85355.282836696,"kick_net",0.00845,2.8705,1,1.44723771988851,-0.0461898950940931,1,1.34426490420543,138.259613787766
"5030",11623,"Coruz","Pool","Amphipoda","Gammaridae",6,"1",511,85355.282836696,"kick_net",0.00845,2.8705,1,1.44723771988851,-0.0461898950940931,1,1.34426490420543,138.259613787766
"5031",11624,"Coruz","Pool","Amphipoda","Gammaridae",6,"1",511,85355.282836696,"kick_net",0.00845,2.8705,1,1.44723771988851,-0.0461898950940931,1,1.34426490420543,138.259613787766
"5032",11625,"Coruz","Pool","Amphipoda","Gammaridae",6,"1",511,85355.282836696,"kick_net",0.00845,2.8705,1,1.44723771988851,-0.0461898950940931,1,1.34426490420543,138.259613787766
"5033",11626,"Coruz","Pool","Amphipoda","Gammaridae",7,"1",511,85355.282836696,"kick_net",0.00845,2.8705,1,2.25273772956822,-0.0461898950940931,1,1.34426490420543,138.259613787766
"5034",11627,"Coruz","Pool","Amphipoda","Gammaridae",7,"1",511,85355.282836696,"kick_net",0.00845,2.8705,1,2.25273772956822,-0.0461898950940931,1,1.34426490420543,138.259613787766
"5035",11628,"Coruz","Pool","Amphipoda","Gammaridae",7,"1",511,85355.282836696,"kick_net",0.00845,2.8705,1,2.25273772956822,-0.0461898950940931,1,1.34426490420543,138.259613787766
"5036",11629,"Coruz","Pool","Amphipoda","Gammaridae",7,"1",511,85355.282836696,"kick_net",0.00845,2.8705,1,2.25273772956822,-0.0461898950940931,1,1.34426490420543,138.259613787766
"5037",11630,"Coruz","Pool","Amphipoda","Gammaridae",7,"1",511,85355.282836696,"kick_net",0.00845,2.8705,1,2.25273772956822,-0.0461898950940931,1,1.34426490420543,138.259613787766
"5038",11631,"Coruz","Pool","Amphipoda","Gammaridae",7,"1",511,85355.282836696,"kick_net",0.00845,2.8705,1,2.25273772956822,-0.0461898950940931,1,1.34426490420543,138.259613787766
"5039",11632,"Coruz","Pool","Amphipoda","Gammaridae",8,"1",511,85355.282836696,"kick_net",0.00845,2.8705,1,3.30503845216443,-0.0461898950940931,1,1.34426490420543,138.259613787766
"5040",11633,"Coruz","Pool","Amphipoda","Gammaridae",8,"1",511,85355.282836696,"kick_net",0.00845,2.8705,1,3.30503845216443,-0.0461898950940931,1,1.34426490420543,138.259613787766
"5041",11634,"Coruz","Pool","Amphipoda","Gammaridae",8,"1",511,85355.282836696,"kick_net",0.00845,2.8705,1,3.30503845216443,-0.0461898950940931,1,1.34426490420543,138.259613787766
"5042",11635,"Coruz","Pool","Amphipoda","Gammaridae",8,"1",511,85355.282836696,"kick_net",0.00845,2.8705,1,3.30503845216443,-0.0461898950940931,1,1.34426490420543,138.259613787766
"5043",11636,"Coruz","Pool","Amphipoda","Gammaridae",8,"1",511,85355.282836696,"kick_net",0.00845,2.8705,1,3.30503845216443,-0.0461898950940931,1,1.34426490420543,138.259613787766
"5044",11637,"Coruz","Pool","Amphipoda","Gammaridae",8,"1",511,85355.282836696,"kick_net",0.00845,2.8705,1,3.30503845216443,-0.0461898950940931,1,1.34426490420543,138.259613787766
"5045",11638,"Coruz","Pool","Amphipoda","Gammaridae",8,"1",511,85355.282836696,"kick_net",0.00845,2.8705,1,3.30503845216443,-0.0461898950940931,1,1.34426490420543,138.259613787766
"5046",11639,"Coruz","Pool","Amphipoda","Gammaridae",8,"1",511,85355.282836696,"kick_net",0.00845,2.8705,1,3.30503845216443,-0.0461898950940931,1,1.34426490420543,138.259613787766
"5047",11640,"Coruz","Pool","Amphipoda","Gammaridae",9,"1",511,85355.282836696,"kick_net",0.00845,2.8705,1,4.6345741215268,-0.0461898950940931,1,1.34426490420543,138.259613787766
"5048",11641,"Coruz","Pool","Amphipoda","Gammaridae",9,"1",511,85355.282836696,"kick_net",0.00845,2.8705,1,4.6345741215268,-0.0461898950940931,1,1.34426490420543,138.259613787766
"5049",11642,"Coruz","Pool","Amphipoda","Gammaridae",9,"1",511,85355.282836696,"kick_net",0.00845,2.8705,1,4.6345741215268,-0.0461898950940931,1,1.34426490420543,138.259613787766
"5050",11643,"Coruz","Pool","Amphipoda","Gammaridae",9,"1",511,85355.282836696,"kick_net",0.00845,2.8705,1,4.6345741215268,-0.0461898950940931,1,1.34426490420543,138.259613787766
"5051",11644,"Coruz","Pool","Amphipoda","Gammaridae",10,"1",511,85355.282836696,"kick_net",0.00845,2.8705,1,6.27128747089358,-0.0461898950940931,1,1.34426490420543,138.259613787766
"5052",11645,"Coruz","Pool","Amphipoda","Gammaridae",10,"1",511,85355.282836696,"kick_net",0.00845,2.8705,1,6.27128747089358,-0.0461898950940931,1,1.34426490420543,138.259613787766
"5053",11646,"Coruz","Pool","Amphipoda","Gammaridae",10,"1",511,85355.282836696,"kick_net",0.00845,2.8705,1,6.27128747089358,-0.0461898950940931,1,1.34426490420543,138.259613787766
"5054",11647,"Coruz","Pool","Amphipoda","Gammaridae",10,"1",511,85355.282836696,"kick_net",0.00845,2.8705,1,6.27128747089358,-0.0461898950940931,1,1.34426490420543,138.259613787766
"5055",11648,"Coruz","Pool","Amphipoda","Gammaridae",10,"1",511,85355.282836696,"kick_net",0.00845,2.8705,1,6.27128747089358,-0.0461898950940931,1,1.34426490420543,138.259613787766
"5056",11649,"Coruz","Pool","Amphipoda","Gammaridae",10,"1",511,85355.282836696,"kick_net",0.00845,2.8705,1,6.27128747089358,-0.0461898950940931,1,1.34426490420543,138.259613787766
"5057",11650,"Coruz","Pool","Amphipoda","Gammaridae",10,"1",511,85355.282836696,"kick_net",0.00845,2.8705,1,6.27128747089358,-0.0461898950940931,1,1.34426490420543,138.259613787766
"5058",11651,"Coruz","Pool","Amphipoda","Gammaridae",10,"1",511,85355.282836696,"kick_net",0.00845,2.8705,1,6.27128747089358,-0.0461898950940931,1,1.34426490420543,138.259613787766
"5059",11652,"Coruz","Pool","Amphipoda","Gammaridae",10,"1",511,85355.282836696,"kick_net",0.00845,2.8705,1,6.27128747089358,-0.0461898950940931,1,1.34426490420543,138.259613787766
"5060",11653,"Coruz","Pool","Amphipoda","Gammaridae",14,"1",511,85355.282836696,"kick_net",0.00845,2.8705,1,16.4746893941346,-0.0461898950940931,1,1.34426490420543,138.259613787766
"5061",11654,"Coruz","Pool","Amphipoda","Gammaridae",14,"1",511,85355.282836696,"kick_net",0.00845,2.8705,1,16.4746893941346,-0.0461898950940931,1,1.34426490420543,138.259613787766
"5062",11655,"Coruz","Pool","Amphipoda","Gammaridae",16,"1",511,85355.282836696,"kick_net",0.00845,2.8705,1,24.1703600114678,-0.0461898950940931,1,1.34426490420543,138.259613787766
"5063",11658,"Coruz","Pool","Odonata","Cordulegastridae",35,"1",511,85355.282836696,"kick_net",0.007,2.782,1,138.259613787766,-0.0461898950940931,1,1.34426490420543,138.259613787766
"5064",11660,"Coruz","Pool","Trichoptera","Limnephilidae",13,"1",511,85355.282836696,"kick_net",0.004,2.93,1,7.34368455393449,-0.0461898950940931,1,1.34426490420543,138.259613787766
"5065",11661,"Coruz","Pool","Trichoptera","Limnephilidae",24,"1",511,85355.282836696,"kick_net",0.004,2.93,1,44.2668816563567,-0.0461898950940931,1,1.34426490420543,138.259613787766
"5066",11662,"Coruz","Pool","Trichoptera","Limnephilidae",24,"1",511,85355.282836696,"kick_net",0.004,2.93,1,44.2668816563567,-0.0461898950940931,1,1.34426490420543,138.259613787766
"5067",11663,"Coruz","Pool","Trichoptera","Limnephilidae",29,"1",511,85355.282836696,"kick_net",0.004,2.93,1,77.0701359676475,-0.0461898950940931,1,1.34426490420543,138.259613787766
"5068",11673,"Coruz","Pool","Diptera","Chironomidae",12,"1",511,85355.282836696,"kick_net",0.002,2.62,1,1.34426490420543,-0.0461898950940931,1,1.34426490420543,138.259613787766
"5069",11686,"Coruz","Outflow","Amphipoda","Gammaridae",8,"1",511,85355.282836696,"kick_net",0.00845,2.8705,1,3.30503845216443,-0.0461898950940931,1,2.49539567820524,45.3267705272684
"5070",11687,"Coruz","Outflow","Amphipoda","Gammaridae",8,"1",511,85355.282836696,"kick_net",0.00845,2.8705,1,3.30503845216443,-0.0461898950940931,1,2.49539567820524,45.3267705272684
"5071",11688,"Coruz","Outflow","Amphipoda","Gammaridae",8,"1",511,85355.282836696,"kick_net",0.00845,2.8705,1,3.30503845216443,-0.0461898950940931,1,2.49539567820524,45.3267705272684
"5072",11689,"Coruz","Outflow","Amphipoda","Gammaridae",8,"1",511,85355.282836696,"kick_net",0.00845,2.8705,1,3.30503845216443,-0.0461898950940931,1,2.49539567820524,45.3267705272684
"5073",11722,"Coruz","Outflow","Ephemeroptera","Heptageniidae",10,"1",511,85355.282836696,"kick_net",0.011,2.754,1,6.24299065949402,-0.0461898950940931,1,2.49539567820524,45.3267705272684
"5074",11745,"Coruz","Outflow","Diptera","Athericidae",12,"1",511,85355.282836696,"kick_net",0.004,2.59,1,2.49539567820524,-0.0461898950940931,1,2.49539567820524,45.3267705272684
"5075",11776,"Coruz","Outflow","Amphipoda","Gammaridae",8,"1",511,85355.282836696,"kick_net",0.00845,2.8705,1,3.30503845216443,-0.0461898950940931,1,2.49539567820524,45.3267705272684
"5076",11777,"Coruz","Outflow","Amphipoda","Gammaridae",11,"1",511,85355.282836696,"kick_net",0.00845,2.8705,1,8.24469153511625,-0.0461898950940931,1,2.49539567820524,45.3267705272684
"5077",11815,"Coruz","Outflow","Amphipoda","Gammaridae",8,"1",511,85355.282836696,"kick_net",0.00845,2.8705,1,3.30503845216443,-0.0461898950940931,1,2.49539567820524,45.3267705272684
"5078",11816,"Coruz","Outflow","Amphipoda","Gammaridae",11,"1",511,85355.282836696,"kick_net",0.00845,2.8705,1,8.24469153511625,-0.0461898950940931,1,2.49539567820524,45.3267705272684
"5079",11848,"Coruz","Outflow","Amphipoda","Gammaridae",8,"1",511,85355.282836696,"kick_net",0.00845,2.8705,1,3.30503845216443,-0.0461898950940931,1,2.49539567820524,45.3267705272684
"5080",11869,"Coruz","Outflow","Trichoptera","Limnephilidae",9,"1",511,85355.282836696,"kick_net",0.004,2.93,1,2.50029092157256,-0.0461898950940931,1,2.49539567820524,45.3267705272684
"5081",11870,"Coruz","Outflow","Trichoptera","Limnephilidae",11,"1",511,85355.282836696,"kick_net",0.004,2.93,1,4.50132695157922,-0.0461898950940931,1,2.49539567820524,45.3267705272684
"5082",11871,"Coruz","Outflow","Trichoptera","Limnephilidae",13,"1",511,85355.282836696,"kick_net",0.004,2.93,1,7.34368455393449,-0.0461898950940931,1,2.49539567820524,45.3267705272684
"5083",11872,"Coruz","Outflow","Trichoptera","Odontoceridae",9,"1",511,85355.282836696,"kick_net",0.008,2.99,1,5.70525539357253,-0.0461898950940931,1,2.49539567820524,45.3267705272684
"5084",11873,"Coruz","Outflow","Trichoptera","Odontoceridae",18,"1",511,85355.282836696,"kick_net",0.008,2.99,1,45.3267705272684,-0.0461898950940931,1,2.49539567820524,45.3267705272684
"5085",11934,"Talent","Control","Amphipoda","Gammaridae",6,"1",855,922.037182943705,"kick_net",0.00845,2.8705,1,1.44723771988851,-1.30477857638505,1,1.34426490420543,31.8719573168058
"5086",11935,"Talent","Control","Amphipoda","Gammaridae",6,"1",855,922.037182943705,"kick_net",0.00845,2.8705,1,1.44723771988851,-1.30477857638505,1,1.34426490420543,31.8719573168058
"5087",11936,"Talent","Control","Amphipoda","Gammaridae",7,"1",855,922.037182943705,"kick_net",0.00845,2.8705,1,2.25273772956822,-1.30477857638505,1,1.34426490420543,31.8719573168058
"5088",11937,"Talent","Control","Amphipoda","Gammaridae",7,"1",855,922.037182943705,"kick_net",0.00845,2.8705,1,2.25273772956822,-1.30477857638505,1,1.34426490420543,31.8719573168058
"5089",11938,"Talent","Control","Amphipoda","Gammaridae",7,"1",855,922.037182943705,"kick_net",0.00845,2.8705,1,2.25273772956822,-1.30477857638505,1,1.34426490420543,31.8719573168058
"5090",11939,"Talent","Control","Amphipoda","Gammaridae",9,"1",855,922.037182943705,"kick_net",0.00845,2.8705,1,4.6345741215268,-1.30477857638505,1,1.34426490420543,31.8719573168058
"5091",11944,"Talent","Control","Trichoptera","Limnephilidae",15,"1",855,922.037182943705,"kick_net",0.004,2.93,1,11.1688222781476,-1.30477857638505,1,1.34426490420543,31.8719573168058
"5092",11951,"Talent","Control","Diptera","Chironomidae",14,"1",855,922.037182943705,"kick_net",0.002,2.62,1,2.01319317375311,-1.30477857638505,1,1.34426490420543,31.8719573168058
"5093",11952,"Talent","Control","Diptera","Chironomidae",14,"1",855,922.037182943705,"kick_net",0.002,2.62,1,2.01319317375311,-1.30477857638505,1,1.34426490420543,31.8719573168058
"5094",11955,"Talent","Control","Hirudinea","Glossiphoniidae",6,"1",855,922.037182943705,"kick_net",-2.12,2,2,4.32113862641244,-1.30477857638505,1,1.34426490420543,31.8719573168058
"5095",11992,"Talent","Control","Amphipoda","Gammaridae",6,"1",855,922.037182943705,"kick_net",0.00845,2.8705,1,1.44723771988851,-1.30477857638505,1,1.34426490420543,31.8719573168058
"5096",11993,"Talent","Control","Amphipoda","Gammaridae",6,"1",855,922.037182943705,"kick_net",0.00845,2.8705,1,1.44723771988851,-1.30477857638505,1,1.34426490420543,31.8719573168058
"5097",11994,"Talent","Control","Amphipoda","Gammaridae",6,"1",855,922.037182943705,"kick_net",0.00845,2.8705,1,1.44723771988851,-1.30477857638505,1,1.34426490420543,31.8719573168058
"5098",11995,"Talent","Control","Amphipoda","Gammaridae",6,"1",855,922.037182943705,"kick_net",0.00845,2.8705,1,1.44723771988851,-1.30477857638505,1,1.34426490420543,31.8719573168058
"5099",11996,"Talent","Control","Amphipoda","Gammaridae",6,"1",855,922.037182943705,"kick_net",0.00845,2.8705,1,1.44723771988851,-1.30477857638505,1,1.34426490420543,31.8719573168058
"5100",11997,"Talent","Control","Amphipoda","Gammaridae",6,"1",855,922.037182943705,"kick_net",0.00845,2.8705,1,1.44723771988851,-1.30477857638505,1,1.34426490420543,31.8719573168058
"5101",11998,"Talent","Control","Amphipoda","Gammaridae",6,"1",855,922.037182943705,"kick_net",0.00845,2.8705,1,1.44723771988851,-1.30477857638505,1,1.34426490420543,31.8719573168058
"5102",11999,"Talent","Control","Amphipoda","Gammaridae",6,"1",855,922.037182943705,"kick_net",0.00845,2.8705,1,1.44723771988851,-1.30477857638505,1,1.34426490420543,31.8719573168058
"5103",12000,"Talent","Control","Amphipoda","Gammaridae",7,"1",855,922.037182943705,"kick_net",0.00845,2.8705,1,2.25273772956822,-1.30477857638505,1,1.34426490420543,31.8719573168058
"5104",12001,"Talent","Control","Amphipoda","Gammaridae",7,"1",855,922.037182943705,"kick_net",0.00845,2.8705,1,2.25273772956822,-1.30477857638505,1,1.34426490420543,31.8719573168058
"5105",12002,"Talent","Control","Amphipoda","Gammaridae",7,"1",855,922.037182943705,"kick_net",0.00845,2.8705,1,2.25273772956822,-1.30477857638505,1,1.34426490420543,31.8719573168058
"5106",12003,"Talent","Control","Amphipoda","Gammaridae",7,"1",855,922.037182943705,"kick_net",0.00845,2.8705,1,2.25273772956822,-1.30477857638505,1,1.34426490420543,31.8719573168058
"5107",12004,"Talent","Control","Amphipoda","Gammaridae",7,"1",855,922.037182943705,"kick_net",0.00845,2.8705,1,2.25273772956822,-1.30477857638505,1,1.34426490420543,31.8719573168058
"5108",12005,"Talent","Control","Amphipoda","Gammaridae",8,"1",855,922.037182943705,"kick_net",0.00845,2.8705,1,3.30503845216443,-1.30477857638505,1,1.34426490420543,31.8719573168058
"5109",12006,"Talent","Control","Amphipoda","Gammaridae",8,"1",855,922.037182943705,"kick_net",0.00845,2.8705,1,3.30503845216443,-1.30477857638505,1,1.34426490420543,31.8719573168058
"5110",12007,"Talent","Control","Amphipoda","Gammaridae",8,"1",855,922.037182943705,"kick_net",0.00845,2.8705,1,3.30503845216443,-1.30477857638505,1,1.34426490420543,31.8719573168058
"5111",12008,"Talent","Control","Amphipoda","Gammaridae",8,"1",855,922.037182943705,"kick_net",0.00845,2.8705,1,3.30503845216443,-1.30477857638505,1,1.34426490420543,31.8719573168058
"5112",12009,"Talent","Control","Amphipoda","Gammaridae",8,"1",855,922.037182943705,"kick_net",0.00845,2.8705,1,3.30503845216443,-1.30477857638505,1,1.34426490420543,31.8719573168058
"5113",12010,"Talent","Control","Amphipoda","Gammaridae",9,"1",855,922.037182943705,"kick_net",0.00845,2.8705,1,4.6345741215268,-1.30477857638505,1,1.34426490420543,31.8719573168058
"5114",12011,"Talent","Control","Amphipoda","Gammaridae",9,"1",855,922.037182943705,"kick_net",0.00845,2.8705,1,4.6345741215268,-1.30477857638505,1,1.34426490420543,31.8719573168058
"5115",12012,"Talent","Control","Amphipoda","Gammaridae",11,"1",855,922.037182943705,"kick_net",0.00845,2.8705,1,8.24469153511625,-1.30477857638505,1,1.34426490420543,31.8719573168058
"5116",12013,"Talent","Control","Amphipoda","Gammaridae",12,"1",855,922.037182943705,"kick_net",0.00845,2.8705,1,10.5839182261171,-1.30477857638505,1,1.34426490420543,31.8719573168058
"5117",12027,"Talent","Control","Diptera","Chironomidae",12,"1",855,922.037182943705,"kick_net",0.002,2.62,1,1.34426490420543,-1.30477857638505,1,1.34426490420543,31.8719573168058
"5118",12028,"Talent","Control","Diptera","Chironomidae",12,"1",855,922.037182943705,"kick_net",0.002,2.62,1,1.34426490420543,-1.30477857638505,1,1.34426490420543,31.8719573168058
"5119",12040,"Talent","Control","Amphipoda","Gammaridae",6,"1",855,922.037182943705,"kick_net",0.00845,2.8705,1,1.44723771988851,-1.30477857638505,1,1.34426490420543,31.8719573168058
"5120",12041,"Talent","Control","Amphipoda","Gammaridae",6,"1",855,922.037182943705,"kick_net",0.00845,2.8705,1,1.44723771988851,-1.30477857638505,1,1.34426490420543,31.8719573168058
"5121",12042,"Talent","Control","Amphipoda","Gammaridae",6,"1",855,922.037182943705,"kick_net",0.00845,2.8705,1,1.44723771988851,-1.30477857638505,1,1.34426490420543,31.8719573168058
"5122",12043,"Talent","Control","Amphipoda","Gammaridae",6,"1",855,922.037182943705,"kick_net",0.00845,2.8705,1,1.44723771988851,-1.30477857638505,1,1.34426490420543,31.8719573168058
"5123",12044,"Talent","Control","Amphipoda","Gammaridae",6,"1",855,922.037182943705,"kick_net",0.00845,2.8705,1,1.44723771988851,-1.30477857638505,1,1.34426490420543,31.8719573168058
"5124",12045,"Talent","Control","Amphipoda","Gammaridae",6,"1",855,922.037182943705,"kick_net",0.00845,2.8705,1,1.44723771988851,-1.30477857638505,1,1.34426490420543,31.8719573168058
"5125",12046,"Talent","Control","Amphipoda","Gammaridae",6,"1",855,922.037182943705,"kick_net",0.00845,2.8705,1,1.44723771988851,-1.30477857638505,1,1.34426490420543,31.8719573168058
"5126",12047,"Talent","Control","Amphipoda","Gammaridae",6,"1",855,922.037182943705,"kick_net",0.00845,2.8705,1,1.44723771988851,-1.30477857638505,1,1.34426490420543,31.8719573168058
"5127",12048,"Talent","Control","Amphipoda","Gammaridae",6,"1",855,922.037182943705,"kick_net",0.00845,2.8705,1,1.44723771988851,-1.30477857638505,1,1.34426490420543,31.8719573168058
"5128",12049,"Talent","Control","Amphipoda","Gammaridae",6,"1",855,922.037182943705,"kick_net",0.00845,2.8705,1,1.44723771988851,-1.30477857638505,1,1.34426490420543,31.8719573168058
"5129",12050,"Talent","Control","Amphipoda","Gammaridae",6,"1",855,922.037182943705,"kick_net",0.00845,2.8705,1,1.44723771988851,-1.30477857638505,1,1.34426490420543,31.8719573168058
"5130",12051,"Talent","Control","Amphipoda","Gammaridae",6,"1",855,922.037182943705,"kick_net",0.00845,2.8705,1,1.44723771988851,-1.30477857638505,1,1.34426490420543,31.8719573168058
"5131",12052,"Talent","Control","Amphipoda","Gammaridae",6,"1",855,922.037182943705,"kick_net",0.00845,2.8705,1,1.44723771988851,-1.30477857638505,1,1.34426490420543,31.8719573168058
"5132",12053,"Talent","Control","Amphipoda","Gammaridae",6,"1",855,922.037182943705,"kick_net",0.00845,2.8705,1,1.44723771988851,-1.30477857638505,1,1.34426490420543,31.8719573168058
"5133",12054,"Talent","Control","Amphipoda","Gammaridae",6,"1",855,922.037182943705,"kick_net",0.00845,2.8705,1,1.44723771988851,-1.30477857638505,1,1.34426490420543,31.8719573168058
"5134",12055,"Talent","Control","Amphipoda","Gammaridae",6,"1",855,922.037182943705,"kick_net",0.00845,2.8705,1,1.44723771988851,-1.30477857638505,1,1.34426490420543,31.8719573168058
"5135",12056,"Talent","Control","Amphipoda","Gammaridae",6,"1",855,922.037182943705,"kick_net",0.00845,2.8705,1,1.44723771988851,-1.30477857638505,1,1.34426490420543,31.8719573168058
"5136",12057,"Talent","Control","Amphipoda","Gammaridae",7,"1",855,922.037182943705,"kick_net",0.00845,2.8705,1,2.25273772956822,-1.30477857638505,1,1.34426490420543,31.8719573168058
"5137",12058,"Talent","Control","Amphipoda","Gammaridae",7,"1",855,922.037182943705,"kick_net",0.00845,2.8705,1,2.25273772956822,-1.30477857638505,1,1.34426490420543,31.8719573168058
"5138",12059,"Talent","Control","Amphipoda","Gammaridae",7,"1",855,922.037182943705,"kick_net",0.00845,2.8705,1,2.25273772956822,-1.30477857638505,1,1.34426490420543,31.8719573168058
"5139",12060,"Talent","Control","Amphipoda","Gammaridae",7,"1",855,922.037182943705,"kick_net",0.00845,2.8705,1,2.25273772956822,-1.30477857638505,1,1.34426490420543,31.8719573168058
"5140",12061,"Talent","Control","Amphipoda","Gammaridae",7,"1",855,922.037182943705,"kick_net",0.00845,2.8705,1,2.25273772956822,-1.30477857638505,1,1.34426490420543,31.8719573168058
"5141",12062,"Talent","Control","Amphipoda","Gammaridae",7,"1",855,922.037182943705,"kick_net",0.00845,2.8705,1,2.25273772956822,-1.30477857638505,1,1.34426490420543,31.8719573168058
"5142",12063,"Talent","Control","Amphipoda","Gammaridae",7,"1",855,922.037182943705,"kick_net",0.00845,2.8705,1,2.25273772956822,-1.30477857638505,1,1.34426490420543,31.8719573168058
"5143",12064,"Talent","Control","Amphipoda","Gammaridae",8,"1",855,922.037182943705,"kick_net",0.00845,2.8705,1,3.30503845216443,-1.30477857638505,1,1.34426490420543,31.8719573168058
"5144",12065,"Talent","Control","Amphipoda","Gammaridae",8,"1",855,922.037182943705,"kick_net",0.00845,2.8705,1,3.30503845216443,-1.30477857638505,1,1.34426490420543,31.8719573168058
"5145",12066,"Talent","Control","Amphipoda","Gammaridae",8,"1",855,922.037182943705,"kick_net",0.00845,2.8705,1,3.30503845216443,-1.30477857638505,1,1.34426490420543,31.8719573168058
"5146",12067,"Talent","Control","Amphipoda","Gammaridae",8,"1",855,922.037182943705,"kick_net",0.00845,2.8705,1,3.30503845216443,-1.30477857638505,1,1.34426490420543,31.8719573168058
"5147",12068,"Talent","Control","Amphipoda","Gammaridae",8,"1",855,922.037182943705,"kick_net",0.00845,2.8705,1,3.30503845216443,-1.30477857638505,1,1.34426490420543,31.8719573168058
"5148",12069,"Talent","Control","Amphipoda","Gammaridae",8,"1",855,922.037182943705,"kick_net",0.00845,2.8705,1,3.30503845216443,-1.30477857638505,1,1.34426490420543,31.8719573168058
"5149",12070,"Talent","Control","Amphipoda","Gammaridae",8,"1",855,922.037182943705,"kick_net",0.00845,2.8705,1,3.30503845216443,-1.30477857638505,1,1.34426490420543,31.8719573168058
"5150",12071,"Talent","Control","Amphipoda","Gammaridae",8,"1",855,922.037182943705,"kick_net",0.00845,2.8705,1,3.30503845216443,-1.30477857638505,1,1.34426490420543,31.8719573168058
"5151",12072,"Talent","Control","Amphipoda","Gammaridae",8,"1",855,922.037182943705,"kick_net",0.00845,2.8705,1,3.30503845216443,-1.30477857638505,1,1.34426490420543,31.8719573168058
"5152",12073,"Talent","Control","Amphipoda","Gammaridae",8,"1",855,922.037182943705,"kick_net",0.00845,2.8705,1,3.30503845216443,-1.30477857638505,1,1.34426490420543,31.8719573168058
"5153",12074,"Talent","Control","Amphipoda","Gammaridae",9,"1",855,922.037182943705,"kick_net",0.00845,2.8705,1,4.6345741215268,-1.30477857638505,1,1.34426490420543,31.8719573168058
"5154",12075,"Talent","Control","Amphipoda","Gammaridae",9,"1",855,922.037182943705,"kick_net",0.00845,2.8705,1,4.6345741215268,-1.30477857638505,1,1.34426490420543,31.8719573168058
"5155",12076,"Talent","Control","Amphipoda","Gammaridae",9,"1",855,922.037182943705,"kick_net",0.00845,2.8705,1,4.6345741215268,-1.30477857638505,1,1.34426490420543,31.8719573168058
"5156",12077,"Talent","Control","Amphipoda","Gammaridae",9,"1",855,922.037182943705,"kick_net",0.00845,2.8705,1,4.6345741215268,-1.30477857638505,1,1.34426490420543,31.8719573168058
"5157",12078,"Talent","Control","Amphipoda","Gammaridae",10,"1",855,922.037182943705,"kick_net",0.00845,2.8705,1,6.27128747089358,-1.30477857638505,1,1.34426490420543,31.8719573168058
"5158",12079,"Talent","Control","Amphipoda","Gammaridae",11,"1",855,922.037182943705,"kick_net",0.00845,2.8705,1,8.24469153511625,-1.30477857638505,1,1.34426490420543,31.8719573168058
"5159",12080,"Talent","Control","Amphipoda","Gammaridae",11,"1",855,922.037182943705,"kick_net",0.00845,2.8705,1,8.24469153511625,-1.30477857638505,1,1.34426490420543,31.8719573168058
"5160",12081,"Talent","Control","Amphipoda","Gammaridae",11,"1",855,922.037182943705,"kick_net",0.00845,2.8705,1,8.24469153511625,-1.30477857638505,1,1.34426490420543,31.8719573168058
"5161",12082,"Talent","Control","Amphipoda","Gammaridae",12,"1",855,922.037182943705,"kick_net",0.00845,2.8705,1,10.5839182261171,-1.30477857638505,1,1.34426490420543,31.8719573168058
"5162",12091,"Talent","Control","Coleoptera","Elmidae",7,"1",855,922.037182943705,"kick_net",0.007,2.88,1,1.90099246415854,-1.30477857638505,1,1.34426490420543,31.8719573168058
"5163",12092,"Talent","Control","Trichoptera","Odontoceridae",16,"1",855,922.037182943705,"kick_net",0.008,2.99,1,31.8719573168058,-1.30477857638505,1,1.34426490420543,31.8719573168058
"5164",12108,"Talent","Control","Amphipoda","Gammaridae",6,"1",855,922.037182943705,"kick_net",0.00845,2.8705,1,1.44723771988851,-1.30477857638505,1,1.34426490420543,31.8719573168058
"5165",12109,"Talent","Control","Amphipoda","Gammaridae",6,"1",855,922.037182943705,"kick_net",0.00845,2.8705,1,1.44723771988851,-1.30477857638505,1,1.34426490420543,31.8719573168058
"5166",12110,"Talent","Control","Amphipoda","Gammaridae",6,"1",855,922.037182943705,"kick_net",0.00845,2.8705,1,1.44723771988851,-1.30477857638505,1,1.34426490420543,31.8719573168058
"5167",12111,"Talent","Control","Amphipoda","Gammaridae",6,"1",855,922.037182943705,"kick_net",0.00845,2.8705,1,1.44723771988851,-1.30477857638505,1,1.34426490420543,31.8719573168058
"5168",12112,"Talent","Control","Amphipoda","Gammaridae",6,"1",855,922.037182943705,"kick_net",0.00845,2.8705,1,1.44723771988851,-1.30477857638505,1,1.34426490420543,31.8719573168058
"5169",12113,"Talent","Control","Amphipoda","Gammaridae",6,"1",855,922.037182943705,"kick_net",0.00845,2.8705,1,1.44723771988851,-1.30477857638505,1,1.34426490420543,31.8719573168058
"5170",12114,"Talent","Control","Amphipoda","Gammaridae",7,"1",855,922.037182943705,"kick_net",0.00845,2.8705,1,2.25273772956822,-1.30477857638505,1,1.34426490420543,31.8719573168058
"5171",12115,"Talent","Control","Amphipoda","Gammaridae",8,"1",855,922.037182943705,"kick_net",0.00845,2.8705,1,3.30503845216443,-1.30477857638505,1,1.34426490420543,31.8719573168058
"5172",12123,"Talent","Control","Ephemeroptera","Ephemerellidae",7,"1",855,922.037182943705,"kick_net",0.01,2.676,1,1.82592256228061,-1.30477857638505,1,1.34426490420543,31.8719573168058
"5173",12141,"Talent","Control","Diptera","Chironomidae",12,"1",855,922.037182943705,"kick_net",0.002,2.62,1,1.34426490420543,-1.30477857638505,1,1.34426490420543,31.8719573168058
"5174",12142,"Talent","Control","Diptera","Chironomidae",13,"1",855,922.037182943705,"kick_net",0.002,2.62,1,1.65791239593876,-1.30477857638505,1,1.34426490420543,31.8719573168058
"5175",12143,"Talent","Control","Diptera","Chironomidae",13,"1",855,922.037182943705,"kick_net",0.002,2.62,1,1.65791239593876,-1.30477857638505,1,1.34426490420543,31.8719573168058
"5176",12181,"Talent","Inflow","Amphipoda","Gammaridae",11,"1",855,922.037182943705,"kick_net",0.00845,2.8705,1,8.24469153511625,-1.30477857638505,1,8.24469153511625,25.946445976709
"5177",12191,"Talent","Inflow","Trichoptera","Limnephilidae",14,"1",855,922.037182943705,"kick_net",0.004,2.93,1,9.12462732839269,-1.30477857638505,1,8.24469153511625,25.946445976709
"5178",12192,"Talent","Inflow","Trichoptera","Limnephilidae",16,"1",855,922.037182943705,"kick_net",0.004,2.93,1,13.4937152269119,-1.30477857638505,1,8.24469153511625,25.946445976709
"5179",12193,"Talent","Inflow","Trichoptera","Limnephilidae",17,"1",855,922.037182943705,"kick_net",0.004,2.93,1,16.1166706473432,-1.30477857638505,1,8.24469153511625,25.946445976709
"5180",12194,"Talent","Inflow","Trichoptera","Limnephilidae",18,"1",855,922.037182943705,"kick_net",0.004,2.93,1,19.0549771044345,-1.30477857638505,1,8.24469153511625,25.946445976709
"5181",12195,"Talent","Inflow","Trichoptera","Limnephilidae",20,"1",855,922.037182943705,"kick_net",0.004,2.93,1,25.946445976709,-1.30477857638505,1,8.24469153511625,25.946445976709
"5182",12254,"Talent","Inflow","Amphipoda","Gammaridae",12,"1",855,922.037182943705,"kick_net",0.00845,2.8705,1,10.5839182261171,-1.30477857638505,1,8.24469153511625,25.946445976709
"5183",12285,"Talent","Inflow","Trichoptera","Hydropsychidae",13,"1",855,922.037182943705,"kick_net",0.005,2.926,1,9.08590628790821,-1.30477857638505,1,8.24469153511625,25.946445976709
"5184",12286,"Talent","Inflow","Trichoptera","Rhyacophilidae",16,"1",855,922.037182943705,"kick_net",0.01,2.48,1,9.6876303024701,-1.30477857638505,1,8.24469153511625,25.946445976709
"5185",12329,"Talent","Inflow","Trichoptera","Limnephilidae",15,"1",855,922.037182943705,"kick_net",0.004,2.93,1,11.1688222781476,-1.30477857638505,1,8.24469153511625,25.946445976709
"5186",12445,"Talent","Pool","Amphipoda","Gammaridae",6,"1",855,922.037182943705,"kick_net",0.00845,2.8705,1,1.44723771988851,-1.30477857638505,1,1.34426490420543,55.9669836138107
"5187",12446,"Talent","Pool","Amphipoda","Gammaridae",6,"1",855,922.037182943705,"kick_net",0.00845,2.8705,1,1.44723771988851,-1.30477857638505,1,1.34426490420543,55.9669836138107
"5188",12447,"Talent","Pool","Amphipoda","Gammaridae",6,"1",855,922.037182943705,"kick_net",0.00845,2.8705,1,1.44723771988851,-1.30477857638505,1,1.34426490420543,55.9669836138107
"5189",12448,"Talent","Pool","Amphipoda","Gammaridae",6,"1",855,922.037182943705,"kick_net",0.00845,2.8705,1,1.44723771988851,-1.30477857638505,1,1.34426490420543,55.9669836138107
"5190",12449,"Talent","Pool","Amphipoda","Gammaridae",6,"1",855,922.037182943705,"kick_net",0.00845,2.8705,1,1.44723771988851,-1.30477857638505,1,1.34426490420543,55.9669836138107
"5191",12450,"Talent","Pool","Amphipoda","Gammaridae",6,"1",855,922.037182943705,"kick_net",0.00845,2.8705,1,1.44723771988851,-1.30477857638505,1,1.34426490420543,55.9669836138107
"5192",12451,"Talent","Pool","Amphipoda","Gammaridae",6,"1",855,922.037182943705,"kick_net",0.00845,2.8705,1,1.44723771988851,-1.30477857638505,1,1.34426490420543,55.9669836138107
"5193",12452,"Talent","Pool","Amphipoda","Gammaridae",6,"1",855,922.037182943705,"kick_net",0.00845,2.8705,1,1.44723771988851,-1.30477857638505,1,1.34426490420543,55.9669836138107
"5194",12453,"Talent","Pool","Amphipoda","Gammaridae",7,"1",855,922.037182943705,"kick_net",0.00845,2.8705,1,2.25273772956822,-1.30477857638505,1,1.34426490420543,55.9669836138107
"5195",12454,"Talent","Pool","Amphipoda","Gammaridae",7,"1",855,922.037182943705,"kick_net",0.00845,2.8705,1,2.25273772956822,-1.30477857638505,1,1.34426490420543,55.9669836138107
"5196",12455,"Talent","Pool","Amphipoda","Gammaridae",8,"1",855,922.037182943705,"kick_net",0.00845,2.8705,1,3.30503845216443,-1.30477857638505,1,1.34426490420543,55.9669836138107
"5197",12456,"Talent","Pool","Amphipoda","Gammaridae",8,"1",855,922.037182943705,"kick_net",0.00845,2.8705,1,3.30503845216443,-1.30477857638505,1,1.34426490420543,55.9669836138107
"5198",12457,"Talent","Pool","Amphipoda","Gammaridae",8,"1",855,922.037182943705,"kick_net",0.00845,2.8705,1,3.30503845216443,-1.30477857638505,1,1.34426490420543,55.9669836138107
"5199",12458,"Talent","Pool","Amphipoda","Gammaridae",8,"1",855,922.037182943705,"kick_net",0.00845,2.8705,1,3.30503845216443,-1.30477857638505,1,1.34426490420543,55.9669836138107
"5200",12459,"Talent","Pool","Amphipoda","Gammaridae",8,"1",855,922.037182943705,"kick_net",0.00845,2.8705,1,3.30503845216443,-1.30477857638505,1,1.34426490420543,55.9669836138107
"5201",12460,"Talent","Pool","Amphipoda","Gammaridae",8,"1",855,922.037182943705,"kick_net",0.00845,2.8705,1,3.30503845216443,-1.30477857638505,1,1.34426490420543,55.9669836138107
"5202",12461,"Talent","Pool","Amphipoda","Gammaridae",11,"1",855,922.037182943705,"kick_net",0.00845,2.8705,1,8.24469153511625,-1.30477857638505,1,1.34426490420543,55.9669836138107
"5203",12464,"Talent","Pool","Trichoptera","Limnephilidae",16,"1",855,922.037182943705,"kick_net",0.004,2.93,1,13.4937152269119,-1.30477857638505,1,1.34426490420543,55.9669836138107
"5204",12511,"Talent","Pool","Amphipoda","Gammaridae",6,"1",855,922.037182943705,"kick_net",0.00845,2.8705,1,1.44723771988851,-1.30477857638505,1,1.34426490420543,55.9669836138107
"5205",12512,"Talent","Pool","Amphipoda","Gammaridae",6,"1",855,922.037182943705,"kick_net",0.00845,2.8705,1,1.44723771988851,-1.30477857638505,1,1.34426490420543,55.9669836138107
"5206",12513,"Talent","Pool","Amphipoda","Gammaridae",6,"1",855,922.037182943705,"kick_net",0.00845,2.8705,1,1.44723771988851,-1.30477857638505,1,1.34426490420543,55.9669836138107
"5207",12514,"Talent","Pool","Amphipoda","Gammaridae",6,"1",855,922.037182943705,"kick_net",0.00845,2.8705,1,1.44723771988851,-1.30477857638505,1,1.34426490420543,55.9669836138107
"5208",12515,"Talent","Pool","Amphipoda","Gammaridae",6,"1",855,922.037182943705,"kick_net",0.00845,2.8705,1,1.44723771988851,-1.30477857638505,1,1.34426490420543,55.9669836138107
"5209",12516,"Talent","Pool","Amphipoda","Gammaridae",6,"1",855,922.037182943705,"kick_net",0.00845,2.8705,1,1.44723771988851,-1.30477857638505,1,1.34426490420543,55.9669836138107
"5210",12517,"Talent","Pool","Amphipoda","Gammaridae",6,"1",855,922.037182943705,"kick_net",0.00845,2.8705,1,1.44723771988851,-1.30477857638505,1,1.34426490420543,55.9669836138107
"5211",12518,"Talent","Pool","Amphipoda","Gammaridae",6,"1",855,922.037182943705,"kick_net",0.00845,2.8705,1,1.44723771988851,-1.30477857638505,1,1.34426490420543,55.9669836138107
"5212",12519,"Talent","Pool","Amphipoda","Gammaridae",6,"1",855,922.037182943705,"kick_net",0.00845,2.8705,1,1.44723771988851,-1.30477857638505,1,1.34426490420543,55.9669836138107
"5213",12520,"Talent","Pool","Amphipoda","Gammaridae",6,"1",855,922.037182943705,"kick_net",0.00845,2.8705,1,1.44723771988851,-1.30477857638505,1,1.34426490420543,55.9669836138107
"5214",12521,"Talent","Pool","Amphipoda","Gammaridae",6,"1",855,922.037182943705,"kick_net",0.00845,2.8705,1,1.44723771988851,-1.30477857638505,1,1.34426490420543,55.9669836138107
"5215",12522,"Talent","Pool","Amphipoda","Gammaridae",7,"1",855,922.037182943705,"kick_net",0.00845,2.8705,1,2.25273772956822,-1.30477857638505,1,1.34426490420543,55.9669836138107
"5216",12523,"Talent","Pool","Amphipoda","Gammaridae",7,"1",855,922.037182943705,"kick_net",0.00845,2.8705,1,2.25273772956822,-1.30477857638505,1,1.34426490420543,55.9669836138107
"5217",12524,"Talent","Pool","Amphipoda","Gammaridae",7,"1",855,922.037182943705,"kick_net",0.00845,2.8705,1,2.25273772956822,-1.30477857638505,1,1.34426490420543,55.9669836138107
"5218",12525,"Talent","Pool","Amphipoda","Gammaridae",7,"1",855,922.037182943705,"kick_net",0.00845,2.8705,1,2.25273772956822,-1.30477857638505,1,1.34426490420543,55.9669836138107
"5219",12526,"Talent","Pool","Amphipoda","Gammaridae",7,"1",855,922.037182943705,"kick_net",0.00845,2.8705,1,2.25273772956822,-1.30477857638505,1,1.34426490420543,55.9669836138107
"5220",12527,"Talent","Pool","Amphipoda","Gammaridae",7,"1",855,922.037182943705,"kick_net",0.00845,2.8705,1,2.25273772956822,-1.30477857638505,1,1.34426490420543,55.9669836138107
"5221",12528,"Talent","Pool","Amphipoda","Gammaridae",7,"1",855,922.037182943705,"kick_net",0.00845,2.8705,1,2.25273772956822,-1.30477857638505,1,1.34426490420543,55.9669836138107
"5222",12529,"Talent","Pool","Amphipoda","Gammaridae",7,"1",855,922.037182943705,"kick_net",0.00845,2.8705,1,2.25273772956822,-1.30477857638505,1,1.34426490420543,55.9669836138107
"5223",12530,"Talent","Pool","Amphipoda","Gammaridae",7,"1",855,922.037182943705,"kick_net",0.00845,2.8705,1,2.25273772956822,-1.30477857638505,1,1.34426490420543,55.9669836138107
"5224",12531,"Talent","Pool","Amphipoda","Gammaridae",7,"1",855,922.037182943705,"kick_net",0.00845,2.8705,1,2.25273772956822,-1.30477857638505,1,1.34426490420543,55.9669836138107
"5225",12532,"Talent","Pool","Amphipoda","Gammaridae",8,"1",855,922.037182943705,"kick_net",0.00845,2.8705,1,3.30503845216443,-1.30477857638505,1,1.34426490420543,55.9669836138107
"5226",12533,"Talent","Pool","Amphipoda","Gammaridae",8,"1",855,922.037182943705,"kick_net",0.00845,2.8705,1,3.30503845216443,-1.30477857638505,1,1.34426490420543,55.9669836138107
"5227",12534,"Talent","Pool","Amphipoda","Gammaridae",9,"1",855,922.037182943705,"kick_net",0.00845,2.8705,1,4.6345741215268,-1.30477857638505,1,1.34426490420543,55.9669836138107
"5228",12535,"Talent","Pool","Amphipoda","Gammaridae",9,"1",855,922.037182943705,"kick_net",0.00845,2.8705,1,4.6345741215268,-1.30477857638505,1,1.34426490420543,55.9669836138107
"5229",12536,"Talent","Pool","Amphipoda","Gammaridae",9,"1",855,922.037182943705,"kick_net",0.00845,2.8705,1,4.6345741215268,-1.30477857638505,1,1.34426490420543,55.9669836138107
"5230",12537,"Talent","Pool","Amphipoda","Gammaridae",9,"1",855,922.037182943705,"kick_net",0.00845,2.8705,1,4.6345741215268,-1.30477857638505,1,1.34426490420543,55.9669836138107
"5231",12538,"Talent","Pool","Amphipoda","Gammaridae",9,"1",855,922.037182943705,"kick_net",0.00845,2.8705,1,4.6345741215268,-1.30477857638505,1,1.34426490420543,55.9669836138107
"5232",12539,"Talent","Pool","Amphipoda","Gammaridae",11,"1",855,922.037182943705,"kick_net",0.00845,2.8705,1,8.24469153511625,-1.30477857638505,1,1.34426490420543,55.9669836138107
"5233",12540,"Talent","Pool","Amphipoda","Gammaridae",11,"1",855,922.037182943705,"kick_net",0.00845,2.8705,1,8.24469153511625,-1.30477857638505,1,1.34426490420543,55.9669836138107
"5234",12557,"Talent","Pool","Diptera","Chironomidae",12,"1",855,922.037182943705,"kick_net",0.002,2.62,1,1.34426490420543,-1.30477857638505,1,1.34426490420543,55.9669836138107
"5235",12561,"Talent","Pool","Hirudinea","Glossiphoniidae",5,"1",855,922.037182943705,"kick_net",-2.12,2,2,3.00079071278642,-1.30477857638505,1,1.34426490420543,55.9669836138107
"5236",12601,"Talent","Pool","Amphipoda","Gammaridae",6,"1",855,922.037182943705,"kick_net",0.00845,2.8705,1,1.44723771988851,-1.30477857638505,1,1.34426490420543,55.9669836138107
"5237",12602,"Talent","Pool","Amphipoda","Gammaridae",6,"1",855,922.037182943705,"kick_net",0.00845,2.8705,1,1.44723771988851,-1.30477857638505,1,1.34426490420543,55.9669836138107
"5238",12603,"Talent","Pool","Amphipoda","Gammaridae",6,"1",855,922.037182943705,"kick_net",0.00845,2.8705,1,1.44723771988851,-1.30477857638505,1,1.34426490420543,55.9669836138107
"5239",12604,"Talent","Pool","Amphipoda","Gammaridae",6,"1",855,922.037182943705,"kick_net",0.00845,2.8705,1,1.44723771988851,-1.30477857638505,1,1.34426490420543,55.9669836138107
"5240",12605,"Talent","Pool","Amphipoda","Gammaridae",6,"1",855,922.037182943705,"kick_net",0.00845,2.8705,1,1.44723771988851,-1.30477857638505,1,1.34426490420543,55.9669836138107
"5241",12606,"Talent","Pool","Amphipoda","Gammaridae",6,"1",855,922.037182943705,"kick_net",0.00845,2.8705,1,1.44723771988851,-1.30477857638505,1,1.34426490420543,55.9669836138107
"5242",12607,"Talent","Pool","Amphipoda","Gammaridae",6,"1",855,922.037182943705,"kick_net",0.00845,2.8705,1,1.44723771988851,-1.30477857638505,1,1.34426490420543,55.9669836138107
"5243",12608,"Talent","Pool","Amphipoda","Gammaridae",6,"1",855,922.037182943705,"kick_net",0.00845,2.8705,1,1.44723771988851,-1.30477857638505,1,1.34426490420543,55.9669836138107
"5244",12609,"Talent","Pool","Amphipoda","Gammaridae",6,"1",855,922.037182943705,"kick_net",0.00845,2.8705,1,1.44723771988851,-1.30477857638505,1,1.34426490420543,55.9669836138107
"5245",12610,"Talent","Pool","Amphipoda","Gammaridae",7,"1",855,922.037182943705,"kick_net",0.00845,2.8705,1,2.25273772956822,-1.30477857638505,1,1.34426490420543,55.9669836138107
"5246",12611,"Talent","Pool","Amphipoda","Gammaridae",7,"1",855,922.037182943705,"kick_net",0.00845,2.8705,1,2.25273772956822,-1.30477857638505,1,1.34426490420543,55.9669836138107
"5247",12612,"Talent","Pool","Amphipoda","Gammaridae",7,"1",855,922.037182943705,"kick_net",0.00845,2.8705,1,2.25273772956822,-1.30477857638505,1,1.34426490420543,55.9669836138107
"5248",12613,"Talent","Pool","Amphipoda","Gammaridae",7,"1",855,922.037182943705,"kick_net",0.00845,2.8705,1,2.25273772956822,-1.30477857638505,1,1.34426490420543,55.9669836138107
"5249",12614,"Talent","Pool","Amphipoda","Gammaridae",8,"1",855,922.037182943705,"kick_net",0.00845,2.8705,1,3.30503845216443,-1.30477857638505,1,1.34426490420543,55.9669836138107
"5250",12615,"Talent","Pool","Amphipoda","Gammaridae",8,"1",855,922.037182943705,"kick_net",0.00845,2.8705,1,3.30503845216443,-1.30477857638505,1,1.34426490420543,55.9669836138107
"5251",12616,"Talent","Pool","Amphipoda","Gammaridae",8,"1",855,922.037182943705,"kick_net",0.00845,2.8705,1,3.30503845216443,-1.30477857638505,1,1.34426490420543,55.9669836138107
"5252",12617,"Talent","Pool","Amphipoda","Gammaridae",8,"1",855,922.037182943705,"kick_net",0.00845,2.8705,1,3.30503845216443,-1.30477857638505,1,1.34426490420543,55.9669836138107
"5253",12618,"Talent","Pool","Amphipoda","Gammaridae",8,"1",855,922.037182943705,"kick_net",0.00845,2.8705,1,3.30503845216443,-1.30477857638505,1,1.34426490420543,55.9669836138107
"5254",12619,"Talent","Pool","Amphipoda","Gammaridae",8,"1",855,922.037182943705,"kick_net",0.00845,2.8705,1,3.30503845216443,-1.30477857638505,1,1.34426490420543,55.9669836138107
"5255",12620,"Talent","Pool","Amphipoda","Gammaridae",8,"1",855,922.037182943705,"kick_net",0.00845,2.8705,1,3.30503845216443,-1.30477857638505,1,1.34426490420543,55.9669836138107
"5256",12621,"Talent","Pool","Amphipoda","Gammaridae",9,"1",855,922.037182943705,"kick_net",0.00845,2.8705,1,4.6345741215268,-1.30477857638505,1,1.34426490420543,55.9669836138107
"5257",12622,"Talent","Pool","Amphipoda","Gammaridae",10,"1",855,922.037182943705,"kick_net",0.00845,2.8705,1,6.27128747089358,-1.30477857638505,1,1.34426490420543,55.9669836138107
"5258",12623,"Talent","Pool","Amphipoda","Gammaridae",11,"1",855,922.037182943705,"kick_net",0.00845,2.8705,1,8.24469153511625,-1.30477857638505,1,1.34426490420543,55.9669836138107
"5259",12624,"Talent","Pool","Amphipoda","Gammaridae",11,"1",855,922.037182943705,"kick_net",0.00845,2.8705,1,8.24469153511625,-1.30477857638505,1,1.34426490420543,55.9669836138107
"5260",12625,"Talent","Pool","Amphipoda","Gammaridae",11,"1",855,922.037182943705,"kick_net",0.00845,2.8705,1,8.24469153511625,-1.30477857638505,1,1.34426490420543,55.9669836138107
"5261",12626,"Talent","Pool","Amphipoda","Gammaridae",12,"1",855,922.037182943705,"kick_net",0.00845,2.8705,1,10.5839182261171,-1.30477857638505,1,1.34426490420543,55.9669836138107
"5262",12630,"Talent","Pool","Heteroptera","Gerridae",6,"1",855,922.037182943705,"kick_net",0.015,2.596,1,1.57098451781256,-1.30477857638505,1,1.34426490420543,55.9669836138107
"5263",12631,"Talent","Pool","Trichoptera","Hydropsychidae",9,"1",855,922.037182943705,"kick_net",0.005,2.926,1,3.09801550473281,-1.30477857638505,1,1.34426490420543,55.9669836138107
"5264",12632,"Talent","Pool","Trichoptera","Limnephilidae",11,"1",855,922.037182943705,"kick_net",0.004,2.93,1,4.50132695157922,-1.30477857638505,1,1.34426490420543,55.9669836138107
"5265",12633,"Talent","Pool","Trichoptera","Limnephilidae",14,"1",855,922.037182943705,"kick_net",0.004,2.93,1,9.12462732839269,-1.30477857638505,1,1.34426490420543,55.9669836138107
"5266",12634,"Talent","Pool","Trichoptera","Limnephilidae",16,"1",855,922.037182943705,"kick_net",0.004,2.93,1,13.4937152269119,-1.30477857638505,1,1.34426490420543,55.9669836138107
"5267",12649,"Talent","Pool","Diptera","Chironomidae",13,"1",855,922.037182943705,"kick_net",0.002,2.62,1,1.65791239593876,-1.30477857638505,1,1.34426490420543,55.9669836138107
"5268",12650,"Talent","Pool","Diptera","Chironomidae",13,"1",855,922.037182943705,"kick_net",0.002,2.62,1,1.65791239593876,-1.30477857638505,1,1.34426490420543,55.9669836138107
"5269",12664,"Talent","Pool","Hirudinea","Glossiphoniidae",4,"1",855,922.037182943705,"kick_net",-2.12,2,2,1.92050605618331,-1.30477857638505,1,1.34426490420543,55.9669836138107
"5270",12665,"Talent","Pool","Hirudinea","Glossiphoniidae",5,"1",855,922.037182943705,"kick_net",-2.12,2,2,3.00079071278642,-1.30477857638505,1,1.34426490420543,55.9669836138107
"5271",12666,"Talent","Pool","Hirudinea","Glossiphoniidae",6,"1",855,922.037182943705,"kick_net",-2.12,2,2,4.32113862641244,-1.30477857638505,1,1.34426490420543,55.9669836138107
"5272",12667,"Talent","Pool","Hirudinea","Glossiphoniidae",6,"1",855,922.037182943705,"kick_net",-2.12,2,2,4.32113862641244,-1.30477857638505,1,1.34426490420543,55.9669836138107
"5273",12668,"Talent","Pool","Hirudinea","Glossiphoniidae",6,"1",855,922.037182943705,"kick_net",-2.12,2,2,4.32113862641244,-1.30477857638505,1,1.34426490420543,55.9669836138107
"5274",12669,"Talent","Pool","Hirudinea","Glossiphoniidae",6,"1",855,922.037182943705,"kick_net",-2.12,2,2,4.32113862641244,-1.30477857638505,1,1.34426490420543,55.9669836138107
"5275",12670,"Talent","Pool","Hirudinea","Glossiphoniidae",8,"1",855,922.037182943705,"kick_net",-2.12,2,2,7.68202422473323,-1.30477857638505,1,1.34426490420543,55.9669836138107
"5276",12672,"Talent","Pool","Amphipoda","Gammaridae",6,"1",855,922.037182943705,"kick_net",0.00845,2.8705,1,1.44723771988851,-1.30477857638505,1,1.34426490420543,55.9669836138107
"5277",12673,"Talent","Pool","Amphipoda","Gammaridae",6,"1",855,922.037182943705,"kick_net",0.00845,2.8705,1,1.44723771988851,-1.30477857638505,1,1.34426490420543,55.9669836138107
"5278",12674,"Talent","Pool","Amphipoda","Gammaridae",6,"1",855,922.037182943705,"kick_net",0.00845,2.8705,1,1.44723771988851,-1.30477857638505,1,1.34426490420543,55.9669836138107
"5279",12675,"Talent","Pool","Amphipoda","Gammaridae",6,"1",855,922.037182943705,"kick_net",0.00845,2.8705,1,1.44723771988851,-1.30477857638505,1,1.34426490420543,55.9669836138107
"5280",12676,"Talent","Pool","Amphipoda","Gammaridae",7,"1",855,922.037182943705,"kick_net",0.00845,2.8705,1,2.25273772956822,-1.30477857638505,1,1.34426490420543,55.9669836138107
"5281",12677,"Talent","Pool","Amphipoda","Gammaridae",7,"1",855,922.037182943705,"kick_net",0.00845,2.8705,1,2.25273772956822,-1.30477857638505,1,1.34426490420543,55.9669836138107
"5282",12678,"Talent","Pool","Amphipoda","Gammaridae",7,"1",855,922.037182943705,"kick_net",0.00845,2.8705,1,2.25273772956822,-1.30477857638505,1,1.34426490420543,55.9669836138107
"5283",12679,"Talent","Pool","Amphipoda","Gammaridae",7,"1",855,922.037182943705,"kick_net",0.00845,2.8705,1,2.25273772956822,-1.30477857638505,1,1.34426490420543,55.9669836138107
"5284",12680,"Talent","Pool","Amphipoda","Gammaridae",7,"1",855,922.037182943705,"kick_net",0.00845,2.8705,1,2.25273772956822,-1.30477857638505,1,1.34426490420543,55.9669836138107
"5285",12681,"Talent","Pool","Amphipoda","Gammaridae",7,"1",855,922.037182943705,"kick_net",0.00845,2.8705,1,2.25273772956822,-1.30477857638505,1,1.34426490420543,55.9669836138107
"5286",12682,"Talent","Pool","Amphipoda","Gammaridae",7,"1",855,922.037182943705,"kick_net",0.00845,2.8705,1,2.25273772956822,-1.30477857638505,1,1.34426490420543,55.9669836138107
"5287",12683,"Talent","Pool","Amphipoda","Gammaridae",7,"1",855,922.037182943705,"kick_net",0.00845,2.8705,1,2.25273772956822,-1.30477857638505,1,1.34426490420543,55.9669836138107
"5288",12684,"Talent","Pool","Amphipoda","Gammaridae",7,"1",855,922.037182943705,"kick_net",0.00845,2.8705,1,2.25273772956822,-1.30477857638505,1,1.34426490420543,55.9669836138107
"5289",12685,"Talent","Pool","Amphipoda","Gammaridae",7,"1",855,922.037182943705,"kick_net",0.00845,2.8705,1,2.25273772956822,-1.30477857638505,1,1.34426490420543,55.9669836138107
"5290",12686,"Talent","Pool","Amphipoda","Gammaridae",7,"1",855,922.037182943705,"kick_net",0.00845,2.8705,1,2.25273772956822,-1.30477857638505,1,1.34426490420543,55.9669836138107
"5291",12687,"Talent","Pool","Amphipoda","Gammaridae",7,"1",855,922.037182943705,"kick_net",0.00845,2.8705,1,2.25273772956822,-1.30477857638505,1,1.34426490420543,55.9669836138107
"5292",12688,"Talent","Pool","Amphipoda","Gammaridae",8,"1",855,922.037182943705,"kick_net",0.00845,2.8705,1,3.30503845216443,-1.30477857638505,1,1.34426490420543,55.9669836138107
"5293",12689,"Talent","Pool","Amphipoda","Gammaridae",8,"1",855,922.037182943705,"kick_net",0.00845,2.8705,1,3.30503845216443,-1.30477857638505,1,1.34426490420543,55.9669836138107
"5294",12690,"Talent","Pool","Amphipoda","Gammaridae",8,"1",855,922.037182943705,"kick_net",0.00845,2.8705,1,3.30503845216443,-1.30477857638505,1,1.34426490420543,55.9669836138107
"5295",12691,"Talent","Pool","Amphipoda","Gammaridae",8,"1",855,922.037182943705,"kick_net",0.00845,2.8705,1,3.30503845216443,-1.30477857638505,1,1.34426490420543,55.9669836138107
"5296",12692,"Talent","Pool","Amphipoda","Gammaridae",9,"1",855,922.037182943705,"kick_net",0.00845,2.8705,1,4.6345741215268,-1.30477857638505,1,1.34426490420543,55.9669836138107
"5297",12693,"Talent","Pool","Amphipoda","Gammaridae",9,"1",855,922.037182943705,"kick_net",0.00845,2.8705,1,4.6345741215268,-1.30477857638505,1,1.34426490420543,55.9669836138107
"5298",12694,"Talent","Pool","Amphipoda","Gammaridae",9,"1",855,922.037182943705,"kick_net",0.00845,2.8705,1,4.6345741215268,-1.30477857638505,1,1.34426490420543,55.9669836138107
"5299",12695,"Talent","Pool","Amphipoda","Gammaridae",12,"1",855,922.037182943705,"kick_net",0.00845,2.8705,1,10.5839182261171,-1.30477857638505,1,1.34426490420543,55.9669836138107
"5300",12696,"Talent","Pool","Odonata","Calopterygidae",16,"1",855,922.037182943705,"kick_net",0.005,2.742,1,10.0153699681008,-1.30477857638505,1,1.34426490420543,55.9669836138107
"5301",12697,"Talent","Pool","Odonata","Calopterygidae",23,"1",855,922.037182943705,"kick_net",0.005,2.742,1,27.0911680764336,-1.30477857638505,1,1.34426490420543,55.9669836138107
"5302",12698,"Talent","Pool","Trichoptera","Limnephilidae",8,"1",855,922.037182943705,"kick_net",0.004,2.93,1,1.77057224971851,-1.30477857638505,1,1.34426490420543,55.9669836138107
"5303",12699,"Talent","Pool","Trichoptera","Limnephilidae",20,"1",855,922.037182943705,"kick_net",0.004,2.93,1,25.946445976709,-1.30477857638505,1,1.34426490420543,55.9669836138107
"5304",12700,"Talent","Pool","Trichoptera","Limnephilidae",23,"1",855,922.037182943705,"kick_net",0.004,2.93,1,39.0771202085091,-1.30477857638505,1,1.34426490420543,55.9669836138107
"5305",12701,"Talent","Pool","Trichoptera","Limnephilidae",26,"1",855,922.037182943705,"kick_net",0.004,2.93,1,55.9669836138107,-1.30477857638505,1,1.34426490420543,55.9669836138107
"5306",12702,"Talent","Pool","Trichoptera","Limnephilidae",26,"1",855,922.037182943705,"kick_net",0.004,2.93,1,55.9669836138107,-1.30477857638505,1,1.34426490420543,55.9669836138107
"5307",12715,"Talent","Pool","Diptera","Chironomidae",12,"1",855,922.037182943705,"kick_net",0.002,2.62,1,1.34426490420543,-1.30477857638505,1,1.34426490420543,55.9669836138107
"5308",12716,"Talent","Pool","Diptera","Chironomidae",12,"1",855,922.037182943705,"kick_net",0.002,2.62,1,1.34426490420543,-1.30477857638505,1,1.34426490420543,55.9669836138107
"5309",12717,"Talent","Pool","Diptera","Chironomidae",12,"1",855,922.037182943705,"kick_net",0.002,2.62,1,1.34426490420543,-1.30477857638505,1,1.34426490420543,55.9669836138107
"5310",12718,"Talent","Pool","Diptera","Chironomidae",12,"1",855,922.037182943705,"kick_net",0.002,2.62,1,1.34426490420543,-1.30477857638505,1,1.34426490420543,55.9669836138107
"5311",12719,"Talent","Pool","Diptera","Chironomidae",12,"1",855,922.037182943705,"kick_net",0.002,2.62,1,1.34426490420543,-1.30477857638505,1,1.34426490420543,55.9669836138107
"5312",12720,"Talent","Pool","Diptera","Chironomidae",13,"1",855,922.037182943705,"kick_net",0.002,2.62,1,1.65791239593876,-1.30477857638505,1,1.34426490420543,55.9669836138107
"5313",12721,"Talent","Outflow","Hirudinea","Glossiphoniidae",6,"1",855,922.037182943705,"kick_net",-2.12,2,2,4.32113862641244,-1.30477857638505,1,3.00079071278642,13.4937152269119
"5314",12731,"Talent","Outflow","Amphipoda","Gammaridae",8,"1",855,922.037182943705,"kick_net",0.00845,2.8705,1,3.30503845216443,-1.30477857638505,1,3.00079071278642,13.4937152269119
"5315",12732,"Talent","Outflow","Amphipoda","Gammaridae",8,"1",855,922.037182943705,"kick_net",0.00845,2.8705,1,3.30503845216443,-1.30477857638505,1,3.00079071278642,13.4937152269119
"5316",12733,"Talent","Outflow","Amphipoda","Gammaridae",10,"1",855,922.037182943705,"kick_net",0.00845,2.8705,1,6.27128747089358,-1.30477857638505,1,3.00079071278642,13.4937152269119
"5317",12737,"Talent","Outflow","Trichoptera","Limnephilidae",16,"1",855,922.037182943705,"kick_net",0.004,2.93,1,13.4937152269119,-1.30477857638505,1,3.00079071278642,13.4937152269119
"5318",12753,"Talent","Outflow","Hirudinea","Glossiphoniidae",5,"1",855,922.037182943705,"kick_net",-2.12,2,2,3.00079071278642,-1.30477857638505,1,3.00079071278642,13.4937152269119
